current_family_id,candidate_id,source_family_id,source_candidate_bucket,sampled_from_bucket,source_row_index,text,matched_query_blocks,matched_terms,matched_family_ids,final_label,keep_for_benchmark,label_confidence,primary_reason,exclusion_trigger,notes,annotation_source
us_electoral_politics,462ddecbc981cde1,russia_post_soviet,positive,medium_negative,8173,"The woman compared Ms Hanson to other nationalistic politicians Donald Trump (pictured left) and Adolf Hitler (right)

Ms Hanson has said that Australians are calling out for a 'strong leader' like Vladimir Putin

Meanwhile, Ms Hanson herself recently praised a controversial leader – Russian President Vladimir Putin.",geopolitics_and_war;region_anchor,putin;russian,russia_post_soviet,target_positive,yes,medium,entity_plus_context,,annotation_source=auto_supplement; sampled_from_bucket=medium_negative,auto_supplement
us_electoral_politics,afe9b42d54551adc,us_legislative_governance,positive,benchmark_hard_negative,90515,"The Senate's Democratic leader, Harry Reid, is calling on the top Republicans in Congress to revoke their endorsements of GOP presidential nominee Donald Trump in the wake of his criticism of the parents of a Muslim American soldier killed in Iraq.",institution_anchor,congress;senate,us_legislative_governance,target_positive,yes,medium,entity_plus_context,,annotation_source=auto_supplement; sampled_from_bucket=benchmark_hard_negative,auto_supplement
us_electoral_politics,c708d4f0c18199f8,us_legislative_governance,positive,benchmark_hard_negative,69499,The “cover all kids” Senate Bill 558 passed the body on a 21-8 vote.,institution_anchor,senate,us_legislative_governance,target_positive,yes,medium,entity_plus_context,,annotation_source=auto_supplement; sampled_from_bucket=benchmark_hard_negative,auto_supplement
us_electoral_politics,f80c2b41ed0f3795,us_legislative_governance,positive,benchmark_hard_negative,103505,"'He made it clear from the beginning that that was one of his priorities and as the Senate works its way through this bill as the House did, any ideas are welcome to strengthen it, to make it more affordable, accessible and deliver the care that it needs, but this is an area that the president believes passionately about,' the press secretary continued.",institution_anchor,senate,us_legislative_governance,target_positive,yes,medium,entity_plus_context,,annotation_source=auto_supplement; sampled_from_bucket=benchmark_hard_negative,auto_supplement
us_electoral_politics,edce75b99b12d608,us_electoral_politics,positive,positive,163319,"Brian Stack, the Democrat mayor, gave a rousing endorsement that broke against the New Jersey Democratic political machine.",voting_mechanics,endorsement,us_electoral_politics,target_positive,yes,high,clear_in_family_anchor,,annotation_source=auto_supplement; sampled_from_bucket=positive,auto_supplement
us_electoral_politics,442cb8e76078e306,middle_east_geopolitics,positive,benchmark_hard_negative,32704,"The truly downtrodden -- that is, the most oppressed people in the world, such as Christians living in the Middle East, and the victims of Syrian President Bashar Assad's tyranny -- know who really cares about them: Trump and America's conservatives.",actors_and_conflicts;region_anchor,assad;middle east,middle_east_geopolitics,target_positive,yes,medium,entity_plus_context,,annotation_source=auto_supplement; sampled_from_bucket=benchmark_hard_negative,auto_supplement
us_electoral_politics,08f555d35a22772f,us_legislative_governance,positive,benchmark_hard_negative,54922,Ellison has one of the most liberal voting records in Congress.,institution_anchor,congress,us_legislative_governance,target_positive,yes,medium,entity_plus_context,,annotation_source=auto_supplement; sampled_from_bucket=benchmark_hard_negative,auto_supplement
us_electoral_politics,0edcaedaa2600739,us_legislative_governance,positive,benchmark_hard_negative,65285,"Congress also shows no sign of endorsing the Comprehensive Nuclear-Test-Ban Treaty (CTBT), an agreement signed 15 years ago by President Bill Clinton but never ratified.",institution_anchor,congress,us_legislative_governance,target_positive,yes,medium,entity_plus_context,,annotation_source=auto_supplement; sampled_from_bucket=benchmark_hard_negative,auto_supplement
us_electoral_politics,e2c25562f260ff59,us_legislative_governance,positive,benchmark_hard_negative,92337,President Trump has taken to Twitter and made public statements challenging Senate Republicans to support an overhaul or take ownership of the ACA's failure.,institution_anchor,senate,us_legislative_governance,target_positive,yes,medium,entity_plus_context,,annotation_source=auto_supplement; sampled_from_bucket=benchmark_hard_negative,auto_supplement
us_electoral_politics,d9671abbd8787a06,us_legislative_governance,positive,benchmark_hard_negative,15916,"On his fourth full day in office, President Trump signed an executive order that was supposed to settle this whole Dakota Access Pipeline thing—no more delays due to protests, no more reconsidering the route because of environmental worries.",process_and_regulation,executive order,us_legislative_governance,target_positive,yes,medium,entity_plus_context,,annotation_source=auto_supplement; sampled_from_bucket=benchmark_hard_negative,auto_supplement
us_electoral_politics,5cf5170d4592a9b0,us_legislative_governance,positive,benchmark_hard_negative,68960,"For U.S. President Donald Trump, the upset victory by Jones throws into doubt the value of his political capital, with the commander-in-chief now 0-2 in Alabama Senate races.",institution_anchor,senate,us_legislative_governance,target_positive,yes,medium,entity_plus_context,,annotation_source=auto_supplement; sampled_from_bucket=benchmark_hard_negative,auto_supplement
us_electoral_politics,144a54fff79e2ee1,us_legislative_governance,positive,benchmark_hard_negative,59586,"President Trump signed an executive order to halt U.S. entry for refugees, migrants and foreign nationals for 120 days starting Jan. 27.",process_and_regulation,executive order,us_legislative_governance,target_positive,yes,medium,entity_plus_context,,annotation_source=auto_supplement; sampled_from_bucket=benchmark_hard_negative,auto_supplement
us_electoral_politics,ba81f1bfba382e98,us_legislative_governance,positive,benchmark_hard_negative,101458,"But, according to Politico, Cruz gathered a group of conservative House Republicans in his Senate office Wednesday night and convinced them to insist on a vote to strike down the Deferred Action for Childhood Arrivals (DACA) program in exchange for supporting Boehner’s border bill.",institution_anchor,senate,us_legislative_governance,target_positive,yes,medium,entity_plus_context,,annotation_source=auto_supplement; sampled_from_bucket=benchmark_hard_negative,auto_supplement
us_electoral_politics,e384ef4348e88677,middle_east_geopolitics,positive,benchmark_hard_negative,92046,"But the United States, which is leading a coalition in air strikes against Islamic State in both Syria and Iraq, has said President Bashar al-Assad is part of the problem.",actors_and_conflicts;region_anchor,assad;iraq;syria,middle_east_geopolitics,target_positive,yes,medium,entity_plus_context,,annotation_source=auto_supplement; sampled_from_bucket=benchmark_hard_negative,auto_supplement
us_electoral_politics,b01e5dcb80741deb,us_electoral_politics,positive,positive,105022,"You’re part of America too.”

Although he did not refer to any candidate by name, Obama’s remarks came less than two months after then candidate Trump called for a “total and complete shutdown” of Muslims entering the United States.",candidate_and_party,candidate,us_electoral_politics,target_positive,yes,high,clear_in_family_anchor,,annotation_source=auto_supplement; sampled_from_bucket=positive,auto_supplement
us_electoral_politics,3fef7ac5b423bba3,us_electoral_politics,positive,positive,141806,"But challenging Hillary Clinton’s growing embrace of Benjamin Netanyahu offers him another opportunity to draw a progressive distinction between him and his opponent, and polling suggests that his emerging base would support him if he did.",election_anchor,polling,us_electoral_politics,target_positive,yes,high,clear_in_family_anchor,,annotation_source=auto_supplement; sampled_from_bucket=positive,auto_supplement
us_electoral_politics,c456a5238b38e811,us_electoral_politics,positive,positive,64515,"Speaking of prostitutes: On Sunday, Alabama senator Jeff Sessions offered Trump his own endorsement.",voting_mechanics,endorsement,us_electoral_politics,target_positive,yes,high,clear_in_family_anchor,,annotation_source=auto_supplement; sampled_from_bucket=positive,auto_supplement
us_electoral_politics,35fd7db0abc360d5,us_electoral_politics,positive,positive,81108,"Excerpt from an original document located at Jackson County, MO Election Board

The Pro's and Con's of the Electoral College System

Arguments Against the Electoral College

the possibility of electing a minority president

the risk of so-called ""faithless"" Electors,

the possible role of the Electoral College in depressing voter turnout, and

its failure to accurately reflect the national popular will.",election_anchor;voting_mechanics,electoral college;turnout,us_electoral_politics,target_positive,yes,high,clear_in_family_anchor,,annotation_source=auto_supplement; sampled_from_bucket=positive,auto_supplement
us_electoral_politics,12b3a4d036be76be,us_electoral_politics,positive,positive,95156,"Trump in recent weeks has repeatedly weighed in on department affairs, publicly lamenting that he does not have more direct involvement with it and calling on law enforcement scrutiny of Democrat Hillary Clinton, his opponent in the 2016 presidential race, and other Democrats.",election_anchor,presidential race,us_electoral_politics,target_positive,yes,high,clear_in_family_anchor,,annotation_source=auto_supplement; sampled_from_bucket=positive,auto_supplement
us_electoral_politics,1cee56d566f98be9,us_electoral_politics,positive,positive,54904,"Howard Dean—a former DNC chair, presidential candidate, and Vermont governor—has thrown his hat in the ring.",candidate_and_party,candidate,us_electoral_politics,target_positive,yes,high,clear_in_family_anchor,,annotation_source=auto_supplement; sampled_from_bucket=positive,auto_supplement
us_electoral_politics,836bf88ef6aaa332,us_electoral_politics,positive,positive,158341,The vast majority say Trump because they feel he’s less likely to bomb them.” Presidential rhetoric was not sufficient compensation for the lives and homes that would be destroyed by the increased onslaughts that Democratic candidate Hillary Clinton seemed to promise.,candidate_and_party,candidate,us_electoral_politics,target_positive,yes,high,clear_in_family_anchor,,annotation_source=auto_supplement; sampled_from_bucket=positive,auto_supplement
us_electoral_politics,1dfc67d134eab5c1,us_electoral_politics,positive,positive,88179,"* Also in the House, Republican Mike Turner of Ohio and Democrat Niki Tsongas of Massachusetts, the chairs of the Military Sexual Assault Prevention Caucus, have introduced ""the Better Enforcement for Sexual Assault Free Environments Act of 2013 (BE SAFE) Act.""",candidate_and_party,caucus,us_electoral_politics,target_positive,yes,high,clear_in_family_anchor,,annotation_source=auto_supplement; sampled_from_bucket=positive,auto_supplement
us_electoral_politics,0b81f3e291ca9a8a,us_electoral_politics,positive,positive,36865,"“We believe in the humane alternative of local self-government, as called for in our Constitution.”

Olivier Ballou, a spokesman for the Manning Centre, said centre president Preston Manning himself will engage in an on-stage discussion with Paul following the former presidential candidate’s speech.",candidate_and_party,candidate,us_electoral_politics,target_positive,yes,high,clear_in_family_anchor,,annotation_source=auto_supplement; sampled_from_bucket=positive,auto_supplement
us_electoral_politics,af3227ea1ccefeb5,us_electoral_politics,positive,positive,96366,"""The donor base is just still pretty bedraggled because of 2016,” said Sharen Neuhardt, a former Democratic candidate for lieutenant governor who has strong ties to what’s left of the Ohio Democratic donor community.",candidate_and_party,candidate,us_electoral_politics,target_positive,yes,high,clear_in_family_anchor,,annotation_source=auto_supplement; sampled_from_bucket=positive,auto_supplement
us_electoral_politics,77ae43e4b611f61a,us_electoral_politics,positive,positive,45536,"BARNESVILLE, Ohio -- Rick Santorum on Saturday said the entire Republican Party should voice its support for Senate candidate Todd Akin of Missouri -- including the top of the party's presidential ticket.",candidate_and_party,candidate,us_electoral_politics,target_positive,yes,high,clear_in_family_anchor,,annotation_source=auto_supplement; sampled_from_bucket=positive,auto_supplement
us_electoral_politics,164527cf3b931bef,us_electoral_politics,positive,positive,28193,"Getty Image

Following the publication of Bloomberg political correspondent Joshua Green’s report from within the “Trump Bunker,” former presidential candidate Bernie Sanders noticed a pertinent passage about voter suppression.",candidate_and_party,candidate,us_electoral_politics,target_positive,yes,high,clear_in_family_anchor,,annotation_source=auto_supplement; sampled_from_bucket=positive,auto_supplement
us_electoral_politics,aecd5f48d757f309,us_electoral_politics,positive,positive,65799,"Joseph Crowley of New York

The vice chairman of the Democratic Caucus has yet to state where he stands, but if he comes out against striking Syria, many Democrats will notice.",candidate_and_party,caucus,us_electoral_politics,target_positive,yes,high,clear_in_family_anchor,,annotation_source=auto_supplement; sampled_from_bucket=positive,auto_supplement
us_electoral_politics,abc5d87cba9b6308,us_electoral_politics,positive,positive,171111,"“She won’t drink water, and you try telling Hillary Clinton she has to drink water,” a source in close contact with the Democratic candidate said.",candidate_and_party,candidate,us_electoral_politics,target_positive,yes,high,clear_in_family_anchor,,annotation_source=auto_supplement; sampled_from_bucket=positive,auto_supplement
us_electoral_politics,fff33b8624ed20c2,us_electoral_politics,positive,positive,8473,"TOP 5 SPENDING TOP 5 SPENDING WASHINGTON  Tuesday's midterm elections — and the record-shattering amounts outside groups spent to oust Democratic incumbents — are just a warm-up to the 2012 presidential race, analysts and experts say.",election_anchor,presidential race,us_electoral_politics,target_positive,yes,high,clear_in_family_anchor,,annotation_source=auto_supplement; sampled_from_bucket=positive,auto_supplement
us_electoral_politics,5443bab45d44a7e0,us_electoral_politics,positive,positive,10168,"Once he becomes a candidate, the rules will sharply limit Bush’s ability to coordinate activities with his super PAC.",candidate_and_party,candidate,us_electoral_politics,target_positive,yes,high,clear_in_family_anchor,,annotation_source=auto_supplement; sampled_from_bucket=positive,auto_supplement
us_electoral_politics,f298b4a4ae7ac921,us_electoral_politics,positive,positive,106263,The women-focused PAC has joined with a handful of other progressive groups to conduct candidate-training sessions for 500 gals that weekend.),candidate_and_party,candidate,us_electoral_politics,target_positive,yes,high,clear_in_family_anchor,,annotation_source=auto_supplement; sampled_from_bucket=positive,auto_supplement
us_electoral_politics,45fa82a99330336a,us_electoral_politics,positive,positive,90600,"Clinton and Democratic vice presidential candidate Sen. Tim Kaine, D-Va., are on a three day bus tour through the rust belt.",candidate_and_party,candidate,us_electoral_politics,target_positive,yes,high,clear_in_family_anchor,,annotation_source=auto_supplement; sampled_from_bucket=positive,auto_supplement
us_electoral_politics,d9eecedf3b30db56,us_electoral_politics,positive,positive,194799,Ford’s plan to move a substantial portion of its passenger-car production to Mexico from a factory in Michigan was heavily criticized by Mr. Trump on the campaign trail.,election_anchor,campaign trail,us_electoral_politics,target_positive,yes,high,clear_in_family_anchor,,annotation_source=auto_supplement; sampled_from_bucket=positive,auto_supplement
us_electoral_politics,7a513b47a827c96d,us_electoral_politics,positive,positive,95949,"The union has been hinting a possible Sanders endorsement for months, saying the decision would come only after members voted in an online poll.",voting_mechanics,endorsement,us_electoral_politics,target_positive,yes,high,clear_in_family_anchor,,annotation_source=auto_supplement; sampled_from_bucket=positive,auto_supplement
us_electoral_politics,179ba3e548e524cd,us_electoral_politics,positive,positive,64510,"RELATED: Nothing Will Redeem the Ruined Reputations of Trump’s Republican Collaborators

Presumably, Christie thinks an endorsement will increase the likelihood of his securing a position in a Trump administration (and given Trump’s financial history, that is a likelier prospect than his receiving 30 pieces of silver).",voting_mechanics,endorsement,us_electoral_politics,target_positive,yes,high,clear_in_family_anchor,,annotation_source=auto_supplement; sampled_from_bucket=positive,auto_supplement
us_electoral_politics,b5eeb1c115f7bed6,us_electoral_politics,positive,positive,63270,"According to an Emerson College poll published this week, Evan McMullin, the independent conservative candidate for president, holds a slim lead over Donald Trump in his home state of Utah, topping Trump 31% to 27%.",candidate_and_party,candidate,us_electoral_politics,target_positive,yes,high,clear_in_family_anchor,,annotation_source=auto_supplement; sampled_from_bucket=positive,auto_supplement
us_electoral_politics,09168ad681081ed4,us_electoral_politics,positive,positive,106703,"Trump has previously hired Paul Manafort as his convention manager, and last week tapped Rick Wiley, Scott Walker’s former campaign manager, as his national political director.",candidate_and_party,campaign manager,us_electoral_politics,target_positive,yes,high,clear_in_family_anchor,,annotation_source=auto_supplement; sampled_from_bucket=positive,auto_supplement
us_electoral_politics,095e047517a68732,us_electoral_politics,positive,positive,94281,"“Alabamians should think hard about how effective Moore can be as junior senator, with such a fissure between him and Shelby, let alone other Republicans.”

Shelby said last month that he wrote in a Republican candidate and on Sunday said the state of Alabama deserves better than Moore.",candidate_and_party,candidate,us_electoral_politics,target_positive,yes,high,clear_in_family_anchor,,annotation_source=auto_supplement; sampled_from_bucket=positive,auto_supplement
us_electoral_politics,c3956c9de9810771,us_electoral_politics,positive,positive,68624,"Within the Republican caucus are deep, philosophical rifts over basic questions about health care policy and the government’s role in providing access to coverage.",candidate_and_party,caucus,us_electoral_politics,target_positive,yes,high,clear_in_family_anchor,,annotation_source=auto_supplement; sampled_from_bucket=positive,auto_supplement
us_electoral_politics,9a2325a0addf9d57,us_electoral_politics,positive,positive,186752,"“Trump has shown himself to be a crude blowhard with no clear political philosophy and no deeper understanding of the important and serious role of President of the United States than one of the goons he lets rough up protesters in his crowds,” the paper wrote in the Christie endorsement.",voting_mechanics,endorsement,us_electoral_politics,target_positive,yes,high,clear_in_family_anchor,,annotation_source=auto_supplement; sampled_from_bucket=positive,auto_supplement
us_electoral_politics,3d8168675511e82e,us_electoral_politics,positive,positive,65542,"Three-fourths of the Democratic caucus sites in Utah ran out of ballots, sending workers to nearby stores to print more ballots or voters home to bring back reams of paper or even a home printer at one site.",candidate_and_party,caucus,us_electoral_politics,target_positive,yes,high,clear_in_family_anchor,,annotation_source=auto_supplement; sampled_from_bucket=positive,auto_supplement
us_electoral_politics,b800a00dba8af0e4,us_electoral_politics,positive,positive,164916,Candidates wishing to participate in Democracy Credits have four requirements: only $2000 of own money can be given to a candidate campaign if statewide office or $1000 of candidates own money given to their campaign for legislative candidates; candidate cannot seek other funds that are not Democracy Credits; candidate cannot contribute Democracy Credit funds to another political committee or political party; and if it a candidate for Governor the unspent funds must be given back if the Lt Governor chosen does not also enroll in the Democracy Credit program.,candidate_and_party,candidate,us_electoral_politics,target_positive,yes,high,clear_in_family_anchor,,annotation_source=auto_supplement; sampled_from_bucket=positive,auto_supplement
us_electoral_politics,a892034e684a6076,us_electoral_politics,positive,positive,68961,Trump supported Republican candidate Luther Strange in the primary before Strange lost to Moore.,candidate_and_party,candidate,us_electoral_politics,target_positive,yes,high,clear_in_family_anchor,,annotation_source=auto_supplement; sampled_from_bucket=positive,auto_supplement
us_electoral_politics,f46a5e157f03286d,us_electoral_politics,positive,positive,103683,"Antonio Villaraigosa, the former mayor of Los Angeles and 2018 Democratic candidate for California governor, recently called for the state to unite with like-minded cities and states on the West Coast to oppose ""dangerous policies advanced by a Trump administration.""",candidate_and_party,candidate,us_electoral_politics,target_positive,yes,high,clear_in_family_anchor,,annotation_source=auto_supplement; sampled_from_bucket=positive,auto_supplement
us_electoral_politics,e0037690a1ce1769,us_electoral_politics,positive,positive,105024,"“Sometimes it’s hard to believe that it happened, because the rhetoric became much more negative on the campaign trail,” said Danette Zaghari-Mask, an English teacher at the Islamic Society of Baltimore, of Obama’s visit.",election_anchor,campaign trail,us_electoral_politics,target_positive,yes,high,clear_in_family_anchor,,annotation_source=auto_supplement; sampled_from_bucket=positive,auto_supplement
us_electoral_politics,29ce949a2ef9272b,us_electoral_politics,positive,positive,37547,Kasich was the last major Republican presidential candidate remaining in the race.,candidate_and_party,candidate,us_electoral_politics,target_positive,yes,high,clear_in_family_anchor,,annotation_source=auto_supplement; sampled_from_bucket=positive,auto_supplement
us_electoral_politics,94649da089698861,us_electoral_politics,positive,positive,39296,"Story highlights Candidates' health has emerged as an issue

One third party candidate has said he runs very fast

Washington (CNN) Donald Trump said he is not one to exercise, and Hillary Clinton drew a lot of attention after faltering in public and taking a few days of rest over pneumonia.",candidate_and_party,candidate,us_electoral_politics,target_positive,yes,high,clear_in_family_anchor,,annotation_source=auto_supplement; sampled_from_bucket=positive,auto_supplement
us_electoral_politics,30decfd7fa41f72d,us_electoral_politics,positive,positive,82155,"And post-debate last week, THE STORY was, in some order or other, McCain campaign dirty tricks (racist robocalls), Republican efforts to keep American citizens from voting, McCain’s poor debate performance, electoral college predictions, etc.",election_anchor,electoral college,us_electoral_politics,target_positive,yes,high,clear_in_family_anchor,,annotation_source=auto_supplement; sampled_from_bucket=positive,auto_supplement
us_electoral_politics,8e24ddb1b41e995c,us_electoral_politics,positive,positive,65575,"— This story has been corrected to show Pima County had 124 polling locations Tuesday, not 134.",election_anchor,polling,us_electoral_politics,target_positive,yes,high,clear_in_family_anchor,,annotation_source=auto_supplement; sampled_from_bucket=positive,auto_supplement
us_electoral_politics,078f63a720d6abc1,us_electoral_politics,positive,positive,90533,"Koch says that since it appears that neither presidential candidate is likely to support his network in those efforts, they are focusing on what he calls ""maximizing the number of principled leaders in the House and Senate who will.""",candidate_and_party,candidate,us_electoral_politics,target_positive,yes,high,clear_in_family_anchor,,annotation_source=auto_supplement; sampled_from_bucket=positive,auto_supplement
us_electoral_politics,2f584a5e1b555047,us_electoral_politics,positive,positive,61016,"U.S. federal authorities alleged Monday that white supremacist Paul Schlesselman plotted to go on a national killing spree, shooting and decapitating black people and ultimately targeting U.S. Democratic presidential candidate Barack Obama.",candidate_and_party,candidate,us_electoral_politics,target_positive,yes,high,clear_in_family_anchor,,annotation_source=auto_supplement; sampled_from_bucket=positive,auto_supplement
us_electoral_politics,2a5f538b0a588ed2,us_electoral_politics,positive,positive,202910,"Part of the reason that Eric Cantor might have lost to a candidate no one has ever heard of, said Rachel Maddow on Tuesday night, is that his campaign ads were bland and awful, a sharp contrast to the anti-immigrant mailer he sent to Republican households.",candidate_and_party;voting_mechanics,campaign ads;candidate,us_electoral_politics,target_positive,yes,high,clear_in_family_anchor,,annotation_source=auto_supplement; sampled_from_bucket=positive,auto_supplement
us_electoral_politics,76ecb29e548f31d9,us_electoral_politics,positive,positive,27111,"1 Republican primary candidate, although Sanders and Democratic nominee Hillary Clinton each garnered more votes.",candidate_and_party,candidate,us_electoral_politics,target_positive,yes,high,clear_in_family_anchor,,annotation_source=auto_supplement; sampled_from_bucket=positive,auto_supplement
us_electoral_politics,b8fdb91e1e522a70,us_electoral_politics,positive,positive,130220,"In Indiana last Tuesday, at the same time Trump was winning the presidential primary, a candidate named Todd Young won a race for the Republican Senate nomination.",candidate_and_party,candidate,us_electoral_politics,target_positive,yes,high,clear_in_family_anchor,,annotation_source=auto_supplement; sampled_from_bucket=positive,auto_supplement
us_electoral_politics,5eb227b82d7460ad,us_electoral_politics,positive,positive,152400,"“But even when he was in Congress and the Freedom Caucus, he couldn’t convince everyone.”

One of Mulvaney’s selling points for the budget director job was his connection to the Freedom Caucus, Trump aides said, and there is some disappointment that he fell short on selling the health-care bill.",candidate_and_party,caucus,us_electoral_politics,target_positive,yes,high,clear_in_family_anchor,,annotation_source=auto_supplement; sampled_from_bucket=positive,auto_supplement
us_electoral_politics,c596bede55915a9b,us_electoral_politics,positive,positive,62476,"Well, they got their wish… and Bernie Sanders almost won the Iowa caucus anyway.",candidate_and_party,caucus,us_electoral_politics,target_positive,yes,high,clear_in_family_anchor,,annotation_source=auto_supplement; sampled_from_bucket=positive,auto_supplement
us_electoral_politics,49dc488fba3666e1,us_electoral_politics,positive,positive,148374,"“There is nothing like that that happened.”

Reid Magney, a spokesman for the state Government Accountability Board, which oversees elections, said that there are “fairly rare instances” of people double-voting, citing one case last year in which a couple was convicted of voting in the polling places of both their primary residence and their vacation home.",election_anchor,polling,us_electoral_politics,target_positive,yes,high,clear_in_family_anchor,,annotation_source=auto_supplement; sampled_from_bucket=positive,auto_supplement
us_electoral_politics,563bd06418846c96,us_electoral_politics,positive,positive,62648,"But on the eve of the first Democratic debate, one of the candidate’s most trusted defenders, linked formally to the campaign through a coordinated super PAC, is set to sharply outline the case to progressives for Clinton — and against Sen. Bernie Sanders.",candidate_and_party,candidate,us_electoral_politics,target_positive,yes,high,clear_in_family_anchor,,annotation_source=auto_supplement; sampled_from_bucket=positive,auto_supplement
us_electoral_politics,0a84012465935ad7,us_electoral_politics,positive,positive,141239,"So Rand Paul traveled to Iowa and made a case with influential neoconservatives on why he should be their candidate in 2016, and he left with a collection of new supporters.",candidate_and_party,candidate,us_electoral_politics,target_positive,yes,high,clear_in_family_anchor,,annotation_source=auto_supplement; sampled_from_bucket=positive,auto_supplement
us_electoral_politics,0ae138057cde6c2b,us_electoral_politics,positive,positive,95950,The national union did not issue an endorsement in the 2008 Democratic primary between Hillary Clinton and Barack Obama.,voting_mechanics,endorsement,us_electoral_politics,target_positive,yes,high,clear_in_family_anchor,,annotation_source=auto_supplement; sampled_from_bucket=positive,auto_supplement
us_electoral_politics,0b812eb0b8d93249,us_electoral_politics,positive,positive,45556,"While Santorum has been traveling as a Romney surrogate, he also has been holding events in places like Iowa independent of the presidential race.",election_anchor,presidential race,us_electoral_politics,target_positive,yes,high,clear_in_family_anchor,,annotation_source=auto_supplement; sampled_from_bucket=positive,auto_supplement
us_electoral_politics,3f47ae65d2dbdc81,us_electoral_politics,positive,positive,55152,"The protest was one of several in U.S. cities in the wake of Tuesday’s election of the GOP candidate, notably in Chicago, New York, Los Angeles, Detroit and Portland, Ore.

“This is about what’s going to be done in our name,” said Peter Rachleff, a former Macalester College professor.",candidate_and_party,candidate,us_electoral_politics,target_positive,yes,high,clear_in_family_anchor,,annotation_source=auto_supplement; sampled_from_bucket=positive,auto_supplement
us_electoral_politics,69c3aa2d2b042c75,us_electoral_politics,positive,positive,164878,"Here is part of what the site says about the groups origins: Former U.S. Senate candidate, Rick Weiland, and former Chief of Staff to U.S.",candidate_and_party,candidate,us_electoral_politics,target_positive,yes,high,clear_in_family_anchor,,annotation_source=auto_supplement; sampled_from_bucket=positive,auto_supplement
us_electoral_politics,8b5afa27e97f599b,us_electoral_politics,positive,positive,63,"[A good night for Trump and a better night for Clinton]

Clinton campaign manager Robby Mook issued a memo to supporters and the media Wednesday that claimed a decisive advantage.",candidate_and_party,campaign manager,us_electoral_politics,target_positive,yes,high,clear_in_family_anchor,,annotation_source=auto_supplement; sampled_from_bucket=positive,auto_supplement
us_electoral_politics,ec78cc1558d46c97,us_electoral_politics,positive,positive,92240,Palin's speech at the Republican National Convention marked her first major address as the Republican vice presidential candidate.,candidate_and_party,candidate,us_electoral_politics,target_positive,yes,high,clear_in_family_anchor,,annotation_source=auto_supplement; sampled_from_bucket=positive,auto_supplement
us_electoral_politics,cd620904e73f5195,us_electoral_politics,positive,positive,153019,"Trump has struggled thus far with black voters in the election, polling as low as 0 percent and 1 percent at times, although the margin of error could put his actual support among African-Americans higher.",election_anchor,polling,us_electoral_politics,target_positive,yes,high,clear_in_family_anchor,,annotation_source=auto_supplement; sampled_from_bucket=positive,auto_supplement
us_electoral_politics,5a7fe957df5af0de,us_electoral_politics,positive,positive,73301,"Republican presidential candidate Mitt Romney concedes the presidency at the Boston Convention & Exhibition Center in Boston, Mass.",candidate_and_party,candidate,us_electoral_politics,target_positive,yes,high,clear_in_family_anchor,,annotation_source=auto_supplement; sampled_from_bucket=positive,auto_supplement
us_electoral_politics,bea0b76d08b84d62,us_electoral_politics,positive,positive,65529,Waits dragged on as long as five hours in Maricopa County — home to metro Phoenix and 1.2 million voters eligible to cast ballots — but where only 60 polling places were open.,election_anchor,polling,us_electoral_politics,target_positive,yes,high,clear_in_family_anchor,,annotation_source=auto_supplement; sampled_from_bucket=positive,auto_supplement
us_electoral_politics,a314b746eefa472b,us_electoral_politics,positive,positive,171110,"Politico reports, citing unnamed sources, that Clinton is chronically dehydrated, and that her reluctance to regularly drink water has become a “source of tension” between the candidate and her staff.",candidate_and_party,candidate,us_electoral_politics,target_positive,yes,high,clear_in_family_anchor,,annotation_source=auto_supplement; sampled_from_bucket=positive,auto_supplement
us_electoral_politics,7938c198759562d5,us_electoral_politics,positive,positive,13842,Sen. John McCain John Sidney McCainGOP lobbyists worry Trump lags in K Street fundraising Mark Kelly kicks off Senate bid: ‘A mission to lift up hardworking Arizonans’ Gabbard hits back at Meghan McCain after fight over Assad MORE (R-Ariz.) in a new interview criticized former Democratic presidential nominee Hillary Clinton Hillary Diane Rodham ClintonREAD: Cohen testimony alleges Trump knew Stone talked with WikiLeaks about DNC emails County GOP in Minnesota shares image comparing Sanders to Hitler Holder: 'Time to make the Electoral College a vestige of the past' MORE for writing her memoir so soon after the 2016 election.,election_anchor,electoral college,us_electoral_politics,target_positive,yes,high,clear_in_family_anchor,,annotation_source=auto_supplement; sampled_from_bucket=positive,auto_supplement
us_electoral_politics,c2e5309abf891550,us_electoral_politics,positive,positive,110472,"Republican presidential candidate and business mogul Donald Trump is on the offense, slamming his 2016 competition — Republicans and Democrats alike.",candidate_and_party,candidate,us_electoral_politics,target_positive,yes,high,clear_in_family_anchor,,annotation_source=auto_supplement; sampled_from_bucket=positive,auto_supplement
us_electoral_politics,60522014be2b17bd,us_electoral_politics,positive,positive,171381,"Third, buoyed up by its earlier electoral successes Sinn Féin attracted not just the support of the young but that of the Clare Champion (the county newspaper) and, more significantly, the endorsement of Bishop Michael Fogarty of Killaloe and the majority of younger clergy.",voting_mechanics,endorsement,us_electoral_politics,target_positive,yes,high,clear_in_family_anchor,,annotation_source=auto_supplement; sampled_from_bucket=positive,auto_supplement
us_electoral_politics,eafa53513fa0db9b,us_electoral_politics,positive,positive,186745,"Darren McCollester/Getty Images

The New Hampshire Union Leader, an influential conservative stalwart in the home of the critical first presidential primary, broke with the 100-plus-year-old tradition of backing the GOP nominee for president, and announced in a front-page editorial Wednesday its endorsement of Libertarian Gary Johnson and his running mate Bill Weld.",voting_mechanics,endorsement,us_electoral_politics,target_positive,yes,high,clear_in_family_anchor,,annotation_source=auto_supplement; sampled_from_bucket=positive,auto_supplement
us_electoral_politics,81dd2b7f7e1f93ba,us_electoral_politics,positive,positive,163564,"“And I turned out to be right.”

The endorsement gave him a chance to be in the game—and Christie couldn’t stand the idea of being a lame-duck governor on the sidelines.",voting_mechanics,endorsement,us_electoral_politics,target_positive,yes,high,clear_in_family_anchor,,annotation_source=auto_supplement; sampled_from_bucket=positive,auto_supplement
us_electoral_politics,30c9438ba7ff8db9,us_electoral_politics,positive,positive,90592,"(Bo Rader/The Wichita Eagle via AP, File)

Democratic presidential candidate Hillary Clinton speaks on her campaign bus after visiting Imani Temple Ministries in Cleveland, Sunday, July 31, 2016.",candidate_and_party,candidate,us_electoral_politics,target_positive,yes,high,clear_in_family_anchor,,annotation_source=auto_supplement; sampled_from_bucket=positive,auto_supplement
us_electoral_politics,bc01a45e4034d4b9,us_electoral_politics,positive,positive,97688,"The push to make Bernie Sanders the Democratic Party's candidate was also a progressive push against the system, a hopeful sign that millions of young people in particular are waking up politically.",candidate_and_party,candidate,us_electoral_politics,target_positive,yes,high,clear_in_family_anchor,,annotation_source=auto_supplement; sampled_from_bucket=positive,auto_supplement
us_electoral_politics,eae1a25e703f2106,us_electoral_politics,positive,positive,64766,"Ad Policy

When The Nation endorsed Hillary Clinton for president last month, we argued that “a substantial victory by her in November is essential to advance the progressive issues we have long championed.”

Here in the magazine’s home state of New York, we have a special opportunity to cast our votes not just for a presidential candidate, but for a party.",candidate_and_party,candidate,us_electoral_politics,target_positive,yes,high,clear_in_family_anchor,,annotation_source=auto_supplement; sampled_from_bucket=positive,auto_supplement
us_electoral_politics,b7dd6e9f397f41cc,us_electoral_politics,positive,positive,193545,"Medical records -Barack Obama, a relatively young candidate who was said to have been in “excellent health,” refused to release medical records.",candidate_and_party,candidate,us_electoral_politics,target_positive,yes,high,clear_in_family_anchor,,annotation_source=auto_supplement; sampled_from_bucket=positive,auto_supplement
us_electoral_politics,5445302c8b361925,us_electoral_politics,positive,positive,191785,"Ted Cruz, in his first major public appearance since exiting the 2016 presidential race, trashed the White House's recent public school guidance on transgender students as just the latest move by President Obama toward ""politically correct lunacy.""",election_anchor,presidential race,us_electoral_politics,target_positive,yes,high,clear_in_family_anchor,,annotation_source=auto_supplement; sampled_from_bucket=positive,auto_supplement
us_electoral_politics,dfe91a5aa7b5a54a,us_electoral_politics,positive,positive,49806,"Many Democratic lawmakers, including the Congressional Black Caucus and Democratic leader Nancy Pelosi, walked out of the chamber in protest on Thursday.",candidate_and_party,caucus,us_electoral_politics,target_positive,yes,high,clear_in_family_anchor,,annotation_source=auto_supplement; sampled_from_bucket=positive,auto_supplement
us_electoral_politics,0b5b356e2b43a23d,us_electoral_politics,local_hard_negative,local_hard_negative,1107473,"3) Police/DA/Court violate CA law and due process – by arresting with a fake charge, but without a warrant or court hearing (required in 48 hours).",governance_and_crime_confounders,court hearing,,hard_negative,yes,high,nearby_confounder,,annotation_source=auto_supplement; sampled_from_bucket=local_hard_negative,auto_supplement
us_electoral_politics,decacb1332bba25f,us_electoral_politics,local_hard_negative,local_hard_negative,1047221,Target’s CFO will appear at a Senate Judiciary Committee hearing Tuesday on the investigation and efforts to safeguard consumer information.,governance_and_crime_confounders,committee hearing,,hard_negative,yes,high,nearby_confounder,,annotation_source=auto_supplement; sampled_from_bucket=local_hard_negative,auto_supplement
us_electoral_politics,23895879fcdc7242,us_electoral_politics,local_hard_negative,local_hard_negative,1635140,"A police investigation sparked by the controversy ended in the night being closed down, and subsequent attempts to re-launch it elsewhere have been thwarted by the authorities’ threats of a license review.",governance_and_crime_confounders,police investigation,,hard_negative,yes,high,nearby_confounder,,annotation_source=auto_supplement; sampled_from_bucket=local_hard_negative,auto_supplement
us_electoral_politics,62efb003b5c3ae51,us_electoral_politics,local_hard_negative,local_hard_negative,2352424,"This sentiment was on full display last week in a committee hearing on the subject, when, most notably, Sen. Roger Wicker, R-Miss., called for greater ""tolerance"" in ""the public discourse regarding the many scientific viewpoints on climate change.",governance_and_crime_confounders,committee hearing,,hard_negative,yes,high,nearby_confounder,,annotation_source=auto_supplement; sampled_from_bucket=local_hard_negative,auto_supplement
us_electoral_politics,eb2f9c5edc84387d,us_electoral_politics,local_hard_negative,local_hard_negative,3749063,"Labour leader Jeremy Corbyn wrote a letter on behalf of Mohamed Dahir (left), asking for him to be granted bail

Detectives believed that the gang ran a ‘bank of terror’ sending some of the money to Syria to support Islamic State, a court hearing was told in May.",governance_and_crime_confounders,court hearing,,hard_negative,yes,high,nearby_confounder,,annotation_source=auto_supplement; sampled_from_bucket=local_hard_negative,auto_supplement
us_electoral_politics,59fc63a107d16c11,us_electoral_politics,local_hard_negative,local_hard_negative,1633209,"The final version of the bill passed the House 91-32 and the Senate 40-5.Introduced by Sen. Brian Frosh (D-Montgomery County), SB 422 was written in response to a state court of appeals ruling that arrestees had a statutory right to counsel and a Public Defender analysis that the ruling would cost the state $28 million.",governance_and_crime_confounders,bill passed,,hard_negative,yes,high,nearby_confounder,,annotation_source=auto_supplement; sampled_from_bucket=local_hard_negative,auto_supplement
us_electoral_politics,4de963f9b649032c,us_electoral_politics,local_hard_negative,local_hard_negative,2771298,"On May 7, 2015, the review bill passed the Senate 98-1.",governance_and_crime_confounders,bill passed,,hard_negative,yes,high,nearby_confounder,,annotation_source=auto_supplement; sampled_from_bucket=local_hard_negative,auto_supplement
us_electoral_politics,c5975de550579cd0,us_electoral_politics,local_hard_negative,local_hard_negative,3693759,"View Full Caption DNAinfo/Ted Cox

CHICAGO — On Friday, the city took the landlords of 20 properties, or 280 residential units, to an emergency heat court hearing to force them to restore heat for their tenants after last week's frigid temperatures yielded hundreds of complaints from renters and nearly 500 property inspections from the city.",governance_and_crime_confounders,court hearing,,hard_negative,yes,high,nearby_confounder,,annotation_source=auto_supplement; sampled_from_bucket=local_hard_negative,auto_supplement
us_electoral_politics,ab2fd5aea1134606,us_electoral_politics,local_hard_negative,local_hard_negative,3276414,"But next time, he said, “we’d probably want to have more of a written agreement in place.”

Contractors Need Training, Vetting

City officials reviewing Baltimore’s overall response to the storm at a City Council committee hearing yesterday said that any storm becomes more of a problem once the snow gets above 12 inches.",governance_and_crime_confounders,committee hearing,,hard_negative,yes,high,nearby_confounder,,annotation_source=auto_supplement; sampled_from_bucket=local_hard_negative,auto_supplement
us_electoral_politics,1c690756e6e5587a,us_electoral_politics,local_hard_negative,local_hard_negative,1391060,"ADVERTISING Read more

The bill passed the National Assembly with 438 votes in favour and just 86 against after it gained the backing of the two main parties – the ruling Socialists and the centre-right UMP.",governance_and_crime_confounders,bill passed,,hard_negative,yes,high,nearby_confounder,,annotation_source=auto_supplement; sampled_from_bucket=local_hard_negative,auto_supplement
us_electoral_politics,e17196fc8d4088e6,us_electoral_politics,local_hard_negative,local_hard_negative,1928387,"""It's not an effective way to get a bill passed,"" he says.",governance_and_crime_confounders,bill passed,,hard_negative,yes,high,nearby_confounder,,annotation_source=auto_supplement; sampled_from_bucket=local_hard_negative,auto_supplement
us_electoral_politics,c95ade8c7bb3ac38,us_electoral_politics,local_hard_negative,local_hard_negative,2652619,The initial Committee Hearing on March 20 went back and forth over extensive questioning.,governance_and_crime_confounders,committee hearing,,hard_negative,yes,high,nearby_confounder,,annotation_source=auto_supplement; sampled_from_bucket=local_hard_negative,auto_supplement
us_electoral_politics,d66cf8616d5cce38,us_electoral_politics,local_hard_negative,local_hard_negative,3457038,"With support from 18 Liberals and New Democrats, the private member's bill passed second reading 164-137 and now goes to committee.",governance_and_crime_confounders,bill passed,,hard_negative,yes,high,nearby_confounder,,annotation_source=auto_supplement; sampled_from_bucket=local_hard_negative,auto_supplement
us_electoral_politics,c903ca097fe32e78,us_electoral_politics,local_hard_negative,local_hard_negative,474755,"Saleh A. stated in the court hearing that, ""I am not a terrorist, because I went to Syria as an agent.""",governance_and_crime_confounders,court hearing,,hard_negative,yes,high,nearby_confounder,,annotation_source=auto_supplement; sampled_from_bucket=local_hard_negative,auto_supplement
us_electoral_politics,eaaf3f731954b45c,us_electoral_politics,local_hard_negative,local_hard_negative,742117,"During the lower court hearing, Mr Firtash's team raised the issue of political motive.",governance_and_crime_confounders,court hearing,,hard_negative,yes,high,nearby_confounder,,annotation_source=auto_supplement; sampled_from_bucket=local_hard_negative,auto_supplement
us_electoral_politics,a148e4c1d818e37c,us_electoral_politics,local_hard_negative,local_hard_negative,687566,"Why the rush to judgment - We also know that there is a police investigation into the alleged extortion/wiretapping by the anonymous texter, which has not concluded.",governance_and_crime_confounders,police investigation,,hard_negative,yes,high,nearby_confounder,,annotation_source=auto_supplement; sampled_from_bucket=local_hard_negative,auto_supplement
us_electoral_politics,bc26f49b8a8120a4,us_electoral_politics,local_hard_negative,local_hard_negative,875855,"That same month, the Latvian media reported that Ukraine had not helped a police investigation into money laundering, so 50m frozen euros had passed into the Latvian state budget instead of being returned to Ukraine.",governance_and_crime_confounders,police investigation,,hard_negative,yes,high,nearby_confounder,,annotation_source=auto_supplement; sampled_from_bucket=local_hard_negative,auto_supplement
us_electoral_politics,3cd14b191a12f402,us_electoral_politics,local_hard_negative,local_hard_negative,2637268,"Nuland and Patterson were at the House committee hearing to brief lawmakers on US policies in the wake of Russia's intervention in Syria against Islamic State militants.Washington has accused Russia of bombing the US-backed ""moderate rebels"" rather than Islamic State targets.",governance_and_crime_confounders,committee hearing,,hard_negative,yes,high,nearby_confounder,,annotation_source=auto_supplement; sampled_from_bucket=local_hard_negative,auto_supplement
us_electoral_politics,957e32653e3024d5,us_electoral_politics,local_hard_negative,local_hard_negative,2464091,"Before the court hearing, prosecutors met privately with victims' relatives in a small room.",governance_and_crime_confounders,court hearing,,hard_negative,yes,high,nearby_confounder,,annotation_source=auto_supplement; sampled_from_bucket=local_hard_negative,auto_supplement
us_electoral_politics,29dc4f7dd0ff9828,us_electoral_politics,local_hard_negative,local_hard_negative,1595562,Officials at the Justice Ministry's police investigation division said they have opened an investigation into the incident in Holon.,governance_and_crime_confounders,police investigation,,hard_negative,yes,high,nearby_confounder,,annotation_source=auto_supplement; sampled_from_bucket=local_hard_negative,auto_supplement
us_electoral_politics,85ee234d379f18e3,us_electoral_politics,local_hard_negative,local_hard_negative,2926608,None appeared at the court hearing.,governance_and_crime_confounders,court hearing,,hard_negative,yes,high,nearby_confounder,,annotation_source=auto_supplement; sampled_from_bucket=local_hard_negative,auto_supplement
us_electoral_politics,273569c05d616ff2,us_electoral_politics,local_hard_negative,local_hard_negative,2470840,"Subject to the provisions of section fifteen of this article, every bill passed by the Legislature shall, before it becomes a law, be presented to the governor.",governance_and_crime_confounders,bill passed,,hard_negative,yes,high,nearby_confounder,,annotation_source=auto_supplement; sampled_from_bucket=local_hard_negative,auto_supplement
us_electoral_politics,d60ef7bb138676b5,us_electoral_politics,local_hard_negative,local_hard_negative,813988,"signed an expansive gaming package, formally making his state the fourth in the US to

From the Associated Press:

Wolf says he’s signed the massive gambling expansion bill passed last week.",governance_and_crime_confounders,bill passed,,hard_negative,yes,high,nearby_confounder,,annotation_source=auto_supplement; sampled_from_bucket=local_hard_negative,auto_supplement
us_electoral_politics,866d64c83bec2552,us_electoral_politics,local_hard_negative,local_hard_negative,2105214,"During Friday's court hearing, public defender Katena Roberts-Turner asked the court to dismiss the sexual assault charge against her client, saying the allegations were not sexual in nature.",governance_and_crime_confounders,court hearing,,hard_negative,yes,high,nearby_confounder,,annotation_source=auto_supplement; sampled_from_bucket=local_hard_negative,auto_supplement
us_electoral_politics,035c678e709eb801,us_electoral_politics,local_hard_negative,local_hard_negative,2586942,"""[citation needed] This alleged finding despite the medical evidence and the results of the police investigation, along with the lack of substantiating court documents, was never questioned by her supervisors.",governance_and_crime_confounders,police investigation,,hard_negative,yes,high,nearby_confounder,,annotation_source=auto_supplement; sampled_from_bucket=local_hard_negative,auto_supplement
us_electoral_politics,6010c46df99cee44,us_electoral_politics,local_hard_negative,local_hard_negative,1037917,"Six other foreign nationals, including a Ukrainian billionaire and an Indian-American businessman, were also indicted in the same case.According to a federal indictment unsealed on Wednesday, beginning in 2006, Rajya Sabha MP KVP Ramachandra Rao , an acolyte of the former Andhra chief minister YS Rajasekhara Reddy, and five other defendants, allegedly conspired to pay at least $18.5 million to Indian officials in bribes to secure licences to mine minerals in Andhra Pradesh.",governance_and_crime_confounders,federal indictment,,hard_negative,yes,high,nearby_confounder,,annotation_source=auto_supplement; sampled_from_bucket=local_hard_negative,auto_supplement
us_electoral_politics,9c75ee55527f6ffe,us_electoral_politics,local_hard_negative,local_hard_negative,3586763,"In June 2013, the restraint bill passed with the exception AdvoServ had sought.",governance_and_crime_confounders,bill passed,,hard_negative,yes,high,nearby_confounder,,annotation_source=auto_supplement; sampled_from_bucket=local_hard_negative,auto_supplement
us_electoral_politics,417fb76cd9d177a3,us_electoral_politics,local_hard_negative,local_hard_negative,2771300,"A week later, the bill passed the House 400-25, and it was signed by Obama on May 22, 2015.",governance_and_crime_confounders,bill passed,,hard_negative,yes,high,nearby_confounder,,annotation_source=auto_supplement; sampled_from_bucket=local_hard_negative,auto_supplement
us_electoral_politics,02b31da2ade75848,us_electoral_politics,local_hard_negative,local_hard_negative,1352255,"But, as in any police investigation, it will take time to determine the motives of those who committed the crimes, although there is certainly some initial evidence that Michael Zehaf-Bibeau had become a religious extremist and struggled with addiction.",governance_and_crime_confounders,police investigation,,hard_negative,yes,high,nearby_confounder,,annotation_source=auto_supplement; sampled_from_bucket=local_hard_negative,auto_supplement
us_electoral_politics,f5ec5430d6ca006d,us_electoral_politics,local_hard_negative,local_hard_negative,1476745,"JUST WATCHED Mom fights for release of son from Mexico Replay More Videos ... MUST WATCH Mom fights for release of son from Mexico 04:38

After a judge started and then quickly suspended a hearing Wednesday after Tahmooressi fired his attorneys, a Mexican judicial source said his next court hearing will be June 4 .",governance_and_crime_confounders,court hearing,,hard_negative,yes,high,nearby_confounder,,annotation_source=auto_supplement; sampled_from_bucket=local_hard_negative,auto_supplement
us_electoral_politics,fecba0a1e6a30611,us_electoral_politics,local_hard_negative,local_hard_negative,3125833,"One of the hardest parts of watching the police investigation unfold was waiting for bad news, he said.",governance_and_crime_confounders,police investigation,,hard_negative,yes,high,nearby_confounder,,annotation_source=auto_supplement; sampled_from_bucket=local_hard_negative,auto_supplement
us_electoral_politics,1bfab204ff89bfc9,us_electoral_politics,local_hard_negative,local_hard_negative,3461674,"LITTLETON, New Hampshire (Reuters) - New Hampshire’s Democratic governor on Thursday vetoed a bill passed by the Republican-controlled legislature that would legalize medical marijuana in the state, bucking a trend towards legalization in New England.",governance_and_crime_confounders,bill passed,,hard_negative,yes,high,nearby_confounder,,annotation_source=auto_supplement; sampled_from_bucket=local_hard_negative,auto_supplement
us_electoral_politics,dce1a0b4e9192676,us_electoral_politics,local_hard_negative,local_hard_negative,2773470,"After a Superior Court hearing Wednesday, Judge Lucy Kelly McCabe refused to lower bail.",governance_and_crime_confounders,court hearing,,hard_negative,yes,high,nearby_confounder,,annotation_source=auto_supplement; sampled_from_bucket=local_hard_negative,auto_supplement
us_electoral_politics,4c5e83b45ce6dc72,us_electoral_politics,local_hard_negative,local_hard_negative,538305,"People sometimes confess to crimes on these boards – even murder, last year, which triggered a police investigation as well as mainstream media coverage.",governance_and_crime_confounders,police investigation,,hard_negative,yes,high,nearby_confounder,,annotation_source=auto_supplement; sampled_from_bucket=local_hard_negative,auto_supplement
us_electoral_politics,690e6414a2b4673f,us_electoral_politics,local_hard_negative,local_hard_negative,929318,And there was a bill passed actually in Indiana when he was governor there - which is where he went after being in Congress - that really defined the most kind of far-out anti-abortion legislation in the country.,governance_and_crime_confounders,bill passed,,hard_negative,yes,high,nearby_confounder,,annotation_source=auto_supplement; sampled_from_bucket=local_hard_negative,auto_supplement
us_electoral_politics,004b900347e51f6d,us_electoral_politics,local_hard_negative,local_hard_negative,3051403,"Back in March, during a Senate Intelligence Committee hearing, Sen. Ron Wyden asked Director of National Intelligence James Clapper, ""Does the NSA collect any type of data at all on millions or hundreds of millions of Americans?""",governance_and_crime_confounders,committee hearing,,hard_negative,yes,high,nearby_confounder,,annotation_source=auto_supplement; sampled_from_bucket=local_hard_negative,auto_supplement
us_electoral_politics,422fbdb27a53b860,us_electoral_politics,local_hard_negative,local_hard_negative,226829,"Etherington was arrested by police after he collapsed at a nearby petrol station Call for witnesses: Police officers put up a sign urging people to come forward if they have any information about events leading up to the incident Friends have paid tribute to the popular schoolgirls, but Hampshire Constabulary was forced to delete hundreds of Facebook posts amidst fears they could jeopardise the police investigation.",governance_and_crime_confounders,police investigation,,hard_negative,yes,high,nearby_confounder,,annotation_source=auto_supplement; sampled_from_bucket=local_hard_negative,auto_supplement
us_electoral_politics,cd10c40fc4b06340,us_electoral_politics,local_hard_negative,local_hard_negative,67162,"Assemblymember Daniel O'Donnell, a Democrat from Manhattan's West Side, who got the marriage bill passed in his house, remains hopeful it will pass the Senate.",governance_and_crime_confounders,bill passed,,hard_negative,yes,high,nearby_confounder,,annotation_source=auto_supplement; sampled_from_bucket=local_hard_negative,auto_supplement
us_electoral_politics,8bba7990f702ca6d,us_electoral_politics,local_hard_negative,local_hard_negative,2275491,"He added: ""This is not new, we have been aware of these kinds of developments since 2003, but there is an ongoing police investigation.",governance_and_crime_confounders,police investigation,,hard_negative,yes,high,nearby_confounder,,annotation_source=auto_supplement; sampled_from_bucket=local_hard_negative,auto_supplement
us_electoral_politics,d7baaf46937c2425,us_electoral_politics,local_hard_negative,local_hard_negative,986613,"A state police investigation showed that David Horr, named as a defendant in the lawsuit and a friend to Joe Gamrat, sent anonymous texts to Courser at his friend's behest in an effort to get Courser to resign.",governance_and_crime_confounders,police investigation,,hard_negative,yes,high,nearby_confounder,,annotation_source=auto_supplement; sampled_from_bucket=local_hard_negative,auto_supplement
us_electoral_politics,4eecf0fe92d72507,us_electoral_politics,local_hard_negative,local_hard_negative,943126,"In a 2015 Senate Judiciary Committee hearing, after listening to speaker after speaker trot out a parade of horribles about asset forfeiture, Sessions had his turn.",governance_and_crime_confounders,committee hearing,,hard_negative,yes,high,nearby_confounder,,annotation_source=auto_supplement; sampled_from_bucket=local_hard_negative,auto_supplement
us_electoral_politics,0b07c3974e0b1094,us_electoral_politics,local_hard_negative,local_hard_negative,869935,"I believe this is pure anti-Semitism"", Leonid Goldberg, President of the Jewish community in Wuppertal, said after sitting through the court hearing.",governance_and_crime_confounders,court hearing,,hard_negative,yes,high,nearby_confounder,,annotation_source=auto_supplement; sampled_from_bucket=local_hard_negative,auto_supplement
us_electoral_politics,f33d0d7e0fb1f88e,us_electoral_politics,local_hard_negative,local_hard_negative,3381576,"[1] According to a police investigation, the main suspects were gangs of teenagers who would assault strangers as part of an activity that became known as ""wilding"".",governance_and_crime_confounders,police investigation,,hard_negative,yes,high,nearby_confounder,,annotation_source=auto_supplement; sampled_from_bucket=local_hard_negative,auto_supplement
us_electoral_politics,41d0b3e1f0f334af,us_electoral_politics,local_hard_negative,local_hard_negative,1048270,"“Have you ever, ever in any of these fantastical situations heard of a plot line so ridiculous that a sitting United States senator and an ambassador of a foreign government colluded at an open setting with hundreds of other people to pull off the greatest caper in the history of espionage?” he asked, prompting Sessions to laugh for the first time during the Senate Intelligence Committee hearing.",governance_and_crime_confounders,committee hearing,,hard_negative,yes,high,nearby_confounder,,annotation_source=auto_supplement; sampled_from_bucket=local_hard_negative,auto_supplement
us_electoral_politics,080a880a55a56b5c,us_electoral_politics,local_hard_negative,local_hard_negative,3285137,Rocket Lab chief executive Peter Beck told the select committee hearing last week that a ban on recording a rocket crash protects his company's intellectual property rights.,governance_and_crime_confounders,committee hearing,,hard_negative,yes,high,nearby_confounder,,annotation_source=auto_supplement; sampled_from_bucket=local_hard_negative,auto_supplement
us_electoral_politics,5eea0fbb331bb06f,us_electoral_politics,local_hard_negative,local_hard_negative,1250153,Another bill passed by the House last year with bipartisan support that seeks to expand the number of passengers enrolled in TSA's expedited clearance programs is also expected to be offered for inclusion in the aviation bill.,governance_and_crime_confounders,bill passed,,hard_negative,yes,high,nearby_confounder,,annotation_source=auto_supplement; sampled_from_bucket=local_hard_negative,auto_supplement
us_electoral_politics,1e397d4e1ae0cdd2,us_electoral_politics,local_hard_negative,local_hard_negative,3152720,"(The bill passed anyway, and is pending in the House.)",governance_and_crime_confounders,bill passed,,hard_negative,yes,high,nearby_confounder,,annotation_source=auto_supplement; sampled_from_bucket=local_hard_negative,auto_supplement
us_electoral_politics,10a7e3d66138d887,us_electoral_politics,local_hard_negative,local_hard_negative,1419695,Only two weeks ago — at an unannounced court hearing — did the judge and attorneys first broach sexual-abuse allegations in a mostly empty courtroom as they discussed Individual D possibly testifying at Hastert's sentencing.,governance_and_crime_confounders,court hearing,,hard_negative,yes,high,nearby_confounder,,annotation_source=auto_supplement; sampled_from_bucket=local_hard_negative,auto_supplement
us_electoral_politics,c788c82a6f5fd8c4,us_electoral_politics,local_hard_negative,local_hard_negative,2748013,"In addition, the high court agreed to a federal request to weigh the matter on an expedited basis, setting a date of Nov. 13 and raising the prospect of the court hearing the high-stakes case during a threatened federal election.",governance_and_crime_confounders,court hearing,,hard_negative,yes,high,nearby_confounder,,annotation_source=auto_supplement; sampled_from_bucket=local_hard_negative,auto_supplement
us_electoral_politics,e4b929d49445a760,us_electoral_politics,local_hard_negative,local_hard_negative,518766,"He said if a committee hearing day is once again scheduled for the bathroom bill, people can expect a “replay” of the regular session, with “all hands on deck.”

In March, hundreds of people gave testimonials against the Senate’s bathroom bill for about 13 hours in an overnight hearing, and in April for the House’s version — House Bill 2899 — the debate went well into the night.",governance_and_crime_confounders,committee hearing,,hard_negative,yes,high,nearby_confounder,,annotation_source=auto_supplement; sampled_from_bucket=local_hard_negative,auto_supplement
us_electoral_politics,6f1b3ca3faf2126a,us_electoral_politics,local_hard_negative,local_hard_negative,652647,"A military police investigation concluded he died as a result of a Taliban bullet, a finding his family questions.",governance_and_crime_confounders,police investigation,,hard_negative,yes,high,nearby_confounder,,annotation_source=auto_supplement; sampled_from_bucket=local_hard_negative,auto_supplement
us_electoral_politics,39d9a098c9f27e66,us_electoral_politics,local_hard_negative,local_hard_negative,2116916,The restitution also will be discussed at a court hearing next month.,governance_and_crime_confounders,court hearing,,hard_negative,yes,high,nearby_confounder,,annotation_source=auto_supplement; sampled_from_bucket=local_hard_negative,auto_supplement
us_electoral_politics,f49ba5b14b13ebe0,us_electoral_politics,local_hard_negative,local_hard_negative,252036,"Some of the officers have been charged with betraying the motherland and instigating rebellion while others are still awaiting a court hearing, said Alonso Medina of Foro Penal, a non-governmental lawyers' organization.",governance_and_crime_confounders,court hearing,,hard_negative,yes,high,nearby_confounder,,annotation_source=auto_supplement; sampled_from_bucket=local_hard_negative,auto_supplement
us_electoral_politics,6d04c3c16bb0cf0a,us_electoral_politics,local_hard_negative,local_hard_negative,734110,"“He gave me a random dose of drugs and risked my life,” the woman wrote in a letter read during the D.C. Superior Court hearing last week.",governance_and_crime_confounders,court hearing,,hard_negative,yes,high,nearby_confounder,,annotation_source=auto_supplement; sampled_from_bucket=local_hard_negative,auto_supplement
us_electoral_politics,68617c2920b28ea6,us_electoral_politics,local_hard_negative,local_hard_negative,909083,"[11]

On 21 March 2018 the High Court unanimously determined that the answer to the question was ""no"",[8] with the majority finding:

Whilst the question posed by these words in s 46 is one necessary to be determined before a person is liable to the imposition of a penalty, it is not necessary that the answer to that question be determined by the court hearing a common informer action.",governance_and_crime_confounders,court hearing,,hard_negative,yes,high,nearby_confounder,,annotation_source=auto_supplement; sampled_from_bucket=local_hard_negative,auto_supplement
us_electoral_politics,4523ac3c3a1bc80d,us_electoral_politics,local_hard_negative,local_hard_negative,731568,More troubles followed when he failed to appear for a court hearing and a warrant was issued for his arrest.,governance_and_crime_confounders,court hearing,,hard_negative,yes,high,nearby_confounder,,annotation_source=auto_supplement; sampled_from_bucket=local_hard_negative,auto_supplement
us_electoral_politics,7f98d7cbc0658d2a,us_electoral_politics,local_hard_negative,local_hard_negative,189444,But Jackie refused to participate in any police investigation.,governance_and_crime_confounders,police investigation,,hard_negative,yes,high,nearby_confounder,,annotation_source=auto_supplement; sampled_from_bucket=local_hard_negative,auto_supplement
us_electoral_politics,98320c33117d9947,us_electoral_politics,local_hard_negative,local_hard_negative,2829404,"A police document says that, in one instance, an employee of the firm’s Brazil branch sent an email instructing co-workers to hide records involving a client who may have been the target of a police investigation: “Do not leave anything.",governance_and_crime_confounders,police investigation,,hard_negative,yes,high,nearby_confounder,,annotation_source=auto_supplement; sampled_from_bucket=local_hard_negative,auto_supplement
us_electoral_politics,06c565a03e6a0a9a,us_electoral_politics,local_hard_negative,local_hard_negative,852599,"PLAYBOY: But here, and particularly you noted that at that time you tried to get a bill passed to get a $250 check to a disabled veteran, trying to get by on $15,000 or $16,000 a year, but you couldn’t get the votes for that, but under that deal the CEO of Morgan Stanley would get a tax cut of $926,000, Jamie Dimon of JP Morgan would get a $1 million tax deduction.",governance_and_crime_confounders,bill passed,,hard_negative,yes,high,nearby_confounder,,annotation_source=auto_supplement; sampled_from_bucket=local_hard_negative,auto_supplement
us_electoral_politics,970d0b60b561b675,us_electoral_politics,local_hard_negative,local_hard_negative,1559286,"Any bill may originate in either house of the legislature, and a bill passed by one house may be amended in the other.",governance_and_crime_confounders,bill passed,,hard_negative,yes,high,nearby_confounder,,annotation_source=auto_supplement; sampled_from_bucket=local_hard_negative,auto_supplement
us_electoral_politics,3b0aeff23d09c2b8,us_electoral_politics,local_hard_negative,local_hard_negative,95498,Any bill passed by the House of Representatives will eventually have to be merged with legislation passed by the Senate.,governance_and_crime_confounders,bill passed,,hard_negative,yes,high,nearby_confounder,,annotation_source=auto_supplement; sampled_from_bucket=local_hard_negative,auto_supplement
us_electoral_politics,703f67e069b87ace,us_electoral_politics,local_hard_negative,local_hard_negative,974225,"The United States is claiming that under the treaty Iran does not have the right to uranium enrichment because this activity is not specifically cited in the treaty: Undersecretary of State Wendy Sherman told the Senate Foreign Relations committee in answer to a question by Senator Marco Rubio in a Committee Hearing on Oct. 3:

""... it has always been the U.S. position that that article IV of the Nuclear Nonproliferation Treaty does not speak about the right of enrichment at all [and] doesn't speak to enrichment, period.",governance_and_crime_confounders,committee hearing,,hard_negative,yes,high,nearby_confounder,,annotation_source=auto_supplement; sampled_from_bucket=local_hard_negative,auto_supplement
us_electoral_politics,c0fc457d4840bb30,us_electoral_politics,local_hard_negative,local_hard_negative,2926605,The court hearing was held in Seventh Criminal Court in Istanbul.,governance_and_crime_confounders,court hearing,,hard_negative,yes,high,nearby_confounder,,annotation_source=auto_supplement; sampled_from_bucket=local_hard_negative,auto_supplement
us_electoral_politics,ca7718a759ec4044,us_electoral_politics,local_hard_negative,local_hard_negative,1336577,"Since then, François Legault, the leader of Quebec’s third party, has floated the notion that a police investigation should take place before such applications are granted.",governance_and_crime_confounders,police investigation,,hard_negative,yes,high,nearby_confounder,,annotation_source=auto_supplement; sampled_from_bucket=local_hard_negative,auto_supplement
us_electoral_politics,169cd452f872dfa8,us_electoral_politics,local_hard_negative,local_hard_negative,330687,The data on use of the call-tracking data came in a fact sheet released to reporters in connection with a public House Intelligence Committee hearing exploring the recently leaked telephone data mining program and another surveillance effort focused on Web traffic generated by foreigners.,governance_and_crime_confounders,committee hearing,,hard_negative,yes,high,nearby_confounder,,annotation_source=auto_supplement; sampled_from_bucket=local_hard_negative,auto_supplement
us_electoral_politics,0a8ef982a8a8ac6d,us_electoral_politics,local_hard_negative,local_hard_negative,2101619,"schools are very safe, but that if a police investigation into the stabbing finds that more needs to be done, she will do it.",governance_and_crime_confounders,police investigation,,hard_negative,yes,high,nearby_confounder,,annotation_source=auto_supplement; sampled_from_bucket=local_hard_negative,auto_supplement
us_electoral_politics,f9cedf07df4940e1,us_electoral_politics,local_hard_negative,local_hard_negative,1520279,"Addressing media reports that Winnie Mandela, Nelson Mandela's former wife and Mbuso Mandela's grandmother, attempted to interfere with the police investigation by sending a bodyguard, posing as a police officer, to the victim's home, Selepe said, ""That was never brought to our attention nor reported.""",governance_and_crime_confounders,police investigation,,hard_negative,yes,high,nearby_confounder,,annotation_source=auto_supplement; sampled_from_bucket=local_hard_negative,auto_supplement
us_electoral_politics,079c98c7490b0391,us_electoral_politics,local_hard_negative,local_hard_negative,710589,"Anthony Holmes, who served 13 years in prison for a murder he says he did not commit, claimed at a recent City Council committee hearing that he was one of Burge's first victims, as reported by NPR's Cheryl Corley:

""In 1973, he [Burge] came to my house, kicked the doors in, threw me on the floor, put a shotgun to my head, knee in my neck.",governance_and_crime_confounders,committee hearing,,hard_negative,yes,high,nearby_confounder,,annotation_source=auto_supplement; sampled_from_bucket=local_hard_negative,auto_supplement
us_electoral_politics,35fe4896796df8af,us_electoral_politics,local_hard_negative,local_hard_negative,929361,"And when that bill passed, there was just a political explosion in Indiana.",governance_and_crime_confounders,bill passed,,hard_negative,yes,high,nearby_confounder,,annotation_source=auto_supplement; sampled_from_bucket=local_hard_negative,auto_supplement
us_electoral_politics,5448585eae56780a,us_electoral_politics,local_hard_negative,local_hard_negative,875734,The SFO investigator Richard Gould claimed in the April 2014 court hearing that Zlochevsky’s dual position in Ukraine as both a politician and a businessman gave “rise to a clear inference of a wilful and dishonest exploitation of a direct conflict of interest by a man holding an important public office such as to amount to an abuse of the public’s trust in him”.,governance_and_crime_confounders,court hearing,,hard_negative,yes,high,nearby_confounder,,annotation_source=auto_supplement; sampled_from_bucket=local_hard_negative,auto_supplement
us_electoral_politics,ccb5cc5b9aa50534,us_electoral_politics,local_hard_negative,local_hard_negative,182799,"“Out of 32,000 cops I’ve got a total of 32 friends.”

Questions continued to be asked about police involvement in the shooting of Serpico but no charges were brought and a police investigation found no evidence of a conspiracy.",governance_and_crime_confounders,police investigation,,hard_negative,yes,high,nearby_confounder,,annotation_source=auto_supplement; sampled_from_bucket=local_hard_negative,auto_supplement
us_electoral_politics,7c2708e05c612632,us_electoral_politics,local_hard_negative,local_hard_negative,428317,"For another story, Republican state representative Briscoe Cain, of Deer Park, told Breitbart, “Well, now the phony pro-business group in Texas has finally showed its true colors.”

The bathroom bill passed the Texas Senate but has stalled in the House, where it appeared likely to perish thanks to Speaker Joe Straus.",governance_and_crime_confounders,bill passed,,hard_negative,yes,high,nearby_confounder,,annotation_source=auto_supplement; sampled_from_bucket=local_hard_negative,auto_supplement
us_electoral_politics,c41b4d20cb10ef6e,us_electoral_politics,local_hard_negative,local_hard_negative,875732,"On 14 April 2014, the money was frozen at a special court hearing in London requested by the Serious Fraud Office.",governance_and_crime_confounders,court hearing,,hard_negative,yes,high,nearby_confounder,,annotation_source=auto_supplement; sampled_from_bucket=local_hard_negative,auto_supplement
us_electoral_politics,ea5a139d8dd759b0,us_electoral_politics,local_hard_negative,local_hard_negative,1077463,Reid needed every one of the Democratic senators to get the bill passed because no Republicans were willing to support it.,governance_and_crime_confounders,bill passed,,hard_negative,yes,high,nearby_confounder,,annotation_source=auto_supplement; sampled_from_bucket=local_hard_negative,auto_supplement
us_electoral_politics,92f7a890a44885b0,us_electoral_politics,local_hard_negative,local_hard_negative,3125831,A massive police investigation ensued to catch her killer.,governance_and_crime_confounders,police investigation,,hard_negative,yes,high,nearby_confounder,,annotation_source=auto_supplement; sampled_from_bucket=local_hard_negative,auto_supplement
us_electoral_politics,31ae2e988fa09900,us_electoral_politics,local_hard_negative,local_hard_negative,2996387,"In a further twist in the case, Diana Palin’s 4-year-old daughter was apparently waiting in the car outside, but entered the house before police arrived, a prosecutor said during a Palmer District Court hearing Friday.",governance_and_crime_confounders,court hearing,,hard_negative,yes,high,nearby_confounder,,annotation_source=auto_supplement; sampled_from_bucket=local_hard_negative,auto_supplement
us_electoral_politics,3f416364bb0c2cb3,us_electoral_politics,local_hard_negative,local_hard_negative,1517529,"“It’s the thirteen people who braved arrest at Senate Finance Committee hearing, the hundreds of single payer supporters who’ve shadowed Senator Baucus in his home state of Montana, and the thousands who have put pressure other members of Congress who have created this opening.",governance_and_crime_confounders,committee hearing,,hard_negative,yes,high,nearby_confounder,,annotation_source=auto_supplement; sampled_from_bucket=local_hard_negative,auto_supplement
us_electoral_politics,9a5d216f07a30d32,us_electoral_politics,local_hard_negative,local_hard_negative,3431679,"Any claims to other roles is [sic] inaccurate.”

Black was charged after a police investigation that began when a complaint was lodged in August 2016.",governance_and_crime_confounders,police investigation,,hard_negative,yes,high,nearby_confounder,,annotation_source=auto_supplement; sampled_from_bucket=local_hard_negative,auto_supplement
us_electoral_politics,f255e4991483e354,us_electoral_politics,local_hard_negative,local_hard_negative,396274,"SACRAMENTO, Calif. (Reuters) - Physician-assisted suicide would be legal for terminally ill patients in California under a bill passed on Wednesday by a committee of the state Senate.",governance_and_crime_confounders,bill passed,,hard_negative,yes,high,nearby_confounder,,annotation_source=auto_supplement; sampled_from_bucket=local_hard_negative,auto_supplement
us_electoral_politics,6c3e435f403458a1,us_electoral_politics,local_hard_negative,local_hard_negative,1633211,The final version of the bill passed the House 81-58 and the Senate 45-0.Both bills are now before Gov.,governance_and_crime_confounders,bill passed,,hard_negative,yes,high,nearby_confounder,,annotation_source=auto_supplement; sampled_from_bucket=local_hard_negative,auto_supplement
us_electoral_politics,ff80cbf73ed23e76,us_electoral_politics,local_hard_negative,local_hard_negative,435882,"“In the face of repeated non-compliance, the judge Marcel Maia ordered the arrest of a representative of the company in Brazil, Mr Diego Dzodan for obstructing the police investigation,” a court spokesman wrote in an email.",governance_and_crime_confounders,police investigation,,hard_negative,yes,high,nearby_confounder,,annotation_source=auto_supplement; sampled_from_bucket=local_hard_negative,auto_supplement
us_electoral_politics,b5ce4f2a8059352d,us_electoral_politics,local_hard_negative,local_hard_negative,2088759,He called for a police investigation into Carey’s role in the Ball case.,governance_and_crime_confounders,police investigation,,hard_negative,yes,high,nearby_confounder,,annotation_source=auto_supplement; sampled_from_bucket=local_hard_negative,auto_supplement
us_electoral_politics,6aad0e21b2bd91ab,us_electoral_politics,local_hard_negative,local_hard_negative,2033403,"Her dislike led her to lose her objectivity -- much like a faulted police investigation -- Solomon looked only for what supported her skewed take on Rockwell, including ""evidence"" that she either created or distorted, or incidents and events that seemed to confirm her overall characterization of him, instead of finding and discovering the real man and artist he truly was.",governance_and_crime_confounders,police investigation,,hard_negative,yes,high,nearby_confounder,,annotation_source=auto_supplement; sampled_from_bucket=local_hard_negative,auto_supplement
us_electoral_politics,f79429da43e6ed74,us_electoral_politics,local_hard_negative,local_hard_negative,2246846,Matt Bevin says a scheduled court hearing on the University of Louisville’s accreditation is “pointless” and says he will not present expert testimony as requested by a judge.,governance_and_crime_confounders,court hearing,,hard_negative,yes,high,nearby_confounder,,annotation_source=auto_supplement; sampled_from_bucket=local_hard_negative,auto_supplement
us_electoral_politics,972856398d4a026f,us_electoral_politics,local_hard_negative,local_hard_negative,218216,"If S. 744, the immigration bill passed by the U.S. Senate in late June, 2013, is enacted into law, the result will be a massive increase in immigration, at roughly twice the levels permitted by the 1990 liberalization of immigration.",governance_and_crime_confounders,bill passed,,hard_negative,yes,high,nearby_confounder,,annotation_source=auto_supplement; sampled_from_bucket=local_hard_negative,auto_supplement
us_electoral_politics,bfc93d884f39cbad,us_electoral_politics,local_hard_negative,local_hard_negative,2323651,"The theory goes that Bill Morneau is allegedly in an “apparent” conflict of interest because a) when he was with Morneau Shepell, he advocated for the creation of targeted benefit plans; b) when he became finance minister, he sponsored Bill C-27, An Act to amend the Pension Benefits Standards Act, 1985, which allows for the creation of targeted benefit plans in federally regulated sectors, and c) because he still had shares in Monreau Shepell (albeit indirectly) that it would enrich him if the bill passed, and hey, the share price of Morneau Shepell went up when the bill was tabled (never mind that it returned to its former price weeks later).",governance_and_crime_confounders,bill passed,,hard_negative,yes,high,nearby_confounder,,annotation_source=auto_supplement; sampled_from_bucket=local_hard_negative,auto_supplement
us_electoral_politics,c6422bb5b70a26cc,us_electoral_politics,local_hard_negative,local_hard_negative,1991281,"But there was no police investigation, and the hotel would not provide the family with footage from surveillance cameras at the pool.",governance_and_crime_confounders,police investigation,,hard_negative,yes,high,nearby_confounder,,annotation_source=auto_supplement; sampled_from_bucket=local_hard_negative,auto_supplement
us_electoral_politics,eabd457c19e20045,us_electoral_politics,local_hard_negative,local_hard_negative,1340857,[29] There was a preliminary hearing in a Magistrates' court on 14 May 2013[30] and a Crown Court hearing took place on 10 June 2013.,governance_and_crime_confounders,court hearing,,hard_negative,yes,high,nearby_confounder,,annotation_source=auto_supplement; sampled_from_bucket=local_hard_negative,auto_supplement
us_electoral_politics,5992b9d464a19a24,us_electoral_politics,local_hard_negative,local_hard_negative,2517097,"The federal indictment accuses Nagin of accepting more than $160,000 in bribes and truckloads of free granite for his family business in exchange for promoting the interests of a local businessman who secured millions of dollars in city contract work after the 2005 hurricane.",governance_and_crime_confounders,federal indictment,,hard_negative,yes,high,nearby_confounder,,annotation_source=auto_supplement; sampled_from_bucket=local_hard_negative,auto_supplement
us_electoral_politics,06bc7e19395e646a,us_electoral_politics,local_hard_negative,local_hard_negative,3030965,"A separate bill passed by the House over the weekend ensures that furloughed, nonessential personnel would be paid after the impasse ends.",governance_and_crime_confounders,bill passed,,hard_negative,yes,high,nearby_confounder,,annotation_source=auto_supplement; sampled_from_bucket=local_hard_negative,auto_supplement
us_electoral_politics,523ec93a598bd7b7,us_electoral_politics,local_hard_negative,local_hard_negative,332688,"[40] While the bill passed the House with relative ease, the Senate, dominated by conservative Republicans like Nelson Aldrich, posed a greater challenge.",governance_and_crime_confounders,bill passed,,hard_negative,yes,high,nearby_confounder,,annotation_source=auto_supplement; sampled_from_bucket=local_hard_negative,auto_supplement
us_electoral_politics,2eaf9fe0208f1d2d,us_electoral_politics,local_hard_negative,local_hard_negative,3723399,"These employees, Stumpf explained earlier in the committee hearing, were “well-paid,” making between $30,000 and $60,000 a year.",governance_and_crime_confounders,committee hearing,,hard_negative,yes,high,nearby_confounder,,annotation_source=auto_supplement; sampled_from_bucket=local_hard_negative,auto_supplement
us_electoral_politics,b00bf2803f0206b1,us_electoral_politics,local_hard_negative,local_hard_negative,580340,"The police investigation:

The Sanford police department has come under intense scrutiny for its actions following the shooting, and protesters have called for the firing of police Chief Bill Lee, who stepped aside temporarily last month amid criticism.",governance_and_crime_confounders,police investigation,,hard_negative,yes,high,nearby_confounder,,annotation_source=auto_supplement; sampled_from_bucket=local_hard_negative,auto_supplement
us_electoral_politics,95f5dfd8a9782c53,us_electoral_politics,local_hard_negative,local_hard_negative,2531462,"Bucceroni’s assertions are corroborated by media reports, emails published by Wikileaks, FBI documentation of mafia activity and testimony from a congressional committee hearing obtained through Freedom of Information Act requests.",governance_and_crime_confounders,committee hearing,,hard_negative,yes,high,nearby_confounder,,annotation_source=auto_supplement; sampled_from_bucket=local_hard_negative,auto_supplement
us_electoral_politics,4e067e9b00e9f2c8,us_electoral_politics,local_hard_negative,local_hard_negative,3639065,"Advertisement

Promoted by its sponsors with ""protect the children"" style rhetoric, the bill passed despite a petition against it signed by numerous manga artists and a threat by major manga publishers, including Shonen Jump publisher Shueisha, to boycott the 2011 Tokyo International Anime Fair (the boycott threat never materialized, as the fair was canceled due to the earthquake).",governance_and_crime_confounders,bill passed,,hard_negative,yes,high,nearby_confounder,,annotation_source=auto_supplement; sampled_from_bucket=local_hard_negative,auto_supplement
us_electoral_politics,4d4a2251be653480,us_electoral_politics,local_hard_negative,local_hard_negative,544073,"But she got criticized for that, too, after she left a court hearing “pretending” to be really upset while sporting a bruise on her cheek.",governance_and_crime_confounders,court hearing,,hard_negative,yes,high,nearby_confounder,,annotation_source=auto_supplement; sampled_from_bucket=local_hard_negative,auto_supplement
us_electoral_politics,de35901dffe476c2,us_electoral_politics,local_hard_negative,local_hard_negative,2027217,"“Why in the world should you get a no-bid contract right now?” Sen. Ben Sasse, R-Neb., asked former Equifax CEO Richard Smith at a Senate Banking, Housing and Urban Affairs Committee hearing in the morning.",governance_and_crime_confounders,committee hearing,,hard_negative,yes,high,nearby_confounder,,annotation_source=auto_supplement; sampled_from_bucket=local_hard_negative,auto_supplement
us_electoral_politics,0a712ff8a248d007,us_electoral_politics,local_hard_negative,local_hard_negative,1152440,"[73][74]

The 20 charges were formally stayed by crown counsel Melissa Gillespie shortly after 4 p.m. during a British Columbia Supreme Court hearing at New Westminster.",governance_and_crime_confounders,court hearing,,hard_negative,yes,high,nearby_confounder,,annotation_source=auto_supplement; sampled_from_bucket=local_hard_negative,auto_supplement
us_electoral_politics,2917fe4edba26178,us_electoral_politics,local_hard_negative,local_hard_negative,1825990,An attorney for the Associated Humane Societies attended as did a few animal rights advocates who have been present at every court hearing in the case.,governance_and_crime_confounders,court hearing,,hard_negative,yes,high,nearby_confounder,,annotation_source=auto_supplement; sampled_from_bucket=local_hard_negative,auto_supplement
us_electoral_politics,8e8f716f05a6a493,us_electoral_politics,local_hard_negative,local_hard_negative,592332,A court hearing will be held on Friday (local time) on a possible recount in Pennsylvania.,governance_and_crime_confounders,court hearing,,hard_negative,yes,high,nearby_confounder,,annotation_source=auto_supplement; sampled_from_bucket=local_hard_negative,auto_supplement
us_electoral_politics,3402d8fe9cf8dc5b,us_electoral_politics,local_hard_negative,local_hard_negative,1725682,"They had even managed to remotely monitor the Australian Federal Police investigation into their activities, Operation Weather.",governance_and_crime_confounders,police investigation,,hard_negative,yes,high,nearby_confounder,,annotation_source=auto_supplement; sampled_from_bucket=local_hard_negative,auto_supplement
us_electoral_politics,8bfdde049273c1ee,us_electoral_politics,local_hard_negative,local_hard_negative,3315161,Labor and the unions want a police investigation to deal with allegations of corruption.,governance_and_crime_confounders,police investigation,,hard_negative,yes,high,nearby_confounder,,annotation_source=auto_supplement; sampled_from_bucket=local_hard_negative,auto_supplement
us_electoral_politics,be9facbbda43bdda,us_electoral_politics,local_hard_negative,local_hard_negative,3461180,"The school district says what happened was ""a non-school related issue"" and it has no comment on the police investigation.",governance_and_crime_confounders,police investigation,,hard_negative,yes,high,nearby_confounder,,annotation_source=auto_supplement; sampled_from_bucket=local_hard_negative,auto_supplement
us_electoral_politics,f4e16a4b16b32d45,us_electoral_politics,local_hard_negative,local_hard_negative,1114376,"For one thing, the Bush administration faced a difficult political battle to get the bill passed in 2003.",governance_and_crime_confounders,bill passed,,hard_negative,yes,high,nearby_confounder,,annotation_source=auto_supplement; sampled_from_bucket=local_hard_negative,auto_supplement
us_electoral_politics,67fc08da1f40874d,us_electoral_politics,local_hard_negative,local_hard_negative,2529387,"After the reform bill passed last month, House Republicans filed a motion to add the language of the Stupak Amendment—a last-ditch bid to return the bill to the Senate.",governance_and_crime_confounders,bill passed,,hard_negative,yes,high,nearby_confounder,,annotation_source=auto_supplement; sampled_from_bucket=local_hard_negative,auto_supplement
us_electoral_politics,495f4bbd78cd49b7,us_electoral_politics,local_hard_negative,local_hard_negative,1852999,"The scope of the state police investigation, and whether it focuses only on the state data center, is unclear.",governance_and_crime_confounders,police investigation,,hard_negative,yes,high,nearby_confounder,,annotation_source=auto_supplement; sampled_from_bucket=local_hard_negative,auto_supplement
us_electoral_politics,00c74eb0c3bd75c9,us_electoral_politics,local_hard_negative,local_hard_negative,2886140,"It was the so-called Surly bill passed in 2011 that allowed brewers to sell pints of beer on the premises, launching a flight of taprooms in the metro area.",governance_and_crime_confounders,bill passed,,hard_negative,yes,high,nearby_confounder,,annotation_source=auto_supplement; sampled_from_bucket=local_hard_negative,auto_supplement
us_electoral_politics,6ebda91fff41a679,us_electoral_politics,local_hard_negative,local_hard_negative,2951101,"Photo: Mayra Beltran / Houston Chronicle Image 10 of 11 Rex Tillerson chairman and CEO of Exxon Mobil Down 30 percent 2013: $28.1 million 2012: $40.3 million [Exxon Mobil CEO Rex Tillerson listens during a House Energy and Commerce Committee hearing on the impact of the ExxonMobil-XTO merger on U.S. energy markets in Washington, D.C. in January 2010.]",governance_and_crime_confounders,committee hearing,,hard_negative,yes,high,nearby_confounder,,annotation_source=auto_supplement; sampled_from_bucket=local_hard_negative,auto_supplement
us_electoral_politics,7a945ec3d0da0681,us_electoral_politics,local_hard_negative,local_hard_negative,2772240,"“The sheriff would not want the Sheriff’s Department to enter into a contract with someone who is under local or federal indictment,” Aquino said.",governance_and_crime_confounders,federal indictment,,hard_negative,yes,high,nearby_confounder,,annotation_source=auto_supplement; sampled_from_bucket=local_hard_negative,auto_supplement
us_electoral_politics,9595e5747284a4a5,us_electoral_politics,local_hard_negative,local_hard_negative,1557611,The bill passed the Senate along partisan lines and now goes to the GOP-controlled House.,governance_and_crime_confounders,bill passed,,hard_negative,yes,high,nearby_confounder,,annotation_source=auto_supplement; sampled_from_bucket=local_hard_negative,auto_supplement
us_electoral_politics,13b3006f83a206fc,us_electoral_politics,local_hard_negative,local_hard_negative,2506132,"Carter-Ruck withdrew its gagging attempt by lunchtime, shortly before a 2pm high court hearing at which the Guardian was about to challenge its stance, with the backing of other national newspapers.",governance_and_crime_confounders,court hearing,,hard_negative,yes,high,nearby_confounder,,annotation_source=auto_supplement; sampled_from_bucket=local_hard_negative,auto_supplement
us_electoral_politics,d19e31f3ffe944d2,us_electoral_politics,local_hard_negative,local_hard_negative,362663,"While the bill passed second reading this May, it's now languishing in legislative limbo, waiting for the summer break to end.",governance_and_crime_confounders,bill passed,,hard_negative,yes,high,nearby_confounder,,annotation_source=auto_supplement; sampled_from_bucket=local_hard_negative,auto_supplement
us_electoral_politics,4f7cbe2a9b16dc54,us_electoral_politics,local_hard_negative,local_hard_negative,3732071,A police investigation found the items tested positive for narcotics.,governance_and_crime_confounders,police investigation,,hard_negative,yes,high,nearby_confounder,,annotation_source=auto_supplement; sampled_from_bucket=local_hard_negative,auto_supplement
us_electoral_politics,a7a05bde87b59dc0,us_electoral_politics,local_hard_negative,local_hard_negative,1395016,"U.S. Senate Banking Committee Chairman Richard Shelby (R-Ala.) speaks during a Banking, Housing and Urban Affairs Committee hearing on Capitol Hill in Washington in January.",governance_and_crime_confounders,committee hearing,,hard_negative,yes,high,nearby_confounder,,annotation_source=auto_supplement; sampled_from_bucket=local_hard_negative,auto_supplement
us_electoral_politics,725645ccc55cae9b,us_electoral_politics,local_hard_negative,local_hard_negative,3035458,"The Melbourne court hearing the action delayed any immediate decision on Kisch, leaving him in custody aboard the Strathaird as it departed the city.",governance_and_crime_confounders,court hearing,,hard_negative,yes,high,nearby_confounder,,annotation_source=auto_supplement; sampled_from_bucket=local_hard_negative,auto_supplement
us_electoral_politics,b50e07b22ab1de0e,us_electoral_politics,local_hard_negative,local_hard_negative,793364,"At her first congressional banking committee hearing in February since winning a Senate seat last year, Warren grilled big-bank regulators on why they had never taken a Wall Street giant to court.",governance_and_crime_confounders,committee hearing,,hard_negative,yes,high,nearby_confounder,,annotation_source=auto_supplement; sampled_from_bucket=local_hard_negative,auto_supplement
us_electoral_politics,a40ad342c4401c0e,us_electoral_politics,local_hard_negative,local_hard_negative,3319181,Walter James McCormick was arrested as part of a police investigation which resulted in the seizure of thousands of fentanyl pills.,governance_and_crime_confounders,police investigation,,hard_negative,yes,high,nearby_confounder,,annotation_source=auto_supplement; sampled_from_bucket=local_hard_negative,auto_supplement
us_electoral_politics,75d7fa3bcac569d2,us_electoral_politics,local_hard_negative,local_hard_negative,1167522,"Aquino told a Senate committee hearing on a bill seeking to penalize fake news that the 87 websites, 95 Facebook and 56 Youtube pages on his list were culled from the list released by the Catholic Bishops' Conference of the Philippines in January, “plus our own research.""",governance_and_crime_confounders,committee hearing,,hard_negative,yes,high,nearby_confounder,,annotation_source=auto_supplement; sampled_from_bucket=local_hard_negative,auto_supplement
us_electoral_politics,f1fb848a84f4ab0a,us_electoral_politics,local_hard_negative,local_hard_negative,1632035,"The maps were promptly challenged by immigrant rights group Voces de la Frontera, and the federal court hearing the case sharply criticized Republican lawmakers for conducting redistricting under a veil of secrecy and shutting the public out of the process, calling it ""shameful,"" ""sharply partisan,"" and ""needlessly secret.""",governance_and_crime_confounders,court hearing,,hard_negative,yes,high,nearby_confounder,,annotation_source=auto_supplement; sampled_from_bucket=local_hard_negative,auto_supplement
us_electoral_politics,364e86470b721f39,us_electoral_politics,local_hard_negative,local_hard_negative,68617,"He claimed this wasn't permitted and then directed me out of the building.The first time I tried entering the immigration courts in the DHS offices at 100 Montgomery Street, another security guard told me I could only pass through security if I was there for a specific court hearing involving myself or a family member.Needless to say, I kept going back.",governance_and_crime_confounders,court hearing,,hard_negative,yes,high,nearby_confounder,,annotation_source=auto_supplement; sampled_from_bucket=local_hard_negative,auto_supplement
us_electoral_politics,dc9f331640a7dc0f,us_electoral_politics,local_hard_negative,local_hard_negative,3256588,"""The matter of the insecure firearm is still part of the police investigation, and it is anticipated that the owner of the firearm may face charges,"" said Faulkner.",governance_and_crime_confounders,police investigation,,hard_negative,yes,high,nearby_confounder,,annotation_source=auto_supplement; sampled_from_bucket=local_hard_negative,auto_supplement
us_electoral_politics,1116762f1bcde122,us_electoral_politics,local_hard_negative,local_hard_negative,2994903,A police investigation has discovered that the four burglars robbed the same house earlier that morning.,governance_and_crime_confounders,police investigation,,hard_negative,yes,high,nearby_confounder,,annotation_source=auto_supplement; sampled_from_bucket=local_hard_negative,auto_supplement
us_electoral_politics,4aef793babe44340,us_electoral_politics,local_hard_negative,local_hard_negative,3236980,"The committee hearing his case heard that he had difficulty with tasks such as scrubbing in for operations, putting on gowns and gloves and prescribing paracetamol.",governance_and_crime_confounders,committee hearing,,hard_negative,yes,high,nearby_confounder,,annotation_source=auto_supplement; sampled_from_bucket=local_hard_negative,auto_supplement
us_electoral_politics,509fdab6d02c77e4,us_electoral_politics,local_hard_negative,local_hard_negative,1812421,"After the TV show triggered a police investigation, state officials chose not to indict the Browns but declined to rule out future prosecution.",governance_and_crime_confounders,police investigation,,hard_negative,yes,high,nearby_confounder,,annotation_source=auto_supplement; sampled_from_bucket=local_hard_negative,auto_supplement
us_electoral_politics,037448fc5f89777d,us_electoral_politics,local_hard_negative,local_hard_negative,1557814,"A bill passed by the Michigan State Senate would endanger the health of Michiganders by granting sweeping new powers to practitioners of unscientific bogus medicine and treatments, said the Center for Inquiry.",governance_and_crime_confounders,bill passed,,hard_negative,yes,high,nearby_confounder,,annotation_source=auto_supplement; sampled_from_bucket=local_hard_negative,auto_supplement
us_electoral_politics,9382cced58ce3dc5,us_electoral_politics,local_hard_negative,local_hard_negative,776038,"Page, Awan’s lawyer, would not address the wire transfers, but said that at the time Awan “was struggling to arrange an elaborate funeral for his father in Pakistan and fighting legal battles over inherited family property there.”

(Source: Federal indictment)

They were charged with bank fraud on July 24.",governance_and_crime_confounders,federal indictment,,hard_negative,yes,high,nearby_confounder,,annotation_source=auto_supplement; sampled_from_bucket=local_hard_negative,auto_supplement
us_electoral_politics,1685f6866616fb0b,us_electoral_politics,local_hard_negative,local_hard_negative,4566,"An ensuing police investigation revealed Gonzalez crossed over the U.S.-Mexico border and into the city of Juarez on February 22 where, allegedly, she left her child in a dilapidated and deserted building.",governance_and_crime_confounders,police investigation,,hard_negative,yes,high,nearby_confounder,,annotation_source=auto_supplement; sampled_from_bucket=local_hard_negative,auto_supplement
us_electoral_politics,92cc98482940b463,us_electoral_politics,local_hard_negative,local_hard_negative,2040073,"“For us it’s an administrative burden,” said Chris Wieneke, legislative liaison for the department, during an Illinois House committee hearing in February.",governance_and_crime_confounders,committee hearing,,hard_negative,yes,high,nearby_confounder,,annotation_source=auto_supplement; sampled_from_bucket=local_hard_negative,auto_supplement
us_electoral_politics,a0d081ac9179e8c8,us_electoral_politics,local_hard_negative,local_hard_negative,1461981,I’m disappointed with the Supreme Court hearing which ruled that the separation deed is in effect because it has robbed me of the opportunity to defend myself against this preposterous allegation at a hearing.,governance_and_crime_confounders,court hearing,,hard_negative,yes,high,nearby_confounder,,annotation_source=auto_supplement; sampled_from_bucket=local_hard_negative,auto_supplement
us_electoral_politics,8a485f2c8844dee6,us_electoral_politics,local_hard_negative,local_hard_negative,3426292,"A source close to the police investigation confirms that around 60 papers by Fusco are being studied, including a 2007 paper in the Journal of Clinical Investigation that was retracted by the editors in November.",governance_and_crime_confounders,police investigation,,hard_negative,yes,high,nearby_confounder,,annotation_source=auto_supplement; sampled_from_bucket=local_hard_negative,auto_supplement
us_electoral_politics,fd5d2f3d7df89af7,us_electoral_politics,local_hard_negative,local_hard_negative,2610242,"Yet comments made during a recent court hearing by representatives of the Association of Chief Police Officers, which operates the UK’s ANPR network, revealed that the cameras are patchy and can be easily fooled by low-tech measures such as modifying plate numbers.",governance_and_crime_confounders,court hearing,,hard_negative,yes,high,nearby_confounder,,annotation_source=auto_supplement; sampled_from_bucket=local_hard_negative,auto_supplement
us_electoral_politics,7e9d592b48f6e24c,us_electoral_politics,local_hard_negative,local_hard_negative,1739425,"Well, the filibuster ended up being fruitless (except for Wendy, who became a political rockstar), and the bill passed.",governance_and_crime_confounders,bill passed,,hard_negative,yes,high,nearby_confounder,,annotation_source=auto_supplement; sampled_from_bucket=local_hard_negative,auto_supplement
us_electoral_politics,88ed31653c4fc7f5,us_electoral_politics,local_hard_negative,local_hard_negative,1466843,"Copyright by WANE - All rights reserved Dr. James Ranochak

Copyright by WANE - All rights reserved Dr. James Ranochak

According to the federal indictment released Thursday, Ranochak, Losier and Ringger ran a controlled substance prescribing scheme through the North Anthony Pharmacy that fed high-power medications to patients, some who failed drug screens and others who did not require them.",governance_and_crime_confounders,federal indictment,,hard_negative,yes,high,nearby_confounder,,annotation_source=auto_supplement; sampled_from_bucket=local_hard_negative,auto_supplement
us_electoral_politics,3111b45645f90980,us_electoral_politics,local_hard_negative,local_hard_negative,3392623,"–Elizabeth Smart, speaking to Brian David Mitchell

Mitchell, as he has at every court hearing for the past several years, showed no emotion as the sentence was handed down by U.S. District Judge Dale Kimball.",governance_and_crime_confounders,court hearing,,hard_negative,yes,high,nearby_confounder,,annotation_source=auto_supplement; sampled_from_bucket=local_hard_negative,auto_supplement
us_electoral_politics,69d57ea3e49c1504,us_electoral_politics,local_hard_negative,local_hard_negative,1539240,Steep Price for a Day in Court Those familiar with the operation of the law estimate that only a minority of the cases where landlords use the criminal law’s 10 day notice procedure to evict a tenant result in criminal charges or a court hearing.,governance_and_crime_confounders,court hearing,,hard_negative,yes,high,nearby_confounder,,annotation_source=auto_supplement; sampled_from_bucket=local_hard_negative,auto_supplement
us_electoral_politics,f372eabec86bc16a,us_electoral_politics,local_hard_negative,local_hard_negative,3319198,"During the course of the police investigation and McCormick's arrest, trial and sentencing, the number of people in British Columbia who died of drug overdoses rose from 366 in 2014 to a suspected 914 in 2016, the majority of which have been linked to fentanyl.",governance_and_crime_confounders,police investigation,,hard_negative,yes,high,nearby_confounder,,annotation_source=auto_supplement; sampled_from_bucket=local_hard_negative,auto_supplement
us_electoral_politics,e5ec166ca603a2fe,us_electoral_politics,local_hard_negative,local_hard_negative,3171539,"Ideal America

In an America that still lived up to its founding ideals Bush and his henchmen and women would not be worrying about an ICC indictment because they would be too busy already defending themselves against a US federal indictment for war crimes and other violations of US law.",governance_and_crime_confounders,federal indictment,,hard_negative,yes,high,nearby_confounder,,annotation_source=auto_supplement; sampled_from_bucket=local_hard_negative,auto_supplement
us_electoral_politics,3f24dd6328b76a03,us_electoral_politics,local_hard_negative,local_hard_negative,829386,"Or it can grant juvenile lifers some shot at release by allowing them to go before a parole board — an option the group’s director argues saves money, preserves public safety (“by ensuring that nobody is released without review”), and is “fairer for victims, because it will mean that they do not have to go through the difficulties of a new court hearing.”

For lifers in Louisiana, the prospect of going before a parole board is practically unthinkable — a dream come true.",governance_and_crime_confounders,court hearing,,hard_negative,yes,high,nearby_confounder,,annotation_source=auto_supplement; sampled_from_bucket=local_hard_negative,auto_supplement
us_electoral_politics,d4b6fa63163f22cb,us_electoral_politics,local_hard_negative,local_hard_negative,911834,The House Health and Human Services Committee hearing on H.B.,governance_and_crime_confounders,committee hearing,,hard_negative,yes,high,nearby_confounder,,annotation_source=auto_supplement; sampled_from_bucket=local_hard_negative,auto_supplement
us_electoral_politics,e4e5421600ca7890,us_electoral_politics,local_hard_negative,local_hard_negative,2039862,"Justin Sullivan/Getty Images

Tuesday’s Senate Judiciary Committee hearing on Neil Gorsuch’s nomination to the Supreme Court has not revealed a great deal about the nominee.",governance_and_crime_confounders,committee hearing,,hard_negative,yes,high,nearby_confounder,,annotation_source=auto_supplement; sampled_from_bucket=local_hard_negative,auto_supplement
us_electoral_politics,5e659a2cee6b9cb5,us_electoral_politics,local_hard_negative,local_hard_negative,36516,"On Wednesday, the head of the small office that investigates chemical accidents is scheduled to testify at a House committee hearing on an inspector general’s report that he and two deputies discussed internal disputes about agency operations on private e-mail accounts and did not preserve them.",governance_and_crime_confounders,committee hearing,,hard_negative,yes,high,nearby_confounder,,annotation_source=auto_supplement; sampled_from_bucket=local_hard_negative,auto_supplement
us_electoral_politics,028595078c45b1ff,us_electoral_politics,local_hard_negative,local_hard_negative,2257978,"In episode 1, we hear moment-by-moment recollections of what happened that fateful day and recall the initial steps of the police investigation.",governance_and_crime_confounders,police investigation,,hard_negative,yes,high,nearby_confounder,,annotation_source=auto_supplement; sampled_from_bucket=local_hard_negative,auto_supplement
us_electoral_politics,281e76e8f79fda5d,us_electoral_politics,local_hard_negative,local_hard_negative,1492489,"Related stories:

A police investigation reveals that at an early morning hour the suspect knocked on the girl's window and poured the acid over her face as she opened it.",governance_and_crime_confounders,police investigation,,hard_negative,yes,high,nearby_confounder,,annotation_source=auto_supplement; sampled_from_bucket=local_hard_negative,auto_supplement
us_electoral_politics,cacdf892b3924fc4,us_electoral_politics,local_hard_negative,local_hard_negative,1664611,The bill passed out of the Committee on General Government 6–4.,governance_and_crime_confounders,bill passed,,hard_negative,yes,high,nearby_confounder,,annotation_source=auto_supplement; sampled_from_bucket=local_hard_negative,auto_supplement
us_electoral_politics,839a4e1ca4a6d215,us_electoral_politics,local_hard_negative,local_hard_negative,1884491,"Legally, the president must certify every 90 days that Iran is “transparently, verifiably and fully implementing” the agreement, that the continued suspension of nuclear sanctions on Iran are “proportionate” to Tehran’s reciprocal actions, and that a continuation of these policies is “vital to the national security interests of the United States.” If he doesn’t, the Iran Nuclear Agreement Review Act — a bill passed in Congress before the U.S. adopted the nuclear deal, formally known as the Joint Comprehensive Plan of Action, as a means for Congress to monitor and review the value and effectiveness of the deal over time — calls on congressional leadership to consider “qualifying legislation” on Iran.",governance_and_crime_confounders,bill passed,,hard_negative,yes,high,nearby_confounder,,annotation_source=auto_supplement; sampled_from_bucket=local_hard_negative,auto_supplement
us_electoral_politics,a2b918a699358040,us_electoral_politics,local_hard_negative,local_hard_negative,2807185,"The bill passed by the Senate would only apply to future convictions, a compromise that allowed several previously opposed lawmakers to back to the repeal.",governance_and_crime_confounders,bill passed,,hard_negative,yes,high,nearby_confounder,,annotation_source=auto_supplement; sampled_from_bucket=local_hard_negative,auto_supplement
us_electoral_politics,cac86e4944dc20ab,us_electoral_politics,local_hard_negative,local_hard_negative,1507447,"However, the actions of one of the Police officers escalated an already volatile situation and did not accord with good policing practice.”

According to the statement, the Authority noted that as a result of the Police investigation into this incident, the officer involved has been subject to disciplinary proceedings.",governance_and_crime_confounders,police investigation,,hard_negative,yes,high,nearby_confounder,,annotation_source=auto_supplement; sampled_from_bucket=local_hard_negative,auto_supplement
us_electoral_politics,69479e23a19425d0,us_electoral_politics,local_hard_negative,local_hard_negative,796146,"Red flags quickly emerged, with Babbit and Deyo providing the boy underwear and yoga shorts as gifts, but the boy’s parents were assuaged by being told it was a “gay thing.” Eventually, the boy was convinced to go to a jazz concert and stay with the couple in a hotel room, where the boy allegedly had sex with them because he was “unsure about how to say no.”

A police investigation quickly discovered additional victims, who said the couple had provided them with pornography, encouraged them to post naked pictures online, and provided them with “chiropractic” massages.",governance_and_crime_confounders,police investigation,,hard_negative,yes,high,nearby_confounder,,annotation_source=auto_supplement; sampled_from_bucket=local_hard_negative,auto_supplement
us_electoral_politics,e64f694b1ad58c6c,us_electoral_politics,local_hard_negative,local_hard_negative,1804638,"Ichiro Matsui, meanwhile, has said the ruling coalition could expect support from Nippon Ishin no Kai, the political party he heads, to get such a bill passed as quickly as possible.",governance_and_crime_confounders,bill passed,,hard_negative,yes,high,nearby_confounder,,annotation_source=auto_supplement; sampled_from_bucket=local_hard_negative,auto_supplement
us_electoral_politics,057ab25400459cae,us_electoral_politics,local_hard_negative,local_hard_negative,102839,"Navalny's campaign chief, Leonid Volkov, was detained in Nizhny Novgorod ahead of the rally, saying on Twitter he would be held overnight before a court hearing Saturday.",governance_and_crime_confounders,court hearing,,hard_negative,yes,high,nearby_confounder,,annotation_source=auto_supplement; sampled_from_bucket=local_hard_negative,auto_supplement
us_electoral_politics,77ce96aacaca032a,us_electoral_politics,local_hard_negative,local_hard_negative,192946,"He was held on suspicion of possessing an object converted into a firearm, and was released on unconditional police bail without charge until May 6 pending further police investigation.",governance_and_crime_confounders,police investigation,,hard_negative,yes,high,nearby_confounder,,annotation_source=auto_supplement; sampled_from_bucket=local_hard_negative,auto_supplement
us_electoral_politics,0fe21fdcc5712020,us_electoral_politics,local_hard_negative,local_hard_negative,370485,"The lawsuit, filed in federal district court yesterday afternoon, charges that Mayor Ardis, along with Peoria's City Manager, the Assistant City Manager, the Chief Information Officer, former Chief of Police and two police detectives violated Mr. Daniel's First and Fourth Amendment rights by launching a police investigation based on his speech and then searching his home as part of that investigation.",governance_and_crime_confounders,police investigation,,hard_negative,yes,high,nearby_confounder,,annotation_source=auto_supplement; sampled_from_bucket=local_hard_negative,auto_supplement
us_electoral_politics,17e6203bb2eac739,us_electoral_politics,local_hard_negative,local_hard_negative,2879107,"Pic: file

Yesterday’s guilty pleas brought a five-year police investigation to an end and prevented the need for a costly four-week trial.",governance_and_crime_confounders,police investigation,,hard_negative,yes,high,nearby_confounder,,annotation_source=auto_supplement; sampled_from_bucket=local_hard_negative,auto_supplement
us_electoral_politics,55d1057bc14adc9a,us_electoral_politics,local_hard_negative,local_hard_negative,3299064,"Bill 69, introduced on behalf of Mayor Kirk Caldwell after the Marco Polo condominium fire that left three dead, was deferred at an Executive Matters and Legal Affairs Committee hearing Tuesday.",governance_and_crime_confounders,committee hearing,,hard_negative,yes,high,nearby_confounder,,annotation_source=auto_supplement; sampled_from_bucket=local_hard_negative,auto_supplement
us_electoral_politics,ed2efa0098bf5852,us_electoral_politics,local_hard_negative,local_hard_negative,3550067,"""The process does not always reward good ideas,"" said Dale Craymer, president of the Texas Taxpayers and Research Association, a non-profit group based in Austin that was one of 13 groups to advocate for the bill during a House committee hearing in March.",governance_and_crime_confounders,committee hearing,,hard_negative,yes,high,nearby_confounder,,annotation_source=auto_supplement; sampled_from_bucket=local_hard_negative,auto_supplement
us_electoral_politics,0e078e9f3001b72d,us_electoral_politics,local_hard_negative,local_hard_negative,159661,"[53]

On December 22, 2010, a United States Federal Judge signed a default judgment holding Iran, the Taliban and al-Qaeda liable following an open court hearing in which the evidence was produced by the plaintiffs' attorneys which they said showed that Iran assisted the hijackers.",governance_and_crime_confounders,court hearing,,hard_negative,yes,high,nearby_confounder,,annotation_source=auto_supplement; sampled_from_bucket=local_hard_negative,auto_supplement
us_electoral_politics,323670b87fa9cae0,us_electoral_politics,local_hard_negative,local_hard_negative,1098180,Police told an out-of-sessions court hearing last night that Dhillon admitted putting the unconscious three-year-old into the boot of his car and driving around with him for three hours before dumping him without checking whether he was alive.,governance_and_crime_confounders,court hearing,,hard_negative,yes,high,nearby_confounder,,annotation_source=auto_supplement; sampled_from_bucket=local_hard_negative,auto_supplement
us_electoral_politics,4025e8e8c41a11f1,us_electoral_politics,local_hard_negative,local_hard_negative,2193725,An internal police investigation is underway to determine why officers didn't find the gun on the suspect.,governance_and_crime_confounders,police investigation,,hard_negative,yes,high,nearby_confounder,,annotation_source=auto_supplement; sampled_from_bucket=local_hard_negative,auto_supplement
us_electoral_politics,e9689ce5dc4d3c01,us_electoral_politics,local_hard_negative,local_hard_negative,2907348,"A bill (S1977) that would decriminalize the possession of up to 50 grams, or just under 2 ounces of marijuana, was introduced 13 months ago and has not been posted for a committee hearing.",governance_and_crime_confounders,committee hearing,,hard_negative,yes,high,nearby_confounder,,annotation_source=auto_supplement; sampled_from_bucket=local_hard_negative,auto_supplement
us_electoral_politics,fd31db4fd1540d25,us_electoral_politics,local_hard_negative,local_hard_negative,2140488,"Before the Jerusalem court hearing, about 2,000 police were on standby in the city, fearing that protests over the Haredi mother might spill over into ongoing clashes about a car park.",governance_and_crime_confounders,court hearing,,hard_negative,yes,high,nearby_confounder,,annotation_source=auto_supplement; sampled_from_bucket=local_hard_negative,auto_supplement
us_electoral_politics,21430e6f3aca79a7,us_electoral_politics,local_hard_negative,local_hard_negative,849730,"[252] Pier Luigi Foschi, CEO of Costa, has told a Senate committee hearing that ""We believe that the wreck can no longer be put in use.",governance_and_crime_confounders,committee hearing,,hard_negative,yes,high,nearby_confounder,,annotation_source=auto_supplement; sampled_from_bucket=local_hard_negative,auto_supplement
us_electoral_politics,f4284ab1e0ed00c3,us_electoral_politics,local_hard_negative,local_hard_negative,2993874,"Alvi was fired from the position in February after the office learned of a Capitol Police investigation into Alvi, Zetts stated.",governance_and_crime_confounders,police investigation,,hard_negative,yes,high,nearby_confounder,,annotation_source=auto_supplement; sampled_from_bucket=local_hard_negative,auto_supplement
us_electoral_politics,79dea244e899552c,us_electoral_politics,local_hard_negative,local_hard_negative,3696476,"They're behind the power curve,"" Gary Folger, the state's public safety commissioner, said in a committee hearing last week.",governance_and_crime_confounders,committee hearing,,hard_negative,yes,high,nearby_confounder,,annotation_source=auto_supplement; sampled_from_bucket=local_hard_negative,auto_supplement
us_electoral_politics,b183acf0433eeca7,us_electoral_politics,local_hard_negative,local_hard_negative,3408450,"If, in fact, there is any police investigation, my client will fully cooperate because he has nothing to hide,” he wrote.",governance_and_crime_confounders,police investigation,,hard_negative,yes,high,nearby_confounder,,annotation_source=auto_supplement; sampled_from_bucket=local_hard_negative,auto_supplement
us_electoral_politics,67d36bc5d7201e19,us_electoral_politics,local_hard_negative,local_hard_negative,2583083,"Although the U.S. Justice Department initially screened the names of the scammed U.S. companies, Fortune on April 27 identified what prosecutors had referred to in the federal indictment as Victim 1, as Google, and Victim 2, as Facebook.",governance_and_crime_confounders,federal indictment,,hard_negative,yes,high,nearby_confounder,,annotation_source=auto_supplement; sampled_from_bucket=local_hard_negative,auto_supplement
us_electoral_politics,b6a1232e6c750f58,us_electoral_politics,local_hard_negative,local_hard_negative,522054,"And what we've tried to do is cobble together the votes we needed to get this bill passed.”

Asked specifically if it was added for Corker, Cornyn said: “Well, the particular provision you're talking about, honestly, is just one piece of a 1,000-page bill which is going to grow the American economy.”

Van Hollen disagreed, telling Stephanopoulos that the language was added in secret, and at the behest of special interests.",governance_and_crime_confounders,bill passed,,hard_negative,yes,high,nearby_confounder,,annotation_source=auto_supplement; sampled_from_bucket=local_hard_negative,auto_supplement
us_electoral_politics,73084b91dd8efc57,us_electoral_politics,local_hard_negative,local_hard_negative,2814694,Morin ruled from the bench at a court hearing on Aug. 24 that the government could move ahead with the search warrant.,governance_and_crime_confounders,court hearing,,hard_negative,yes,high,nearby_confounder,,annotation_source=auto_supplement; sampled_from_bucket=local_hard_negative,auto_supplement
us_electoral_politics,3ba0118862bfee0f,us_electoral_politics,local_hard_negative,local_hard_negative,2679071,Both the most recent draft of the agreement and the climate bill passed by the House in late June in the United States include plans for rich countries and companies to pay the poor to preserve their forests.,governance_and_crime_confounders,bill passed,,hard_negative,yes,high,nearby_confounder,,annotation_source=auto_supplement; sampled_from_bucket=local_hard_negative,auto_supplement
us_electoral_politics,19349f067ca5d298,us_electoral_politics,local_hard_negative,local_hard_negative,818084,"The girl will also attend a court hearing on Jan. 19, when a judge will decide on the police application.",governance_and_crime_confounders,court hearing,,hard_negative,yes,high,nearby_confounder,,annotation_source=auto_supplement; sampled_from_bucket=local_hard_negative,auto_supplement
us_electoral_politics,7ec2495a9dfe2ac1,us_electoral_politics,local_hard_negative,local_hard_negative,2544763,"According to Greek police investigation, the man claimed that he had filmed the abuse of his son and sent the footage to his wife who is in Turkey with their other child to blackmail her to come to Greece.",governance_and_crime_confounders,police investigation,,hard_negative,yes,high,nearby_confounder,,annotation_source=auto_supplement; sampled_from_bucket=local_hard_negative,auto_supplement
us_electoral_politics,4171a09916edec66,us_electoral_politics,local_hard_negative,local_hard_negative,1142817,"""Do something about changing these laws on the state level, whether it's just reducing penalties, going ahead and getting a medical marijuana bill passed.",governance_and_crime_confounders,bill passed,,hard_negative,yes,high,nearby_confounder,,annotation_source=auto_supplement; sampled_from_bucket=local_hard_negative,auto_supplement
us_electoral_politics,b9f82f105b54ff78,us_electoral_politics,local_hard_negative,local_hard_negative,1806318,Commissioner Megan Latham has appeared before a committee hearing in state parliament as part of a regular review into the ICAC.,governance_and_crime_confounders,committee hearing,,hard_negative,yes,high,nearby_confounder,,annotation_source=auto_supplement; sampled_from_bucket=local_hard_negative,auto_supplement
us_electoral_politics,003cc0c2727e443c,us_electoral_politics,local_hard_negative,local_hard_negative,1358826,The bill passed Tuesday reflects compromises to ensure any member of the minority or majority can force a vote on a resolution of disapproval on a presidential order to lift sanctions.,governance_and_crime_confounders,bill passed,,hard_negative,yes,high,nearby_confounder,,annotation_source=auto_supplement; sampled_from_bucket=local_hard_negative,auto_supplement
us_electoral_politics,e985dfbb979ffbdf,us_electoral_politics,local_hard_negative,local_hard_negative,784439,"""The FBI/DOJ investigation, the Arkansas State Police investigation, the independent prosecutor investigation, and the WMPD internal investigation have all cleared me in this tragic event,"" Sammis wrote in his resignation letter.",governance_and_crime_confounders,police investigation,,hard_negative,yes,high,nearby_confounder,,annotation_source=auto_supplement; sampled_from_bucket=local_hard_negative,auto_supplement
us_electoral_politics,36df3b8736e1ce67,us_electoral_politics,local_hard_negative,local_hard_negative,2969630,"If the Republican was so eager to take the credit if the bill passed, then he must also take some blame for its failure.",governance_and_crime_confounders,bill passed,,hard_negative,yes,high,nearby_confounder,,annotation_source=auto_supplement; sampled_from_bucket=local_hard_negative,auto_supplement
us_electoral_politics,bfe0e0625f172fab,us_electoral_politics,local_hard_negative,local_hard_negative,3290238,Sunday’s sentence was for a separate charge of insulting the judiciary during a court hearing.,governance_and_crime_confounders,court hearing,,hard_negative,yes,high,nearby_confounder,,annotation_source=auto_supplement; sampled_from_bucket=local_hard_negative,auto_supplement
us_electoral_politics,805b4097d9f0ff85,us_electoral_politics,local_hard_negative,local_hard_negative,1127318,"In contrast, a bill passed by House members eliminates the current AMT of 20 percent.",governance_and_crime_confounders,bill passed,,hard_negative,yes,high,nearby_confounder,,annotation_source=auto_supplement; sampled_from_bucket=local_hard_negative,auto_supplement
us_electoral_politics,002c3c3feb26da47,us_electoral_politics,local_hard_negative,local_hard_negative,3238636,"Nicknamed the “bringer of bread”, Sargsyan was subsequently arrested and released, and then arrested in February of this year, allegedly for not showing up to a court hearing.",governance_and_crime_confounders,court hearing,,hard_negative,yes,high,nearby_confounder,,annotation_source=auto_supplement; sampled_from_bucket=local_hard_negative,auto_supplement
us_electoral_politics,cdf9024381b3ed75,us_electoral_politics,local_hard_negative,local_hard_negative,1828687,"Those boaters had a decision to make: Either comply and move the five miles, or request a court hearing.",governance_and_crime_confounders,court hearing,,hard_negative,yes,high,nearby_confounder,,annotation_source=auto_supplement; sampled_from_bucket=local_hard_negative,auto_supplement
us_electoral_politics,b7ba6e26d30c99a3,us_electoral_politics,local_hard_negative,local_hard_negative,167788,"Lionel Idan, deputy chief crown prosecutor, said: “On October 21 the CPS decided that no further action will be taken in relation to an individual, identified as a suspect in the ongoing police investigation into the murder of Stephen Lawrence.",governance_and_crime_confounders,police investigation,,hard_negative,yes,high,nearby_confounder,,annotation_source=auto_supplement; sampled_from_bucket=local_hard_negative,auto_supplement
us_electoral_politics,945b026471dd9cab,us_electoral_politics,local_hard_negative,local_hard_negative,1512555,"Authorities cited a March 29 House Appropriations Committee hearing in which Dukes was visibly impaired and said that she was ""full of morphine.""",governance_and_crime_confounders,committee hearing,,hard_negative,yes,high,nearby_confounder,,annotation_source=auto_supplement; sampled_from_bucket=local_hard_negative,auto_supplement
us_electoral_politics,d2df768331858832,us_electoral_politics,local_hard_negative,local_hard_negative,2951102,"less Rex Tillerson chairman and CEO of Exxon Mobil Down 30 percent 2013: $28.1 million 2012: $40.3 million [Exxon Mobil CEO Rex Tillerson listens during a House Energy and Commerce Committee hearing on ... more Photo: Andrew Harrer / Bloomberg Image 11 of 11 Executive pay drops as shareholder pressure rises on oil giants 1 / 11 Back to Gallery

HOUSTON – Top-shelf executive pay packages at the largest U.S. energy companies shrank in 2013 as activist investors pushed firms to narrow their oil empires and steer more capital to shareholder pockets.",governance_and_crime_confounders,committee hearing,,hard_negative,yes,high,nearby_confounder,,annotation_source=auto_supplement; sampled_from_bucket=local_hard_negative,auto_supplement
us_electoral_politics,96da916eb4a7a273,us_electoral_politics,local_hard_negative,local_hard_negative,2900328,"[129]

Biden gives an opening statement and questions at a Senate Foreign Relations Committee hearing on Iraq in 2007

Biden had voted against authorization for the Gulf War in 1991,[124] siding with 45 of the 55 Democratic senators; he said the U.S. was bearing almost all the burden in the anti-Iraq coalition.",governance_and_crime_confounders,committee hearing,,hard_negative,yes,high,nearby_confounder,,annotation_source=auto_supplement; sampled_from_bucket=local_hard_negative,auto_supplement
us_electoral_politics,783e7c18637647c4,us_electoral_politics,local_hard_negative,local_hard_negative,688795,The same-sex marriage bill passed the Senate 43-12 last Wednesday.,governance_and_crime_confounders,bill passed,,hard_negative,yes,high,nearby_confounder,,annotation_source=auto_supplement; sampled_from_bucket=local_hard_negative,auto_supplement
us_electoral_politics,c2dd6933863e6aca,us_electoral_politics,local_hard_negative,local_hard_negative,2704910,"""It appears destined for a taxpayer bailout in the next 24 to 36 months,"" consultant Edward Pinto said in testimony prepared for a House committee hearing in Washington today.",governance_and_crime_confounders,committee hearing,,hard_negative,yes,high,nearby_confounder,,annotation_source=auto_supplement; sampled_from_bucket=local_hard_negative,auto_supplement
us_electoral_politics,cb5dafbd900ab0ff,us_electoral_politics,local_hard_negative,local_hard_negative,121015,"""There’s no regulation that fits this new industry that’s grown up,"" FDA's Dr. Janet Woodcock told a House committee hearing on the issue on Thursday.",governance_and_crime_confounders,committee hearing,,hard_negative,yes,high,nearby_confounder,,annotation_source=auto_supplement; sampled_from_bucket=local_hard_negative,auto_supplement
us_electoral_politics,64e04c73f9dbe7a1,us_electoral_politics,local_hard_negative,local_hard_negative,2255466,"Burnett reacted angrily to Arena's comments, noting that he supported Arena when hundreds of people packed into a Zoning Committee hearing to fight a plan for a storage facility and mixed-income apartments in Jefferson Park.",governance_and_crime_confounders,committee hearing,,hard_negative,yes,high,nearby_confounder,,annotation_source=auto_supplement; sampled_from_bucket=local_hard_negative,auto_supplement
us_electoral_politics,027e3668fbc7483d,us_electoral_politics,local_hard_negative,local_hard_negative,2312994,"The comments by the tough-talking former army chief, Prayut Chan-O-Cha, who is also prime minister, came after Britain offered to help with the police investigation, amid deepening concerns over the handling of the probe.",governance_and_crime_confounders,police investigation,,hard_negative,yes,high,nearby_confounder,,annotation_source=auto_supplement; sampled_from_bucket=local_hard_negative,auto_supplement
us_electoral_politics,7c438865028c4043,us_electoral_politics,local_hard_negative,local_hard_negative,777084,"""People stole a lot and nothing ever happened to them,"" says lawyer Lola Alonso outside a Spanish court hearing the latest corruption scandal, a scourge that could cost traditional parties dear in upcoming elections.",governance_and_crime_confounders,court hearing,,hard_negative,yes,high,nearby_confounder,,annotation_source=auto_supplement; sampled_from_bucket=local_hard_negative,auto_supplement
us_electoral_politics,850648e8cd0e07d3,us_electoral_politics,local_hard_negative,local_hard_negative,68613,But I have never before had a prosecuting attorney demand that I identify myself in a court hearing that was open to the public.,governance_and_crime_confounders,court hearing,,hard_negative,yes,high,nearby_confounder,,annotation_source=auto_supplement; sampled_from_bucket=local_hard_negative,auto_supplement
us_electoral_politics,c4cf75e8fd074970,us_electoral_politics,local_hard_negative,local_hard_negative,2217241,"and was pulling at Singh's clothes and punching his shoulder, a previous court hearing was told.",governance_and_crime_confounders,court hearing,,hard_negative,yes,high,nearby_confounder,,annotation_source=auto_supplement; sampled_from_bucket=local_hard_negative,auto_supplement
us_electoral_politics,65530c1933bc2d5a,us_electoral_politics,local_hard_negative,local_hard_negative,898690,A police investigation later revealed that the media reports about me were false.,governance_and_crime_confounders,police investigation,,hard_negative,yes,high,nearby_confounder,,annotation_source=auto_supplement; sampled_from_bucket=local_hard_negative,auto_supplement
us_electoral_politics,0df497151b9119ee,us_electoral_politics,local_hard_negative,local_hard_negative,227990,"Junsu's legal representative, Yoo Hyun Joo, revealed on November 10, ""After a police investigation, the opinion that Junsu should be acquitted in the litigation was dispatched to prosecution.",governance_and_crime_confounders,police investigation,,hard_negative,yes,high,nearby_confounder,,annotation_source=auto_supplement; sampled_from_bucket=local_hard_negative,auto_supplement
us_electoral_politics,71cdf586e01ed0c2,us_electoral_politics,local_hard_negative,local_hard_negative,2066068,"Per the Post and Courier, defense attorneys for Roof said the federal indictment against their client failed to explain how his crimes were carried out through the use of “interstate commerce.” The small, but significant, detail is a key component in allowing government authorities to indict Roof.",governance_and_crime_confounders,federal indictment,,hard_negative,yes,high,nearby_confounder,,annotation_source=auto_supplement; sampled_from_bucket=local_hard_negative,auto_supplement
us_electoral_politics,7320cfca64d83677,us_electoral_politics,local_hard_negative,local_hard_negative,1123385,"Berlin's Interior Minister Frank Henkel has responded by saying he is baffled by Moscow's involvement in an ongoing police investigation, countering that German police and prosecutors abide by the law.",governance_and_crime_confounders,police investigation,,hard_negative,yes,high,nearby_confounder,,annotation_source=auto_supplement; sampled_from_bucket=local_hard_negative,auto_supplement
us_electoral_politics,b0c1af97f5ad5f72,us_electoral_politics,local_hard_negative,local_hard_negative,2186858,Her death helped spark a new police investigation.,governance_and_crime_confounders,police investigation,,hard_negative,yes,high,nearby_confounder,,annotation_source=auto_supplement; sampled_from_bucket=local_hard_negative,auto_supplement
us_electoral_politics,1b3838e45ea48e6b,us_electoral_politics,local_hard_negative,local_hard_negative,854329,"The day a group of ACLU staffers and I attended the Tucson court hearing, it was a blazing 106 degrees outside.",governance_and_crime_confounders,court hearing,,hard_negative,yes,high,nearby_confounder,,annotation_source=auto_supplement; sampled_from_bucket=local_hard_negative,auto_supplement
us_electoral_politics,a8ec387c66b107e1,us_electoral_politics,local_hard_negative,local_hard_negative,2001031,"In a Senate Judiciary Committee hearing a few months earlier, Hatch had quizzed then-Attorney General Janet Reno about Kenney and told her that “it looks like someone in the Bureau of Prisons, or having relations with the Bureau of Prisons, murdered the man.”

But Hatch never followed through on his stated intent to hold hearings on the case.",governance_and_crime_confounders,committee hearing,,hard_negative,yes,high,nearby_confounder,,annotation_source=auto_supplement; sampled_from_bucket=local_hard_negative,auto_supplement
us_electoral_politics,7a347962025fcd64,us_electoral_politics,local_hard_negative,local_hard_negative,1679869,The bill passed on a voice vote Tuesday would require in most cases that write-in candidates only be counted for registered candidates.,governance_and_crime_confounders,bill passed,,hard_negative,yes,high,nearby_confounder,,annotation_source=auto_supplement; sampled_from_bucket=local_hard_negative,auto_supplement
us_electoral_politics,26ee70984c56d5a8,us_electoral_politics,local_hard_negative,local_hard_negative,2267746,"On Tuesday, the ministry’s police investigation unit said that it would not charge Border Police who were shown on video repeatedly shooting at 20-year-old Muhammad Abu Khalaf outside Jerusalem’s Old City after he had fallen to the ground, killing him.",governance_and_crime_confounders,police investigation,,hard_negative,yes,high,nearby_confounder,,annotation_source=auto_supplement; sampled_from_bucket=local_hard_negative,auto_supplement
us_electoral_politics,a134e634688d03fe,us_electoral_politics,local_hard_negative,local_hard_negative,1272282,"(Photo by Drew Angerer/Getty Images) WASHINGTON, USA - JULY 8: Senator Al Franken during a Senate Judiciary Committee hearing on Going Dark and data encryption in Washington, USA on JULY 8, 2015.",governance_and_crime_confounders,committee hearing,,hard_negative,yes,high,nearby_confounder,,annotation_source=auto_supplement; sampled_from_bucket=local_hard_negative,auto_supplement
us_electoral_politics,e05784cd4160eaa1,us_electoral_politics,local_hard_negative,local_hard_negative,1969462,"Gomez was ordered to undergo a mental health evaluation after he was escorted out of a court hearing by police kicking and screaming on Feb. 1, the AP reports.",governance_and_crime_confounders,court hearing,,hard_negative,yes,high,nearby_confounder,,annotation_source=auto_supplement; sampled_from_bucket=local_hard_negative,auto_supplement
us_electoral_politics,61b550f104a927d3,us_electoral_politics,local_hard_negative,local_hard_negative,3598330,"Fox News

At a Judiciary Committee hearing last year, Cole also said that each terrorist case should be made on a case-by-case basis, not ruling out military commissions for some.",governance_and_crime_confounders,committee hearing,,hard_negative,yes,high,nearby_confounder,,annotation_source=auto_supplement; sampled_from_bucket=local_hard_negative,auto_supplement
us_electoral_politics,443bfa3088999727,us_electoral_politics,local_hard_negative,local_hard_negative,1399315,"Professor Harlene Hayne

5pm Wednesday 7 October 2015

Police investigation into the online threat relating to the University’s Dunedin campus is continuing.",governance_and_crime_confounders,police investigation,,hard_negative,yes,high,nearby_confounder,,annotation_source=auto_supplement; sampled_from_bucket=local_hard_negative,auto_supplement
us_electoral_politics,cd857dc06fbe75ce,us_electoral_politics,local_hard_negative,local_hard_negative,2531531,"Michael Zaffarano was also mentioned in the Select Committee hearing, and acted as a mentor to Robert DiBernardo, adding further weight to the connection between Bucceroni’s claims and child exploitation as discussed on government record.",governance_and_crime_confounders,committee hearing,,hard_negative,yes,high,nearby_confounder,,annotation_source=auto_supplement; sampled_from_bucket=local_hard_negative,auto_supplement
us_electoral_politics,bd23d6ab2994d509,us_electoral_politics,local_hard_negative,local_hard_negative,241586,"Shortly after the wage bill passed, Atlantic City casino workers voted to authorize a strike at several gambling establishments, citing wages averaging less than $12 an hour, with minimal health benefits.",governance_and_crime_confounders,bill passed,,hard_negative,yes,high,nearby_confounder,,annotation_source=auto_supplement; sampled_from_bucket=local_hard_negative,auto_supplement
us_electoral_politics,64a5dbb850e3dbd3,us_electoral_politics,local_hard_negative,local_hard_negative,1834993,"Despite what is said tomorrow in the House Oversight Committee hearing, perhaps Gruber has already made a lasting contribution to the political vocabulary.",governance_and_crime_confounders,committee hearing,,hard_negative,yes,high,nearby_confounder,,annotation_source=auto_supplement; sampled_from_bucket=local_hard_negative,auto_supplement
us_electoral_politics,92fc93782343bf2c,us_electoral_politics,local_hard_negative,local_hard_negative,3536871,"[55][56] Dolan then withdrew the petition for the October 2014 court hearing[57] and requested that the involved doctors collaborate, stating that ""with an open and transparent dialogue between health care professionals, only one conclusion can remain: that Jahi McMath is not brain dead.",governance_and_crime_confounders,court hearing,,hard_negative,yes,high,nearby_confounder,,annotation_source=auto_supplement; sampled_from_bucket=local_hard_negative,auto_supplement
us_electoral_politics,4088f328c1438a17,us_electoral_politics,local_hard_negative,local_hard_negative,2862992,"The law's full impact remains to be seen, though it appears to have already attracted the attention of Apple, which launched operations at its Prineville data center in February, after the bill passed through the state Senate.",governance_and_crime_confounders,bill passed,,hard_negative,yes,high,nearby_confounder,,annotation_source=auto_supplement; sampled_from_bucket=local_hard_negative,auto_supplement
us_electoral_politics,5b78f0eab06b96fb,us_electoral_politics,local_hard_negative,local_hard_negative,475520,"4.1%: error rate in the SSA database 17.8 million: number of discrepancies in the SSA database 12.7 million: number of database discrepancies pertaining to native-born U.S. citizens 1 in 25: number of new hires that would receive a tentative nonconfirmation based on error rates 55 million: approximate number of new hires per year in the U.S. 11,000: number of workers per day who would be flagged as ineligible for employment if E-Verify were mandatory for all employers 25: workers per work day per congressional district who would be flagged as ineligible for employment if the Shuler or Johnson bill passed, making E-Verify mandatory for all employers If the Shuler or Johnson bills are passed, E-Verify would have to be expanded exponentially in a short time period.",governance_and_crime_confounders,bill passed,,hard_negative,yes,high,nearby_confounder,,annotation_source=auto_supplement; sampled_from_bucket=local_hard_negative,auto_supplement
us_electoral_politics,9d1bc61f7d49439d,us_electoral_politics,local_hard_negative,local_hard_negative,3467377,"Although the bill passed by a broad, bipartisan margin of 315-97, it garnered attention for an amendment proposed by Rep. Justin Amash (R-Mich.) that would have stopped the government from collecting masses of phone call metadata without reasonable suspicion.",governance_and_crime_confounders,bill passed,,hard_negative,yes,high,nearby_confounder,,annotation_source=auto_supplement; sampled_from_bucket=local_hard_negative,auto_supplement
us_electoral_politics,4f368b40d8bc3413,us_electoral_politics,local_hard_negative,local_hard_negative,2222911,The RAF is treating this incident extremely seriously and has launched a military police investigation.,governance_and_crime_confounders,police investigation,,hard_negative,yes,high,nearby_confounder,,annotation_source=auto_supplement; sampled_from_bucket=local_hard_negative,auto_supplement
us_electoral_politics,d86f43f35ec1865c,us_electoral_politics,local_hard_negative,local_hard_negative,2825702,"Advertisement:

The Alliance Defending Freedom has also been outspoken in its support of Hobby Lobby, even staging a “Nine Weeks of Prayer” campaign in the weeks leading up to the Supreme Court hearing arguments in the Hobby Lobby suit.",governance_and_crime_confounders,court hearing,,hard_negative,yes,high,nearby_confounder,,annotation_source=auto_supplement; sampled_from_bucket=local_hard_negative,auto_supplement
us_electoral_politics,caa861710c6a506e,us_electoral_politics,local_hard_negative,local_hard_negative,2475954,Former Subway pitchman Jared Fogle's disturbing text messages were revealed through court hearing transcripts recently released by the U.S. District Court and obtained exclusively by Radar.,governance_and_crime_confounders,court hearing,,hard_negative,yes,high,nearby_confounder,,annotation_source=auto_supplement; sampled_from_bucket=local_hard_negative,auto_supplement
us_electoral_politics,3a09eed38e0b5f29,us_electoral_politics,local_hard_negative,local_hard_negative,3693760,"On the heels of Friday's court hearing, Mayor Rahm Emanuel announced that the city will be identifying landlords who repeatedly are cited for ""failing to provide basic services and protections, such as adequate heat"" to publish a ""bad landlord list"" online.",governance_and_crime_confounders,court hearing,,hard_negative,yes,high,nearby_confounder,,annotation_source=auto_supplement; sampled_from_bucket=local_hard_negative,auto_supplement
us_electoral_politics,cac6300cd40aa044,us_electoral_politics,local_hard_negative,local_hard_negative,1925593,Bieber and Ms. Gomez have fully cooperated in the police investigation.,governance_and_crime_confounders,police investigation,,hard_negative,yes,high,nearby_confounder,,annotation_source=auto_supplement; sampled_from_bucket=local_hard_negative,auto_supplement
us_electoral_politics,7f7ce67fea31ef84,us_electoral_politics,local_hard_negative,local_hard_negative,3740757,"Unlike in the House, where the stopgap bill passed with only Republican votes, GOP leadership needed the support of at least eight Democrats to get the 60 votes needed to overcome procedural hurdles.",governance_and_crime_confounders,bill passed,,hard_negative,yes,high,nearby_confounder,,annotation_source=auto_supplement; sampled_from_bucket=local_hard_negative,auto_supplement
us_electoral_politics,1509fac732ea023d,us_electoral_politics,local_hard_negative,local_hard_negative,2107054,"After the senator advises Smith to let it go on the basis that it's not the right time to start debating an extraordinary rendition because he's fighting to have a bill passed in Congress, he gives Isabella a phone number for an excellent lawyer he knows and advises her to call it, but she refuses.",governance_and_crime_confounders,bill passed,,hard_negative,yes,high,nearby_confounder,,annotation_source=auto_supplement; sampled_from_bucket=local_hard_negative,auto_supplement
us_electoral_politics,19687c829be6a2c5,us_electoral_politics,local_hard_negative,local_hard_negative,2879083,They gave it a single committee hearing late in the session before it was killed on a 10-to-2 vote.,governance_and_crime_confounders,committee hearing,,hard_negative,yes,high,nearby_confounder,,annotation_source=auto_supplement; sampled_from_bucket=local_hard_negative,auto_supplement
us_electoral_politics,4a8be900c8617146,us_electoral_politics,local_hard_negative,local_hard_negative,1673129,The report was commissioned by House Speaker Andrew Scheer after he asked for an independent police investigation following the Parliament Hill shootings.,governance_and_crime_confounders,police investigation,,hard_negative,yes,high,nearby_confounder,,annotation_source=auto_supplement; sampled_from_bucket=local_hard_negative,auto_supplement
us_electoral_politics,4d277e308c7ac2d0,us_electoral_politics,local_hard_negative,local_hard_negative,200909,Eleven Portuguese civil servants and golden visa holders were arrested in 2013 after a police investigation codenamed Operation Labyrinth began examining whether golden visas had been issued corruptly.,governance_and_crime_confounders,police investigation,,hard_negative,yes,high,nearby_confounder,,annotation_source=auto_supplement; sampled_from_bucket=local_hard_negative,auto_supplement
us_electoral_politics,b1f7f1a59daed77c,us_electoral_politics,local_hard_negative,local_hard_negative,1395023,"And in fact, the Fed is not the focus of the proposed legislation, which is ostensibly intended to protect community banks and credit unions from some of the regulatory burdens of the sweeping financial reform bill passed five years ago.",governance_and_crime_confounders,bill passed,,hard_negative,yes,high,nearby_confounder,,annotation_source=auto_supplement; sampled_from_bucket=local_hard_negative,auto_supplement
us_electoral_politics,863f1c50a6345694,us_electoral_politics,local_hard_negative,local_hard_negative,218191,"If the immigration bill passed by the Senate six months ago is enacted, yet more poverty will be imported.2

Much of the messaging centers on the false claim that the U.S. faces a talent shortage in the science, technology, engineering, and mathematics (STEM) fields.",governance_and_crime_confounders,bill passed,,hard_negative,yes,high,nearby_confounder,,annotation_source=auto_supplement; sampled_from_bucket=local_hard_negative,auto_supplement
us_electoral_politics,13dcf3449365bc4f,us_electoral_politics,local_hard_negative,local_hard_negative,307547,"Trump often prefers to tweet more inflammatory things from his personal account, but @POTUS posted a series of tweets about today's House Intelligence Committee hearing featuring testimony by Comey.",governance_and_crime_confounders,committee hearing,,hard_negative,yes,high,nearby_confounder,,annotation_source=auto_supplement; sampled_from_bucket=local_hard_negative,auto_supplement
us_electoral_politics,26dda01374e72973,us_electoral_politics,local_hard_negative,local_hard_negative,2596437,"Speaking before a Senate committee hearing late on Monday evening, Conroy described Google as having committed the ""single greatest breach in the history of privacy"" by deliberately collecting private wireless data while taking pictures for its ""Street View"" mapping service.",governance_and_crime_confounders,committee hearing,,hard_negative,yes,high,nearby_confounder,,annotation_source=auto_supplement; sampled_from_bucket=local_hard_negative,auto_supplement
us_electoral_politics,45e3e49ccfa4f75c,us_electoral_politics,local_hard_negative,local_hard_negative,2144327,"The bill passed 216-214, a margin of two votes.",governance_and_crime_confounders,bill passed,,hard_negative,yes,high,nearby_confounder,,annotation_source=auto_supplement; sampled_from_bucket=local_hard_negative,auto_supplement
us_electoral_politics,7551cf0733a8d44f,us_electoral_politics,local_hard_negative,local_hard_negative,1048389,"A local sheriff’s department detective, in an email to Fox Sports, wrote that officers “effected the arrest of Eric Griffin based upon the best investigative details we had at the time.”

After that initial week, and a subsequent court hearing, where more evidence was presented, Griffin was released from prison by a judge on $15,000 bond.",governance_and_crime_confounders,court hearing,,hard_negative,yes,high,nearby_confounder,,annotation_source=auto_supplement; sampled_from_bucket=local_hard_negative,auto_supplement
us_electoral_politics,2555a43cd92da91e,us_electoral_politics,local_hard_negative,local_hard_negative,3542961,"Zoe Patchell, co-chair of the Cannabis Bureau of Delaware, said that after the state medical marijuana bill passed, state officials were expected to have one dispensary in each county by 2013.",governance_and_crime_confounders,bill passed,,hard_negative,yes,high,nearby_confounder,,annotation_source=auto_supplement; sampled_from_bucket=local_hard_negative,auto_supplement
us_electoral_politics,24e4f9636f367ff0,us_electoral_politics,local_hard_negative,local_hard_negative,2860148,"In an interview with the Sunday Telegraph, he said he regretted the way he had handled it after reviewing the initial police investigation which led to the conviction of private investigator Glenn Mulcaire in 2007.",governance_and_crime_confounders,police investigation,,hard_negative,yes,high,nearby_confounder,,annotation_source=auto_supplement; sampled_from_bucket=local_hard_negative,auto_supplement
us_electoral_politics,1c4bb7bf66ca8582,us_electoral_politics,local_hard_negative,local_hard_negative,687607,There are a few more incidents that appear odd if added into this conversation – sitting down in the hallway outside the committee hearing room and my lying down up in the corner of the gallery during a long session – they are all somewhat connected.,governance_and_crime_confounders,committee hearing,,hard_negative,yes,high,nearby_confounder,,annotation_source=auto_supplement; sampled_from_bucket=local_hard_negative,auto_supplement
us_electoral_politics,4ac5b1e48cd7e5dd,us_electoral_politics,local_hard_negative,local_hard_negative,3185908,"The overall TAA bill passed with bipartisan support, after the amendment to restore the $575 million figure failed with only one Democrat opposed.",governance_and_crime_confounders,bill passed,,hard_negative,yes,high,nearby_confounder,,annotation_source=auto_supplement; sampled_from_bucket=local_hard_negative,auto_supplement
us_electoral_politics,8c617c8b7fd7c581,us_electoral_politics,local_hard_negative,local_hard_negative,2438494,A police investigation concluded there was nothing the lorry driver could have done to avoid Mrs Bottrill.,governance_and_crime_confounders,police investigation,,hard_negative,yes,high,nearby_confounder,,annotation_source=auto_supplement; sampled_from_bucket=local_hard_negative,auto_supplement
us_electoral_politics,65ee59a0a65d5dac,us_electoral_politics,local_hard_negative,local_hard_negative,3693198,"It seemed apropos that Omar Ansari, a man who put a lot of time and effort into getting the taproom bill passed back in 2011.",governance_and_crime_confounders,bill passed,,hard_negative,yes,high,nearby_confounder,,annotation_source=auto_supplement; sampled_from_bucket=local_hard_negative,auto_supplement
us_electoral_politics,cce8335ab724ee4b,us_electoral_politics,local_hard_negative,local_hard_negative,2926604,"Flotilla passengers from South Africa, Kuwait, Bahrain, Jordan, Yemen, Greece, Italy, France, Spain, the United Kingdom, the Netherlands, Sweden, Canada, Palestine and Lebanon as well as many passengers from Turkey testified in the court hearing.",governance_and_crime_confounders,court hearing,,hard_negative,yes,high,nearby_confounder,,annotation_source=auto_supplement; sampled_from_bucket=local_hard_negative,auto_supplement
us_electoral_politics,e781d85b0a5273c7,us_electoral_politics,local_hard_negative,local_hard_negative,1479640,"March to State Capitol – 12:15 p.m.

Senate Health Committee Hearing – 1:30 p.m. , Room 4203, State Capitol

With ongoing uncertainty regarding the fate of the Affordable Care Act, interest is surging for real solutions to the persistent healthcare problems that face tens of millions of Americans, heightened by the announcement last weekend that Sen. Bernie Sanders intends to introduce a Senate Medicare for all bill.",governance_and_crime_confounders,committee hearing,,hard_negative,yes,high,nearby_confounder,,annotation_source=auto_supplement; sampled_from_bucket=local_hard_negative,auto_supplement
us_electoral_politics,cc404edeeaf8ccfd,us_electoral_politics,local_hard_negative,local_hard_negative,359272,"The four crew members arrested yesterday talked to reporters after a court hearing, their faces hidden with caps, hooded sweatshirts and masks.",governance_and_crime_confounders,court hearing,,hard_negative,yes,high,nearby_confounder,,annotation_source=auto_supplement; sampled_from_bucket=local_hard_negative,auto_supplement
us_electoral_politics,245a7dfae08d55c8,us_electoral_politics,local_hard_negative,local_hard_negative,972119,"After a new sanctions bill passed with near-unanimity in the House this summer, 76 senators, including Democratic stalwarts such as Barbara A. Mikulski (Md.",governance_and_crime_confounders,bill passed,,hard_negative,yes,high,nearby_confounder,,annotation_source=auto_supplement; sampled_from_bucket=local_hard_negative,auto_supplement
us_electoral_politics,066c03ed1455e0fa,us_electoral_politics,local_hard_negative,local_hard_negative,3355257,"Image caption Ahmadis now worship and remember their dead behind high walls and barbed wire

The same angry crowds are seen at every court hearing and Mr Ahmad fears the judges may feel pressurised while reaching a verdict.",governance_and_crime_confounders,court hearing,,hard_negative,yes,high,nearby_confounder,,annotation_source=auto_supplement; sampled_from_bucket=local_hard_negative,auto_supplement
us_electoral_politics,0a34dd1449b455e7,us_electoral_politics,local_hard_negative,local_hard_negative,2920583,"Weigh in on the anti-Muslim terror in London

A report from the Telegraph echoes the claims, noting that the Syrian jihadists are “now the largest and best armed faction in the opposition.” Consequently, the London paper says, the “more moderate elements have become progressively weaker through a lack of supplies and defection of members.”

The Washington watchdog Judicial Watch, which documented the terrorist’s connections to the group McCain supports, said McCain “was so smitten by O’Bagy that he read a chunk of her Wall Street Journal opinion piece – touting the FSA as a moderate opposition force – during a Senate Foreign Relations Committee hearing.”

“In it, O’Bagy makes a case for U.S. military intervention in Syria by asserting that concerns about al-Qaida terrorists running the rebel operations are unfounded.",governance_and_crime_confounders,committee hearing,,hard_negative,yes,high,nearby_confounder,,annotation_source=auto_supplement; sampled_from_bucket=local_hard_negative,auto_supplement
us_electoral_politics,171dadd4fb52c79a,us_electoral_politics,local_hard_negative,local_hard_negative,3242226,"Picture: Tait Schmaal Source: News Corp Australia

The woman’s mother spoke to media outside her Adelaide home on Sunday, suggesting she was expecting a police investigation.",governance_and_crime_confounders,police investigation,,hard_negative,yes,high,nearby_confounder,,annotation_source=auto_supplement; sampled_from_bucket=local_hard_negative,auto_supplement
us_electoral_politics,1737f03a86199c20,us_electoral_politics,local_hard_negative,local_hard_negative,241796,"“The message to every Wall Street banker is loud and clear,” said Senator Elizabeth Warren at a Senate Banking Committee hearing last year.",governance_and_crime_confounders,committee hearing,,hard_negative,yes,high,nearby_confounder,,annotation_source=auto_supplement; sampled_from_bucket=local_hard_negative,auto_supplement
us_electoral_politics,170fa762eecd141c,us_electoral_politics,local_hard_negative,local_hard_negative,225147,Most likely the MİT learned about the police investigation file and passed that info to al-Qaeda suspects.,governance_and_crime_confounders,police investigation,,hard_negative,yes,high,nearby_confounder,,annotation_source=auto_supplement; sampled_from_bucket=local_hard_negative,auto_supplement
us_electoral_politics,0c2f1ab4469b97af,us_electoral_politics,local_hard_negative,local_hard_negative,2888879,"The police investigation had established early on that Mr Mckeague's mobile phone tracked the same route, and at the same pace, as a bin lorry on the night of his disappearance.",governance_and_crime_confounders,police investigation,,hard_negative,yes,high,nearby_confounder,,annotation_source=auto_supplement; sampled_from_bucket=local_hard_negative,auto_supplement
us_electoral_politics,357d221d6fa54957,us_electoral_politics,local_hard_negative,local_hard_negative,3076413,"In Virginia, the average wait time for a court hearing is 484 days.",governance_and_crime_confounders,court hearing,,hard_negative,yes,high,nearby_confounder,,annotation_source=auto_supplement; sampled_from_bucket=local_hard_negative,auto_supplement
us_electoral_politics,198d9b65e4ba0f7e,us_electoral_politics,local_hard_negative,local_hard_negative,3369401,Kennedy asked at a court hearing Friday.,governance_and_crime_confounders,court hearing,,hard_negative,yes,high,nearby_confounder,,annotation_source=auto_supplement; sampled_from_bucket=local_hard_negative,auto_supplement
us_electoral_politics,7d2d35549109d5af,us_electoral_politics,local_hard_negative,local_hard_negative,3031320,"[61]

Bailouts [ edit ]

Geithner had authority over the second tranche of $350 billion from the $700 billion banking bailout bill passed by Congress in October 2008.",governance_and_crime_confounders,bill passed,,hard_negative,yes,high,nearby_confounder,,annotation_source=auto_supplement; sampled_from_bucket=local_hard_negative,auto_supplement
us_electoral_politics,fb1501458efd545e,us_electoral_politics,local_hard_negative,local_hard_negative,1861659,"Rep. Sander M. Levin (D-Mich.), who opened a Ways and Means Committee hearing last month by estimating that China's currency rules had cost perhaps 1.5 million U.S. jobs, was supportive of Geithner's decision as long as it was ""for a definite period and for a defined purpose.""",governance_and_crime_confounders,committee hearing,,hard_negative,yes,high,nearby_confounder,,annotation_source=auto_supplement; sampled_from_bucket=local_hard_negative,auto_supplement
us_electoral_politics,7aa0e4c7d386cb2f,us_electoral_politics,local_hard_negative,local_hard_negative,595834,"But on Wednesday he said that after reviewing the documents, and in anticipation of an open-court hearing on the issue on Thursday, unsealed the documents.",governance_and_crime_confounders,court hearing,,hard_negative,yes,high,nearby_confounder,,annotation_source=auto_supplement; sampled_from_bucket=local_hard_negative,auto_supplement
us_electoral_politics,84a20c21dc76ac6d,us_electoral_politics,local_hard_negative,local_hard_negative,2360459,"BTW, Ive seen a lot of tongue lashings by Congressmen, but this is one of the most pointed I recall in quite a while:

This second clip is the one referenced in the piece below:

At a contentious Financial Services Committee hearing today about the failure of the Securities and Exchange Commission to prevent the Bernie Madoff scandal, the SEC’s General Counsel cited executive privilege as reason that he and the SEC’s enforcement branch were refusing to answer congressional inquiries.",governance_and_crime_confounders,committee hearing,,hard_negative,yes,high,nearby_confounder,,annotation_source=auto_supplement; sampled_from_bucket=local_hard_negative,auto_supplement
us_electoral_politics,eeb5c9f7b9b861a3,us_electoral_politics,local_hard_negative,local_hard_negative,249891,"Until the bill passed, retired prime ministers received 66 per cent of their prime ministerial salary — $104,000 a year — on top of their MP salary.",governance_and_crime_confounders,bill passed,,hard_negative,yes,high,nearby_confounder,,annotation_source=auto_supplement; sampled_from_bucket=local_hard_negative,auto_supplement
us_electoral_politics,48e27ac006f2935a,us_electoral_politics,local_hard_negative,local_hard_negative,1703574,"Although authorities have claimed it may have been accidental and that the fire started from inside the house, it was widely suspected to have been a racially motivated arson attack by someone outside the property, and the police investigation was criticised as inadequate for not exploring that possibility.",governance_and_crime_confounders,police investigation,,hard_negative,yes,high,nearby_confounder,,annotation_source=auto_supplement; sampled_from_bucket=local_hard_negative,auto_supplement
us_electoral_politics,a4bf1cf9c0d54aed,us_electoral_politics,local_hard_negative,local_hard_negative,337971,Alcohol harm reduction officer Sergeant Ian Paulin said last week's district licensing committee hearing for Dunedin's Carousel bar highlighted the problems with the current system.,governance_and_crime_confounders,committee hearing,,hard_negative,yes,high,nearby_confounder,,annotation_source=auto_supplement; sampled_from_bucket=local_hard_negative,auto_supplement
us_electoral_politics,203de0bc393a1529,us_electoral_politics,local_hard_negative,local_hard_negative,3174631,"When inquired about Topsail in a Senate Intelligence Committee hearing that February, both National Intelligence Director John Negroponte and FBI Director Robert Mueller said they didn't know about the program's status.",governance_and_crime_confounders,committee hearing,,hard_negative,yes,high,nearby_confounder,,annotation_source=auto_supplement; sampled_from_bucket=local_hard_negative,auto_supplement
us_electoral_politics,ba607e631fae7e82,us_electoral_politics,local_hard_negative,local_hard_negative,1674981,"""The small business jobs bill passed today will help provide loans and cut taxes for millions of small business owners without adding a dime to our nation's deficit,"" said Obama in a statement.",governance_and_crime_confounders,bill passed,,hard_negative,yes,high,nearby_confounder,,annotation_source=auto_supplement; sampled_from_bucket=local_hard_negative,auto_supplement
us_electoral_politics,6a4b9fb1c2edaedb,us_electoral_politics,local_hard_negative,local_hard_negative,3496183,"testified at a House Rules Committee hearing Thursday morning, advocating for the inclusion of language that would grant legal status to dreamers, as well as a comprehensive spending agreement that would raise spending on both defense and nondefense programs.",governance_and_crime_confounders,committee hearing,,hard_negative,yes,high,nearby_confounder,,annotation_source=auto_supplement; sampled_from_bucket=local_hard_negative,auto_supplement
us_electoral_politics,8adead6daa58305c,us_electoral_politics,local_hard_negative,local_hard_negative,628413,But in February prosecutors handed down a rare federal indictment accusing 13 Texas Department of Criminal Justice prison guards of racketeering.,governance_and_crime_confounders,federal indictment,,hard_negative,yes,high,nearby_confounder,,annotation_source=auto_supplement; sampled_from_bucket=local_hard_negative,auto_supplement
us_electoral_politics,3ac89b779b79bc99,us_electoral_politics,local_hard_negative,local_hard_negative,3664486,"In October last year Dunnes failed to show up for a Labour Court hearing with Mandate, while the company offered a 20% discount on all online purchases on the day of last week’s strike, a move that was almost universally condemned.",governance_and_crime_confounders,court hearing,,hard_negative,yes,high,nearby_confounder,,annotation_source=auto_supplement; sampled_from_bucket=local_hard_negative,auto_supplement
us_electoral_politics,f403001a53ebe091,us_electoral_politics,local_hard_negative,local_hard_negative,2475956,less Former Subway pitchman Jared Fogle's disturbing text messages were revealed through court hearing transcripts recently released by the U.S. District Court and obtained exclusively by Radar.,governance_and_crime_confounders,court hearing,,hard_negative,yes,high,nearby_confounder,,annotation_source=auto_supplement; sampled_from_bucket=local_hard_negative,auto_supplement
us_electoral_politics,9660aa2b2bb13fd8,us_electoral_politics,local_hard_negative,local_hard_negative,1277097,Disciplinary proceedings are underway regarding Cook's actions.Church officials said they are fully cooperating with the police investigation.,governance_and_crime_confounders,police investigation,,hard_negative,yes,high,nearby_confounder,,annotation_source=auto_supplement; sampled_from_bucket=local_hard_negative,auto_supplement
us_electoral_politics,3112f01a41d77eca,us_electoral_politics,local_hard_negative,local_hard_negative,447598,The regulations are part of the controversial Embryology Bill passed by Parliament last year.,governance_and_crime_confounders,bill passed,,hard_negative,yes,high,nearby_confounder,,annotation_source=auto_supplement; sampled_from_bucket=local_hard_negative,auto_supplement
us_electoral_politics,f05f8cfe466122ac,us_electoral_politics,local_hard_negative,local_hard_negative,2107288,"A court hearing Thursday will examine his relationship with University of Colorado psychiatrist Lynne Fenton, to whom he mailed a package containing a notebook that reportedly contains violent descriptions of an attack.",governance_and_crime_confounders,court hearing,,hard_negative,yes,high,nearby_confounder,,annotation_source=auto_supplement; sampled_from_bucket=local_hard_negative,auto_supplement
us_electoral_politics,46af8d6f1f86a4a1,us_electoral_politics,local_hard_negative,local_hard_negative,2677507,"We are committed to respecting a victim’s rights, and as part of our victim-centered, trauma-informed approach to sexualized violence, we work closely with victims to ensure they’re willing to proceed with a police investigation, which includes giving a statement about the incident and providing a description of the suspect if possible.",governance_and_crime_confounders,police investigation,,hard_negative,yes,high,nearby_confounder,,annotation_source=auto_supplement; sampled_from_bucket=local_hard_negative,auto_supplement
us_electoral_politics,02959c640d4c8436,us_electoral_politics,local_hard_negative,local_hard_negative,3229671,"can deliver:

Rep. Louie Gohmert (R-TX) on Tuesday repeatedly confronted a faith leader — who also happens to be a noted church-state separatist — about his Christian beliefs during a House Judiciary Committee hearing on religious freedom.",governance_and_crime_confounders,committee hearing,,hard_negative,yes,high,nearby_confounder,,annotation_source=auto_supplement; sampled_from_bucket=local_hard_negative,auto_supplement
us_electoral_politics,db8ff41d6092119b,us_electoral_politics,local_hard_negative,local_hard_negative,397948,"The bill passed the Senate 43 votes to 12 on Wednesday afternoon, with the legislation now set to go before the government-dominated House of Representatives for approval.",governance_and_crime_confounders,bill passed,,hard_negative,yes,high,nearby_confounder,,annotation_source=auto_supplement; sampled_from_bucket=local_hard_negative,auto_supplement
us_electoral_politics,c992900d8b083963,us_electoral_politics,local_hard_negative,local_hard_negative,2013977,"The policy problem facing the United States is that spending rises above any reasonable metric of taxation for the indefinite future,” according to former CBO Director Doug Holtz-Eakin in a recent House Budget Committee hearing.",governance_and_crime_confounders,committee hearing,,hard_negative,yes,high,nearby_confounder,,annotation_source=auto_supplement; sampled_from_bucket=local_hard_negative,auto_supplement
us_electoral_politics,cdd30aadcc83bb48,us_electoral_politics,local_hard_negative,local_hard_negative,2313608,The company did not give details of the death but China's official Xinhua news agency reported on Thursday that an initial police investigation indicated the 23-year-old man from northwest China had committed suicide by jumping from a seventh floor dormitory balcony.,governance_and_crime_confounders,police investigation,,hard_negative,yes,high,nearby_confounder,,annotation_source=auto_supplement; sampled_from_bucket=local_hard_negative,auto_supplement
us_electoral_politics,fd2103d8bd26402a,us_electoral_politics,local_hard_negative,local_hard_negative,2947044,"I think it's fair to assume that if the bill passed, California would see an increase in marijuana use - which is not good - but a decrease in drug profits and violence - which is good.",governance_and_crime_confounders,bill passed,,hard_negative,yes,high,nearby_confounder,,annotation_source=auto_supplement; sampled_from_bucket=local_hard_negative,auto_supplement
us_electoral_politics,83eb17280e3513ac,us_electoral_politics,local_hard_negative,local_hard_negative,2860191,"The government has announced two independent inquiries into the scandal, firstly a judge-led probe into the activities of the NoW and other papers, and the failure of the original police investigation from 2005 into phone hacking.",governance_and_crime_confounders,police investigation,,hard_negative,yes,high,nearby_confounder,,annotation_source=auto_supplement; sampled_from_bucket=local_hard_negative,auto_supplement
us_electoral_politics,3d4586bca2adbe09,us_electoral_politics,local_hard_negative,local_hard_negative,2666820,Most of my clients are charged under federal indictment.,governance_and_crime_confounders,federal indictment,,hard_negative,yes,high,nearby_confounder,,annotation_source=auto_supplement; sampled_from_bucket=local_hard_negative,auto_supplement
us_electoral_politics,f042aae928cb2dfd,us_electoral_politics,local_hard_negative,local_hard_negative,3195850,"But, through a process in Arizona known as a “strike everything amendment” she was able to insert the Liberty Preservation Act language into the bill in time for the committee hearing today.",governance_and_crime_confounders,committee hearing,,hard_negative,yes,high,nearby_confounder,,annotation_source=auto_supplement; sampled_from_bucket=local_hard_negative,auto_supplement
us_electoral_politics,90a95c32313a3f48,us_electoral_politics,local_hard_negative,local_hard_negative,3256583,"""The police investigation, to date, indicates that the shooting was an accident.",governance_and_crime_confounders,police investigation,,hard_negative,yes,high,nearby_confounder,,annotation_source=auto_supplement; sampled_from_bucket=local_hard_negative,auto_supplement
us_electoral_politics,133273edc8a8ea0c,us_electoral_politics,local_hard_negative,local_hard_negative,3631531,"The Ontario Court of Appeal, in a decision released last week, said it ordered “a new trial after convictions had been entered at (the first) trial that was flawed by incorrect jury instructions and the admission of inadmissible hearsay evidence.”

The Crown, the appeal court said, “continued the prosecution only to fail due to evidentiary difficulties.”

In both cases, there were grounds to believe that Farley committed the crime based on the evidence in the police investigation.",governance_and_crime_confounders,police investigation,,hard_negative,yes,high,nearby_confounder,,annotation_source=auto_supplement; sampled_from_bucket=local_hard_negative,auto_supplement
us_electoral_politics,b31510c349dd27a7,us_electoral_politics,local_hard_negative,local_hard_negative,323158,"Brewpubs have been legal in Minnesota since well before the so-called Surly Bill passed, which allowed breweries to open taprooms on their sites.",governance_and_crime_confounders,bill passed,,hard_negative,yes,high,nearby_confounder,,annotation_source=auto_supplement; sampled_from_bucket=local_hard_negative,auto_supplement
us_electoral_politics,d9ee8ffbc2ab17fa,us_electoral_politics,local_hard_negative,local_hard_negative,1720890,"The Center for Inquiry just got ahold of the 2013 police investigation into Gaber and it’s a joke what they’re accusing him of — or at least it would be if the stakes weren’t so high:

So he supported LGBT rights, rightly denied miracles, and felt he could back it all up with logic and evidence.",governance_and_crime_confounders,police investigation,,hard_negative,yes,high,nearby_confounder,,annotation_source=auto_supplement; sampled_from_bucket=local_hard_negative,auto_supplement
us_electoral_politics,f616a16bc291a20d,us_electoral_politics,local_hard_negative,local_hard_negative,1839372,"What’s more, the bill passed within two months of being introduced.",governance_and_crime_confounders,bill passed,,hard_negative,yes,high,nearby_confounder,,annotation_source=auto_supplement; sampled_from_bucket=local_hard_negative,auto_supplement
us_electoral_politics,075e6cff9eee0930,us_electoral_politics,local_hard_negative,local_hard_negative,580168,"Fletcher was pushing a baby carriage while scolding and striking a crying toddler walking beside her, according to an eyewitness who testified at the preliminary court hearing.",governance_and_crime_confounders,court hearing,,hard_negative,yes,high,nearby_confounder,,annotation_source=auto_supplement; sampled_from_bucket=local_hard_negative,auto_supplement
us_electoral_politics,dc59f1aa33f0f03f,us_electoral_politics,local_hard_negative,local_hard_negative,2809826,The site will also showcase a link to the House Oversight Committee hearing on search engine and Domain Name Service blocking called by chairman Darrell Issa (R-Calif.) after the Judiciary Committee refused requests by the technology industry to appear at the sole hearing on the bill before the markup.,governance_and_crime_confounders,committee hearing,,hard_negative,yes,high,nearby_confounder,,annotation_source=auto_supplement; sampled_from_bucket=local_hard_negative,auto_supplement
us_electoral_politics,f2905b6e9c870863,us_electoral_politics,local_hard_negative,local_hard_negative,1906242,"As per the police investigation, the blood plasma was to be used in beauty products.",governance_and_crime_confounders,police investigation,,hard_negative,yes,high,nearby_confounder,,annotation_source=auto_supplement; sampled_from_bucket=local_hard_negative,auto_supplement
us_electoral_politics,9ab39e9b260f2438,us_electoral_politics,local_hard_negative,local_hard_negative,628939,"it must be more than a ‘mere police investigation.’” Although the IG lacked rulemaking or adjudicative power, because it was “empowered to issue subpoenas and to compel sworn testimony in conjunction with an investigation,” its investigation counted as a § 1505 proceeding.",governance_and_crime_confounders,police investigation,,hard_negative,yes,high,nearby_confounder,,annotation_source=auto_supplement; sampled_from_bucket=local_hard_negative,auto_supplement
us_electoral_politics,4357b14f6c110b21,us_electoral_politics,local_hard_negative,local_hard_negative,2736137,The federal indictment was filed in June and was unsealed only after he was taken into custody.,governance_and_crime_confounders,federal indictment,,hard_negative,yes,high,nearby_confounder,,annotation_source=auto_supplement; sampled_from_bucket=local_hard_negative,auto_supplement
us_electoral_politics,a13ccbc59cb58d11,us_electoral_politics,local_hard_negative,local_hard_negative,2668143,"Whether a prosecution for an offence is justified in an individual case is a matter for the Crown Prosecution Service to decide after a full police investigation.”

Last month the government announced a number of new anti-terror measures designed to combat the risk of Isis radicals returning to Britain, including blocking suspected fighters’ re-entry to the UK.",governance_and_crime_confounders,police investigation,,hard_negative,yes,high,nearby_confounder,,annotation_source=auto_supplement; sampled_from_bucket=local_hard_negative,auto_supplement
us_electoral_politics,f7b293c5cf4adb4c,us_electoral_politics,local_hard_negative,local_hard_negative,612544,"As part of the police investigation, they are looking into whether the third party was looking to have the domain name returned to them, or whether they were seeking to grab it off Deyo.",governance_and_crime_confounders,police investigation,,hard_negative,yes,high,nearby_confounder,,annotation_source=auto_supplement; sampled_from_bucket=local_hard_negative,auto_supplement
us_electoral_politics,7e688a6343f95b56,us_electoral_politics,local_hard_negative,local_hard_negative,1740356,"He added that he was concerned that his partner Sandra, 67, may face a police investigation on her return to Britain for helping him fulfil his wish.",governance_and_crime_confounders,police investigation,,hard_negative,yes,high,nearby_confounder,,annotation_source=auto_supplement; sampled_from_bucket=local_hard_negative,auto_supplement
us_electoral_politics,1bcdcbd2e6f24d45,us_electoral_politics,local_hard_negative,local_hard_negative,1688657,"On March 19, the bill passed the Senate Appropriations Committee 7-0.",governance_and_crime_confounders,bill passed,,hard_negative,yes,high,nearby_confounder,,annotation_source=auto_supplement; sampled_from_bucket=local_hard_negative,auto_supplement
us_electoral_politics,54c21fa91223db6d,us_electoral_politics,local_hard_negative,local_hard_negative,2082859,U.S. Forest Service Chief Tom Tidwell told a congressional committee hearing April 11 there was no need for more laws addressing wildfires.,governance_and_crime_confounders,committee hearing,,hard_negative,yes,high,nearby_confounder,,annotation_source=auto_supplement; sampled_from_bucket=local_hard_negative,auto_supplement
us_electoral_politics,afb7b664244ecf2a,us_electoral_politics,local_hard_negative,local_hard_negative,2464072,"Chikita Madison, whose daughter Renisha Landers, 23, was a victim, said she fought back tears during a brief court hearing in Sterling Heights, a Detroit suburb.",governance_and_crime_confounders,court hearing,,hard_negative,yes,high,nearby_confounder,,annotation_source=auto_supplement; sampled_from_bucket=local_hard_negative,auto_supplement
us_electoral_politics,c7e5da57262f6954,us_electoral_politics,local_hard_negative,local_hard_negative,105380,This much-loved statistical anecdote seems less amusing when you consider how it was used in a US Senate committee hearing in 1965.,governance_and_crime_confounders,committee hearing,,hard_negative,yes,high,nearby_confounder,,annotation_source=auto_supplement; sampled_from_bucket=local_hard_negative,auto_supplement
us_electoral_politics,331a0bc1f232e65a,us_electoral_politics,local_hard_negative,local_hard_negative,2083429,McCabe will testify in place of Comey at a Senate Intelligence Committee hearing on worldwide threats on Thursday.,governance_and_crime_confounders,committee hearing,,hard_negative,yes,high,nearby_confounder,,annotation_source=auto_supplement; sampled_from_bucket=local_hard_negative,auto_supplement
us_electoral_politics,dbf478ea30b30a09,us_electoral_politics,local_hard_negative,local_hard_negative,3535005,Sen. Ted Cruz (R-TX) made the discovery at a Senate Armed Services Committee hearing on Thursday.,governance_and_crime_confounders,committee hearing,,hard_negative,yes,high,nearby_confounder,,annotation_source=auto_supplement; sampled_from_bucket=local_hard_negative,auto_supplement
us_electoral_politics,fbac9a50391394b8,us_electoral_politics,local_hard_negative,local_hard_negative,2956132,Ryan’s bill passed in the House in April with 253 Republican votes.,governance_and_crime_confounders,bill passed,,hard_negative,yes,high,nearby_confounder,,annotation_source=auto_supplement; sampled_from_bucket=local_hard_negative,auto_supplement
us_electoral_politics,efc4038a0a65fcd6,us_electoral_politics,local_hard_negative,local_hard_negative,2834149,"House Foreign Affairs Chairman Ed Royce (R-Calif.) said at a committee hearing last month that he is ""working to try to develop bipartisan support"" for proposals to hit back at Putin's government after Russian cyberattacks aimed at disrupting the 2016 election.",governance_and_crime_confounders,committee hearing,,hard_negative,yes,high,nearby_confounder,,annotation_source=auto_supplement; sampled_from_bucket=local_hard_negative,auto_supplement
us_electoral_politics,739a747da358c72f,us_electoral_politics,local_hard_negative,local_hard_negative,3141491,"While the single-payer bill passed its first legislative test, stiff challenges remain.",governance_and_crime_confounders,bill passed,,hard_negative,yes,high,nearby_confounder,,annotation_source=auto_supplement; sampled_from_bucket=local_hard_negative,auto_supplement
us_electoral_politics,cc336c8df2d02aff,us_electoral_politics,local_hard_negative,local_hard_negative,2931150,Medical cannabis advocates had a small victory in April when a bill passed that allows for epilepsy patients who have struggled with prescription drugs to use cannabidiol to treat their condition.,governance_and_crime_confounders,bill passed,,hard_negative,yes,high,nearby_confounder,,annotation_source=auto_supplement; sampled_from_bucket=local_hard_negative,auto_supplement
us_electoral_politics,a1e85163d0eca391,us_electoral_politics,local_hard_negative,local_hard_negative,2544621,Igor Girkin) confirmed that the recent visit of two policemen to his mother's house was indeed part of a police investigation against him.,governance_and_crime_confounders,police investigation,,hard_negative,yes,high,nearby_confounder,,annotation_source=auto_supplement; sampled_from_bucket=local_hard_negative,auto_supplement
us_electoral_politics,3e9cdbfa602e50f8,us_electoral_politics,local_hard_negative,local_hard_negative,1687479,"The spending bill passed by Congress on December 14 includes a provision that prevents the Department of Justice, including the Drug Enforcement Administration, from interfering with states' medical marijuana laws.",governance_and_crime_confounders,bill passed,,hard_negative,yes,high,nearby_confounder,,annotation_source=auto_supplement; sampled_from_bucket=local_hard_negative,auto_supplement
us_electoral_politics,21fa70e317885b78,us_electoral_politics,local_hard_negative,local_hard_negative,3523895,"Quickly gaining 140 co-sponsors, the bill passed the House overwhelmingly on August 27 by a vote of 365 to 7.",governance_and_crime_confounders,bill passed,,hard_negative,yes,high,nearby_confounder,,annotation_source=auto_supplement; sampled_from_bucket=local_hard_negative,auto_supplement
us_electoral_politics,e1e6677036344a4f,us_electoral_politics,local_hard_negative,local_hard_negative,1797726,"According to court records, Doe I’s mother reunited with the stepfather, Robert Buchanan, early into the police investigation, and asked her daughter to blame the assault on a schoolmate.",governance_and_crime_confounders,police investigation,,hard_negative,yes,high,nearby_confounder,,annotation_source=auto_supplement; sampled_from_bucket=local_hard_negative,auto_supplement
us_electoral_politics,f58f0ca0010dfa2b,us_electoral_politics,local_hard_negative,local_hard_negative,1280786,"On Thursday, US media said each of the 53 hostages held during the 1979 takeover of the American embassy in Tehran by Iranian students would receive compensation under a spending bill passed last Friday.",governance_and_crime_confounders,bill passed,,hard_negative,yes,high,nearby_confounder,,annotation_source=auto_supplement; sampled_from_bucket=local_hard_negative,auto_supplement
us_electoral_politics,91a9604f8a966f48,us_electoral_politics,local_hard_negative,local_hard_negative,910404,"After having failed to get a doctor-assisted suicide bill passed earlier this year though the normal legislative process, the California legislators who are in the pocket of the assisted-suicide lobby recently rammed one through in a surprise move.",governance_and_crime_confounders,bill passed,,hard_negative,yes,high,nearby_confounder,,annotation_source=auto_supplement; sampled_from_bucket=local_hard_negative,auto_supplement
us_electoral_politics,906cfe6c4cacf1ba,us_electoral_politics,local_hard_negative,local_hard_negative,809220,"While it is not illegal for a doctor to prescribe a drug for off-label use, drug companies are not allowed to promote a drug for unapproved use, although it is known to be a widespread practice and one that has been the subject of a US House Committee hearing.",governance_and_crime_confounders,committee hearing,,hard_negative,yes,high,nearby_confounder,,annotation_source=auto_supplement; sampled_from_bucket=local_hard_negative,auto_supplement
us_electoral_politics,30bd9ed290038519,us_electoral_politics,local_hard_negative,local_hard_negative,3029753,"The 2001 AUMF “remains a cornerstone for ongoing U.S. military operations and continues to provide legal authority relied upon to defeat this threat,” Tillerson said at the top of a Senate Foreign Relations Committee hearing.",governance_and_crime_confounders,committee hearing,,hard_negative,yes,high,nearby_confounder,,annotation_source=auto_supplement; sampled_from_bucket=local_hard_negative,auto_supplement
us_electoral_politics,00a976c20befb61b,us_electoral_politics,local_hard_negative,local_hard_negative,2162703,An initial House committee hearing on the authorization was set for Thursday.,governance_and_crime_confounders,committee hearing,,hard_negative,yes,high,nearby_confounder,,annotation_source=auto_supplement; sampled_from_bucket=local_hard_negative,auto_supplement
us_electoral_politics,06770f3a597c0152,us_electoral_politics,local_hard_negative,local_hard_negative,1934210,"Close You currently have JavaScript disabled, functionality will be limited Tractor crash Police hunting for man after fleeing abandoned tractor in Wisbech Tractor crash De Havilland Road, Wisbech Tractor crash De Havilland Road, Wisbech Tractor crash De Havilland Road, Wisbech Tractor crash De Havilland Road, Wisbech

0 1 / 4 Full Screen

Nathan Lovell, of Trinity Road was arrested in connection with the incident and taken to King’s Lynn Police Investigation Centre for questioning.",governance_and_crime_confounders,police investigation,,hard_negative,yes,high,nearby_confounder,,annotation_source=auto_supplement; sampled_from_bucket=local_hard_negative,auto_supplement
us_electoral_politics,24068f87ac8ecfff,us_electoral_politics,local_hard_negative,local_hard_negative,2560612,"And a 2010 review of the circumstances surrounding Doomadgee’s death and the subsequent police investigation by the Queensland oversight body, the Crime and Misconduct Commission, found the investigation to be “seriously flawed, its integrity gravely compromised.”

Similar concerns were raised in Western Australia in 2010 when the state coroner, noting that police tend to question other police differently, said:

it is difficult to imagine a system which would favour police officers concerned more than the current one.",governance_and_crime_confounders,police investigation,,hard_negative,yes,high,nearby_confounder,,annotation_source=auto_supplement; sampled_from_bucket=local_hard_negative,auto_supplement
us_electoral_politics,64e6680f3758f40c,us_electoral_politics,local_hard_negative,local_hard_negative,2467091,"Based on comments received at the May 22, 2012 public safety committee hearing, the attached ordinance contains a few modifications to address issues raised by public speakers at the time the original ordinance was presented.",governance_and_crime_confounders,committee hearing,,hard_negative,yes,high,nearby_confounder,,annotation_source=auto_supplement; sampled_from_bucket=local_hard_negative,auto_supplement
us_electoral_politics,11badfc8c4bc9684,us_electoral_politics,local_hard_negative,local_hard_negative,964022,"Jorven Seren has been jailed for 15 months (Picture: National)

A 55-year-old sex offender sucked his thumb throughout a court hearing after his doll was taken off him.",governance_and_crime_confounders,court hearing,,hard_negative,yes,high,nearby_confounder,,annotation_source=auto_supplement; sampled_from_bucket=local_hard_negative,auto_supplement
us_electoral_politics,783bce0e8b04780f,us_electoral_politics,local_hard_negative,local_hard_negative,2054150,"The bill, which was submitted to the Knesset on Wednesday by the Interior Ministry, would allow the state to recognize only conversions performed by its own institutions, meaning the State Conversion Authority under the guidance of the Chief Rabbinate.The stated purpose of the legislation is to restore the right of the state to control access to citizenship, following a High Court of Justice ruling in March 2016 that non-Israelis who convert in private Orthodox rabbinical courts in Israel should be eligible for citizenship under the terms of the Law of Return.But critics of the proposed law argue that strict measures are in place to avoid any abuse of conversion for the purposes of citizenship rights, and that the bill is simply a cover for strengthening the Chief Rabbinate’s control over Jewish life in Israel.The 2016 landmark ruling amounted to de facto state recognition of private Orthodox conversions, meaning that the Interior Ministry would also have to register such converts as Jewish in its population registry.Such converts have already begun to claim citizenship based on this ruling, which will create further legal headaches for the Chief Rabbinate in the future if it refuses to allow such converts to marry.Another motivating factor for Shas and the proponents of the legislation is a High Court hearing next week on a petition by the Reform and Masorti (Conservative) movements which demands that their converts be given citizenship rights.Currently, an Israeli citizen or resident who converts through the Reform or Masorti movements is able to register as Jewish in the Population and Immigration Authority of the Interior Ministry, although such converts who are not citizens cannot obtain citizenship under the Law of Return.The March 2016 High Court ruling was considered to be of historic importance by conversion activists, including the ITIM organization which brought the petition to the court, because it paved the way for the possible eligibility for those who converted in private Orthodox converts to marry through the Chief Rabbinate.This is of critical importance, since it would allow for the full integration of citizens from the former Soviet Union who convert through private Orthodox courts into all aspects of Jewish life in Israel.The Giyur Ka’halacha private Orthodox court, set up by ITIM director Rabbi Seth Farber and others in 2015, seeks to do exactly that, by converting minors (with parental consent) from families who came from the Soviet Union and creating a more welcoming conversion process for adults wishing to convert as well.The current legislation would do serious damage to these efforts.“This bill being advanced by the haredi members of the government in practice contradicts Jewish law,” said Farber.",governance_and_crime_confounders,court hearing,,hard_negative,yes,high,nearby_confounder,,annotation_source=auto_supplement; sampled_from_bucket=local_hard_negative,auto_supplement
us_electoral_politics,0a796c9c85d12bcd,us_electoral_politics,local_hard_negative,local_hard_negative,1212071,"CPAC only presents the award in years when it deems it is merited, to an individual “who stands up for their principles, even when doing so puts them at risk physically, politically, or economically.”

At the request of committee chairmen, Sheriff Clarke testified in January 2015 at the U.S. Senate Judiciary Committee hearing on the confirmation of Loretta Lynch as Attorney General, and at a hearing in May 2015 of the House Committee on the Judiciary regarding “Policing Strategies for the 21st Century.”

In November 2015, Sheriff Clarke was presented with the Annie Taylor Award from the David Horowitz Freedom Center for “Daring the Odds.” The award is named for Annie Edson Taylor, who was a 63-year-old schoolteacher in 1901, when she became the first person to go over Niagara Falls in a barrel and survive.",governance_and_crime_confounders,committee hearing,,hard_negative,yes,high,nearby_confounder,,annotation_source=auto_supplement; sampled_from_bucket=local_hard_negative,auto_supplement
us_electoral_politics,dec314f7a98a54b3,us_electoral_politics,local_hard_negative,local_hard_negative,572443,"“I see this case as a microcosm of a larger issue,” Avilucea told The Daily Beast on Wednesday, the same day a scheduled court hearing—in which lawyers for the Trentonian and the attorney general’s office were expected to argue the issues—was canceled without explanation or a new date set.",governance_and_crime_confounders,court hearing,,hard_negative,yes,high,nearby_confounder,,annotation_source=auto_supplement; sampled_from_bucket=local_hard_negative,auto_supplement
us_electoral_politics,436896653c4e1da6,us_electoral_politics,local_hard_negative,local_hard_negative,1006745,He is no longer employed at CMG Family Wellness Center and we have fully cooperated with the police investigation.,governance_and_crime_confounders,police investigation,,hard_negative,yes,high,nearby_confounder,,annotation_source=auto_supplement; sampled_from_bucket=local_hard_negative,auto_supplement
us_electoral_politics,c37991d661ea9755,us_electoral_politics,local_hard_negative,local_hard_negative,2823919,The bill passed out of a House committee on Tuesday and went to the floor Wednesday afternoon.,governance_and_crime_confounders,bill passed,,hard_negative,yes,high,nearby_confounder,,annotation_source=auto_supplement; sampled_from_bucket=local_hard_negative,auto_supplement
us_electoral_politics,b6e0f123fd75d690,us_electoral_politics,local_hard_negative,local_hard_negative,1106430,"Today: Donald Trump Jr.’s emails, Republican silence, and Senate Majority Leader Mitch McConnell’s last attempts to get a health-care bill passed.",governance_and_crime_confounders,bill passed,,hard_negative,yes,high,nearby_confounder,,annotation_source=auto_supplement; sampled_from_bucket=local_hard_negative,auto_supplement
us_electoral_politics,2e3f901e45ed3171,us_electoral_politics,local_hard_negative,local_hard_negative,60082,"Aguero was facing a police investigation after the claims surfaced following a melee sparked by City’s 97th-minute winner, which saw players celebrate with fans who had spilled over on to the pitch during yesterday’s 2-1 victory.",governance_and_crime_confounders,police investigation,,hard_negative,yes,high,nearby_confounder,,annotation_source=auto_supplement; sampled_from_bucket=local_hard_negative,auto_supplement
us_electoral_politics,e765a3eff87293d4,us_electoral_politics,local_hard_negative,local_hard_negative,2882761,"Edward Klein, 79, has a major neuro-cognitive disorder and is unable to assist in his criminal defense, a psychologist reported in a court-ordered evaluation that was referred to in a Wednesday court hearing.",governance_and_crime_confounders,court hearing,,hard_negative,yes,high,nearby_confounder,,annotation_source=auto_supplement; sampled_from_bucket=local_hard_negative,auto_supplement
us_electoral_politics,06248364887605e1,us_electoral_politics,local_hard_negative,local_hard_negative,2888516,"“In this case, these fences will probably never be mended.” “The criminal charges were laid against our neighbour following a detailed police investigation and an independent decision by the Crown prosecutor to pursue those charges,” said Cooper and his wife Sylvia by email late Tuesday night.",governance_and_crime_confounders,police investigation,,hard_negative,yes,high,nearby_confounder,,annotation_source=auto_supplement; sampled_from_bucket=local_hard_negative,auto_supplement
us_electoral_politics,818338af4c06648e,us_electoral_politics,local_hard_negative,local_hard_negative,2853900,The House Judiciary Committee hearing is Wednesday.,governance_and_crime_confounders,committee hearing,,hard_negative,yes,high,nearby_confounder,,annotation_source=auto_supplement; sampled_from_bucket=local_hard_negative,auto_supplement
us_electoral_politics,62cb7975d52dce13,us_electoral_politics,local_hard_negative,local_hard_negative,2887290,"He quickly agreed to tell Gen. Abizaid to retire; offer Gen. Casey a sinecure as Army chief of staff, providing he kept his mouth shut; and to eagle-scout his way through Senate confirmation with the help of pundits like David Ignatius composing panegyrics in honor of Gates, the “realist.”

So relieved were the senators to be rid of the hated-but-feared Rumsfeld that the Senate Armed Services Committee hearing on Dec. 5, 2006, on Gates’s nomination had the aura of a pajama party (I was there).",governance_and_crime_confounders,committee hearing,,hard_negative,yes,high,nearby_confounder,,annotation_source=auto_supplement; sampled_from_bucket=local_hard_negative,auto_supplement
us_electoral_politics,ab4a13b6f5c4002b,us_electoral_politics,local_hard_negative,local_hard_negative,232958,"The bill passed by 127 votes to 31 and will now be sent to Ireland's Senate for further discussion – largely a formality, as the Senate lacks the power to reject the bill.",governance_and_crime_confounders,bill passed,,hard_negative,yes,high,nearby_confounder,,annotation_source=auto_supplement; sampled_from_bucket=local_hard_negative,auto_supplement
us_electoral_politics,ebd373ba525466fb,us_electoral_politics,local_hard_negative,local_hard_negative,1634986,"Wallis, of course, has since been arrested and bailed without charge as part of the on-going police investigation into phone hacking due to his former role as deputy editor of the News of the World.",governance_and_crime_confounders,police investigation,,hard_negative,yes,high,nearby_confounder,,annotation_source=auto_supplement; sampled_from_bucket=local_hard_negative,auto_supplement
us_electoral_politics,95c3a0a25a5b1a7c,us_electoral_politics,local_hard_negative,local_hard_negative,2278872,Opponents of the legislation said during a House judiciary committee hearing on Tuesday that House Bill 377 lowers the standard of probable cause law enforcement officials must meet before obtaining cell phone tracking information.,governance_and_crime_confounders,committee hearing,,hard_negative,yes,high,nearby_confounder,,annotation_source=auto_supplement; sampled_from_bucket=local_hard_negative,auto_supplement
us_electoral_politics,869738b6da88c07a,us_electoral_politics,local_hard_negative,local_hard_negative,2649452,The amount of the compensation can be worked out by the court hearing the divorce case.The GoM was also asked to take a view on whether a judge can exercise discretion in granting divorce if one of the partners does not move a second 'joint application' for divorce with mutual consent.The Cabinet has also left it to the judge’s discretion granting of divorce applied for under mutual consent after a three year period.,governance_and_crime_confounders,court hearing,,hard_negative,yes,high,nearby_confounder,,annotation_source=auto_supplement; sampled_from_bucket=local_hard_negative,auto_supplement
us_electoral_politics,7b8ea23836d72676,us_electoral_politics,local_hard_negative,local_hard_negative,426273,Anyone who's seen Martinez is asked to call the Detroit Police investigation unit at 313-596-1340.,governance_and_crime_confounders,police investigation,,hard_negative,yes,high,nearby_confounder,,annotation_source=auto_supplement; sampled_from_bucket=local_hard_negative,auto_supplement
us_electoral_politics,496fdd2763408e18,us_electoral_politics,local_hard_negative,local_hard_negative,1661893,"FBI director James Comey speaks during a Senate Judiciary Committee hearing in Washington, DC, in June.",governance_and_crime_confounders,committee hearing,,hard_negative,yes,high,nearby_confounder,,annotation_source=auto_supplement; sampled_from_bucket=local_hard_negative,auto_supplement
us_electoral_politics,d24040295cca0ce1,us_electoral_politics,local_hard_negative,local_hard_negative,1215489,"Following the court hearing, the judge's comments were criticised by the legal community and the Karnataka State Commission for Women.",governance_and_crime_confounders,court hearing,,hard_negative,yes,high,nearby_confounder,,annotation_source=auto_supplement; sampled_from_bucket=local_hard_negative,auto_supplement
us_electoral_politics,8a988b9729865510,us_electoral_politics,local_hard_negative,local_hard_negative,2994294,"Chaffetz said he has not yet decided whether to ask Shaub to testify at a public committee hearing but will wait for the transcribed interview, which was first reported by the Wall Street Journal.",governance_and_crime_confounders,committee hearing,,hard_negative,yes,high,nearby_confounder,,annotation_source=auto_supplement; sampled_from_bucket=local_hard_negative,auto_supplement
us_electoral_politics,a93ee8978cd35991,us_electoral_politics,local_hard_negative,local_hard_negative,1197409,"Media playback is unsupported on your device Media caption Turkish prime minister Recep Tayyip Erdogan: ""This law has no validity""

The Turkish prime minister has said a bill passed by the French parliament on the mass killing of Armenians under Ottoman rule is ""racist"".",governance_and_crime_confounders,bill passed,,hard_negative,yes,high,nearby_confounder,,annotation_source=auto_supplement; sampled_from_bucket=local_hard_negative,auto_supplement
us_electoral_politics,2db8d0a2e41f93fb,us_electoral_politics,local_hard_negative,local_hard_negative,485797,"Lupo said in a court hearing last year that ""all customers ended up having to pay more money to make up for the loss.""",governance_and_crime_confounders,court hearing,,hard_negative,yes,high,nearby_confounder,,annotation_source=auto_supplement; sampled_from_bucket=local_hard_negative,auto_supplement
us_electoral_politics,ac88876ddabae493,us_electoral_politics,local_hard_negative,local_hard_negative,1967165,The bill passed through several commissions and was approved by all of them.,governance_and_crime_confounders,bill passed,,hard_negative,yes,high,nearby_confounder,,annotation_source=auto_supplement; sampled_from_bucket=local_hard_negative,auto_supplement
us_electoral_politics,66ca57957e281b01,us_electoral_politics,local_hard_negative,local_hard_negative,2723455,"'""[12]

Guilty plea [ edit ]

On September 30, 2005, The Washington Post reported that Franklin was negotiating an agreement with prosecutors and would plead guilty to at least the conspiracy charges at a court hearing the following week, after which he would continue his cooperation with prosecutors.",governance_and_crime_confounders,court hearing,,hard_negative,yes,high,nearby_confounder,,annotation_source=auto_supplement; sampled_from_bucket=local_hard_negative,auto_supplement
us_electoral_politics,b3393365d4736fa5,us_electoral_politics,local_hard_negative,local_hard_negative,3009058,"Kozlovsky has posted what appears to be a court transcript of that confession to Facebook, along with a corresponding audio recording of what sounds like a court hearing on SoundCloud.",governance_and_crime_confounders,court hearing,,hard_negative,yes,high,nearby_confounder,,annotation_source=auto_supplement; sampled_from_bucket=local_hard_negative,auto_supplement
us_electoral_politics,d35f567a63de5afa,us_electoral_politics,local_hard_negative,local_hard_negative,322912,"“Well, you can start caring for your mom, and I applaud that.”

Cooperative Home Healthcare owner Mitch Waks speaks against the minimum wage increase at the St. Louis Board of Aldermen committee hearing.",governance_and_crime_confounders,committee hearing,,hard_negative,yes,high,nearby_confounder,,annotation_source=auto_supplement; sampled_from_bucket=local_hard_negative,auto_supplement
us_electoral_politics,7ac43485110da590,us_electoral_politics,local_hard_negative,local_hard_negative,3734576,"""If following a police investigation, charges are laid in Turkey, the Duchess could be arrested and extradited to appear in court in Turkey.""",governance_and_crime_confounders,police investigation,,hard_negative,yes,high,nearby_confounder,,annotation_source=auto_supplement; sampled_from_bucket=local_hard_negative,auto_supplement
us_electoral_politics,a7c47754194a4ecb,us_electoral_politics,local_hard_negative,local_hard_negative,3695858,"Court Hearing:

Tampa's ABC Action News is webcasting the first court hearing for Reeves.",governance_and_crime_confounders,court hearing,,hard_negative,yes,high,nearby_confounder,,annotation_source=auto_supplement; sampled_from_bucket=local_hard_negative,auto_supplement
us_electoral_politics,be198ce48a36ef9f,us_electoral_politics,local_hard_negative,local_hard_negative,1687932,"As the police investigation continues, I urge all Virginians to keep Nabra’s friends and family in their hearts.”

Virginia Attorney General Mark R. Herring (D) echoed Northam, urging Virginians to show compassion and kindness.",governance_and_crime_confounders,police investigation,,hard_negative,yes,high,nearby_confounder,,annotation_source=auto_supplement; sampled_from_bucket=local_hard_negative,auto_supplement
us_electoral_politics,17ab09b6443ebfa4,us_electoral_politics,local_hard_negative,local_hard_negative,263668,"But more than half who gave up their leases or were barred from homes - 173 in total - were not convicted of, or in some cases even prosecuted for a crime stemming from the underlying police investigation.",governance_and_crime_confounders,police investigation,,hard_negative,yes,high,nearby_confounder,,annotation_source=auto_supplement; sampled_from_bucket=local_hard_negative,auto_supplement
us_electoral_politics,70db68b3016cb5ac,us_electoral_politics,local_hard_negative,local_hard_negative,3375775,"In an oversight committee hearing held Thursday, Duffy said Justice officials in 2013 did not require mandatory donations to third party groups when it announced a record $13 billion mortgage bank settlement with J.P. Morgan Chase.",governance_and_crime_confounders,committee hearing,,hard_negative,yes,high,nearby_confounder,,annotation_source=auto_supplement; sampled_from_bucket=local_hard_negative,auto_supplement
us_electoral_politics,928cdebb1bbaa142,us_electoral_politics,local_hard_negative,local_hard_negative,1152435,"[69]

Transfer to penitentiary [ edit ]

During a court hearing on August 4, 2010, Judge Williams stated that Pickton should be committed to a federal penitentiary; up to that point he had been held at a provincial pretrial institution.",governance_and_crime_confounders,court hearing,,hard_negative,yes,high,nearby_confounder,,annotation_source=auto_supplement; sampled_from_bucket=local_hard_negative,auto_supplement
us_electoral_politics,6146e25a9d716b2d,us_electoral_politics,local_hard_negative,local_hard_negative,2574831,"At a Senate Armed Services Committee hearing on Wednesday, Air Force Secretary Deborah Lee James said that Air Force staff were currently investigating the repercussions of prematurely ending its contract with the launch services provider United Launch Alliance.",governance_and_crime_confounders,committee hearing,,hard_negative,yes,high,nearby_confounder,,annotation_source=auto_supplement; sampled_from_bucket=local_hard_negative,auto_supplement
us_electoral_politics,f5811e05d012c523,us_electoral_politics,local_hard_negative,local_hard_negative,2500346,"Eisenach testified against net neutrality rules in a Senate Judiciary Committee hearing in September 2014, before the FCC passed its regulations.",governance_and_crime_confounders,committee hearing,,hard_negative,yes,high,nearby_confounder,,annotation_source=auto_supplement; sampled_from_bucket=local_hard_negative,auto_supplement
us_electoral_politics,11ab527612935a02,us_electoral_politics,local_hard_negative,local_hard_negative,3373212,"At a Senate foreign relations committee hearing on North Korea, chairman Robert Menendez described the nuclear strike threat as ""absurd and suicidal"".",governance_and_crime_confounders,committee hearing,,hard_negative,yes,high,nearby_confounder,,annotation_source=auto_supplement; sampled_from_bucket=local_hard_negative,auto_supplement
us_electoral_politics,3e78d19755082fc8,us_electoral_politics,local_hard_negative,local_hard_negative,2058439,The police investigation is ongoing.,governance_and_crime_confounders,police investigation,,hard_negative,yes,high,nearby_confounder,,annotation_source=auto_supplement; sampled_from_bucket=local_hard_negative,auto_supplement
us_electoral_politics,784f0c3bcfe8b81c,us_electoral_politics,local_hard_negative,local_hard_negative,3193928,"Most recently, the statement that rattled many was the testimony and Q/A segment of a House Homeland Security Committee hearing on Radical Islam.",governance_and_crime_confounders,committee hearing,,hard_negative,yes,high,nearby_confounder,,annotation_source=auto_supplement; sampled_from_bucket=local_hard_negative,auto_supplement
us_electoral_politics,973dd6745af16510,us_electoral_politics,local_hard_negative,local_hard_negative,1656007,"But, in a brief court hearing, the judge said he will allow the litigation to proceed temporarily under the pseudonym James Doe, until it is refiled, under seal and not open to public inspection, with the man's full name included.",governance_and_crime_confounders,court hearing,,hard_negative,yes,high,nearby_confounder,,annotation_source=auto_supplement; sampled_from_bucket=local_hard_negative,auto_supplement
us_electoral_politics,d1e7ce6ab4ac6973,us_electoral_politics,local_hard_negative,local_hard_negative,2227954,"In Canada, the Royal Canadian Mounted Police investigation (Project Sapphire) into the International Relief Fund for the Afflicted and Needy (IRFAN) continues.",governance_and_crime_confounders,police investigation,,hard_negative,yes,high,nearby_confounder,,annotation_source=auto_supplement; sampled_from_bucket=local_hard_negative,auto_supplement
us_electoral_politics,ccfd013e3aebe519,us_electoral_politics,local_hard_negative,local_hard_negative,3225122,"One more postscript to this story: the Washington Post reported that the bill passed by the House is ""salted with language benefiting landlords, condo owners, auto lenders, shopping center owners, and even entertainment companies.""",governance_and_crime_confounders,bill passed,,hard_negative,yes,high,nearby_confounder,,annotation_source=auto_supplement; sampled_from_bucket=local_hard_negative,auto_supplement
us_electoral_politics,5dd1a948494c18a4,us_electoral_politics,local_hard_negative,local_hard_negative,940767,"“The possibility of Mia and Tom's deaths being consequent to an Islamic terror attack was discounted in the early stages of the police investigation,” she wrote, accusing the President of “vilifying whole nation states and their people based on religion.”

Sandra Jackson said the President had used her son’s murder to “further his campaign of hate,” adding: “How dare you.",governance_and_crime_confounders,police investigation,,hard_negative,yes,high,nearby_confounder,,annotation_source=auto_supplement; sampled_from_bucket=local_hard_negative,auto_supplement
us_electoral_politics,f9ba261ef34413d0,us_electoral_politics,local_hard_negative,local_hard_negative,2839422,"The bill passed today does not allow access to the raw materials; allows vaporization, but not smoking, of medical marijuana; gives the Governor’s administration the authority to restrict the forms of medical marijuana.",governance_and_crime_confounders,bill passed,,hard_negative,yes,high,nearby_confounder,,annotation_source=auto_supplement; sampled_from_bucket=local_hard_negative,auto_supplement
us_electoral_politics,c3c380b2c5f719a9,us_electoral_politics,local_hard_negative,local_hard_negative,3397581,"He did everything in his power to shut down the Twitter account and punish the man behind it, instigating and egging on a police investigation that revealed Daniel's identity and whereabouts.",governance_and_crime_confounders,police investigation,,hard_negative,yes,high,nearby_confounder,,annotation_source=auto_supplement; sampled_from_bucket=local_hard_negative,auto_supplement
us_electoral_politics,450d37948d6f7a35,us_electoral_politics,local_hard_negative,local_hard_negative,1200682,"In 213 of the remaining cases, HaMoked filed High Court petitions, and in 108 of these, the ban was lifted, most even prior to the preliminary court hearing.",governance_and_crime_confounders,court hearing,,hard_negative,yes,high,nearby_confounder,,annotation_source=auto_supplement; sampled_from_bucket=local_hard_negative,auto_supplement
us_electoral_politics,1ad05181a21f3066,us_electoral_politics,local_hard_negative,local_hard_negative,906961,"In Raleigh, NC, there is an ongoing police investigation into this matter and whether or not any of the dealers are complicit.",governance_and_crime_confounders,police investigation,,hard_negative,yes,high,nearby_confounder,,annotation_source=auto_supplement; sampled_from_bucket=local_hard_negative,auto_supplement
us_electoral_politics,07f47e4b414508b0,us_electoral_politics,local_hard_negative,local_hard_negative,664464,"Rod Culleton says he won't attend high court hearing on his Senate eligibility Read more

Culleton’s case turns on whether a conviction for larceny, since annulled, rendered him ineligible because the conviction stood at the time of his election to the Senate.",governance_and_crime_confounders,court hearing,,hard_negative,yes,high,nearby_confounder,,annotation_source=auto_supplement; sampled_from_bucket=local_hard_negative,auto_supplement
us_electoral_politics,9b9dfe182acadd35,us_electoral_politics,local_hard_negative,local_hard_negative,1367793,The bill passed by House Republicans mentions no such cuts.,governance_and_crime_confounders,bill passed,,hard_negative,yes,high,nearby_confounder,,annotation_source=auto_supplement; sampled_from_bucket=local_hard_negative,auto_supplement
us_electoral_politics,23a59bdd2fa742f0,us_electoral_politics,local_hard_negative,local_hard_negative,2448834,"After the Connecticut bill passed, Sen. Richard Blumenthal (D-Conn.), who is also supporting the bill in Congress, said that it should “serve as a model” for federal action.",governance_and_crime_confounders,bill passed,,hard_negative,yes,high,nearby_confounder,,annotation_source=auto_supplement; sampled_from_bucket=local_hard_negative,auto_supplement
us_electoral_politics,d7b4352dfe5d0091,us_electoral_politics,local_hard_negative,local_hard_negative,896226,"During their congressional briefing, BMMA members asserted that the healthcare bill passed by the House and currently being revised in the Senate poses a major threat to black maternal health.",governance_and_crime_confounders,bill passed,,hard_negative,yes,high,nearby_confounder,,annotation_source=auto_supplement; sampled_from_bucket=local_hard_negative,auto_supplement
us_electoral_politics,a504772d35ee53f5,us_electoral_politics,local_hard_negative,local_hard_negative,786420,"Department of Correctional Services spokesman

He added the group ""may have been out for a while"" but that would become clear only after a police investigation.",governance_and_crime_confounders,police investigation,,hard_negative,yes,high,nearby_confounder,,annotation_source=auto_supplement; sampled_from_bucket=local_hard_negative,auto_supplement
us_electoral_politics,7d2c677e60c06a85,us_electoral_politics,local_hard_negative,local_hard_negative,720446,"That's about all the United States - or anyone for that matter - could do at this point about unknown asteroids and meteors that may be on a collision course with Earth, Bolden told lawmakers at a U.S. House of Representatives Science Committee hearing.",governance_and_crime_confounders,committee hearing,,hard_negative,yes,high,nearby_confounder,,annotation_source=auto_supplement; sampled_from_bucket=local_hard_negative,auto_supplement
us_electoral_politics,eab28e4ac5df1662,us_electoral_politics,local_hard_negative,local_hard_negative,2933776,"“If we have this bill passed, and you can’t vape in here, it’s kind of like cutting off a safe haven for people,” said Chung.",governance_and_crime_confounders,bill passed,,hard_negative,yes,high,nearby_confounder,,annotation_source=auto_supplement; sampled_from_bucket=local_hard_negative,auto_supplement
us_electoral_politics,f0c03958ae318097,us_electoral_politics,local_hard_negative,local_hard_negative,3483342,"Chatman teamed up with at least five different labs, according to the federal indictment filed against him in 2016.",governance_and_crime_confounders,federal indictment,,hard_negative,yes,high,nearby_confounder,,annotation_source=auto_supplement; sampled_from_bucket=local_hard_negative,auto_supplement
us_electoral_politics,03cf706a9fe9276b,us_electoral_politics,local_hard_negative,local_hard_negative,1080976,"In a May court hearing, one of them criticized Ocala Regional for attempting to treat children, then handing them off to his hospital when things went wrong.",governance_and_crime_confounders,court hearing,,hard_negative,yes,high,nearby_confounder,,annotation_source=auto_supplement; sampled_from_bucket=local_hard_negative,auto_supplement
us_electoral_politics,778c3ea08f7799eb,us_electoral_politics,local_hard_negative,local_hard_negative,1747872,"Freeman, who missed the select committee hearing on 2 March because of ill health, had a laptop containing medical records stolen.",governance_and_crime_confounders,committee hearing,,hard_negative,yes,high,nearby_confounder,,annotation_source=auto_supplement; sampled_from_bucket=local_hard_negative,auto_supplement
us_electoral_politics,476e79c339b693fb,us_electoral_politics,local_hard_negative,local_hard_negative,2540526,"At a Family Court hearing in Exeter, Mrs Justice Roberts said the boys, who are six and four, should first reach an age where they can make the decision for themselves.",governance_and_crime_confounders,court hearing,,hard_negative,yes,high,nearby_confounder,,annotation_source=auto_supplement; sampled_from_bucket=local_hard_negative,auto_supplement
us_electoral_politics,afb74fb465b52d55,us_electoral_politics,local_hard_negative,local_hard_negative,3514910,"Her end-of-term message to pupils, staff and parents makes no reference to the police investigation.",governance_and_crime_confounders,police investigation,,hard_negative,yes,high,nearby_confounder,,annotation_source=auto_supplement; sampled_from_bucket=local_hard_negative,auto_supplement
us_electoral_politics,f8b7a70637fc194c,us_electoral_politics,local_hard_negative,local_hard_negative,2299055,"Now it’s time for the Texas Legislature to do its job and get this bill passed,"" Maharrey said.",governance_and_crime_confounders,bill passed,,hard_negative,yes,high,nearby_confounder,,annotation_source=auto_supplement; sampled_from_bucket=local_hard_negative,auto_supplement
us_electoral_politics,277a9bf379ca8fe3,us_electoral_politics,local_hard_negative,local_hard_negative,2910473,The pretrial Appeal Court hearing was held to determine what charges Duvalier may have to face.,governance_and_crime_confounders,court hearing,,hard_negative,yes,high,nearby_confounder,,annotation_source=auto_supplement; sampled_from_bucket=local_hard_negative,auto_supplement
us_electoral_politics,a7bdf6b0107a7b5e,us_electoral_politics,local_hard_negative,local_hard_negative,1318445,"Under the Senate bill passed on Tuesday, women turning 18 on or after Jan. 1, 2018, would be forced to register for Selective Service, as men must do now.",governance_and_crime_confounders,bill passed,,hard_negative,yes,high,nearby_confounder,,annotation_source=auto_supplement; sampled_from_bucket=local_hard_negative,auto_supplement
us_electoral_politics,c96e13b5e618c654,us_electoral_politics,local_hard_negative,local_hard_negative,2282092,"""I would like to thank wholeheartedly the various communities across Edinburgh who were affected by this tragic death and who went on to provide vital support to the police investigation.",governance_and_crime_confounders,police investigation,,hard_negative,yes,high,nearby_confounder,,annotation_source=auto_supplement; sampled_from_bucket=local_hard_negative,auto_supplement
us_electoral_politics,c5c2d118f2a44df6,us_electoral_politics,local_hard_negative,local_hard_negative,3225113,"For seven years the banking and credit card companies lobbied hard to get it, and last week, yet one more version of the bill passed the House.",governance_and_crime_confounders,bill passed,,hard_negative,yes,high,nearby_confounder,,annotation_source=auto_supplement; sampled_from_bucket=local_hard_negative,auto_supplement
us_electoral_politics,e9d05f23143a0dd9,us_electoral_politics,local_hard_negative,local_hard_negative,3205268,"Image copyright AP Image caption The Romeike family and their supporters outside a court hearing in Cincinnati

""It's a very nice environment.",governance_and_crime_confounders,court hearing,,hard_negative,yes,high,nearby_confounder,,annotation_source=auto_supplement; sampled_from_bucket=local_hard_negative,auto_supplement
us_electoral_politics,372e6d634f916d13,us_electoral_politics,local_hard_negative,local_hard_negative,873858,"O’Toole appeared at the House Democratic Policy Committee hearing in April, where he seemed ready to take on the task of overseeing Pennsylvania’s online gaming industry if the legislature could get a law passed.",governance_and_crime_confounders,committee hearing,,hard_negative,yes,high,nearby_confounder,,annotation_source=auto_supplement; sampled_from_bucket=local_hard_negative,auto_supplement
us_electoral_politics,25367916132a66ce,us_electoral_politics,local_hard_negative,local_hard_negative,2299053,The bill passed the Texas House unanimously in the general session in May and was poised to pass the Senate when a letter from U.S. Attorney John E. Murphy threatening to shut down air travel in the Lone Star State scared Texas senators into backing down.,governance_and_crime_confounders,bill passed,,hard_negative,yes,high,nearby_confounder,,annotation_source=auto_supplement; sampled_from_bucket=local_hard_negative,auto_supplement
us_electoral_politics,a9d9609312a258fe,us_electoral_politics,local_hard_negative,local_hard_negative,2574719,It was just the latest twist in a single committee hearing that at one time looked like it could be a blockbuster production -- but instead fizzled Wednesday.,governance_and_crime_confounders,committee hearing,,hard_negative,yes,high,nearby_confounder,,annotation_source=auto_supplement; sampled_from_bucket=local_hard_negative,auto_supplement
us_electoral_politics,22acb27c1ca18710,us_electoral_politics,local_hard_negative,local_hard_negative,2468668,"For proof, look no further than the 1,695-page spending bill passed by Congress over the weekend.",governance_and_crime_confounders,bill passed,,hard_negative,yes,high,nearby_confounder,,annotation_source=auto_supplement; sampled_from_bucket=local_hard_negative,auto_supplement
us_electoral_politics,970c5994f20ddcf2,us_electoral_politics,local_hard_negative,local_hard_negative,450147,"“Therefore, I will be working with colleagues on both sides of the aisle over the next month to explain the basis for this wide-spread concern and I intend to follow through on a commitment that I made more than a year ago, to filibuster this bill when the Senate returns in January.”

OPEN Act First Circulated Dec. 9

Rep. Darrell Issa (R-Calif.), who is a staunch critic of both SOPA and the Protect IP Act, first hinted at the possibility of an alternative bill in the days leading up to a Nov. 16 House Judiciary Committee hearing on H.R.3261.",governance_and_crime_confounders,committee hearing,,hard_negative,yes,high,nearby_confounder,,annotation_source=auto_supplement; sampled_from_bucket=local_hard_negative,auto_supplement
us_electoral_politics,46955e5fc49ddb87,us_electoral_politics,local_hard_negative,local_hard_negative,374745,"Following a police investigation into the incident, the boy has since been arrested and charged in relation to obstruction of business, with officers seizing his computer and books on hacking.",governance_and_crime_confounders,police investigation,,hard_negative,yes,high,nearby_confounder,,annotation_source=auto_supplement; sampled_from_bucket=local_hard_negative,auto_supplement
us_electoral_politics,73a50025d1b8a1eb,us_electoral_politics,local_hard_negative,local_hard_negative,3692950,"Since this is a police investigation, we must defer all inquiries to them.​”

It marked the 281st homicide in Baltimore in 2017.",governance_and_crime_confounders,police investigation,,hard_negative,yes,high,nearby_confounder,,annotation_source=auto_supplement; sampled_from_bucket=local_hard_negative,auto_supplement
us_electoral_politics,4da294f80cc2486b,us_electoral_politics,local_hard_negative,local_hard_negative,3389347,"He had pledged to get a bill passed ""this year"" and has called the topic a ""pressing issue of basic fairness and civil rights.""",governance_and_crime_confounders,bill passed,,hard_negative,yes,high,nearby_confounder,,annotation_source=auto_supplement; sampled_from_bucket=local_hard_negative,auto_supplement
us_electoral_politics,ad4ed94ff2806639,us_electoral_politics,local_hard_negative,local_hard_negative,176752,"""Outside of the police report, the family's concerns pertain to the police investigation itself,"" Strong's father, Lilton Montgomery Sr., said in an email.",governance_and_crime_confounders,police investigation,,hard_negative,yes,high,nearby_confounder,,annotation_source=auto_supplement; sampled_from_bucket=local_hard_negative,auto_supplement
us_electoral_politics,a77192817f0f556a,us_electoral_politics,local_hard_negative,local_hard_negative,2952697,"Fifteen years earlier, when Matthews was three and a half years old, his uncle Bill passed away from cystic fibrosis in his early 30s.",governance_and_crime_confounders,bill passed,,hard_negative,yes,high,nearby_confounder,,annotation_source=auto_supplement; sampled_from_bucket=local_hard_negative,auto_supplement
us_electoral_politics,62794a8ea0762bbf,us_electoral_politics,local_hard_negative,local_hard_negative,2933767,"If the bill passed in the Senate and is signed into law by Governor Andrew Cuomo, people would be banned from using e-cigarettes in most restaurants, bars and workplaces.",governance_and_crime_confounders,bill passed,,hard_negative,yes,high,nearby_confounder,,annotation_source=auto_supplement; sampled_from_bucket=local_hard_negative,auto_supplement
us_electoral_politics,a6812da5101cc357,us_electoral_politics,local_hard_negative,local_hard_negative,908722,"A federal indictment alleges Diiorio emailed his photograph and information to “a foreign producer of false identification documents” between March 2014 and June 18, the date he is accused of using the badge at a hotel.",governance_and_crime_confounders,federal indictment,,hard_negative,yes,high,nearby_confounder,,annotation_source=auto_supplement; sampled_from_bucket=local_hard_negative,auto_supplement
us_electoral_politics,1896f87c79f8b7bc,us_electoral_politics,local_hard_negative,local_hard_negative,786195,Holder made Wednesday’s comment at a Senate Judiciary Committee hearing.,governance_and_crime_confounders,committee hearing,,hard_negative,yes,high,nearby_confounder,,annotation_source=auto_supplement; sampled_from_bucket=local_hard_negative,auto_supplement
us_electoral_politics,3a4b6e761cf54e18,us_electoral_politics,local_hard_negative,local_hard_negative,2379895,The dogs - eight adults and 17 young - have been placed in a shelter pending a police investigation.,governance_and_crime_confounders,police investigation,,hard_negative,yes,high,nearby_confounder,,annotation_source=auto_supplement; sampled_from_bucket=local_hard_negative,auto_supplement
us_electoral_politics,e137ab6e3ed33c07,us_electoral_politics,local_hard_negative,local_hard_negative,1703266,"In Michigan, for instance, pro-gun researcher John Lott, testifying at a committee hearing on campus carry, repeated his thoroughly discredited argument that mass murderers target gun-free zones, including colleges and universities that ban firearms on campus.",governance_and_crime_confounders,committee hearing,,hard_negative,yes,high,nearby_confounder,,annotation_source=auto_supplement; sampled_from_bucket=local_hard_negative,auto_supplement
us_electoral_politics,29f43d3fcf45384f,us_electoral_politics,local_hard_negative,local_hard_negative,1408679,"Police Investigation

According to Jessi's mom, Dianne Leonheardt, in addition to the prank calls placed after her phone number was spread on the internet, the family began receiving death threats.",governance_and_crime_confounders,police investigation,,hard_negative,yes,high,nearby_confounder,,annotation_source=auto_supplement; sampled_from_bucket=local_hard_negative,auto_supplement
us_electoral_politics,2a4e4d7d1543db3a,us_electoral_politics,local_hard_negative,local_hard_negative,1777107,"Columbus Republican Representative Milo Smith has authored moped regulation legislation four consecutive sessions – and each time, his bill passed the House but died in the Senate.",governance_and_crime_confounders,bill passed,,hard_negative,yes,high,nearby_confounder,,annotation_source=auto_supplement; sampled_from_bucket=local_hard_negative,auto_supplement
us_electoral_politics,a79accdee61c43f5,us_electoral_politics,local_hard_negative,local_hard_negative,496191,"Rep. John Conyers (D-MI), who said Monday at a House Judiciary Committee hearing that the idea of ""using this authority to collect large amounts of information about US citizens without a warrant or individualized suspicious... is, in a word, wrong.""",governance_and_crime_confounders,committee hearing,,hard_negative,yes,high,nearby_confounder,,annotation_source=auto_supplement; sampled_from_bucket=local_hard_negative,auto_supplement
us_electoral_politics,815474878c753b7f,us_electoral_politics,local_hard_negative,local_hard_negative,3238014,A court hearing was scheduled for June 8.,governance_and_crime_confounders,court hearing,,hard_negative,yes,high,nearby_confounder,,annotation_source=auto_supplement; sampled_from_bucket=local_hard_negative,auto_supplement
us_electoral_politics,2820568989d93a1b,us_electoral_politics,local_hard_negative,local_hard_negative,2798339,"Senator Culleton, who failed to attend a court hearing earlier this year, was arrested on Monday morning after handing himself in to Armidale police.",governance_and_crime_confounders,court hearing,,hard_negative,yes,high,nearby_confounder,,annotation_source=auto_supplement; sampled_from_bucket=local_hard_negative,auto_supplement
us_electoral_politics,a3004c5ffbf0606f,us_electoral_politics,local_hard_negative,local_hard_negative,312170,Clinton's criticisms of Trump's economic policies came just hours after Federal Reserve Chair Janet Yellen testified in a Senate Banking Committee Hearing.,governance_and_crime_confounders,committee hearing,,hard_negative,yes,high,nearby_confounder,,annotation_source=auto_supplement; sampled_from_bucket=local_hard_negative,auto_supplement
us_electoral_politics,c5a2837e9cf602f0,us_electoral_politics,local_hard_negative,local_hard_negative,725641,City officials called Thursday for a police investigation into the leak of a Fort Worth officer’s bodycam video from the arrest of Jacqueline Craig and her two daughters last month.,governance_and_crime_confounders,police investigation,,hard_negative,yes,high,nearby_confounder,,annotation_source=auto_supplement; sampled_from_bucket=local_hard_negative,auto_supplement
us_electoral_politics,7e08ba91c847522f,us_electoral_politics,local_hard_negative,local_hard_negative,455723,"A proposal to take guns from people deemed a danger to themselves or others — following a court hearing — got nowhere in the Legislature, but is on the ballot this year as Initiative 1491.",governance_and_crime_confounders,court hearing,,hard_negative,yes,high,nearby_confounder,,annotation_source=auto_supplement; sampled_from_bucket=local_hard_negative,auto_supplement
us_electoral_politics,06e8761556b0a1f6,us_electoral_politics,local_hard_negative,local_hard_negative,2926603,"Most of us passengers had not seen each other since we left Turkey two and one-half years ago, until last week (November 6 and 7, 2012) when hundreds of us returned to Istanbul as witnesses in in the first court hearing concerning the Israeli attack on the ships, one of the few judicial looks at Israeli violence toward either Palestinians or internationals.",governance_and_crime_confounders,court hearing,,hard_negative,yes,high,nearby_confounder,,annotation_source=auto_supplement; sampled_from_bucket=local_hard_negative,auto_supplement
us_electoral_politics,6644791d76c9fa5f,us_electoral_politics,local_hard_negative,local_hard_negative,1156061,"Wang sought asylum in the U.S. consulate in February, apparently afraid for his life after he confronted Bo with details of Bo’s wife’s alleged involvement in the death of British businessman Neil Heywood, sources familiar with the police investigation have said.",governance_and_crime_confounders,police investigation,,hard_negative,yes,high,nearby_confounder,,annotation_source=auto_supplement; sampled_from_bucket=local_hard_negative,auto_supplement
us_electoral_politics,df44b507905d06f6,us_electoral_politics,local_hard_negative,local_hard_negative,3708989,"In a court hearing last week, Kobach said the state has put more than 17,000 people on what they refer to as a “suspense list” for failing to include citizenship proof with their federal registration forms; at times it has had as many as 35,000.",governance_and_crime_confounders,court hearing,,hard_negative,yes,high,nearby_confounder,,annotation_source=auto_supplement; sampled_from_bucket=local_hard_negative,auto_supplement
us_electoral_politics,d88023e54a674f30,us_electoral_politics,local_hard_negative,local_hard_negative,1326012,A Senate Foreign Relations Committee hearing earlier this week focused on the growing humanitarian disaster in Syria and the impact on neighboring countries.,governance_and_crime_confounders,committee hearing,,hard_negative,yes,high,nearby_confounder,,annotation_source=auto_supplement; sampled_from_bucket=local_hard_negative,auto_supplement
us_electoral_politics,ffc0a9769236e5f9,us_electoral_politics,local_hard_negative,local_hard_negative,454957,"They are pictured following a court hearing in 2007 while she faced prostitution charges

They are said to be included in a black book of clients that Palfrey left in Sibley's possession before she killed herself in 2008, before she could be sentenced for prostitution and racketeering.",governance_and_crime_confounders,court hearing,,hard_negative,yes,high,nearby_confounder,,annotation_source=auto_supplement; sampled_from_bucket=local_hard_negative,auto_supplement
us_electoral_politics,4a65f37486f9ddf9,us_electoral_politics,local_hard_negative,local_hard_negative,3404099,The Guardian has a short piece by David Leigh et al on the police investigation into the Climategate emails.,governance_and_crime_confounders,police investigation,,hard_negative,yes,high,nearby_confounder,,annotation_source=auto_supplement; sampled_from_bucket=local_hard_negative,auto_supplement
us_electoral_politics,ba5148106df72d49,us_electoral_politics,local_hard_negative,local_hard_negative,628940,"The Kelley test, then, is that the proceeding must be more than a “mere police investigation,” and the proxy for what is sufficiently more than a mere police investigation is whether the investigating agency has authority to issue subpoenas or warrants or compel sworn testimony in the matter.",governance_and_crime_confounders,police investigation,,hard_negative,yes,high,nearby_confounder,,annotation_source=auto_supplement; sampled_from_bucket=local_hard_negative,auto_supplement
us_electoral_politics,416db5d69003f3aa,us_electoral_politics,local_hard_negative,local_hard_negative,957614,"But new information in a confidential document from the Malaysian police investigation emerged Friday, and may buttress theories that the pilot orchestrated the crash in a mass-murder-suicide.",governance_and_crime_confounders,police investigation,,hard_negative,yes,high,nearby_confounder,,annotation_source=auto_supplement; sampled_from_bucket=local_hard_negative,auto_supplement
us_electoral_politics,d9f9c458e0b942d2,us_electoral_politics,local_hard_negative,local_hard_negative,1747561,"""The House committee hearing tomorrow is going to be in part about the unsubstantiated allegations in the media and by some Democrats of collusion between Trump associates and Russian intelligence.""",governance_and_crime_confounders,committee hearing,,hard_negative,yes,high,nearby_confounder,,annotation_source=auto_supplement; sampled_from_bucket=local_hard_negative,auto_supplement
us_electoral_politics,3c975bf1002fc17e,us_electoral_politics,local_hard_negative,local_hard_negative,1861025,The court hearing is set for Nov. 17.,governance_and_crime_confounders,court hearing,,hard_negative,yes,high,nearby_confounder,,annotation_source=auto_supplement; sampled_from_bucket=local_hard_negative,auto_supplement
us_electoral_politics,9700afa1bdd4d425,us_electoral_politics,local_hard_negative,local_hard_negative,2777725,Councilman Jolon Clark even held his family’s cat on his lap during a committee hearing.,governance_and_crime_confounders,committee hearing,,hard_negative,yes,high,nearby_confounder,,annotation_source=auto_supplement; sampled_from_bucket=local_hard_negative,auto_supplement
us_electoral_politics,5fb6e3ba13f2e8b7,us_electoral_politics,local_hard_negative,local_hard_negative,1026216,"The bill passed the House by a vote of 237 for and 189 against, largely on party lines.",governance_and_crime_confounders,bill passed,,hard_negative,yes,high,nearby_confounder,,annotation_source=auto_supplement; sampled_from_bucket=local_hard_negative,auto_supplement
us_electoral_politics,631560b974451c99,us_electoral_politics,local_hard_negative,local_hard_negative,2038632,"As a result, the police investigation - with help from the FBI - has broadened to also consider everything from accident to homicide.",governance_and_crime_confounders,police investigation,,hard_negative,yes,high,nearby_confounder,,annotation_source=auto_supplement; sampled_from_bucket=local_hard_negative,auto_supplement
us_electoral_politics,f4ba141fc7720efc,us_electoral_politics,local_hard_negative,local_hard_negative,2684966,The British media have named Cliff Richard as a suspect in a police investigation and obviously learnt their lesson in failing to name Rolf Harris even though it was all over social media for months.,governance_and_crime_confounders,police investigation,,hard_negative,yes,high,nearby_confounder,,annotation_source=auto_supplement; sampled_from_bucket=local_hard_negative,auto_supplement
us_electoral_politics,c1d89e256d9f37f6,us_electoral_politics,local_hard_negative,local_hard_negative,3076447,Most juveniles also choose to attend their court hearing.,governance_and_crime_confounders,court hearing,,hard_negative,yes,high,nearby_confounder,,annotation_source=auto_supplement; sampled_from_bucket=local_hard_negative,auto_supplement
us_electoral_politics,16abc1e31d2a1746,us_electoral_politics,local_hard_negative,local_hard_negative,951098,"The dominant theme of Thursday’s Senate Banking Committee hearing with Jay Clayton, nominee for chair of the Securities and Exchange Commission, was conflict of interest.",governance_and_crime_confounders,committee hearing,,hard_negative,yes,high,nearby_confounder,,annotation_source=auto_supplement; sampled_from_bucket=local_hard_negative,auto_supplement
us_electoral_politics,074e35a5e8e729f1,us_electoral_politics,local_hard_negative,local_hard_negative,2373423,"Coming Soon

Delhi Crime

Based on true events, this dramatized series follows the police investigation of the 2012 Delhi gang-rape case.",governance_and_crime_confounders,police investigation,,hard_negative,yes,high,nearby_confounder,,annotation_source=auto_supplement; sampled_from_bucket=local_hard_negative,auto_supplement
us_electoral_politics,65eff737d10efad2,us_electoral_politics,local_hard_negative,local_hard_negative,278782,basically these knuckleheads want this bill passed so we can pay for everyone's abortion....otherwise they'd omit that from the bill.,governance_and_crime_confounders,bill passed,,hard_negative,yes,high,nearby_confounder,,annotation_source=auto_supplement; sampled_from_bucket=local_hard_negative,auto_supplement
us_electoral_politics,0f06f5989626980a,us_electoral_politics,local_hard_negative,local_hard_negative,396503,"Took IMF To Task For Oppressing Developing World Workers: In a 1998 committee hearing, Sanders took Clinton administration official Robert Rubin to task for not enforcing a provision to protect the rights of workers in Indonesia.",governance_and_crime_confounders,committee hearing,,hard_negative,yes,high,nearby_confounder,,annotation_source=auto_supplement; sampled_from_bucket=local_hard_negative,auto_supplement
us_electoral_politics,76a02322978905f7,us_electoral_politics,local_hard_negative,local_hard_negative,3132832,"It was a long and stressful fight after the first Senate Committee hearing on January 20, 2014 in which Andrew and I, along with two other gentlemen, testified in support of the bill.",governance_and_crime_confounders,committee hearing,,hard_negative,yes,high,nearby_confounder,,annotation_source=auto_supplement; sampled_from_bucket=local_hard_negative,auto_supplement
us_electoral_politics,d2b9a943887cf056,us_electoral_politics,local_hard_negative,local_hard_negative,1882360,"When contacted, the premier's office said it won't comment because the case is an active police investigation.",governance_and_crime_confounders,police investigation,,hard_negative,yes,high,nearby_confounder,,annotation_source=auto_supplement; sampled_from_bucket=local_hard_negative,auto_supplement
us_electoral_politics,4b3aea21fdbe6352,us_electoral_politics,local_hard_negative,local_hard_negative,457002,"On Monday, Attorney General Avichai Mandelblit okayed the first-ever police investigation incitement by the so-called “Hardak” campaign, which spreads material maligning haredi soldiers.",governance_and_crime_confounders,police investigation,,hard_negative,yes,high,nearby_confounder,,annotation_source=auto_supplement; sampled_from_bucket=local_hard_negative,auto_supplement
us_electoral_politics,24eb9e9d1686a509,us_electoral_politics,local_hard_negative,local_hard_negative,1528508,"(One recent, high-profile exception is the police investigation into violent harassment of Julia Ioffe, who has been targeted with anti-semitic vitriol online in response to her profile of Melania Trump inGQ.",governance_and_crime_confounders,police investigation,,hard_negative,yes,high,nearby_confounder,,annotation_source=auto_supplement; sampled_from_bucket=local_hard_negative,auto_supplement
us_electoral_politics,65c745c99a0485c3,us_electoral_politics,local_hard_negative,local_hard_negative,2002893,"""I can confirm there is a current and ongoing police investigation into the potential theft of the weapon,"" he said.",governance_and_crime_confounders,police investigation,,hard_negative,yes,high,nearby_confounder,,annotation_source=auto_supplement; sampled_from_bucket=local_hard_negative,auto_supplement
us_electoral_politics,763286ad03245b5c,us_electoral_politics,local_hard_negative,local_hard_negative,1220803,"So fierce was the backlash – from the opposition, the Senate and a wide cross-section of the Canadian public – that, before the bill passed, the Harper government backed down and struck some of the most offensive proposals from the law.",governance_and_crime_confounders,bill passed,,hard_negative,yes,high,nearby_confounder,,annotation_source=auto_supplement; sampled_from_bucket=local_hard_negative,auto_supplement
us_electoral_politics,4a6082f59a02b4da,us_electoral_politics,local_hard_negative,local_hard_negative,3177529,"But Kratovil, Kosmas, Teague and McMahon all voted for the Speaker’s climate-change bill – votes that were critical to ensuring its passage when 44 Democrats joined all but eight Republicans in voting “no.” The bill passed by one vote.",governance_and_crime_confounders,bill passed,,hard_negative,yes,high,nearby_confounder,,annotation_source=auto_supplement; sampled_from_bucket=local_hard_negative,auto_supplement
us_electoral_politics,27b4df0134d92374,us_electoral_politics,local_hard_negative,local_hard_negative,1786264,He took them in a prison van while on the way back from a court hearing.,governance_and_crime_confounders,court hearing,,hard_negative,yes,high,nearby_confounder,,annotation_source=auto_supplement; sampled_from_bucket=local_hard_negative,auto_supplement
us_electoral_politics,c30517ab93ac3c86,us_electoral_politics,local_hard_negative,local_hard_negative,3155534,Vitter also asked Lynch to respond to Holder’s comment at a Senate Judiciary Committee hearing that some companies should be exempted from criminal prosecution due to their impact on the nation’s financial system or economy.,governance_and_crime_confounders,committee hearing,,hard_negative,yes,high,nearby_confounder,,annotation_source=auto_supplement; sampled_from_bucket=local_hard_negative,auto_supplement
us_electoral_politics,cdcb1c0c4c398eaf,us_electoral_politics,local_hard_negative,local_hard_negative,1503781,A Staten Island judge was asked to move a court hearing to Manhattan because city employees found it too inconvenient to get on the ferry.,governance_and_crime_confounders,court hearing,,hard_negative,yes,high,nearby_confounder,,annotation_source=auto_supplement; sampled_from_bucket=local_hard_negative,auto_supplement
us_electoral_politics,5249088af0df9df9,us_electoral_politics,local_hard_negative,local_hard_negative,834146,"Joanne McCartney, Labour's lead member on the MPA, said: ""The questions about the mayor's role in the police investigation will not go away.",governance_and_crime_confounders,police investigation,,hard_negative,yes,high,nearby_confounder,,annotation_source=auto_supplement; sampled_from_bucket=local_hard_negative,auto_supplement
us_electoral_politics,b49dd9c890514b74,us_electoral_politics,local_hard_negative,local_hard_negative,2948436,"During the debate over the amendment in a House Transportation Committee hearing, members backed by the industry laughed the idea off.",governance_and_crime_confounders,committee hearing,,hard_negative,yes,high,nearby_confounder,,annotation_source=auto_supplement; sampled_from_bucket=local_hard_negative,auto_supplement
us_electoral_politics,ea9903c5cb70fbe9,us_electoral_politics,local_hard_negative,local_hard_negative,345137,"But Walker not only got the bill passed, he then survived a recall election spearheaded by the labor unions.",governance_and_crime_confounders,bill passed,,hard_negative,yes,high,nearby_confounder,,annotation_source=auto_supplement; sampled_from_bucket=local_hard_negative,auto_supplement
us_electoral_politics,bf7a29d363203232,us_electoral_politics,local_hard_negative,local_hard_negative,1328553,"We are still strangers to each other.”

A national average of 28 percent of Turkish women are married before the age of 18, Yildiz Ecevit, a sociology professor at Middle Eastern Technical University, told a parliamentary committee hearing on child brides in Ankara last month.",governance_and_crime_confounders,committee hearing,,hard_negative,yes,high,nearby_confounder,,annotation_source=auto_supplement; sampled_from_bucket=local_hard_negative,auto_supplement
us_electoral_politics,0c38dca9fc9047bd,us_electoral_politics,local_hard_negative,local_hard_negative,565671,"Last week, O’Brien’s proposal breezed through a committee hearing by a 7-0 vote, and is soon headed for a vote by the full council.",governance_and_crime_confounders,committee hearing,,hard_negative,yes,high,nearby_confounder,,annotation_source=auto_supplement; sampled_from_bucket=local_hard_negative,auto_supplement
us_electoral_politics,3ce8f6c2c3429ad7,us_electoral_politics,local_hard_negative,local_hard_negative,1247523,"KXAN first learned of the police investigation after Eanes Independent School District sent a vague but lengthy letter to Westlake High School parents on November 20, urging them to make sure they provide a safe environment for their students, even when it is at someone's home.",governance_and_crime_confounders,police investigation,,hard_negative,yes,high,nearby_confounder,,annotation_source=auto_supplement; sampled_from_bucket=local_hard_negative,auto_supplement
us_electoral_politics,ba6fb654cf8a2aa7,us_electoral_politics,local_hard_negative,local_hard_negative,89568,"A few days ago, the President denied assent to the amendment Bill passed by the Delhi Assembly.",governance_and_crime_confounders,bill passed,,hard_negative,yes,high,nearby_confounder,,annotation_source=auto_supplement; sampled_from_bucket=local_hard_negative,auto_supplement
us_electoral_politics,760b6a4c4d8e16aa,us_electoral_politics,local_hard_negative,local_hard_negative,68548,"I got kicked out of a public, federal immigration court hearing yesterday because I’m a newspaper reporter.",governance_and_crime_confounders,court hearing,,hard_negative,yes,high,nearby_confounder,,annotation_source=auto_supplement; sampled_from_bucket=local_hard_negative,auto_supplement
us_electoral_politics,9938c34b49af269a,us_electoral_politics,local_hard_negative,local_hard_negative,1778964,"Picked up by the L.A. County Sheriff’s Department for the killing that day, the Power Rangers alum was released after a court hearing soon afterward because the case was rejected.",governance_and_crime_confounders,court hearing,,hard_negative,yes,high,nearby_confounder,,annotation_source=auto_supplement; sampled_from_bucket=local_hard_negative,auto_supplement
us_electoral_politics,accba8ba6152ca2c,us_electoral_politics,local_hard_negative,local_hard_negative,2449728,Postal union leaders reiterated their opposition to this at Tuesday's Senate committee hearing.,governance_and_crime_confounders,committee hearing,,hard_negative,yes,high,nearby_confounder,,annotation_source=auto_supplement; sampled_from_bucket=local_hard_negative,auto_supplement
us_electoral_politics,ebaec434a5dc97d7,us_electoral_politics,local_hard_negative,local_hard_negative,1963577,The half-brothers had initially signed a confession that they were guilty but only after hours of coercive police investigation without an attorney.,governance_and_crime_confounders,police investigation,,hard_negative,yes,high,nearby_confounder,,annotation_source=auto_supplement; sampled_from_bucket=local_hard_negative,auto_supplement
us_electoral_politics,1b0ac756ee97931a,us_electoral_politics,local_hard_negative,local_hard_negative,1991379,There was no police investigation into her son's death.,governance_and_crime_confounders,police investigation,,hard_negative,yes,high,nearby_confounder,,annotation_source=auto_supplement; sampled_from_bucket=local_hard_negative,auto_supplement
us_electoral_politics,8307a3f96e640e12,us_electoral_politics,local_hard_negative,local_hard_negative,776035,"On bank-loan applications to the Congressional Federal Credit Union, Alvi indicated that the couple lived in the two homes that were offered as collateral — but the homes were actually rental properties, according to the federal indictment.",governance_and_crime_confounders,federal indictment,,hard_negative,yes,high,nearby_confounder,,annotation_source=auto_supplement; sampled_from_bucket=local_hard_negative,auto_supplement
us_electoral_politics,3e4dc43a65f7e496,us_electoral_politics,local_hard_negative,local_hard_negative,2312557,"“Sometimes it’s hard to get 63 votes,” Merrick reflected after the bill passed in the House.",governance_and_crime_confounders,bill passed,,hard_negative,yes,high,nearby_confounder,,annotation_source=auto_supplement; sampled_from_bucket=local_hard_negative,auto_supplement
us_electoral_politics,b9398f10047b73db,us_electoral_politics,local_hard_negative,local_hard_negative,1382923,"Picture: Nigel Sutton Â© Nigel Sutton email pictures@nigelsuttonphotography.com

Mysterious “explosions” causing houses to shake in Highgate have become the focus of a police investigation.",governance_and_crime_confounders,police investigation,,hard_negative,yes,high,nearby_confounder,,annotation_source=auto_supplement; sampled_from_bucket=local_hard_negative,auto_supplement
us_electoral_politics,531b83047662a4a7,us_electoral_politics,local_hard_negative,local_hard_negative,826751,"Sir Peter Hayman: allegations against former public official of unnatural sexual proclivities; security aspects.”

Robert Armstrong, the Cabinet Office Permanent Secretary, said in a memo to the prime minister marked “Secret” that it was a “difficult question” why no-one in government was told by Sir Thomas Hetherington, the DPP, about the police investigation into Hayman.",governance_and_crime_confounders,police investigation,,hard_negative,yes,high,nearby_confounder,,annotation_source=auto_supplement; sampled_from_bucket=local_hard_negative,auto_supplement
us_electoral_politics,9ef7d710f44791bc,us_electoral_politics,local_hard_negative,local_hard_negative,3206488,"After mugging a local gang, he robs a gas station; when the distracted owner notices the theft and holds him at gunpoint with a shotgun, Andrew telekinetically grabs the shotgun, which discharges into a propane tank, causing an explosion that kills the owner and leaves Andrew in the hospital with severe burns and under police investigation.",governance_and_crime_confounders,police investigation,,hard_negative,yes,high,nearby_confounder,,annotation_source=auto_supplement; sampled_from_bucket=local_hard_negative,auto_supplement
us_electoral_politics,739d22b49bb63865,us_electoral_politics,local_hard_negative,local_hard_negative,1138945,"After a particularly nasty budget committee hearing, Elizabeth Graham compared Deuell to Margaret Sanger, the founder of Planned Parenthood.",governance_and_crime_confounders,committee hearing,,hard_negative,yes,high,nearby_confounder,,annotation_source=auto_supplement; sampled_from_bucket=local_hard_negative,auto_supplement
us_electoral_politics,9d898005cacce3a5,us_electoral_politics,local_hard_negative,local_hard_negative,3008179,"In the interview, he stated that he had sources at the FBI who had told him “there is information that could link Seth Rich to WikiLeaks.” Two days later, however, Wheeler backtracked on those statements, terming them “miscommunications.”

Whatever his initial role in promoting the story, Wheeler’s complaint maintains that “[a]t no point in time did Mr. Wheeler say that Seth Rich [in fact] sent any emails to WikiLeaks, nor did he say that the DNC, Democratic Party, or [the] Clintons were engaged in a cover-up” to stop the official police investigation of the murder from proceeding.",governance_and_crime_confounders,police investigation,,hard_negative,yes,high,nearby_confounder,,annotation_source=auto_supplement; sampled_from_bucket=local_hard_negative,auto_supplement
us_electoral_politics,e00d20cd50fdafcb,us_electoral_politics,local_hard_negative,local_hard_negative,3695852,"No Bond:

At the court hearing in Pasco County, the judge just ruled that Reeves will be held without bond at this time.",governance_and_crime_confounders,court hearing,,hard_negative,yes,high,nearby_confounder,,annotation_source=auto_supplement; sampled_from_bucket=local_hard_negative,auto_supplement
us_electoral_politics,ec40f21ce3fc6251,us_electoral_politics,local_hard_negative,local_hard_negative,1138897,"This is a great day for Texas,” said Dan Patrick, who had tried twice before to get such a bill passed.",governance_and_crime_confounders,bill passed,,hard_negative,yes,high,nearby_confounder,,annotation_source=auto_supplement; sampled_from_bucket=local_hard_negative,auto_supplement
us_electoral_politics,ee20b4e6b87479bc,us_electoral_politics,local_hard_negative,local_hard_negative,902343,"Vaca's first court hearing is scheduled for Thursday, J at 1:15 p.m.",governance_and_crime_confounders,court hearing,,hard_negative,yes,high,nearby_confounder,,annotation_source=auto_supplement; sampled_from_bucket=local_hard_negative,auto_supplement
us_electoral_politics,5472187531f55d7d,us_electoral_politics,local_hard_negative,local_hard_negative,2652628,"Unfortunately, due to the cancelling of the March 28 Committee hearing, this is yet to eventuate.",governance_and_crime_confounders,committee hearing,,hard_negative,yes,high,nearby_confounder,,annotation_source=auto_supplement; sampled_from_bucket=local_hard_negative,auto_supplement
us_electoral_politics,4b66772914c79913,us_electoral_politics,local_hard_negative,local_hard_negative,1656014,"The court hearing came the morning after Hastert, 74, was sentenced to a 15-month prison term for a federal banking violation related to the hush money payments to Individual A.",governance_and_crime_confounders,court hearing,,hard_negative,yes,high,nearby_confounder,,annotation_source=auto_supplement; sampled_from_bucket=local_hard_negative,auto_supplement
us_electoral_politics,4c3046b24c755be7,us_electoral_politics,local_hard_negative,local_hard_negative,3461683,"The New Hampshire bill passed by a more than 2 to 1 margin in the state House of Representatives this year, but only narrowly passed the Senate, making prospects for a veto override unlikely.",governance_and_crime_confounders,bill passed,,hard_negative,yes,high,nearby_confounder,,annotation_source=auto_supplement; sampled_from_bucket=local_hard_negative,auto_supplement
us_electoral_politics,ce6af927bb7c7651,us_electoral_politics,local_hard_negative,local_hard_negative,3408248,"I am remembering how I was pilloried on June 16, 2005, immediately after Rep. John Conyers’s rump-Judiciary Committee hearing in the bowels of the Capitol, for a candid answer to a question from one of his colleagues; i. e., if the invasion of Iraq was not about WMD, and not about non-existent ties between Iraq and al-Qaeda, then why did we attack?",governance_and_crime_confounders,committee hearing,,hard_negative,yes,high,nearby_confounder,,annotation_source=auto_supplement; sampled_from_bucket=local_hard_negative,auto_supplement
us_electoral_politics,38a09e7a12310993,us_electoral_politics,local_hard_negative,local_hard_negative,2852042,"Asked about the major factors affecting investment in next-generation satellite technology during a Senate committee hearing, several leading satellite players said access to spectrum is the No.",governance_and_crime_confounders,committee hearing,,hard_negative,yes,high,nearby_confounder,,annotation_source=auto_supplement; sampled_from_bucket=local_hard_negative,auto_supplement
us_electoral_politics,4ac47384c622c1aa,us_electoral_politics,local_hard_negative,local_hard_negative,3087238,"""However, at this point it is not a police investigation.""",governance_and_crime_confounders,police investigation,,hard_negative,yes,high,nearby_confounder,,annotation_source=auto_supplement; sampled_from_bucket=local_hard_negative,auto_supplement
us_electoral_politics,78cdc090170d203e,us_electoral_politics,local_hard_negative,local_hard_negative,1873787,"Assistant Commissioner of the Metropolitan Police Cressida Dick has indicated that the police investigation into material taken from David Miranda, the partner of journalist Glenn Greenwald, might result in “some people” being found to have committed an offence.",governance_and_crime_confounders,police investigation,,hard_negative,yes,high,nearby_confounder,,annotation_source=auto_supplement; sampled_from_bucket=local_hard_negative,auto_supplement
us_electoral_politics,41f6b9d61d8759cd,us_electoral_politics,local_hard_negative,local_hard_negative,1418358,"While Erzinger was originally charged with a felony and two misdemeanors, Eagle County District Attorney Mark Hurlbert controversially forwarded a plea agreement that would result in the dropping of the felony charge in exchange for guilty pleas to the misdemeanors, noting that “felony convictions have some pretty serious job implications for someone in Mr. Erzinger’s profession.”

Milo, represented by Denver attorney Harold Haddon, objected to the agreement, citing Colorado’s Victim Rights Act, which was designed to ensure that “… all victims and witnesses to crimes are honored and protected by law enforcement agencies, prosecutors and judges in a manner no less vigorous than the protection afforded criminal defendants.”

Lacks standing

In a motion filed in Eagle County District Court on Tuesday, Hurlbert argued that while Colorado law guarantees a crime victim’s input at critical stages of a criminal proceeding, the law does not give a victim the legal standing required to intervene in a court hearing.",governance_and_crime_confounders,court hearing,,hard_negative,yes,high,nearby_confounder,,annotation_source=auto_supplement; sampled_from_bucket=local_hard_negative,auto_supplement
us_electoral_politics,02a29ebd6f1ddb2c,us_electoral_politics,local_hard_negative,local_hard_negative,2495587,"Credit: PA

The Welsh van hire company whose vehicle was used in the attack said it was ""cooperating fully"" with the police investigation.",governance_and_crime_confounders,police investigation,,hard_negative,yes,high,nearby_confounder,,annotation_source=auto_supplement; sampled_from_bucket=local_hard_negative,auto_supplement
us_electoral_politics,89cf31016d809e97,us_electoral_politics,local_hard_negative,local_hard_negative,3585149,"Cook County Judge Donald Panarese Jr. ordered Bogacz held on $300,000 bail during a brief court hearing Wednesday.",governance_and_crime_confounders,court hearing,,hard_negative,yes,high,nearby_confounder,,annotation_source=auto_supplement; sampled_from_bucket=local_hard_negative,auto_supplement
us_electoral_politics,01e8751d0c02a1d7,us_electoral_politics,local_hard_negative,local_hard_negative,1102622,"Shocked by the events, Tsushima's family intervened to drop a police investigation, his allowance was reinstated and he was released of any charges.",governance_and_crime_confounders,police investigation,,hard_negative,yes,high,nearby_confounder,,annotation_source=auto_supplement; sampled_from_bucket=local_hard_negative,auto_supplement
us_electoral_politics,095c7cdd74413f54,us_electoral_politics,local_hard_negative,local_hard_negative,1752,"As this is now under police investigation it would be inappropriate to say anything else.""",governance_and_crime_confounders,police investigation,,hard_negative,yes,high,nearby_confounder,,annotation_source=auto_supplement; sampled_from_bucket=local_hard_negative,auto_supplement
us_electoral_politics,3c80012d3437beb9,us_electoral_politics,local_hard_negative,local_hard_negative,277861,"Photo Ross Irby / Daily Mercury Ross Irby

On the night of May 27, 2011 the then 38-year-old businessman, who was the sole director of CQE Materials and Handling Pty Ltd, was arrested in Mackay along with three Colombian-born men after an 18-month long international Australian Federal Police investigation.",governance_and_crime_confounders,police investigation,,hard_negative,yes,high,nearby_confounder,,annotation_source=auto_supplement; sampled_from_bucket=local_hard_negative,auto_supplement
us_electoral_politics,9444ba66ccb68568,us_electoral_politics,local_hard_negative,local_hard_negative,1819114,"When undocumented workers use other people's SSNs to get jobs and then file their taxes using their IRS-issued individual tax identification numbers, “it’s in everybody’s interest to have them pay the taxes they owe,” Koskinen said Tuesday at a Senate Finance Committee hearing.",governance_and_crime_confounders,committee hearing,,hard_negative,yes,high,nearby_confounder,,annotation_source=auto_supplement; sampled_from_bucket=local_hard_negative,auto_supplement
us_electoral_politics,24fb92bea8e7b177,us_electoral_politics,local_hard_negative,local_hard_negative,1829409,"If we cannot see the results of the police investigation, we cannot trust its conclusions.",governance_and_crime_confounders,police investigation,,hard_negative,yes,high,nearby_confounder,,annotation_source=auto_supplement; sampled_from_bucket=local_hard_negative,auto_supplement
us_electoral_politics,979d7bbbe60fbeb7,us_electoral_politics,local_hard_negative,local_hard_negative,2200503,"More: Heavy police presence in Brecon town centre as officers deal with 'major incident'

The death is being treated as unexplained at this time and a police investigation is on-going.",governance_and_crime_confounders,police investigation,,hard_negative,yes,high,nearby_confounder,,annotation_source=auto_supplement; sampled_from_bucket=local_hard_negative,auto_supplement
us_electoral_politics,18e1ddd8111581ab,us_electoral_politics,local_hard_negative,local_hard_negative,2625992,But her legal team claimed in a court hearing before Judge Sullivan last week that questioning Secretary Clinton about her motivation for the use of the system would not yield any additional information other than that it was simply for her own “convenience.” But it seems that Mrs. Clinton’s email claims change every time she’s asked about the issue.,governance_and_crime_confounders,court hearing,,hard_negative,yes,high,nearby_confounder,,annotation_source=auto_supplement; sampled_from_bucket=local_hard_negative,auto_supplement
us_electoral_politics,90647b6eace3155f,us_electoral_politics,local_hard_negative,local_hard_negative,2851103,"After months of failing to get an Obamacare repeal and replacement bill passed working with Republicans alone, Trump sided with Democratic leaders in a deal on the debt ceiling, keeping the government funded and paying for hurricane relief.",governance_and_crime_confounders,bill passed,,hard_negative,yes,high,nearby_confounder,,annotation_source=auto_supplement; sampled_from_bucket=local_hard_negative,auto_supplement
us_electoral_politics,2822a6d0dd3a5fa1,us_electoral_politics,local_hard_negative,local_hard_negative,3700671,The Trump administration and two California governments that sued over the order disagreed about its scope during a recent court hearing.,governance_and_crime_confounders,court hearing,,hard_negative,yes,high,nearby_confounder,,annotation_source=auto_supplement; sampled_from_bucket=local_hard_negative,auto_supplement
us_electoral_politics,2c4d0c24b8b93254,us_electoral_politics,local_hard_negative,local_hard_negative,1303713,"Could your town's mayor spark a police investigation into your activities that ends with town cops rifling through your mobile phone, your laptop, and the full contents of your Gmail account—all over an alleged misdemeanor based on something you wrote on social media?",governance_and_crime_confounders,police investigation,,hard_negative,yes,high,nearby_confounder,,annotation_source=auto_supplement; sampled_from_bucket=local_hard_negative,auto_supplement
us_electoral_politics,520d48b5203279e1,us_electoral_politics,local_hard_negative,local_hard_negative,2568240,Pitts’s next court hearing is Monday.,governance_and_crime_confounders,court hearing,,hard_negative,yes,high,nearby_confounder,,annotation_source=auto_supplement; sampled_from_bucket=local_hard_negative,auto_supplement
us_electoral_politics,4ff6a24357ade3e5,us_electoral_politics,local_hard_negative,local_hard_negative,1987333,"David Becker

""We have cooperated fully with the police investigation that is underway and will do our best to avoid any sort of repeat incident,"" said a spokesperson for Samsung's Brazilian arm.",governance_and_crime_confounders,police investigation,,hard_negative,yes,high,nearby_confounder,,annotation_source=auto_supplement; sampled_from_bucket=local_hard_negative,auto_supplement
us_electoral_politics,d4477187628d0d7c,us_electoral_politics,local_hard_negative,local_hard_negative,1216193,"Nagin allegedly defrauded the city through ""a bribery and kickback scheme"" in which he received checks, cash, wire transfers, personal services and free travel from businessmen seeking contracts and favorable treatment from the city, the 25-page federal indictment says.",governance_and_crime_confounders,federal indictment,,hard_negative,yes,high,nearby_confounder,,annotation_source=auto_supplement; sampled_from_bucket=local_hard_negative,auto_supplement
us_electoral_politics,4f959367635b16ca,us_electoral_politics,local_hard_negative,local_hard_negative,1123793,The most recent court hearing on the class action lawsuit filed against the Democratic National Committee (DNC) and former DNC Chair Debbie Wasserman Schultz on behalf of Sen. Bernie Sanders supporters occurred in late April 2017 when a federal court judge in South Florida heard arguments from DNC attorneys and Attorney Jared Beck for why the court should move forward on the case.,governance_and_crime_confounders,court hearing,,hard_negative,yes,high,nearby_confounder,,annotation_source=auto_supplement; sampled_from_bucket=local_hard_negative,auto_supplement
us_electoral_politics,89d87ff8e0fb0b0a,us_electoral_politics,local_hard_negative,local_hard_negative,3706695,"In a sometimes bizarre court hearing that eventually boiled down to an interpretation of the century-old writings of novelist Franz Kafka, a Fredericton hospital employee who disappeared from work without notice for several weeks has once again won the right to keep his job.",governance_and_crime_confounders,court hearing,,hard_negative,yes,high,nearby_confounder,,annotation_source=auto_supplement; sampled_from_bucket=local_hard_negative,auto_supplement
us_electoral_politics,0e5767c3f7ccaebf,us_electoral_politics,local_hard_negative,local_hard_negative,1496832,"""All told, we've terminated 3,755 employees in the past two years,"" he said at a Senate Veterans' Affairs Committee hearing.",governance_and_crime_confounders,committee hearing,,hard_negative,yes,high,nearby_confounder,,annotation_source=auto_supplement; sampled_from_bucket=local_hard_negative,auto_supplement
us_electoral_politics,176d8b2618dee5f1,us_electoral_politics,local_hard_negative,local_hard_negative,3725409,The bill passed the House by a 368-55 vote earlier this month.,governance_and_crime_confounders,bill passed,,hard_negative,yes,high,nearby_confounder,,annotation_source=auto_supplement; sampled_from_bucket=local_hard_negative,auto_supplement
us_electoral_politics,fb0714137420c646,us_electoral_politics,local_hard_negative,local_hard_negative,118564,"This resulted in a police investigation across two continents; while he faced no charges due to lack of evidence and has restarted his music career, most of the top Google results for him as of January 2019 are articles on his sexual predation and both his personal and act Wikipedia pages include the information, ensuring that any potential new fans will see it as soon as they look him up.",governance_and_crime_confounders,police investigation,,hard_negative,yes,high,nearby_confounder,,annotation_source=auto_supplement; sampled_from_bucket=local_hard_negative,auto_supplement
us_electoral_politics,07436f7fdfe9220f,us_electoral_politics,local_hard_negative,local_hard_negative,1399292,"There is no significant news to report, other than to let you know that the Police investigation is ongoing and their presence on campus will remain.",governance_and_crime_confounders,police investigation,,hard_negative,yes,high,nearby_confounder,,annotation_source=auto_supplement; sampled_from_bucket=local_hard_negative,auto_supplement
us_electoral_politics,1925abcac93d1725,us_electoral_politics,local_hard_negative,local_hard_negative,1931672,"This is a measurement of how many reports of a certain crime that comes in to the police, and thus a measure of the police investigation load.",governance_and_crime_confounders,police investigation,,hard_negative,yes,high,nearby_confounder,,annotation_source=auto_supplement; sampled_from_bucket=local_hard_negative,auto_supplement
us_electoral_politics,2fd6a1f8f87ce50f,us_electoral_politics,local_hard_negative,local_hard_negative,1565056,Majority Leader Terry Bruce said Saturday that the Senate could consider its own stopgap measure or a bill passed unanimously by the House earlier that day.,governance_and_crime_confounders,bill passed,,hard_negative,yes,high,nearby_confounder,,annotation_source=auto_supplement; sampled_from_bucket=local_hard_negative,auto_supplement
us_electoral_politics,b46182d7ad5adf5e,us_electoral_politics,local_hard_negative,local_hard_negative,2052236,"Delhi Crime

Based on true events, this dramatized series follows the police investigation of the 2012 Delhi gang-rape case.",governance_and_crime_confounders,police investigation,,hard_negative,yes,high,nearby_confounder,,annotation_source=auto_supplement; sampled_from_bucket=local_hard_negative,auto_supplement
us_electoral_politics,5995177d37c9d9ce,us_electoral_politics,local_hard_negative,local_hard_negative,3586734,"At an assembly committee hearing on the bill, then-AdvoServ CEO Judith Favell passionately defended the tactics.",governance_and_crime_confounders,committee hearing,,hard_negative,yes,high,nearby_confounder,,annotation_source=auto_supplement; sampled_from_bucket=local_hard_negative,auto_supplement
us_electoral_politics,c90ef91257fb2c03,us_electoral_politics,local_hard_negative,local_hard_negative,2015980,The $1.1 trillion bill passed Wednesday is the result of a deal brokered last month between Democrats and Republicans who have struggled for months to compromise on spending bills.,governance_and_crime_confounders,bill passed,,hard_negative,yes,high,nearby_confounder,,annotation_source=auto_supplement; sampled_from_bucket=local_hard_negative,auto_supplement
us_electoral_politics,e7039c746bb45183,us_electoral_politics,local_hard_negative,local_hard_negative,1427702,"Like the Nebraska bill passed last year and the Kansas bill passed last week and the Missouri bill passed today, SB 1165 prohibits abortions after 20 weeks on the grounds of ""fetal pain.""",governance_and_crime_confounders,bill passed,,hard_negative,yes,high,nearby_confounder,,annotation_source=auto_supplement; sampled_from_bucket=local_hard_negative,auto_supplement
us_electoral_politics,8667f5a328028de3,us_electoral_politics,local_hard_negative,local_hard_negative,628497,"Actually, they spent much more money than that, as the fiscal analysis (conducted after the bill passed) only assessed the impact of the bill's first five years.",governance_and_crime_confounders,bill passed,,hard_negative,yes,high,nearby_confounder,,annotation_source=auto_supplement; sampled_from_bucket=local_hard_negative,auto_supplement
us_electoral_politics,0873445adb11b934,us_electoral_politics,local_hard_negative,local_hard_negative,333126,"I initially approached Lynch at a court hearing that I reported on, one in which prosecutor Yigael Cohen told the judge he would make a plea offer.",governance_and_crime_confounders,court hearing,,hard_negative,yes,high,nearby_confounder,,annotation_source=auto_supplement; sampled_from_bucket=local_hard_negative,auto_supplement
us_electoral_politics,e88d423ef058ee20,us_electoral_politics,local_hard_negative,local_hard_negative,364666,The DWP is keen to see the retroactive bill passed into law in case the supreme court rejects its application for appeal and £130m that was taken away in sanctions has to be paid back to jobseekers.,governance_and_crime_confounders,bill passed,,hard_negative,yes,high,nearby_confounder,,annotation_source=auto_supplement; sampled_from_bucket=local_hard_negative,auto_supplement
us_electoral_politics,f1bf191876d2c6a2,russia_post_soviet,positive,medium_negative,102704,"Pensioner Leonids, an ethnic Russian who declined to give his last name, told AFP at a Riga polling station that Harmony got his vote for their generous approach to social spending.",region_anchor,russian,russia_post_soviet,medium_negative,yes,high,topical_but_not_primary,,annotation_source=auto_supplement; sampled_from_bucket=medium_negative,auto_supplement
us_electoral_politics,18f908e1688ef336,russia_post_soviet,positive,medium_negative,106867,"In his first public reaction to Mr Yanukovych's downfall, President Vladimir Putin told journalists on 4 March: ""We see the rampage of reactionary forces, nationalist and anti-Semitic forces going on in certain parts of Ukraine, including Kiev.""",geopolitics_and_war;region_anchor;regional_entities,kiev;putin;ukraine,russia_post_soviet,medium_negative,yes,high,topical_but_not_primary,,annotation_source=auto_supplement; sampled_from_bucket=medium_negative,auto_supplement
us_electoral_politics,9b5fc4bf66361bc1,crypto_blockchain,positive,medium_negative,117985,"First Eyewear Company to Accept Bitcoins for Eyewear Purchases

The founders of Swift Eyewear Inc., Joseph Ianni and Pierre Brousseau, are very excited to announce that it will become the first global eyewear company to accept Bitcoin payments.",protocol_anchor,bitcoin,crypto_blockchain,medium_negative,yes,high,topical_but_not_primary,,annotation_source=auto_supplement; sampled_from_bucket=medium_negative,auto_supplement
us_electoral_politics,74220ecb2108c2d5,crypto_blockchain,positive,medium_negative,137614,"Why do we need blockchains for anything, what kinds of services should be run on blockchain-like architectures, and why specifically should services be run on blockchains instead of just living on plain old servers?",protocol_anchor,blockchain,crypto_blockchain,medium_negative,yes,high,topical_but_not_primary,,annotation_source=auto_supplement; sampled_from_bucket=medium_negative,auto_supplement
us_electoral_politics,edc2e0af4d362f0d,crypto_blockchain,positive,medium_negative,60592,"Gamers at the Arcadia, in Blenheim, just need the bitcoin app on their smartphones.",protocol_anchor,bitcoin,crypto_blockchain,medium_negative,yes,high,topical_but_not_primary,,annotation_source=auto_supplement; sampled_from_bucket=medium_negative,auto_supplement
us_electoral_politics,ffbf6f73aa5d2e69,crypto_blockchain,positive,medium_negative,159335,"As other governments consider how to approach cryptocurrencies, the success of Bitcoin in a leading country like Japan is likely to be influential

Trading volumes are also up worldwide.",protocol_anchor,bitcoin,crypto_blockchain,medium_negative,yes,high,topical_but_not_primary,,annotation_source=auto_supplement; sampled_from_bucket=medium_negative,auto_supplement
us_electoral_politics,aa01fab28f51f363,russia_post_soviet,positive,medium_negative,94725,"To feed the populaces of town and country, Lenin instituted War Communism (1918–1921) as a necessary condition—adequate supplies of food and weapons—for fighting the Russian Civil War (1917–1923).",region_anchor,russian,russia_post_soviet,medium_negative,yes,high,topical_but_not_primary,,annotation_source=auto_supplement; sampled_from_bucket=medium_negative,auto_supplement
us_electoral_politics,f5bec6f0be9cb21e,russia_post_soviet,positive,medium_negative,61966,"[334] Eastern Orthodoxy is claimed by 5% of people in Alaska,[335] a former Russian colony, and maintains a presence on the U.S. mainland due to recent immigration from Eastern Europe.",region_anchor,russian,russia_post_soviet,medium_negative,yes,high,topical_but_not_primary,,annotation_source=auto_supplement; sampled_from_bucket=medium_negative,auto_supplement
us_electoral_politics,198ea436feac07cf,crypto_blockchain,positive,medium_negative,79890,"So one strand of Bitcoin is very much like LETS, communitarian and mutualistic, but in the same time, and that’s a point of contradiction, Bitcoin is doing this without the need for trust.",protocol_anchor,bitcoin,crypto_blockchain,medium_negative,yes,high,topical_but_not_primary,,annotation_source=auto_supplement; sampled_from_bucket=medium_negative,auto_supplement
us_electoral_politics,516127955262bfcc,crypto_blockchain,positive,medium_negative,160528,"On April 26, Cointelegraph reported that Bitcoin officially surpassed $1,300, breaking its previous all-time high price established at the $1,277 margin.",protocol_anchor,bitcoin,crypto_blockchain,medium_negative,yes,high,topical_but_not_primary,,annotation_source=auto_supplement; sampled_from_bucket=medium_negative,auto_supplement
us_electoral_politics,32fe1663b3a5afd0,russia_post_soviet,positive,medium_negative,8466,"""https://t.co/e6FxCclVqT — John Schindler (@20committee) February 15, 2017

Putin never viewed Trump as anything more than a useful lunatic.",geopolitics_and_war,putin,russia_post_soviet,medium_negative,yes,high,topical_but_not_primary,,annotation_source=auto_supplement; sampled_from_bucket=medium_negative,auto_supplement
us_electoral_politics,0bb9539757b6f244,russia_post_soviet,positive,medium_negative,65849,"Mykola Popelsky from the General Staff of the Ground Forces of Ukraine, to which all the recruitment offices are subordinate, confirmed that military commissars in Kyiv are sending out such letters.",region_anchor,ukraine,russia_post_soviet,medium_negative,yes,high,topical_but_not_primary,,annotation_source=auto_supplement; sampled_from_bucket=medium_negative,auto_supplement
us_electoral_politics,1b903700e3df5d45,crypto_blockchain,positive,medium_negative,143926,"the answer is “not the free market” (at the moment) , and here is the catch, because if “Bitcoin” wants further adoption it needs to flow in the free market, i.e the few people holding it need to sell it into the market or that market needs to want to buy it from them at their non market manipulated price.",protocol_anchor,bitcoin,crypto_blockchain,medium_negative,yes,high,topical_but_not_primary,,annotation_source=auto_supplement; sampled_from_bucket=medium_negative,auto_supplement
us_electoral_politics,69dd759f56d91289,russia_post_soviet,positive,medium_negative,26068,"As Russia’s Central Bank moved to embrace the blockchain technology, comments by Andrei Lugovoi, Deputy Chairman of the Russian State Duma Committee for Security and Anti-Corruption generated hope for the future of cryptocurrencies as well.",region_anchor,russia;russian,russia_post_soviet,medium_negative,yes,high,topical_but_not_primary,,annotation_source=auto_supplement; sampled_from_bucket=medium_negative,auto_supplement
us_electoral_politics,4f39a19edb0bcb33,russia_post_soviet,positive,medium_negative,35475,"This investigation, triggered by Moscow's meddling, is now expanding.",region_anchor,moscow,russia_post_soviet,medium_negative,yes,high,topical_but_not_primary,,annotation_source=auto_supplement; sampled_from_bucket=medium_negative,auto_supplement
us_electoral_politics,71fb138f3d548f35,russia_post_soviet,positive,medium_negative,38287,"No Professional Elite at Play

In the early years of post-communist transformation, global trade was represented in Eastern Europe and Russia by sleek rascals with a questionable reputation at home in the West.",region_anchor,russia,russia_post_soviet,medium_negative,yes,high,topical_but_not_primary,,annotation_source=auto_supplement; sampled_from_bucket=medium_negative,auto_supplement
us_electoral_politics,fcc6fc14e938b8e9,russia_post_soviet,positive,medium_negative,64115,My take on Trump’s latest defense of Putin.,geopolitics_and_war,putin,russia_post_soviet,medium_negative,yes,high,topical_but_not_primary,,annotation_source=auto_supplement; sampled_from_bucket=medium_negative,auto_supplement
us_electoral_politics,4c15fe4aa3dd47b0,crypto_blockchain,positive,medium_negative,79840,In this interview he explains what Bitcoin can tell us about money in the early 21th century – and why he finds it weird to think that money needs to be a commodity.,protocol_anchor,bitcoin,crypto_blockchain,medium_negative,yes,high,topical_but_not_primary,,annotation_source=auto_supplement; sampled_from_bucket=medium_negative,auto_supplement
us_electoral_politics,26f8a5b285fa304f,russia_post_soviet,positive,medium_negative,94729,Lenin regarded the appearance of new socialist states in the developed countries as necessary to the strengthening Russia's economy and the eventual development of socialism.,region_anchor,russia,russia_post_soviet,medium_negative,yes,high,topical_but_not_primary,,annotation_source=auto_supplement; sampled_from_bucket=medium_negative,auto_supplement
us_electoral_politics,77795ac1651ccf0d,crypto_blockchain,positive,medium_negative,97844,"Instead, the wallet only offers the ability to store and organize your gift cards and other store and loyalty cards.",market_and_wallet,wallet,crypto_blockchain,medium_negative,yes,high,topical_but_not_primary,,annotation_source=auto_supplement; sampled_from_bucket=medium_negative,auto_supplement
us_electoral_politics,bd9e0cfde0dbb969,russia_post_soviet,positive,medium_negative,99182,"City tour of Moscow

Early next morning, we were driven down to the station.",region_anchor,moscow,russia_post_soviet,medium_negative,yes,high,topical_but_not_primary,,annotation_source=auto_supplement; sampled_from_bucket=medium_negative,auto_supplement
us_electoral_politics,edd1b1fbbb9ca55f,crypto_blockchain,positive,medium_negative,205936,"Developers for other Bitcoin proposals, such as Bitcoin Classic and Bitcoin XT, tend to disagree with this view, but they have not gained anywhere near the necessary levels of support to implement their proposed changes.",protocol_anchor,bitcoin,crypto_blockchain,medium_negative,yes,high,topical_but_not_primary,,annotation_source=auto_supplement; sampled_from_bucket=medium_negative,auto_supplement
us_electoral_politics,3ec1c33efee77b13,russia_post_soviet,positive,medium_negative,13051,Deutsche Bank was bailed out at one point by the Russian bank VTB.,region_anchor,russian,russia_post_soviet,medium_negative,yes,high,topical_but_not_primary,,annotation_source=auto_supplement; sampled_from_bucket=medium_negative,auto_supplement
us_electoral_politics,dadf243bd75677aa,russia_post_soviet,positive,medium_negative,38299,"Today, we can see many ICOs originated in Russia.",region_anchor,russia,russia_post_soviet,medium_negative,yes,high,topical_but_not_primary,,annotation_source=auto_supplement; sampled_from_bucket=medium_negative,auto_supplement
us_electoral_politics,11a2fcd00a54b00e,crypto_blockchain,positive,medium_negative,205929,"SegWit’s ability to simplify the process of updating Bitcoin’s scripting language has been touted as a key benefit of the improvement in the past, and the fact that this is Lau’s first C++ project is a testament to that simplification.",protocol_anchor,bitcoin,crypto_blockchain,medium_negative,yes,high,topical_but_not_primary,,annotation_source=auto_supplement; sampled_from_bucket=medium_negative,auto_supplement
us_electoral_politics,a7a47376bcdc8d7d,crypto_blockchain,positive,medium_negative,135549,63.3% percent of Living Room of Satoshi’s payments are conducted via bitcoin.,protocol_anchor,bitcoin,crypto_blockchain,medium_negative,yes,high,topical_but_not_primary,,annotation_source=auto_supplement; sampled_from_bucket=medium_negative,auto_supplement
us_electoral_politics,6ce55fae81bfa758,crypto_blockchain,positive,medium_negative,26079,"Meanwhile in February, Melbourne based Bitcoin Group, a company that mines bitcoins, completed its initial public offering raising $4.2 million to be listed on Australian Stock Exchange (ASX).",protocol_anchor,bitcoin,crypto_blockchain,medium_negative,yes,high,topical_but_not_primary,,annotation_source=auto_supplement; sampled_from_bucket=medium_negative,auto_supplement
us_electoral_politics,69415a4130302126,crypto_blockchain,positive,medium_negative,97852,"The new Amazon Wallet app is currently listed as being in “beta,” and is also one of the apps that ships pre-installed on Amazon’s new Fire Phone devices.",market_and_wallet,wallet,crypto_blockchain,medium_negative,yes,high,topical_but_not_primary,,annotation_source=auto_supplement; sampled_from_bucket=medium_negative,auto_supplement
us_electoral_politics,c00b3a81faabf4a9,russia_post_soviet,positive,medium_negative,58915,"Writing Saturday on Twitter, Baraka linked to a report that said Russian President Vladimir Putin would not expel U.S. diplomats from the country in retaliation to the new sanctions.",geopolitics_and_war;region_anchor,putin;russian;sanctions,russia_post_soviet,medium_negative,yes,high,topical_but_not_primary,,annotation_source=auto_supplement; sampled_from_bucket=medium_negative,auto_supplement
us_electoral_politics,433b664520e665a6,russia_post_soviet,positive,medium_negative,75068,"Russia has 11 distinct time zone offsets, ranging from UTC+02 through UTC+12, with a complex history of changes in the boundaries between them.",region_anchor,russia,russia_post_soviet,medium_negative,yes,high,topical_but_not_primary,,annotation_source=auto_supplement; sampled_from_bucket=medium_negative,auto_supplement
us_electoral_politics,7571d85d7a489762,russia_post_soviet,positive,medium_negative,18283,I want to speak Spanish and Armenian and Russian.,region_anchor,russian,russia_post_soviet,medium_negative,yes,high,topical_but_not_primary,,annotation_source=auto_supplement; sampled_from_bucket=medium_negative,auto_supplement
us_electoral_politics,d19d82ae566895b1,crypto_blockchain,positive,medium_negative,205927,"Johnson Lau, who is a relatively new contributor to Bitcoin Core, is currently working on a new scripting system for Bitcoin that could enable some useful features such as better privacy and trustless, cross-blockchain exchanges.",protocol_anchor,bitcoin;blockchain,crypto_blockchain,medium_negative,yes,high,topical_but_not_primary,,annotation_source=auto_supplement; sampled_from_bucket=medium_negative,auto_supplement
us_electoral_politics,4925f3f4a022d091,crypto_blockchain,positive,medium_negative,79543,"Bitcoin BTCUSD, +0.26% has gone from under $1,000 at the start of the year to nearly $20,000; it last traded at $15,281.29, down 7.1% on the day.",protocol_anchor,bitcoin,crypto_blockchain,medium_negative,yes,high,topical_but_not_primary,,annotation_source=auto_supplement; sampled_from_bucket=medium_negative,auto_supplement
us_electoral_politics,a2894eb16bf91709,crypto_blockchain,positive,medium_negative,160425,"Now, NH's top Bitcoin Vending Machine, the Manchester ""General Bytes"" unit at Murphy's Taproom has also added DASH, making New Hampshire the #1 state for DASH Vending Machines per capita with one DVM per 0.67 million population compared to Oregon's one per 1.3 million, and Florida's one per 2.25 million.",protocol_anchor,bitcoin,crypto_blockchain,medium_negative,yes,high,topical_but_not_primary,,annotation_source=auto_supplement; sampled_from_bucket=medium_negative,auto_supplement
us_electoral_politics,b5337f4467b4d33e,crypto_blockchain,positive,medium_negative,49726,"Images courtesy of Blockchain Embassy

At Bitcoin.com there’s a bunch of free helpful services.",protocol_anchor,bitcoin;blockchain,crypto_blockchain,medium_negative,yes,high,topical_but_not_primary,,annotation_source=auto_supplement; sampled_from_bucket=medium_negative,auto_supplement
us_electoral_politics,24d3fcbfcc765331,russia_post_soviet,positive,medium_negative,40834,"The Russian aircraft was flying from Sharm el-Sheikh to St Petersburg last Saturday when it crashed in the Sinai desert, killing all 224 people on board.",region_anchor,russian,russia_post_soviet,medium_negative,yes,high,topical_but_not_primary,,annotation_source=auto_supplement; sampled_from_bucket=medium_negative,auto_supplement
us_electoral_politics,7b4c1266c2a3c4d2,russia_post_soviet,positive,medium_negative,69381,"European leaders want to see Ukraine implement its new laws and decentralise governance, as agreed in the Minsk peace plan.",region_anchor,ukraine,russia_post_soviet,medium_negative,yes,high,topical_but_not_primary,,annotation_source=auto_supplement; sampled_from_bucket=medium_negative,auto_supplement
us_electoral_politics,7fb052d4ed8b5608,crypto_blockchain,positive,medium_negative,12837,"In a recent email to CoinJournal, Back was able to describe what needs to happen in order for two-way peg support to be possible in Bitcoin:

“Two-way peg support would generally be possible with any generic and sufficiently flexible scripting language, it is just a script that verifies a compact hash chain structure.",protocol_anchor,bitcoin,crypto_blockchain,medium_negative,yes,high,topical_but_not_primary,,annotation_source=auto_supplement; sampled_from_bucket=medium_negative,auto_supplement
us_electoral_politics,d9bfcf3aed8930e7,russia_post_soviet,positive,medium_negative,61591,"The State of Alaska is in the northwest corner of North America, bordered by Canada to the east and across the Bering Strait from Russia to the west.",region_anchor,russia,russia_post_soviet,medium_negative,yes,high,topical_but_not_primary,,annotation_source=auto_supplement; sampled_from_bucket=medium_negative,auto_supplement
us_electoral_politics,b3b76122fc9aa90a,russia_post_soviet,positive,medium_negative,8457,"Just this morning, Trump decided to smear last night’s bombshell report on the Trump camp’s continued contacts with Russian officials during the election as “illegal:”

The real scandal here is that classified information is illegally given out by ""intelligence"" like candy.",region_anchor,russian,russia_post_soviet,medium_negative,yes,high,topical_but_not_primary,,annotation_source=auto_supplement; sampled_from_bucket=medium_negative,auto_supplement
us_electoral_politics,7147e15e5c497398,crypto_blockchain,positive,medium_negative,205937,"Once more options for experimentation are available for developers, the pace of innovation on top of Bitcoin should increase.",protocol_anchor,bitcoin,crypto_blockchain,medium_negative,yes,high,topical_but_not_primary,,annotation_source=auto_supplement; sampled_from_bucket=medium_negative,auto_supplement
us_electoral_politics,a5b941cae8959ccc,crypto_blockchain,positive,medium_negative,79920,Bitcoin is money for digital goldbugs.,protocol_anchor,bitcoin,crypto_blockchain,medium_negative,yes,high,topical_but_not_primary,,annotation_source=auto_supplement; sampled_from_bucket=medium_negative,auto_supplement
us_electoral_politics,2547647d6f87b9e2,russia_post_soviet,positive,medium_negative,11477,The monitors recommended that the Security Council sanctions committee warn U.N. member states about the Taliban’s use of illegally mined marble for financing.,geopolitics_and_war,sanctions;security council,russia_post_soviet,medium_negative,yes,high,topical_but_not_primary,,annotation_source=auto_supplement; sampled_from_bucket=medium_negative,auto_supplement
us_electoral_politics,4fb1f2850bee2a29,russia_post_soviet,positive,medium_negative,69448,U.S. Presidents are not the habit of killing journalists whereas Putin does.,geopolitics_and_war,putin,russia_post_soviet,medium_negative,yes,high,topical_but_not_primary,,annotation_source=auto_supplement; sampled_from_bucket=medium_negative,auto_supplement
us_electoral_politics,75edcdd904e28565,crypto_blockchain,positive,medium_negative,177711,"The Monetary Authority of the country also published a report on the Ubin state program, which actually transfers the gross settlement system to blockchain.",protocol_anchor,blockchain,crypto_blockchain,medium_negative,yes,high,topical_but_not_primary,,annotation_source=auto_supplement; sampled_from_bucket=medium_negative,auto_supplement
us_electoral_politics,54ea5debeb0a6205,russia_post_soviet,positive,medium_negative,49638,It will be less peaceful and the relationship with Russia will be harmed.,region_anchor,russia,russia_post_soviet,medium_negative,yes,high,topical_but_not_primary,,annotation_source=auto_supplement; sampled_from_bucket=medium_negative,auto_supplement
us_electoral_politics,80c1c7d90983452b,russia_post_soviet,positive,medium_negative,34273,"Those responsible must be held to account and sanctions must be imposed on those who are behind these atrocities,” he said.",geopolitics_and_war,sanctions,russia_post_soviet,medium_negative,yes,high,topical_but_not_primary,,annotation_source=auto_supplement; sampled_from_bucket=medium_negative,auto_supplement
us_electoral_politics,a870cd99fe44d278,russia_post_soviet,positive,medium_negative,94665,"[1] After the October Revolution of 1917, Leninism became the dominant hegemonic force within the Russian revolutionary current, and in establishing further Bolshevik supremacy, the Bolsheviks had defeated the socialist opposition such as the Mensheviks and factions of the Socialist Revolutionary Party and also suppressed soviet democracy.",region_anchor,russian,russia_post_soviet,medium_negative,yes,high,topical_but_not_primary,,annotation_source=auto_supplement; sampled_from_bucket=medium_negative,auto_supplement
us_electoral_politics,f405ace72be9cee2,crypto_blockchain,positive,medium_negative,152607,"According to admissions made in connection with his guilty plea, Bridges admitted to using a private key to access a digital wallet belonging to the U.S. government, and subsequently transferring the bitcoin to other digital wallets at other bitcoin exchanges to which only he had access.",market_and_wallet;protocol_anchor,bitcoin;wallet,crypto_blockchain,medium_negative,yes,high,topical_but_not_primary,,annotation_source=auto_supplement; sampled_from_bucket=medium_negative,auto_supplement
us_electoral_politics,2e1a289fd2c8498e,russia_post_soviet,positive,medium_negative,48529,"The strongest single influence on Dr. Sacks's idea of how to develop these whimsical-sounding ""clinical tales"" was the Russian scientist Alexandr Luria (1902-77).",region_anchor,russian,russia_post_soviet,medium_negative,yes,high,topical_but_not_primary,,annotation_source=auto_supplement; sampled_from_bucket=medium_negative,auto_supplement
us_electoral_politics,5dd4b108de288f34,russia_post_soviet,positive,medium_negative,71576,"Advertisement:

A few days later, the administration of Donald Trump said plainly what had been clear since the Russian intervention of September 2015: that regime change in Damascus was off the table.",region_anchor,russian,russia_post_soviet,medium_negative,yes,high,topical_but_not_primary,,annotation_source=auto_supplement; sampled_from_bucket=medium_negative,auto_supplement
us_electoral_politics,4263118cfcb5b66c,crypto_blockchain,positive,medium_negative,199341,"The real fight is going to be who gets to be called ‘bitcoin’.”

And, what will happen if it does?",protocol_anchor,bitcoin,crypto_blockchain,medium_negative,yes,high,topical_but_not_primary,,annotation_source=auto_supplement; sampled_from_bucket=medium_negative,auto_supplement
us_electoral_politics,90983b2345ac4718,crypto_blockchain,positive,medium_negative,150742,Your photos will be credit card sized snapshots which can fit in any wallet and look great on any wall!,market_and_wallet,wallet,crypto_blockchain,medium_negative,yes,high,topical_but_not_primary,,annotation_source=auto_supplement; sampled_from_bucket=medium_negative,auto_supplement
us_electoral_politics,8190129acc2ae5e1,crypto_blockchain,positive,medium_negative,186427,"The move is part of a new liquidity-enhanced venture capital fund called Blockchain Capital III: a combination of a traditional limited partnership and the BCAP digital token, which will be sold in an upcoming initial token offering (ITO).",protocol_anchor,blockchain;token,crypto_blockchain,medium_negative,yes,high,topical_but_not_primary,,annotation_source=auto_supplement; sampled_from_bucket=medium_negative,auto_supplement
us_electoral_politics,f7c604a7224eda54,russia_post_soviet,positive,medium_negative,91549,"Also on Tuesday, Moscow accused Ukraine of undermining peace prospects by deliberately increasing its military activity in the east.",region_anchor,moscow;ukraine,russia_post_soviet,medium_negative,yes,high,topical_but_not_primary,,annotation_source=auto_supplement; sampled_from_bucket=medium_negative,auto_supplement
us_electoral_politics,ab86512b15f834a5,crypto_blockchain,positive,medium_negative,42400,"On Wednesday, a source with knowledge of the matter said Nasdaq Inc (NDAQ.O) plans to launch a futures contract based on bitcoin in 2018.",protocol_anchor,bitcoin,crypto_blockchain,medium_negative,yes,high,topical_but_not_primary,,annotation_source=auto_supplement; sampled_from_bucket=medium_negative,auto_supplement
us_electoral_politics,de08d1ee05dd2dd1,russia_post_soviet,positive,medium_negative,49656,Wammen has also said that Denmark would not hesitate to stand up to Russia telling the Financial Times that “the Russians know we will do what is necessary.”,region_anchor,russia,russia_post_soviet,medium_negative,yes,high,topical_but_not_primary,,annotation_source=auto_supplement; sampled_from_bucket=medium_negative,auto_supplement
us_electoral_politics,433df48b841b3c72,russia_post_soviet,positive,medium_negative,37101,"He was raised in the family home in the grounds of the Mariinsky Hospital for the Poor, which was in a lower class district on the edges of Moscow.",region_anchor,moscow,russia_post_soviet,medium_negative,yes,high,topical_but_not_primary,,annotation_source=auto_supplement; sampled_from_bucket=medium_negative,auto_supplement
us_electoral_politics,b81a724cd636f64b,russia_post_soviet,positive,medium_negative,93470,"Today’s neoliberal ultranationalist could be tomorrow’s Kremlin ally, and visa-versa.",region_anchor,kremlin,russia_post_soviet,medium_negative,yes,high,topical_but_not_primary,,annotation_source=auto_supplement; sampled_from_bucket=medium_negative,auto_supplement
us_electoral_politics,5201c0f33bbfbd4a,russia_post_soviet,positive,medium_negative,93458,"A perfect example of fascist-hype propaganda was recently published in Ha’aretz, headlined: ""Ukrainian rabbi tells Kiev’s Jews to flee city"":

""Fearing violence against Ukraine's Jews, the Jewish community asks Israel for assistance with the security of the community.",region_anchor;regional_entities,kiev;ukraine,russia_post_soviet,medium_negative,yes,high,topical_but_not_primary,,annotation_source=auto_supplement; sampled_from_bucket=medium_negative,auto_supplement
us_electoral_politics,a9618af92eaf921f,crypto_blockchain,positive,medium_negative,117968,"This week is chock full of good news with lots of exciting announcements coming out of The North American Bitcoin Conference in Chicago, MMA fighter Phil Baroni will sponsor bitcoin on SpikeTV, and a lot more.",protocol_anchor,bitcoin,crypto_blockchain,medium_negative,yes,high,topical_but_not_primary,,annotation_source=auto_supplement; sampled_from_bucket=medium_negative,auto_supplement
us_electoral_politics,8961694d252bd250,crypto_blockchain,positive,medium_negative,34136,"6:40pm (10 minutes):

BlockGeeks (http://blockgeeks.com/): Share & Grow Knowledge Around Blockchain Technology

AMEER ROSIC (http://www.ameerrosic.com/), Co-founder, Blockgeeks.",protocol_anchor,blockchain,crypto_blockchain,medium_negative,yes,high,topical_but_not_primary,,annotation_source=auto_supplement; sampled_from_bucket=medium_negative,auto_supplement
us_electoral_politics,598ae046eb5d714c,russia_post_soviet,positive,medium_negative,93010,The Russian Internet is filled with speculation about the participation of the Kremlin in encouraging and supporting ultra-right nationalist movements.,region_anchor,kremlin;russian,russia_post_soviet,medium_negative,yes,high,topical_but_not_primary,,annotation_source=auto_supplement; sampled_from_bucket=medium_negative,auto_supplement
us_electoral_politics,70e9344ea201459c,crypto_blockchain,positive,medium_negative,79542,"Blockchain has been one of the hottest areas on Wall Street this year, because it is seen as a way to indirectly play digital currencies like bitcoin, many of which have themselves seen massive price appreciation in 2017.",protocol_anchor,bitcoin;blockchain,crypto_blockchain,medium_negative,yes,high,topical_but_not_primary,,annotation_source=auto_supplement; sampled_from_bucket=medium_negative,auto_supplement
us_electoral_politics,f8dc7cf9ed1e6e67,russia_post_soviet,positive,medium_negative,22296,"Investigators

Earlier on Saturday, Dutch foreign minister Frans Timmermans met Ukrainian president Petro Poroshenko in Kiev and told him the Netherlands was ‘angry, furious’ at the news that bodies were being dragged around the crash site, Reuters said.",regional_entities,kiev,russia_post_soviet,medium_negative,yes,high,topical_but_not_primary,,annotation_source=auto_supplement; sampled_from_bucket=medium_negative,auto_supplement
us_electoral_politics,0887493a88ac77d7,crypto_blockchain,positive,medium_negative,117979,](http://cointelegraph.com/news/112101/what-is-the-blockchain-) The blockchain is a database displayed publicly for every Bitcoin transaction that happens in the Bitcoin network.,protocol_anchor,bitcoin;blockchain,crypto_blockchain,medium_negative,yes,high,topical_but_not_primary,,annotation_source=auto_supplement; sampled_from_bucket=medium_negative,auto_supplement
us_electoral_politics,8bca3bbf44bb28b4,crypto_blockchain,positive,medium_negative,137625,"Silk Road, the online anonymous drug marketplace that was shut down by law enforcement in late 2013, processed over $1 billion in sales during its 2.5 years of operations, and while the payment-system-orchestrated blockade against Wikileaks was in progress, Bitcoin and Litecoin donations were responsible for the bulk of its revenue.",protocol_anchor,bitcoin,crypto_blockchain,medium_negative,yes,high,topical_but_not_primary,,annotation_source=auto_supplement; sampled_from_bucket=medium_negative,auto_supplement
us_electoral_politics,b4639effba6ca3c2,russia_post_soviet,positive,medium_negative,13033,"We learn (which in fact we knew already if we’d been following this story) that Trump’s short-lived National Security Advisor, and former head of the US Defense Intelligence Agency, Michael Flynn, attended a conference on the subject of intelligence at Cambridge University, where he met a Russian woman, Svetlana Lokhova.",region_anchor,russian,russia_post_soviet,medium_negative,yes,high,topical_but_not_primary,,annotation_source=auto_supplement; sampled_from_bucket=medium_negative,auto_supplement
us_electoral_politics,f9d5ecc5b3563236,crypto_blockchain,positive,medium_negative,198857,"On an average, 15% of ecommerce shipments end up in returns, according to experts tracking the industry.This could mean huge numbers for Flipkart, as the company has said that it aims to sells goods worth $12 billion in the year ending March 31, a three-fold increase compared with the prior fiscal year.Analysts said Flipkart could also use the wallet to drive a strategy to give cashbacks rather than discounts to consumers, keeping them on the platform.",market_and_wallet,wallet,crypto_blockchain,medium_negative,yes,high,topical_but_not_primary,,annotation_source=auto_supplement; sampled_from_bucket=medium_negative,auto_supplement
us_electoral_politics,1a34c1109fcabec2,russia_post_soviet,positive,medium_negative,44998,He says hundreds are dying of hunger in eastern Ukraine's biggest city.,region_anchor,ukraine,russia_post_soviet,medium_negative,yes,high,topical_but_not_primary,,annotation_source=auto_supplement; sampled_from_bucket=medium_negative,auto_supplement
us_electoral_politics,22eb98bb603aee3e,crypto_blockchain,positive,medium_negative,186428,"Brock Pierce, managing partner at Blockchain Capital, believes that with this move they are “democratizing access to an asset class traditionally only available to elite institutional investors.”

Democratizing Venture Capitalism

Here’s how it works.",protocol_anchor,blockchain,crypto_blockchain,medium_negative,yes,high,topical_but_not_primary,,annotation_source=auto_supplement; sampled_from_bucket=medium_negative,auto_supplement
us_electoral_politics,6f0b05dd734c2056,crypto_blockchain,positive,medium_negative,209043,He runs a weekly newsletter all about bitcoin and digital currency called Crypto Brief.,protocol_anchor,bitcoin,crypto_blockchain,medium_negative,yes,high,topical_but_not_primary,,annotation_source=auto_supplement; sampled_from_bucket=medium_negative,auto_supplement
us_electoral_politics,dbcadf3aa5973313,crypto_blockchain,positive,medium_negative,172696,"(With forex regulation in Israel being a slow process, it will interesting to see if bitcoin laws get finalized first)

In the time being, without an answer from governing bodies, Israel banks are limiting the value amount of international transfers allowed to be sent to bitcoin exchanges; specifically to Japan, home of MtGox and the most bitcoin/money exchanging in the world.",protocol_anchor,bitcoin,crypto_blockchain,medium_negative,yes,high,topical_but_not_primary,,annotation_source=auto_supplement; sampled_from_bucket=medium_negative,auto_supplement
us_electoral_politics,c34daa72a5169a0f,crypto_blockchain,positive,medium_negative,159360,"Trust In Wall Street Is Gone: Blockchain Is The New Messiah

The world hasn’t yet forgotten the subprime business dealings that led to the 2008 financial crisis.",protocol_anchor,blockchain,crypto_blockchain,medium_negative,yes,high,topical_but_not_primary,,annotation_source=auto_supplement; sampled_from_bucket=medium_negative,auto_supplement
us_electoral_politics,d88f1bccdde2bb0e,russia_post_soviet,positive,medium_negative,99195,Then we drove down to Poklonnaya Hill and stopped at the Moscow State University.,region_anchor,moscow,russia_post_soviet,medium_negative,yes,high,topical_but_not_primary,,annotation_source=auto_supplement; sampled_from_bucket=medium_negative,auto_supplement
us_electoral_politics,303dbc200d12a161,russia_post_soviet,positive,medium_negative,93473,"b) The other Orange leader—the pro-EU, anti-Kremlin Viktor Yushchenko—wound up allying with pro-Kremlin Yanukovych to jail Yulia Tymoshenko.",region_anchor,kremlin,russia_post_soviet,medium_negative,yes,high,topical_but_not_primary,,annotation_source=auto_supplement; sampled_from_bucket=medium_negative,auto_supplement
us_electoral_politics,2a048f15729b9447,russia_post_soviet,positive,medium_negative,94678,"In April 1917, Lenin published the April Theses, the political strategy of the October Revolution (7–8 November 1917), which proposed that the Russian revolution was not an isolated national event, but a fundamentally international event—the first world socialist revolution.",region_anchor,russian,russia_post_soviet,medium_negative,yes,high,topical_but_not_primary,,annotation_source=auto_supplement; sampled_from_bucket=medium_negative,auto_supplement
us_electoral_politics,0b3c7a6fe1fbb95b,russia_post_soviet,positive,medium_negative,106893,"Everyday anti-Semitism

Nevertheless, some Jews are also concerned about their safety in Kiev.",regional_entities,kiev,russia_post_soviet,medium_negative,yes,high,topical_but_not_primary,,annotation_source=auto_supplement; sampled_from_bucket=medium_negative,auto_supplement
us_electoral_politics,0259420327fcc7b1,russia_post_soviet,positive,medium_negative,94759,"The Oppositionists

Until exiled from Russia in 1929, Trotsky helped develop and led the Left Opposition (and the later Joint Opposition) with members of the Workers' Opposition, the Decembrists and (later) the Zinovievists.",region_anchor,russia,russia_post_soviet,medium_negative,yes,high,topical_but_not_primary,,annotation_source=auto_supplement; sampled_from_bucket=medium_negative,auto_supplement
us_electoral_politics,bc6ee84cacb3b5cd,crypto_blockchain,positive,medium_negative,16976,"The company has expressed interest in bitcoin for a while, with eBay CEO John Donahoe saying in the past that it would play an “important role” in the company’s future.",protocol_anchor,bitcoin,crypto_blockchain,medium_negative,yes,high,topical_but_not_primary,,annotation_source=auto_supplement; sampled_from_bucket=medium_negative,auto_supplement
us_electoral_politics,479fa38ddd1c9743,crypto_blockchain,positive,medium_negative,79711,"This is made possible by moving away from addresses based on public key hashes, and implementing a new system called Signature Chains.While other blockchains consider larger block sizes or off-chain payment channels in an effort to increase transaction throughput, the Nexus 3DC proposes another solution, allowing Nexus to scale completely on-chain.Transaction processing is distributed across multiple channels working synergistically to increase transaction throughput as resources increase.",ecosystem_entities,on-chain,crypto_blockchain,medium_negative,yes,high,topical_but_not_primary,,annotation_source=auto_supplement; sampled_from_bucket=medium_negative,auto_supplement
us_electoral_politics,2a59c2fdd21f2a5d,russia_post_soviet,positive,medium_negative,87546,Now it’s come out that he neglected to mention that the Russian government was the source of the information.,region_anchor,russian,russia_post_soviet,medium_negative,yes,high,topical_but_not_primary,,annotation_source=auto_supplement; sampled_from_bucket=medium_negative,auto_supplement
us_electoral_politics,367521276f841ecb,crypto_blockchain,positive,medium_negative,133567,"Since launching its Bitcoin exchange, the firm has processed over $6 million in transactions and serves more than 20,000 happy users.",protocol_anchor,bitcoin,crypto_blockchain,medium_negative,yes,high,topical_but_not_primary,,annotation_source=auto_supplement; sampled_from_bucket=medium_negative,auto_supplement
us_electoral_politics,2d364cf44bb56cdf,crypto_blockchain,positive,medium_negative,97854,Those who have added commentary alongside the news of the app’s existence say it’s a pale competitor to the current wallet alternatives on the market.,market_and_wallet,wallet,crypto_blockchain,medium_negative,yes,high,topical_but_not_primary,,annotation_source=auto_supplement; sampled_from_bucket=medium_negative,auto_supplement
us_electoral_politics,93aafcb3ddadf7a6,crypto_blockchain,positive,medium_negative,137640,"For each individual case, an advocate of either the ""blockchain applications are overrated, it's the Bitcoin currency that matters"" or the ""blockchain tech as a whole is useless"" position can quite reasonably come up with a way to implement the scheme just as easily on a centralized server, replace blockchain governance with a legal contract, and apply whatever other replacements to turn the product into something much more similar to a traditional system.",protocol_anchor,bitcoin;blockchain,crypto_blockchain,medium_negative,yes,high,topical_but_not_primary,,annotation_source=auto_supplement; sampled_from_bucket=medium_negative,auto_supplement
us_electoral_politics,ed672c7201f8ca44,crypto_blockchain,positive,medium_negative,117978,"[Blockchain illustration by CoinTelegraph.com](https://blog.blockchain.com/content/images/2014/07/theblockchain.jpg)](https://blog.blockchain.com/content/images/2014/07/theblockchain.jpg)

[What is the Blockchain?",protocol_anchor,blockchain,crypto_blockchain,medium_negative,yes,high,topical_but_not_primary,,annotation_source=auto_supplement; sampled_from_bucket=medium_negative,auto_supplement
us_electoral_politics,d93efa8640dcf461,russia_post_soviet,positive,medium_negative,94720,"461–462[14]

Soviet constitutionalism was the collective government form of the Russian dictatorship of the proletariat, the opposite of the government form of the dictatorship of capital (privately owned means of production) practised in bourgeois democracies.",region_anchor,russian,russia_post_soviet,medium_negative,yes,high,topical_but_not_primary,,annotation_source=auto_supplement; sampled_from_bucket=medium_negative,auto_supplement
us_electoral_politics,e2a88b9f214d7d74,russia_post_soviet,positive,medium_negative,68476,"In 1995, Birshstein reportedly set up a week-long ""summit"" for big time Russian Mafia chiefs in Tel Aviv.",region_anchor,russian,russia_post_soviet,medium_negative,yes,high,topical_but_not_primary,,annotation_source=auto_supplement; sampled_from_bucket=medium_negative,auto_supplement
us_electoral_politics,dd20c023f916a9dc,crypto_blockchain,positive,medium_negative,38300,"For example, during the pre-ICO-boom years not many blockchain innovations were born there.",protocol_anchor,blockchain,crypto_blockchain,medium_negative,yes,high,topical_but_not_primary,,annotation_source=auto_supplement; sampled_from_bucket=medium_negative,auto_supplement
us_electoral_politics,879e48b3b81fccc2,crypto_blockchain,positive,medium_negative,95645,The Bitcoin supply is capped at 21 million.,protocol_anchor,bitcoin,crypto_blockchain,medium_negative,yes,high,topical_but_not_primary,,annotation_source=auto_supplement; sampled_from_bucket=medium_negative,auto_supplement
us_electoral_politics,677a590777ba4fab,russia_post_soviet,positive,medium_negative,102829,"In the latest attempt to thwart the Kremlin critic's campaign, police held Navalny after he left his apartment with the aim of attending a meeting in the provincial city of Nizhny Novgorod.",region_anchor,kremlin,russia_post_soviet,medium_negative,yes,high,topical_but_not_primary,,annotation_source=auto_supplement; sampled_from_bucket=medium_negative,auto_supplement
us_electoral_politics,ab1f461b6750b2c4,crypto_blockchain,positive,medium_negative,199320,"He told CoinDesk:

“[Bitcoin] Core is refusing to do anything in the short term that will actually increase capacity.",protocol_anchor,bitcoin,crypto_blockchain,medium_negative,yes,high,topical_but_not_primary,,annotation_source=auto_supplement; sampled_from_bucket=medium_negative,auto_supplement
us_electoral_politics,993465aa37cf01e5,russia_post_soviet,positive,medium_negative,45018,"Donetsk's mayor in exile, Alexander Lukyanchenko, who fled to Kiev in August after receiving separatist death threats, has criticized the government for the cutoff.",regional_entities,kiev,russia_post_soviet,medium_negative,yes,high,topical_but_not_primary,,annotation_source=auto_supplement; sampled_from_bucket=medium_negative,auto_supplement
us_electoral_politics,11411d07fd684d68,crypto_blockchain,positive,medium_negative,155348,It’s taken a decade for the world to catch up with Satoshi Nakamoto and the revolutionary ideas held within the bitcoin whitepaper.,protocol_anchor,bitcoin,crypto_blockchain,medium_negative,yes,high,topical_but_not_primary,,annotation_source=auto_supplement; sampled_from_bucket=medium_negative,auto_supplement
us_electoral_politics,69bffb1139190d2a,russia_post_soviet,positive,medium_negative,92972,"Izvestia, which is de facto the official organ of the Kremlin, was forced to acknowledge that ""The version that the lawyer's murder is connected with the release of Colonel Budanov comes quickly to mind.",region_anchor,kremlin,russia_post_soviet,medium_negative,yes,high,topical_but_not_primary,,annotation_source=auto_supplement; sampled_from_bucket=medium_negative,auto_supplement
us_electoral_politics,d007c3f9884dfd8b,russia_post_soviet,positive,medium_negative,11481,The Taliban has been under U.N. sanctions since 1999.,geopolitics_and_war,sanctions,russia_post_soviet,medium_negative,yes,high,topical_but_not_primary,,annotation_source=auto_supplement; sampled_from_bucket=medium_negative,auto_supplement
us_electoral_politics,ff004637d6000c21,russia_post_soviet,positive,medium_negative,18093,"To our knowledge, the unjust sanctions against Robinson remain in place, including the threat of termination for protected expression simply because someone may find it offensive.",geopolitics_and_war,sanctions,russia_post_soviet,medium_negative,yes,high,topical_but_not_primary,,annotation_source=auto_supplement; sampled_from_bucket=medium_negative,auto_supplement
us_electoral_politics,7e2ce05aa6dacec4,crypto_blockchain,positive,medium_negative,12835,"Cryptographer Adam Back is, perhaps, best known as the inventor of hashcash, which is the underlying proof-of-work system utilized by the Bitcoin blockchain.",protocol_anchor,bitcoin;blockchain,crypto_blockchain,medium_negative,yes,high,topical_but_not_primary,,annotation_source=auto_supplement; sampled_from_bucket=medium_negative,auto_supplement
us_electoral_politics,f167d920a54fb98c,crypto_blockchain,positive,medium_negative,127059,"I had about 100 conversations with people who are at the epicenter of the blockchain wave, including one of the approximately 35 people in the world who make up the Bitcoin Core team that’s responsible for the protocol’s upkeep.",protocol_anchor,bitcoin;blockchain,crypto_blockchain,medium_negative,yes,high,topical_but_not_primary,,annotation_source=auto_supplement; sampled_from_bucket=medium_negative,auto_supplement
us_electoral_politics,001fcab99a688386,crypto_blockchain,positive,medium_negative,11402,"“I think we will start to see people sell houses for Bitcoin,” he said.",protocol_anchor,bitcoin,crypto_blockchain,medium_negative,yes,high,topical_but_not_primary,,annotation_source=auto_supplement; sampled_from_bucket=medium_negative,auto_supplement
us_electoral_politics,babf1fa3a465ca29,crypto_blockchain,positive,medium_negative,117982,"Moghadam went on to say, “If you are using Bitcoin, you are making the world a better place.”

Top 5 Bitcoin Wallets in 2014

As with most forms of money, there are many different ways in which you can store your bitcoins.",protocol_anchor,bitcoin,crypto_blockchain,medium_negative,yes,high,topical_but_not_primary,,annotation_source=auto_supplement; sampled_from_bucket=medium_negative,auto_supplement
us_electoral_politics,329c666327ebfdd2,crypto_blockchain,positive,medium_negative,164239,"Dimon, who had previously compared bitcoin’s rise to the tulip boom and subsequent crash in the 17th century, took shots at bitcoin again on Friday.",protocol_anchor,bitcoin,crypto_blockchain,medium_negative,yes,high,topical_but_not_primary,,annotation_source=auto_supplement; sampled_from_bucket=medium_negative,auto_supplement
us_electoral_politics,f053b9f3864b50ce,russia_post_soviet,positive,medium_negative,563,The Russian central bank said on Friday the virus had also compromised some Russian banks in isolated cases.,region_anchor,russian,russia_post_soviet,medium_negative,yes,high,topical_but_not_primary,,annotation_source=auto_supplement; sampled_from_bucket=medium_negative,auto_supplement
us_electoral_politics,6da799baa41da724,crypto_blockchain,positive,medium_negative,180814,"As promised:

Crypto 101: Hardware Wallet Setup Guide / Walkthrough

Software Wallet Setup Coming Soon

I’m passionate about blockchains.",market_and_wallet,wallet,crypto_blockchain,medium_negative,yes,high,topical_but_not_primary,,annotation_source=auto_supplement; sampled_from_bucket=medium_negative,auto_supplement
us_electoral_politics,cea88a43dadc92fa,crypto_blockchain,positive,medium_negative,205915,"The group of contributors behind Bitcoin Core, the reference implementation of the Bitcoin protocol, have taken a lot of heat in the past year or so due to the misunderstandings related to the project’s development process.",protocol_anchor,bitcoin,crypto_blockchain,medium_negative,yes,high,topical_but_not_primary,,annotation_source=auto_supplement; sampled_from_bucket=medium_negative,auto_supplement
us_electoral_politics,4c4326c874147c51,crypto_blockchain,positive,medium_negative,135547,"Also Read: Australian Bitcoin Adoption Increases Following Regulatory Amendments

Using Bitcoin to Conduct Bill Payments

Despite bitcoin’s recent price surge triggering widespread use of the cryptocurrency as a speculative instrument, one Australian company is reporting increased usage of bitcoin as a means of payment.",protocol_anchor,bitcoin,crypto_blockchain,medium_negative,yes,high,topical_but_not_primary,,annotation_source=auto_supplement; sampled_from_bucket=medium_negative,auto_supplement
us_electoral_politics,ca008841a97b76ff,crypto_blockchain,positive,medium_negative,159375,"Our company, BitcoinIRA.com, allows investors to hold actual Bitcoin in their retirement accounts.",protocol_anchor,bitcoin,crypto_blockchain,medium_negative,yes,high,topical_but_not_primary,,annotation_source=auto_supplement; sampled_from_bucket=medium_negative,auto_supplement
us_electoral_politics,ffb52a6b16e4d345,crypto_blockchain,positive,medium_negative,159334,Japan’s widespread adoption and acceptance of Bitcoin sets a precedent for other countries.,protocol_anchor,bitcoin,crypto_blockchain,medium_negative,yes,high,topical_but_not_primary,,annotation_source=auto_supplement; sampled_from_bucket=medium_negative,auto_supplement
us_electoral_politics,1c1f19f4ce729798,russia_post_soviet,positive,medium_negative,93467,Everything you think you know about Ukraine is wrong.,region_anchor,ukraine,russia_post_soviet,medium_negative,yes,high,topical_but_not_primary,,annotation_source=auto_supplement; sampled_from_bucket=medium_negative,auto_supplement
us_electoral_politics,b8a46901437c6198,russia_post_soviet,positive,medium_negative,8714,"Russia's shipbuilding conglomerate, the United Shipbuilding Corp., declined to participate in the ranking.",region_anchor,russia,russia_post_soviet,medium_negative,yes,high,topical_but_not_primary,,annotation_source=auto_supplement; sampled_from_bucket=medium_negative,auto_supplement
us_electoral_politics,700e518cf36e7cc0,russia_post_soviet,positive,medium_negative,33485,"The developments come as Russia faces charges that its air strikes have killed dozens of civilians across Idlib province, including in an area near a hospital.",region_anchor,russia,russia_post_soviet,medium_negative,yes,high,topical_but_not_primary,,annotation_source=auto_supplement; sampled_from_bucket=medium_negative,auto_supplement
us_electoral_politics,c3e7399834369361,crypto_blockchain,positive,medium_negative,205932,"Although Bitcoin Core is attempting to create a more-open development process, Lombrozo falls short of saying developers should be able to push new changes to Bitcoin’s consensus rules directly to miners for their approval.",protocol_anchor,bitcoin,crypto_blockchain,medium_negative,yes,high,topical_but_not_primary,,annotation_source=auto_supplement; sampled_from_bucket=medium_negative,auto_supplement
us_electoral_politics,e64300f0c5f459ae,crypto_blockchain,positive,medium_negative,12844,"Back explained how this early implementation of the sidechains concept could eventually lead to decentralized, two-way peg sidechains on the Bitcoin network:

“In the mean time there is an approach to get a similar effect using a functionary model with multi-sig as a protocol adaptor, as described in appendix A of the sidechains white paper, so people can use side-chains in a different security model in the mean time.",protocol_anchor,bitcoin,crypto_blockchain,medium_negative,yes,high,topical_but_not_primary,,annotation_source=auto_supplement; sampled_from_bucket=medium_negative,auto_supplement
us_electoral_politics,74b59b0e8e3969bc,russia_post_soviet,positive,medium_negative,49633,"If it happens, Danish war ships will become targets for Russian atomic missiles,” Vanin wrote.",region_anchor,russian,russia_post_soviet,medium_negative,yes,high,topical_but_not_primary,,annotation_source=auto_supplement; sampled_from_bucket=medium_negative,auto_supplement
us_electoral_politics,d7f0283d7659ff2a,crypto_blockchain,positive,medium_negative,41509,"The HTF is a hot oil, and then the heat is transferred to molten salt for storage there, and when the heat is needed to generate electricity, steam is run through the turbine to generate electricity (Abengoa’s Solana, 2013).",ecosystem_entities,solana,crypto_blockchain,medium_negative,yes,high,topical_but_not_primary,,annotation_source=auto_supplement; sampled_from_bucket=medium_negative,auto_supplement
us_electoral_politics,e25311c0cf313afa,russia_post_soviet,positive,medium_negative,94767,"The anti–Trotsky campaign culminated in the executions (official and unofficial) of the Moscow Trials (1936–1938), which were part of the Great Purge of Old Bolsheviks (who had led the Revolution).",region_anchor,moscow,russia_post_soviet,medium_negative,yes,high,topical_but_not_primary,,annotation_source=auto_supplement; sampled_from_bucket=medium_negative,auto_supplement
us_electoral_politics,4e539c54f21b91c0,crypto_blockchain,positive,medium_negative,209030,"“When bitcoin is mature, I expect people to run to bitcoin the way they do to gold when the market gets scary,” Draper said in an email to Bitcoin Magazine.“Currently, there is not enough usage to make people feel comfortable investing in Bitcoin when they come out of the market.",protocol_anchor,bitcoin,crypto_blockchain,medium_negative,yes,high,topical_but_not_primary,,annotation_source=auto_supplement; sampled_from_bucket=medium_negative,auto_supplement
us_electoral_politics,be8497b4e499796f,crypto_blockchain,positive,medium_negative,135566,"That’s why the creator [Satoshi Nakamoto] is still a mystery.”

Do you use bitcoin as a means of payment, or do you HODL instead?",protocol_anchor,bitcoin,crypto_blockchain,medium_negative,yes,high,topical_but_not_primary,,annotation_source=auto_supplement; sampled_from_bucket=medium_negative,auto_supplement
us_electoral_politics,d1948aa0b437ccbc,crypto_blockchain,positive,medium_negative,42410,"FILE PHOTO: Bitcoin (virtual currency) coins placed on Dollar banknotes, next to computer keyboard, are seen in this illustration picture, November 6, 2017.",protocol_anchor,bitcoin,crypto_blockchain,medium_negative,yes,high,topical_but_not_primary,,annotation_source=auto_supplement; sampled_from_bucket=medium_negative,auto_supplement
us_electoral_politics,a73d37a1e41a89c3,russia_post_soviet,positive,medium_negative,69374,Ukraine wants commitment from the EU; the EU wants proof that Ukraine has really changed.,region_anchor,ukraine,russia_post_soviet,medium_negative,yes,high,topical_but_not_primary,,annotation_source=auto_supplement; sampled_from_bucket=medium_negative,auto_supplement
us_electoral_politics,47dce4c51db66f6d,crypto_blockchain,positive,medium_negative,205918,"Lombrozo is a longtime contributor to the project, and he’s been tasked with the job of clarifying various aspects of Bitcoin Core with the media and the general public as a whole.",protocol_anchor,bitcoin,crypto_blockchain,medium_negative,yes,high,topical_but_not_primary,,annotation_source=auto_supplement; sampled_from_bucket=medium_negative,auto_supplement
us_electoral_politics,5f8c86f0d7f19e66,crypto_blockchain,positive,medium_negative,14541,"“The challenge for the designers is to tie the coding of algorithms with the experiences they enable.” Post-Industrial Designers

“As every object becomes connected–from your couch to your fitness bracelet, the hospital room to your wallet–we need to think about connected experiences,” says Artefact’s Markus Wierzoch.",market_and_wallet,wallet,crypto_blockchain,medium_negative,yes,high,topical_but_not_primary,,annotation_source=auto_supplement; sampled_from_bucket=medium_negative,auto_supplement
us_electoral_politics,858266c99dacef06,russia_post_soviet,positive,medium_negative,585,"But computer piracy is a long-standing issue for technology companies in Russia, one which has as become increasingly acute as the country’s economic slump and falling earnings make licensed products prohibitively expensive.",region_anchor,russia,russia_post_soviet,medium_negative,yes,high,topical_but_not_primary,,annotation_source=auto_supplement; sampled_from_bucket=medium_negative,auto_supplement
us_electoral_politics,34719bb48989a319,crypto_blockchain,positive,medium_negative,199311,"The fact that a range of scaling proposals have been put forth over the last year, with none ultimately reaching full agreement from the bitcoin community, meant there was also a notable skepticism of the proposal.",protocol_anchor,bitcoin,crypto_blockchain,medium_negative,yes,high,topical_but_not_primary,,annotation_source=auto_supplement; sampled_from_bucket=medium_negative,auto_supplement
us_electoral_politics,eb0f282586118bc8,crypto_blockchain,positive,medium_negative,111319,One person even suggested that there could be a peer economy currency — maybe Bitcoin.,protocol_anchor,bitcoin,crypto_blockchain,medium_negative,yes,high,topical_but_not_primary,,annotation_source=auto_supplement; sampled_from_bucket=medium_negative,auto_supplement
us_electoral_politics,80ce37175a4a984f,crypto_blockchain,positive,medium_negative,135331,"Overall Concept

Details of the IPO

Deposit/withdrawal of Bitcoin and clones

Share system and the distribution of dividends

Faucet

Gambling algorythm

Logos / Design studies

Part of the exchange code

Social Gaming System

Chat system

Realistically speaking we have finished about 30% of the core work.",protocol_anchor,bitcoin,crypto_blockchain,medium_negative,yes,high,topical_but_not_primary,,annotation_source=auto_supplement; sampled_from_bucket=medium_negative,auto_supplement
us_electoral_politics,8bef84e5c74531eb,crypto_blockchain,positive,medium_negative,11392,"“I think that cash is on its way out, cash is very devalued and Bitcoin is the future.”

The crypto-currency is an electronic way for people to pay each other or retailers for goods and services either over the internet or a mobile network.",protocol_anchor,bitcoin,crypto_blockchain,medium_negative,yes,high,topical_but_not_primary,,annotation_source=auto_supplement; sampled_from_bucket=medium_negative,auto_supplement
us_electoral_politics,90a21ad3d3320093,crypto_blockchain,positive,medium_negative,39762,"Rather than an untraceable cash transfer such as Western Union, or an anonymous crypto currency such as Bitcoin, we opt for a simple bank transfer.",protocol_anchor,bitcoin,crypto_blockchain,medium_negative,yes,high,topical_but_not_primary,,annotation_source=auto_supplement; sampled_from_bucket=medium_negative,auto_supplement
us_electoral_politics,5b1a0b825cdecfc2,crypto_blockchain,positive,medium_negative,49713,"A press release sent to bitcoin.com, said the embassy will also start giving cryptocurrency workshops and presentations.",protocol_anchor,bitcoin,crypto_blockchain,medium_negative,yes,high,topical_but_not_primary,,annotation_source=auto_supplement; sampled_from_bucket=medium_negative,auto_supplement
us_electoral_politics,f9de253ee554008e,russia_post_soviet,positive,medium_negative,94742,"[26]

Leninism after 1924 [ edit ]

In post-Revolutionary Russia, Stalinism (socialism in one country) and Trotskyism (permanent world revolution) were the principal philosophies of communism that claimed legitimate ideological descent from Leninism, thus within the Communist Party, each ideological faction denied the political legitimacy of the opposing faction.",region_anchor,russia,russia_post_soviet,medium_negative,yes,high,topical_but_not_primary,,annotation_source=auto_supplement; sampled_from_bucket=medium_negative,auto_supplement
us_electoral_politics,8b30528b47734a03,crypto_blockchain,positive,medium_negative,143928,"As a functional “money” Bitcoin’s parameters are actually pretty bad, but we can cover that at a later date perhaps.",protocol_anchor,bitcoin,crypto_blockchain,medium_negative,yes,high,topical_but_not_primary,,annotation_source=auto_supplement; sampled_from_bucket=medium_negative,auto_supplement
us_electoral_politics,2bb18020b2410c53,russia_post_soviet,positive,medium_negative,17003,The whole dirty story was fabricated - a disgraceful scheme to delegitimize Trump and prevent normalizing ties with Russia.,region_anchor,russia,russia_post_soviet,medium_negative,yes,high,topical_but_not_primary,,annotation_source=auto_supplement; sampled_from_bucket=medium_negative,auto_supplement
us_electoral_politics,770f6cb84aab5d92,crypto_blockchain,positive,medium_negative,137723,"The case of reputation is interesting because it combines together multiple benefits of the blockchain as a platform:

Its use as a data store for identity

Its use as a data store for reputational records

Inter-application interoperability (ratings tied to proof of payment, ability for any algorithm to work over the same underlying set of data, etc)

A guarantee that the underlying data will be portable going into the future (companies may voluntarily provide a reputation certificate in an exportable format, but they have no way to pre-commit to continuing to have that functionality going into the future)

The use of a decentralized platform more generally to guarantee that the reputation wasn't manipulated at the point of calculation

Now, for all of these benefits, there are substitutes: we can trust Visa and Mastercard to provide cryptographically signed receipts that a particular transaction took place, we can store reputational records on archive.org, we can have servers talk to each other, we can have private companies specify in their terms of service that they agree to be nice, and so forth.",protocol_anchor,blockchain,crypto_blockchain,medium_negative,yes,high,topical_but_not_primary,,annotation_source=auto_supplement; sampled_from_bucket=medium_negative,auto_supplement
us_electoral_politics,37312262efc6f43f,crypto_blockchain,positive,medium_negative,117971,"[tnabc](https://blog.blockchain.com/content/images/2014/07/tnabc.jpg)](https://blog.blockchain.com/content/images/2014/07/tnabc.jpg)

[Gallery: Bitcoin Community Spirit Shines at TNABC Chicago](http://www.coindesk.com/gallery-bitcoin-community-tnabc-chicago/)

The North American Bitcoin Conference brought the full range of the international bitcoin community to Chicago’s McCormick Place convention center for two days of discussion on all things digital currency.",protocol_anchor,bitcoin;blockchain,crypto_blockchain,medium_negative,yes,high,topical_but_not_primary,,annotation_source=auto_supplement; sampled_from_bucket=medium_negative,auto_supplement
us_electoral_politics,a9b4872a08b87e0c,russia_post_soviet,positive,medium_negative,99122,"But, that was precisely the reason why we chose Russia.",region_anchor,russia,russia_post_soviet,medium_negative,yes,high,topical_but_not_primary,,annotation_source=auto_supplement; sampled_from_bucket=medium_negative,auto_supplement
us_electoral_politics,76187c1137aab58b,russia_post_soviet,positive,medium_negative,69382,Some worry that failure to do this will invite Russia to relaunch the war.,region_anchor,russia,russia_post_soviet,medium_negative,yes,high,topical_but_not_primary,,annotation_source=auto_supplement; sampled_from_bucket=medium_negative,auto_supplement
us_electoral_politics,560d1deb87d035af,crypto_blockchain,positive,medium_negative,197829,"Depending on how you want to configure your mining rig, these settings can be static, or dynamic.",market_and_wallet,mining,crypto_blockchain,medium_negative,yes,high,topical_but_not_primary,,annotation_source=auto_supplement; sampled_from_bucket=medium_negative,auto_supplement
us_electoral_politics,e91d5684c35fd3a2,russia_post_soviet,positive,medium_negative,35204,"For Russian and Soviet footballer, see Aleksei Troitsky (footballer)

A.",region_anchor,russian,russia_post_soviet,medium_negative,yes,high,topical_but_not_primary,,annotation_source=auto_supplement; sampled_from_bucket=medium_negative,auto_supplement
us_electoral_politics,be1ae2b37fa4abb0,crypto_blockchain,positive,medium_negative,79525,"US:LTEA on Thursday said it was rebranding to become Long Blockchain Corp., and that it was “shifting its primary corporate focus towards the exploration of and investment in opportunities that leverage the benefits of blockchain technology.”

The stock nearly quadruped at its peak of the session.",protocol_anchor,blockchain,crypto_blockchain,medium_negative,yes,high,topical_but_not_primary,,annotation_source=auto_supplement; sampled_from_bucket=medium_negative,auto_supplement
us_electoral_politics,0954c39ee258bc49,crypto_blockchain,positive,medium_negative,60612,"The currency works on a cloud database called the blockchain, which houses all transactions ever made.",protocol_anchor,blockchain,crypto_blockchain,medium_negative,yes,high,topical_but_not_primary,,annotation_source=auto_supplement; sampled_from_bucket=medium_negative,auto_supplement
us_electoral_politics,ff3697af31687d5b,crypto_blockchain,positive,medium_negative,74193,"In terms of SegNet 4, the Blockstream Core Tech Engineer added, “It’s the last bitcoin protocol change required to make lightning a reality.”",protocol_anchor,bitcoin,crypto_blockchain,medium_negative,yes,high,topical_but_not_primary,,annotation_source=auto_supplement; sampled_from_bucket=medium_negative,auto_supplement
us_electoral_politics,c6b60011df38bce6,russia_post_soviet,positive,medium_negative,37094,"From there he was assigned to a Moscow hospital, where he served as military doctor, and in 1818, he was appointed a senior physician.",region_anchor,moscow,russia_post_soviet,medium_negative,yes,high,topical_but_not_primary,,annotation_source=auto_supplement; sampled_from_bucket=medium_negative,auto_supplement
us_electoral_politics,4ca96dd747d453fe,russia_post_soviet,positive,medium_negative,18107,A Champions League debut against CSKA Moscow followed the next season before injury started to hinder his progress in establishing himself as a United first-team regular.,region_anchor,moscow,russia_post_soviet,medium_negative,yes,high,topical_but_not_primary,,annotation_source=auto_supplement; sampled_from_bucket=medium_negative,auto_supplement
us_electoral_politics,17de37d53c54d908,russia_post_soviet,positive,medium_negative,22288,"Putin now ‘has to show that he will do what is expected of him and will exert his influence,’ the Dutch prime minister said.",geopolitics_and_war,putin,russia_post_soviet,medium_negative,yes,high,topical_but_not_primary,,annotation_source=auto_supplement; sampled_from_bucket=medium_negative,auto_supplement
us_electoral_politics,ec85813c82893302,crypto_blockchain,positive,medium_negative,199322,"Elsewhere, comments underscored a key divide in the argument, whether the bitcoin network should even adapt to the needs of startups.",protocol_anchor,bitcoin,crypto_blockchain,medium_negative,yes,high,topical_but_not_primary,,annotation_source=auto_supplement; sampled_from_bucket=medium_negative,auto_supplement
us_electoral_politics,83f482d2484a6549,russia_post_soviet,positive,medium_negative,81081,"On seeing the Pentagon in flames, the lead fighter pilot later explained, “I reverted to the Russian threat.",region_anchor,russian,russia_post_soviet,medium_negative,yes,high,topical_but_not_primary,,annotation_source=auto_supplement; sampled_from_bucket=medium_negative,auto_supplement
us_electoral_politics,37265fedd409a77e,russia_post_soviet,positive,medium_negative,93468,Everyone looking for a proxy side to support or oppose in the Ukraine political dynamic will be disappointed.,region_anchor,ukraine,russia_post_soviet,medium_negative,yes,high,topical_but_not_primary,,annotation_source=auto_supplement; sampled_from_bucket=medium_negative,auto_supplement
us_electoral_politics,31b3859355274e88,crypto_blockchain,positive,medium_negative,135550,The second most utilized cryptocurrency is Ethereum – accounting for 19.3% of the company’s business.,protocol_anchor,ethereum,crypto_blockchain,medium_negative,yes,high,topical_but_not_primary,,annotation_source=auto_supplement; sampled_from_bucket=medium_negative,auto_supplement
us_electoral_politics,aac0430d7f303470,russia_post_soviet,positive,medium_negative,1200,"Deathstroke : Right on page one, third panel: observing an assault team facing off against Slade Wilson in Moscow.",region_anchor,moscow,russia_post_soviet,medium_negative,yes,high,topical_but_not_primary,,annotation_source=auto_supplement; sampled_from_bucket=medium_negative,auto_supplement
us_electoral_politics,8faa2ae13577ad3e,crypto_blockchain,positive,medium_negative,199299,"Yifu Guo, the founder of bitcoin mining firm Avalon (now Canaan), professed to skepticism that the timeline would be held.",market_and_wallet;protocol_anchor,bitcoin;mining,crypto_blockchain,medium_negative,yes,high,topical_but_not_primary,,annotation_source=auto_supplement; sampled_from_bucket=medium_negative,auto_supplement
us_electoral_politics,3ff9580f5467df34,crypto_blockchain,positive,medium_negative,55066,The reputation of Deloitte should ensure that Watts’ advice on Bitcoin regulation is taken into account by regulators and policymakers.,protocol_anchor,bitcoin,crypto_blockchain,medium_negative,yes,high,topical_but_not_primary,,annotation_source=auto_supplement; sampled_from_bucket=medium_negative,auto_supplement
us_electoral_politics,fd9fa6b77c4c845c,russia_post_soviet,positive,medium_negative,94711,"About the political disenfranchisement of the Russian capitalist social classes, Lenin said that ""depriving the exploiters of the franchise is a purely Russian question, and not a question of the dictatorship of the proletariat, in general.",region_anchor,russian,russia_post_soviet,medium_negative,yes,high,topical_but_not_primary,,annotation_source=auto_supplement; sampled_from_bucket=medium_negative,auto_supplement
us_electoral_politics,6a5335ccd49efa00,russia_post_soviet,positive,medium_negative,45009,The separatists and Russia have decried the pension cutoff as inhumane.,region_anchor,russia,russia_post_soviet,medium_negative,yes,high,topical_but_not_primary,,annotation_source=auto_supplement; sampled_from_bucket=medium_negative,auto_supplement
us_electoral_politics,026820c434a4aa25,russia_post_soviet,positive,medium_negative,586,"A woman walks past a branch of Russian Post in Moscow, Russia, May 24, 2017.",region_anchor,moscow;russia;russian,russia_post_soviet,medium_negative,yes,high,topical_but_not_primary,,annotation_source=auto_supplement; sampled_from_bucket=medium_negative,auto_supplement
us_electoral_politics,fd92174491f49888,crypto_blockchain,positive,medium_negative,199260,"Second, it stated that the undersigned businesses would agree to activate software that would upgrade bitcoin’s block size to 2MB via a process known as a hard fork.",protocol_anchor,bitcoin,crypto_blockchain,medium_negative,yes,high,topical_but_not_primary,,annotation_source=auto_supplement; sampled_from_bucket=medium_negative,auto_supplement
us_electoral_politics,56de331bd2ce8b18,russia_post_soviet,positive,medium_negative,13055,"For instance, when discussing Trump and Deutsche Bank, and trying to make it sound as if Trump was in some way connected to the Kremlin because he was borrowing from the Germans, Harding writes, “The sources insist that the answer was negative.",region_anchor,kremlin,russia_post_soviet,medium_negative,yes,high,topical_but_not_primary,,annotation_source=auto_supplement; sampled_from_bucket=medium_negative,auto_supplement
us_electoral_politics,5664b6fa96535080,russia_post_soviet,positive,medium_negative,558,Terminals were still blank in some parts of Moscow this week but it was not clear exactly how many branches had been affected.,region_anchor,moscow,russia_post_soviet,medium_negative,yes,high,topical_but_not_primary,,annotation_source=auto_supplement; sampled_from_bucket=medium_negative,auto_supplement
us_electoral_politics,c2be2498b9cf6aee,russia_post_soviet,positive,medium_negative,93429,"It’s amazing how little has changed in this dynamic:

""Almost all of Ukraine’s oligarchs are from the east or Kiev, and they almost exclusively lined up in support of Yanukovych, a Donetsk native.",region_anchor;regional_entities,kiev;ukraine,russia_post_soviet,medium_negative,yes,high,topical_but_not_primary,,annotation_source=auto_supplement; sampled_from_bucket=medium_negative,auto_supplement
us_electoral_politics,37e1912f8c0705c3,crypto_blockchain,positive,medium_negative,127068,"Guess who’s investing

In this market of people putting their Ethereum tokens into ICOs for decentralized startups, the funding sources are not your typical suited-up investors.",protocol_anchor,ethereum,crypto_blockchain,medium_negative,yes,high,topical_but_not_primary,,annotation_source=auto_supplement; sampled_from_bucket=medium_negative,auto_supplement
us_electoral_politics,f14f444a6588d139,russia_post_soviet,positive,medium_negative,93445,"""But the crowds in Kiev, which can swell up to a million on a good day and are always in the hundreds of thousands, are there out of their own homegrown sense of outrage, not because some State Department bureaucrats willed them there.",regional_entities,kiev,russia_post_soviet,medium_negative,yes,high,topical_but_not_primary,,annotation_source=auto_supplement; sampled_from_bucket=medium_negative,auto_supplement
us_electoral_politics,edc9a30478e37482,crypto_blockchain,positive,medium_negative,209031,"I expect that to change.”

Draper suggests that currently, bitcoin is far too speculative an investment for it to be a store of value.",protocol_anchor,bitcoin,crypto_blockchain,medium_negative,yes,high,topical_but_not_primary,,annotation_source=auto_supplement; sampled_from_bucket=medium_negative,auto_supplement
us_electoral_politics,367b390b42554bbf,russia_post_soviet,positive,medium_negative,37219,"""Solyanka,"" a sour soup with meat and pickled vegetables originating in Russia, still appears regularly on her dinner table, and likely those of many former East Germans.",region_anchor,russia,russia_post_soviet,medium_negative,yes,high,topical_but_not_primary,,annotation_source=auto_supplement; sampled_from_bucket=medium_negative,auto_supplement
us_electoral_politics,e6abdc1234294125,crypto_blockchain,positive,medium_negative,164236,"“Bitcoin just shows you how much demand for money laundering there is in the world,” Fink said at the Institute of International Finance on Friday.",protocol_anchor,bitcoin,crypto_blockchain,medium_negative,yes,high,topical_but_not_primary,,annotation_source=auto_supplement; sampled_from_bucket=medium_negative,auto_supplement
us_electoral_politics,72e010560b138f90,russia_post_soviet,positive,medium_negative,74365,I bet that in the future everyone will know the name of this Russian guy.,region_anchor,russian,russia_post_soviet,medium_negative,yes,high,topical_but_not_primary,,annotation_source=auto_supplement; sampled_from_bucket=medium_negative,auto_supplement
us_electoral_politics,a0314e1cbee58dfc,crypto_blockchain,positive,medium_negative,117987,"Gliph iOS Messaging App Reinstates Bitcoin Functionality

Privacy-focused messaging app Gliph once again supports bitcoin functionality in its newest iOS release.",protocol_anchor,bitcoin,crypto_blockchain,medium_negative,yes,high,topical_but_not_primary,,annotation_source=auto_supplement; sampled_from_bucket=medium_negative,auto_supplement
us_electoral_politics,b8ac1851c56bdfab,crypto_blockchain,positive,medium_negative,209035,"Draper explained that the bitcoin ecosystem isn’t in a place, yet, for this to happen.",protocol_anchor,bitcoin,crypto_blockchain,medium_negative,yes,high,topical_but_not_primary,,annotation_source=auto_supplement; sampled_from_bucket=medium_negative,auto_supplement
us_electoral_politics,24bbf9719ccefa84,crypto_blockchain,positive,medium_negative,12867,"Furthermore, its Blockchain+ trading platform will open up bitcoin cash (BCC, BCH) withdrawals before Sunday, September 24.",protocol_anchor,bitcoin;blockchain,crypto_blockchain,medium_negative,yes,high,topical_but_not_primary,,annotation_source=auto_supplement; sampled_from_bucket=medium_negative,auto_supplement
us_electoral_politics,3a40ea00d631f1ba,crypto_blockchain,positive,medium_negative,152608,"As part of his plea, Bridges agreed to turn over the stolen bitcoin to U.S. agents.",protocol_anchor,bitcoin,crypto_blockchain,medium_negative,yes,high,topical_but_not_primary,,annotation_source=auto_supplement; sampled_from_bucket=medium_negative,auto_supplement
us_electoral_politics,f7e80d91205dada1,crypto_blockchain,positive,medium_negative,180086,"""We're committed to ensuring the largest possible number of users benefit from bitcoin, without eroding these fundamental values.""",protocol_anchor,bitcoin,crypto_blockchain,medium_negative,yes,high,topical_but_not_primary,,annotation_source=auto_supplement; sampled_from_bucket=medium_negative,auto_supplement
us_electoral_politics,f8d6ae39f4abd4a0,crypto_blockchain,positive,medium_negative,61080,"Betting on Bitcoin

As part of the team’s efforts to evolve and innovate, Ked.ai now accepts bitcoins as a payment option, enabling its merchants to integrate a Bitcoin wallet into their shops easily.",market_and_wallet;protocol_anchor,bitcoin;wallet,crypto_blockchain,medium_negative,yes,high,topical_but_not_primary,,annotation_source=auto_supplement; sampled_from_bucket=medium_negative,auto_supplement
us_electoral_politics,e2780a4bf1750d59,russia_post_soviet,positive,medium_negative,90587,"The United Nations doesn't want countries to recognize Crimea as part of Russia, and some top Republicans are staunchly defending Crimea against what they say is Russian aggression.",region_anchor;regional_entities,crimea;russia;russian,russia_post_soviet,medium_negative,yes,high,topical_but_not_primary,,annotation_source=auto_supplement; sampled_from_bucket=medium_negative,auto_supplement
us_electoral_politics,fd56e9a0f2aac2bb,crypto_blockchain,positive,medium_negative,119965,"ATLANT Wallet

ABOUT ATLANT

ATLANT is a revolutionary global real estate platform enabling tokenization of real estate ownership and P2P rentals.",market_and_wallet,wallet,crypto_blockchain,medium_negative,yes,high,topical_but_not_primary,,annotation_source=auto_supplement; sampled_from_bucket=medium_negative,auto_supplement
us_electoral_politics,3c952496d0966467,russia_post_soviet,positive,medium_negative,13056,"No trail to Moscow was ever discovered, they told us.”

This isn’t a lone example.",region_anchor,moscow,russia_post_soviet,medium_negative,yes,high,topical_but_not_primary,,annotation_source=auto_supplement; sampled_from_bucket=medium_negative,auto_supplement
us_electoral_politics,c91e394576f36cfc,crypto_blockchain,positive,medium_negative,117973,"App Shows Bitcoin’s Reach Into Everyday Tokyo Life

The latest indicator of bitcoin’s growing presence in daily life in Tokyo is the Blockchain wallet app which offers users information on where they can use bitcoin to buy real goods and services in the capital.",market_and_wallet;protocol_anchor,bitcoin;blockchain;wallet,crypto_blockchain,medium_negative,yes,high,topical_but_not_primary,,annotation_source=auto_supplement; sampled_from_bucket=medium_negative,auto_supplement
us_electoral_politics,e4de2ae07416273b,russia_post_soviet,positive,medium_negative,99174,"Peterhof Palace, Russian Folklore Show

On the third day, we were on our own.",region_anchor,russian,russia_post_soviet,medium_negative,yes,high,topical_but_not_primary,,annotation_source=auto_supplement; sampled_from_bucket=medium_negative,auto_supplement
us_electoral_politics,b9b63609f9c7b858,crypto_blockchain,positive,medium_negative,119960,"Added ATLANT DEX (Decentralized Exchange) section mockup (to be removed in next version)

Separate Apps for Wallet, Rentals and Exchange (ATLANT DEX) Moving Forward

ATLANT also announced that it will be releasing separate apps for Rentals and Exchange functionality, and that these feature sets will be removed from the Wallet app, which will continue to be updated.",market_and_wallet,wallet,crypto_blockchain,medium_negative,yes,high,topical_but_not_primary,,annotation_source=auto_supplement; sampled_from_bucket=medium_negative,auto_supplement
us_electoral_politics,dece53c3b665d909,russia_post_soviet,positive,medium_negative,49643,"We are in disagreement with Russia on a number of important things but it is important that the tone between us does not escalate,” Lidegaard told Jyllands-Posten.",region_anchor,russia,russia_post_soviet,medium_negative,yes,high,topical_but_not_primary,,annotation_source=auto_supplement; sampled_from_bucket=medium_negative,auto_supplement
us_electoral_politics,f34296fb694f3669,russia_post_soviet,positive,medium_negative,90119,"If I own a Kalashnikov product, is that product blocked by sanctions?",geopolitics_and_war,sanctions,russia_post_soviet,medium_negative,yes,high,topical_but_not_primary,,annotation_source=auto_supplement; sampled_from_bucket=medium_negative,auto_supplement
us_electoral_politics,ac567b06f1764d0a,russia_post_soviet,positive,medium_negative,56483,"Just after the Bolshevik revolution, the state used innovative policies to approach the Russian Empire’s brutally oppressed Muslim minorities.",region_anchor,russian,russia_post_soviet,medium_negative,yes,high,topical_but_not_primary,,annotation_source=auto_supplement; sampled_from_bucket=medium_negative,auto_supplement
us_electoral_politics,96af219bff9e3516,crypto_blockchain,positive,medium_negative,160524,"Some of Japan’s largest retail giants including Bic Camera, which hold a massive influence over the Japanese technology and consumer markets, began to accept Bitcoin payments at their locations.",protocol_anchor,bitcoin,crypto_blockchain,medium_negative,yes,high,topical_but_not_primary,,annotation_source=auto_supplement; sampled_from_bucket=medium_negative,auto_supplement
us_electoral_politics,5c3d4a8ccde30520,crypto_blockchain,positive,medium_negative,135564,"If people want to get rich off bitcoin they can, that’s their choice.",protocol_anchor,bitcoin,crypto_blockchain,medium_negative,yes,high,topical_but_not_primary,,annotation_source=auto_supplement; sampled_from_bucket=medium_negative,auto_supplement
us_electoral_politics,2f218105ca76c613,russia_post_soviet,positive,medium_negative,71579,"With Turkey now drifting towards the Russian-Iranian narrative and Jordan dragged into chaos by the refugee crisis, easy borders to resupply the rebels are no longer available.",region_anchor,russian,russia_post_soviet,medium_negative,yes,high,topical_but_not_primary,,annotation_source=auto_supplement; sampled_from_bucket=medium_negative,auto_supplement
us_electoral_politics,6748b0238d2325a4,russia_post_soviet,positive,medium_negative,65846,"He also noted that since Ukraine is undergoing only partial troop mobilization, the article of the criminal code mentioned does not apply in this case.",region_anchor,ukraine,russia_post_soviet,medium_negative,yes,high,topical_but_not_primary,,annotation_source=auto_supplement; sampled_from_bucket=medium_negative,auto_supplement
us_electoral_politics,1360ed32165c184e,crypto_blockchain,positive,medium_negative,160418,"Due to the growing pains Bitcoin has been experiencing, people here have been looking hard at other alternatives.",protocol_anchor,bitcoin,crypto_blockchain,medium_negative,yes,high,topical_but_not_primary,,annotation_source=auto_supplement; sampled_from_bucket=medium_negative,auto_supplement
us_electoral_politics,cff29d3895288448,crypto_blockchain,positive,medium_negative,160527,"If Bitcoin scalability issues are addressed within this year, with innovative solutions such as Bitcoin Core’s Segregated Witness (SegWit), Andrew Lee’s Extension Blocks or other potential emerging solutions, Bitcoin price will most likely demonstrate an exponential mid and long-term increase.",protocol_anchor,bitcoin,crypto_blockchain,medium_negative,yes,high,topical_but_not_primary,,annotation_source=auto_supplement; sampled_from_bucket=medium_negative,auto_supplement
us_electoral_politics,eb7319814add1d10,crypto_blockchain,positive,medium_negative,218548,"So I must repay that kindness by staking my life for him for the rest of my lifetime!”

“King…?”

Looking at the suspicion on the faces of both Hisagi and Hanatarō, Seinosuke gave a strained laugh whilst addressing the child.",market_and_wallet,staking,crypto_blockchain,medium_negative,yes,high,topical_but_not_primary,,annotation_source=auto_supplement; sampled_from_bucket=medium_negative,auto_supplement
us_electoral_politics,4498ed5786fb4caa,russia_post_soviet,positive,medium_negative,59248,"In the Gallup poll released last week, an overwhelming majority of Ukrainian respondents identified themselves as “struggling” or “suffering.”

Citing his own Warsaw University studies and national surveys, Spiewak said that Polish people are particularly anxious about their nation’s military preparedness and the prospect of a human wave coming from Ukraine.",region_anchor,ukraine,russia_post_soviet,medium_negative,yes,high,topical_but_not_primary,,annotation_source=auto_supplement; sampled_from_bucket=medium_negative,auto_supplement
us_electoral_politics,6c50a74b7af8b102,russia_post_soviet,positive,medium_negative,67902,"If Russia loses a Yezhov-type administration, his system of personal administration will soon enter a fatal crisis.”

Related:

Tags: Chechens, Chechnya, international, Kadyrov, Putin's regime, Russia, Russian disintegration, Russian-Chechen wars",geopolitics_and_war;region_anchor,putin;russia;russian,russia_post_soviet,medium_negative,yes,high,topical_but_not_primary,,annotation_source=auto_supplement; sampled_from_bucket=medium_negative,auto_supplement
us_electoral_politics,c3a762560d85030e,russia_post_soviet,positive,medium_negative,102835,"Navalny was detained prior to arriving at his last two rallies in Moscow on March 26 and June 12, serving sentences of 15 days and 25 days for organising unauthorised protests.",region_anchor,moscow,russia_post_soviet,medium_negative,yes,high,topical_but_not_primary,,annotation_source=auto_supplement; sampled_from_bucket=medium_negative,auto_supplement
us_electoral_politics,39e997e4fa3630eb,russia_post_soviet,positive,medium_negative,43217,"Amnesty's Moscow office was ""inspected"" by prosecutors and tax inspectors on 25 March.",region_anchor,moscow,russia_post_soviet,medium_negative,yes,high,topical_but_not_primary,,annotation_source=auto_supplement; sampled_from_bucket=medium_negative,auto_supplement
us_electoral_politics,ba8f4b7696e48b41,crypto_blockchain,positive,medium_negative,209028,"However, some think that Bitcoin might one day trump gold as a means of protecting against volatility.",protocol_anchor,bitcoin,crypto_blockchain,medium_negative,yes,high,topical_but_not_primary,,annotation_source=auto_supplement; sampled_from_bucket=medium_negative,auto_supplement
us_electoral_politics,35830245eac7c358,crypto_blockchain,positive,medium_negative,61095,"But in my opinion and understanding the inner workings of it, Bitcoin will catch on ... so either join us, or don’t join us … it’s up to you.” he added.",protocol_anchor,bitcoin,crypto_blockchain,medium_negative,yes,high,topical_but_not_primary,,annotation_source=auto_supplement; sampled_from_bucket=medium_negative,auto_supplement
us_electoral_politics,3a09cf252f89bfb7,russia_post_soviet,positive,medium_negative,44997,"Dmitry Ponomarenko, pastor of the City of Light church in Donetsk, Ukraine, says churchgoers reported 100 starvation deaths of seniors in one month.",region_anchor,ukraine,russia_post_soviet,medium_negative,yes,high,topical_but_not_primary,,annotation_source=auto_supplement; sampled_from_bucket=medium_negative,auto_supplement
us_electoral_politics,0f7e3139b04a7526,russia_post_soviet,positive,medium_negative,91305,"With the fall of the former Soviet Union, the US has emerged as the sole world superpower that functions in the main “to guarantee, with armed forces, the reproduction of the world capitalist system.”[26]

Nevertheless, the national character of monopoly corporations and banks persist as the imperialist powers continue to reinforce their own economic domination, compete with each other, and struggle to economically re-divide the world through the agency of these multinational firms.",regional_entities,former soviet,russia_post_soviet,medium_negative,yes,high,topical_but_not_primary,,annotation_source=auto_supplement; sampled_from_bucket=medium_negative,auto_supplement
us_electoral_politics,532fe28978003bcd,crypto_blockchain,positive,medium_negative,143912,So I am going to explain these so anyone can understand them and thus understand why Bitcoin actually needs bad news not good news for probable further immediate price increases.,protocol_anchor,bitcoin,crypto_blockchain,medium_negative,yes,high,topical_but_not_primary,,annotation_source=auto_supplement; sampled_from_bucket=medium_negative,auto_supplement
us_electoral_politics,e49b8257fbabc061,crypto_blockchain,positive,medium_negative,160519,"Within four months, Ether price, the native token of Ethereum, increased by over five times.",protocol_anchor,ethereum;token,crypto_blockchain,medium_negative,yes,high,topical_but_not_primary,,annotation_source=auto_supplement; sampled_from_bucket=medium_negative,auto_supplement
us_electoral_politics,372cbd582a938bb5,crypto_blockchain,positive,medium_negative,26081,"Other than finance, blockchain is being applied to politics.",protocol_anchor,blockchain,crypto_blockchain,medium_negative,yes,high,topical_but_not_primary,,annotation_source=auto_supplement; sampled_from_bucket=medium_negative,auto_supplement
us_electoral_politics,25e5d93d2c46244c,crypto_blockchain,positive,medium_negative,186439,"“By investing in venture capital through a digital token, investors get liquidity, transparency, clear view on value and an ability to participate in an asset class previously reserved for elite institutions.”

Blockchain Capital’s current portfolio is comprised of 43 unique companies from its prior two funds.",protocol_anchor,blockchain;token,crypto_blockchain,medium_negative,yes,high,topical_but_not_primary,,annotation_source=auto_supplement; sampled_from_bucket=medium_negative,auto_supplement
us_electoral_politics,a88dd58c130ac845,crypto_blockchain,positive,medium_negative,180087,The letter was published ahead of two bitcoin scaling workshops -- one in Montreal and the second in Hong Kong -- that were aimed at collaboratively reaching the best outcome for scaling and securing the cryptocurrency.,protocol_anchor,bitcoin,crypto_blockchain,medium_negative,yes,high,topical_but_not_primary,,annotation_source=auto_supplement; sampled_from_bucket=medium_negative,auto_supplement
us_electoral_politics,7f2578004af6c0c4,crypto_blockchain,positive,medium_negative,137681,"Identity

Let us take a particular use case, ""identity on the blockchain"", and run with it.",protocol_anchor,blockchain,crypto_blockchain,medium_negative,yes,high,topical_but_not_primary,,annotation_source=auto_supplement; sampled_from_bucket=medium_negative,auto_supplement
us_electoral_politics,c17c359ab2dc238d,russia_post_soviet,positive,medium_negative,106872,"Image copyright EPA Image caption Russian media warn of the threat of Dmitry Yarosh's Right Sector, but the party's electoral support is not high

Life is ""easier and safer"" for Jews in Ukraine than in Western countries such as Belgium and France, where radical Islam is on the rise, he said in a recent film about efforts to defend Dnipropetrovsk against the Russian-backed insurgency.",region_anchor,russian;ukraine,russia_post_soviet,medium_negative,yes,high,topical_but_not_primary,,annotation_source=auto_supplement; sampled_from_bucket=medium_negative,auto_supplement
us_electoral_politics,4980bd5ef3f4fd3f,russia_post_soviet,positive,medium_negative,59254,"It was a demonstration, of sorts, to show the Treaty organization’s 11-member ability to respond to Russian threats.",region_anchor,russian,russia_post_soviet,medium_negative,yes,high,topical_but_not_primary,,annotation_source=auto_supplement; sampled_from_bucket=medium_negative,auto_supplement
us_electoral_politics,9b44a773f2cf0b46,crypto_blockchain,positive,medium_negative,137726,"Cutting Costs

If the largest value from blockchain technology comes at the long tail, as this thesis suggests, then that leads to an important conclusion: the per-transaction gain from using a blockchain is very small.",protocol_anchor,blockchain,crypto_blockchain,medium_negative,yes,high,topical_but_not_primary,,annotation_source=auto_supplement; sampled_from_bucket=medium_negative,auto_supplement
us_electoral_politics,9050535411c97622,russia_post_soviet,positive,medium_negative,580,"Megafon, which is Russia’s second biggest mobile operator, declined to comment on how the virus had got into its system.",region_anchor,russia,russia_post_soviet,medium_negative,yes,high,topical_but_not_primary,,annotation_source=auto_supplement; sampled_from_bucket=medium_negative,auto_supplement
us_electoral_politics,bd7b7ba1397e1017,crypto_blockchain,positive,medium_negative,159331,"Bitcoin’s Adoption Will Explode In 2018

Bitcoin is growing in adoption across the world.",protocol_anchor,bitcoin,crypto_blockchain,medium_negative,yes,high,topical_but_not_primary,,annotation_source=auto_supplement; sampled_from_bucket=medium_negative,auto_supplement
us_electoral_politics,1eb5dd325345f209,crypto_blockchain,positive,medium_negative,11404,"Because Bitcoin isn’t backed by a mint, transactions are not subject to the same regulations as other currencies.",protocol_anchor,bitcoin,crypto_blockchain,medium_negative,yes,high,topical_but_not_primary,,annotation_source=auto_supplement; sampled_from_bucket=medium_negative,auto_supplement
us_electoral_politics,15c3e00fea0a4af6,russia_post_soviet,positive,medium_negative,69455,"As we know, there’s, since 2000, been a couple dozen suspicious deaths of journalists in Russia who came out against the government there.",region_anchor,russia,russia_post_soviet,medium_negative,yes,high,topical_but_not_primary,,annotation_source=auto_supplement; sampled_from_bucket=medium_negative,auto_supplement
us_electoral_politics,031bad716d829ef4,russia_post_soviet,positive,medium_negative,38737,"You may recognize the name Valery Uvarov, but if you don’t, it should be known that he is Russia’s foremost UFOlogist and a long-time proponent of various alternate history theories.",region_anchor,russia,russia_post_soviet,medium_negative,yes,high,topical_but_not_primary,,annotation_source=auto_supplement; sampled_from_bucket=medium_negative,auto_supplement
us_electoral_politics,3bc1c3cb628457da,russia_post_soviet,positive,medium_negative,48928,That Russia ALSO hacked the [Republican National Committee] and are holding them over a barrel because of what they know.,region_anchor,russia,russia_post_soviet,medium_negative,yes,high,topical_but_not_primary,,annotation_source=auto_supplement; sampled_from_bucket=medium_negative,auto_supplement
us_electoral_politics,bb3d03276df9e980,crypto_blockchain,positive,medium_negative,12843,"Bitcoin BIP community consensus is focussed on security and tends to prioritize new features by utility to the community.”

What to Do in the Meantime

For now, the low-trust, federated peg model can be used as a test ground for sidechains.",protocol_anchor,bitcoin,crypto_blockchain,medium_negative,yes,high,topical_but_not_primary,,annotation_source=auto_supplement; sampled_from_bucket=medium_negative,auto_supplement
us_electoral_politics,a5c666b696160456,crypto_blockchain,positive,medium_negative,15666,"In his backpack, one he hadn’t used since college, he put two liters of water, a number of snacks like trail mix and protein bars, a first aid kit from the bathroom, his wallet, and his laptop, which was now full of charge and loaded down with every resource he’d thought to cram it with.",market_and_wallet,wallet,crypto_blockchain,medium_negative,yes,high,topical_but_not_primary,,annotation_source=auto_supplement; sampled_from_bucket=medium_negative,auto_supplement
us_electoral_politics,afba72dea426b213,crypto_blockchain,positive,medium_negative,55071,"Overwhelming regulatory supervision of Bitcoin is happening much too soon, only six years into the development of Bitcoin and “a long way away from the time it has typically taken for new technologies to achieve mass adoption in the past.”

In fact, Bitcoin is still very far from mass adoption, and represents but a very small fraction of the global economy.",protocol_anchor,bitcoin,crypto_blockchain,medium_negative,yes,high,topical_but_not_primary,,annotation_source=auto_supplement; sampled_from_bucket=medium_negative,auto_supplement
us_electoral_politics,10033caefdbd17a0,crypto_blockchain,positive,medium_negative,180075,The bitcoin cryptocurrency has been tied up in controversy since its involvement with the now-closed online black marketplace Silk Road.,protocol_anchor,bitcoin,crypto_blockchain,medium_negative,yes,high,topical_but_not_primary,,annotation_source=auto_supplement; sampled_from_bucket=medium_negative,auto_supplement
us_electoral_politics,d80d94688886e414,crypto_blockchain,positive,medium_negative,42404,"“Who is to say it doesn’t reach $100,000?”

In some emerging markets, bitcoin had hit well over $10,000 previously.",protocol_anchor,bitcoin,crypto_blockchain,medium_negative,yes,high,topical_but_not_primary,,annotation_source=auto_supplement; sampled_from_bucket=medium_negative,auto_supplement
us_electoral_politics,c955e9a586c5c5e4,russia_post_soviet,positive,medium_negative,75581,"Advertisement:

He added, ""I would also inform the committee within the last 24 hours, at 10:45 a.m. yesterday, a second attempt was made, again, against former members of my presidential campaign team who had access to our internal information — again targeted from an IP address from an unknown location in Russia.",region_anchor,russia,russia_post_soviet,medium_negative,yes,high,topical_but_not_primary,,annotation_source=auto_supplement; sampled_from_bucket=medium_negative,auto_supplement
us_electoral_politics,f162dfca86c115d5,crypto_blockchain,positive,medium_negative,79863,What can Bitcoin tell us about money in the early 21th century?,protocol_anchor,bitcoin,crypto_blockchain,medium_negative,yes,high,topical_but_not_primary,,annotation_source=auto_supplement; sampled_from_bucket=medium_negative,auto_supplement
us_electoral_politics,6ea4a21d1e182fef,crypto_blockchain,positive,medium_negative,209879,"Desperate to keep both valuables, I tried putting the pump motor and my wallet in the locker but to no avail.",market_and_wallet,wallet,crypto_blockchain,medium_negative,yes,high,topical_but_not_primary,,annotation_source=auto_supplement; sampled_from_bucket=medium_negative,auto_supplement
us_electoral_politics,c36c844772ceff65,crypto_blockchain,positive,medium_negative,12868,"The company assured customers that the exchange and its Blockchain+ trading platform have enough funds to accommodate all customer withdrawals including CNY, BTC, LTC, BCC, and ETH, and tweeted that:

Btcchina encourages customers to withdraw their funds as quickly as possible.",protocol_anchor,blockchain,crypto_blockchain,medium_negative,yes,high,topical_but_not_primary,,annotation_source=auto_supplement; sampled_from_bucket=medium_negative,auto_supplement
us_electoral_politics,52f1b6ea32bf61e8,crypto_blockchain,positive,medium_negative,159374,"Major retailers like Overstock and Expedia have also begun accepting it as payment, and countries across the world have begun opening up exchanges and accepting bitcoin as an official currency.",protocol_anchor,bitcoin,crypto_blockchain,medium_negative,yes,high,topical_but_not_primary,,annotation_source=auto_supplement; sampled_from_bucket=medium_negative,auto_supplement
us_electoral_politics,245595a7ba4e306b,russia_post_soviet,positive,medium_negative,69375,"When EU officials visited Kiev on April 27th for a joint summit, they snubbed Ukraine’s requests for a peacekeeping force in the Donbas, for additional military aid and for visa-free travel.",geopolitics_and_war;region_anchor;regional_entities,donbas;kiev;ukraine,russia_post_soviet,medium_negative,yes,high,topical_but_not_primary,,annotation_source=auto_supplement; sampled_from_bucket=medium_negative,auto_supplement
us_electoral_politics,b9502209050d7c34,crypto_blockchain,positive,medium_negative,160410,"With all the Bitcoin drama going on, it's easy to get distracted from what is important.",protocol_anchor,bitcoin,crypto_blockchain,medium_negative,yes,high,topical_but_not_primary,,annotation_source=auto_supplement; sampled_from_bucket=medium_negative,auto_supplement
us_electoral_politics,9851957aea46236c,russia_post_soviet,positive,medium_negative,569,"“In big companies upgrades are hard to perform and avoided because of budget and scale.”

SCRUTINY

Russia’s relationship to cyber crime is under intense scrutiny after U.S. intelligence officials alleged that Russian hackers had tried to help Republican Donald Trump win the U.S. presidency by hacking Democratic Party servers.",region_anchor,russia;russian,russia_post_soviet,medium_negative,yes,high,topical_but_not_primary,,annotation_source=auto_supplement; sampled_from_bucket=medium_negative,auto_supplement
us_electoral_politics,62dd8b898f457eff,russia_post_soviet,positive,medium_negative,102709,"Forecasts had pointed to nearly five percent growth this year, but the escalating sanctions war could hit Baltic trade, transit and tourism.",geopolitics_and_war,sanctions,russia_post_soviet,medium_negative,yes,high,topical_but_not_primary,,annotation_source=auto_supplement; sampled_from_bucket=medium_negative,auto_supplement
us_electoral_politics,126f480f04df919e,russia_post_soviet,positive,medium_negative,93008,Russia has one of the highest levels in the world of murdered journalists.,region_anchor,russia,russia_post_soviet,medium_negative,yes,high,topical_but_not_primary,,annotation_source=auto_supplement; sampled_from_bucket=medium_negative,auto_supplement
us_electoral_politics,711c466d032ffc2a,russia_post_soviet,positive,medium_negative,87669,"“Guinness Flight Trustees was not involved in advising either individuals or companies on reducing their UK tax liabilities and, to the best of my belief, had no involvement in harbouring the proceeds of crime, facilitating tax evasion, sanctions evasion, money laundering or bribery and corruption,” said Lord Flight.",geopolitics_and_war,sanctions,russia_post_soviet,medium_negative,yes,high,topical_but_not_primary,,annotation_source=auto_supplement; sampled_from_bucket=medium_negative,auto_supplement
us_electoral_politics,bc23a366a8eb74e8,crypto_blockchain,positive,medium_negative,42402,But even Dimon and others who say bitcoin represents a bubble - now the consensus view among mainstream investors - do not deny its price rise could still have further to go.,protocol_anchor,bitcoin,crypto_blockchain,medium_negative,yes,high,topical_but_not_primary,,annotation_source=auto_supplement; sampled_from_bucket=medium_negative,auto_supplement
us_electoral_politics,72cac4a9e09259db,crypto_blockchain,positive,medium_negative,79714,"The potential of Nexus 3DC is limited only by node count and represents the most energy-efficient consensus system to date.As decentralized as blockchain technology strives to be, it nevertheless remains dependant on traditional infrastructure.",protocol_anchor,blockchain,crypto_blockchain,medium_negative,yes,high,topical_but_not_primary,,annotation_source=auto_supplement; sampled_from_bucket=medium_negative,auto_supplement
us_electoral_politics,403e6d3a84425575,crypto_blockchain,positive,medium_negative,199293,"Bitcoin miner Chandler Guo noted his belief that, if anything, the compromise is perhaps more out of necessity given frustration over the stagnation of the technology’s development, and that in the end, there are perhaps no winners.",protocol_anchor,bitcoin,crypto_blockchain,medium_negative,yes,high,topical_but_not_primary,,annotation_source=auto_supplement; sampled_from_bucket=medium_negative,auto_supplement
us_electoral_politics,c350bbb4541ce499,russia_post_soviet,positive,medium_negative,65975,"The Kurdish region continues to grow, however, and with the US and Russia talking about a coordinated attack on the ISIS capital of Raqqa, it’s likely these new US troops will be taking part in that.",region_anchor,russia,russia_post_soviet,medium_negative,yes,high,topical_but_not_primary,,annotation_source=auto_supplement; sampled_from_bucket=medium_negative,auto_supplement
us_electoral_politics,31e73a747b93001b,crypto_blockchain,positive,medium_negative,42390,Bitcoin’s rapid ascent has led to countless warnings that it has reached bubble territory.,protocol_anchor,bitcoin,crypto_blockchain,medium_negative,yes,high,topical_but_not_primary,,annotation_source=auto_supplement; sampled_from_bucket=medium_negative,auto_supplement
us_electoral_politics,9cbcb614ae8f4648,russia_post_soviet,positive,medium_negative,6082,"People tend to adapt to smaller deviations.”

Researcher Leontiy Byzov from the Russian Academy of Sciences’ Sociology institute said in comments with Kommersant daily that the picture revealed by the poll could be explained by the fact that the average Russian thought that the economic crisis was imposed by hostile forces from abroad and therefore could not be really deep or serious.",region_anchor,russian,russia_post_soviet,medium_negative,yes,high,topical_but_not_primary,,annotation_source=auto_supplement; sampled_from_bucket=medium_negative,auto_supplement
us_electoral_politics,977f58feb3179509,crypto_blockchain,positive,medium_negative,199349,"Even if miners with spare hardware were to support a fork, Peter Rizun, developer for the alternative bitcoin implementation Bitcoin Unlimited, expressed his doubts that two chains could continue.",protocol_anchor,bitcoin,crypto_blockchain,medium_negative,yes,high,topical_but_not_primary,,annotation_source=auto_supplement; sampled_from_bucket=medium_negative,auto_supplement
us_electoral_politics,4b16a61ad554a39f,crypto_blockchain,positive,medium_negative,60044,The ‘ANX Vault’ app now includes the all-important send and receive functions vital to any bitcoin wallet.,market_and_wallet;protocol_anchor,bitcoin;wallet,crypto_blockchain,medium_negative,yes,high,topical_but_not_primary,,annotation_source=auto_supplement; sampled_from_bucket=medium_negative,auto_supplement
us_electoral_politics,53c46299c6325234,crypto_blockchain,positive,medium_negative,160514,An amendment filed with the US Securities and Exchange Commission (SEC) on Thursday includes the new figure as the agency reconsiders its March decision to deny the Bitcoin ETF market access.,protocol_anchor,bitcoin,crypto_blockchain,medium_negative,yes,high,topical_but_not_primary,,annotation_source=auto_supplement; sampled_from_bucket=medium_negative,auto_supplement
us_electoral_politics,0912bd90fe646a52,crypto_blockchain,positive,medium_negative,26095,"Meanwhile the European Central Bank (ECB) showed “openness to new technologies” and said that it intends to assess the relevance of blockchain and distributed ledger technology for various banking services like payments, securities settlement as well as collateral.",protocol_anchor,blockchain,crypto_blockchain,medium_negative,yes,high,topical_but_not_primary,,annotation_source=auto_supplement; sampled_from_bucket=medium_negative,auto_supplement
us_electoral_politics,eb65566d222fdc13,russia_post_soviet,positive,medium_negative,72286,The White House and the Kremlin have denied there was any interference in the election.,region_anchor,kremlin,russia_post_soviet,medium_negative,yes,high,topical_but_not_primary,,annotation_source=auto_supplement; sampled_from_bucket=medium_negative,auto_supplement
us_electoral_politics,26dcbba4c6d53694,crypto_blockchain,positive,medium_negative,95634,This allows to put into more a more relative perspective the value that Bitcoin could potentially reach.,protocol_anchor,bitcoin,crypto_blockchain,medium_negative,yes,high,topical_but_not_primary,,annotation_source=auto_supplement; sampled_from_bucket=medium_negative,auto_supplement
us_electoral_politics,acde6f5db80e2360,crypto_blockchain,positive,medium_negative,95646,The Bitcoin supply will increase by a lower amount each year as the block reward halves every 4 years.,protocol_anchor,bitcoin,crypto_blockchain,medium_negative,yes,high,topical_but_not_primary,,annotation_source=auto_supplement; sampled_from_bucket=medium_negative,auto_supplement
us_electoral_politics,7f744208ca39773a,russia_post_soviet,positive,medium_negative,102849,"The council's decision-making body, the Committee of Ministers, last week urged Russia to allow Navalny to stand for election despite his ""arbitrary and unfair"" conviction for fraud.",region_anchor,russia,russia_post_soviet,medium_negative,yes,high,topical_but_not_primary,,annotation_source=auto_supplement; sampled_from_bucket=medium_negative,auto_supplement
us_electoral_politics,803bee99d6acb17a,russia_post_soviet,positive,medium_negative,516,“Several of the President-elect’s nominees or senior advisers have Russian ties.,region_anchor,russian,russia_post_soviet,medium_negative,yes,high,topical_but_not_primary,,annotation_source=auto_supplement; sampled_from_bucket=medium_negative,auto_supplement
us_electoral_politics,1e8f836ce74bc351,crypto_blockchain,positive,medium_negative,79913,"What’s really interesting now is that Bitcoin, as a currency, is scarce and follows the same kind of logic than gold, but on the other side, we have the blockchain, that is like an ancient recording system.",protocol_anchor,bitcoin;blockchain,crypto_blockchain,medium_negative,yes,high,topical_but_not_primary,,annotation_source=auto_supplement; sampled_from_bucket=medium_negative,auto_supplement
us_electoral_politics,911f8092f21ab3ca,russia_post_soviet,positive,medium_negative,12999,"Let’s take the example of Trump’s former convention manager, Paul Manafort, to whom Harding devotes an entire chapter, obviously on the basis that the Trump-Manafort connection somehow proves a Trump-Kremlin connection.",region_anchor,kremlin,russia_post_soviet,medium_negative,yes,high,topical_but_not_primary,,annotation_source=auto_supplement; sampled_from_bucket=medium_negative,auto_supplement
us_electoral_politics,be87601754eb7979,crypto_blockchain,positive,medium_negative,42386,"LONDON/NEW YORK (Reuters) - Bitcoin zoomed past $11,000 (£8,185.5) to hit a record high for the sixth day in a row on Wednesday after gaining more than $1,000 in just 12 hours, stoking concerns that a rapidly swelling bubble could be set to burst in spectacular fashion.",protocol_anchor,bitcoin,crypto_blockchain,medium_negative,yes,high,topical_but_not_primary,,annotation_source=auto_supplement; sampled_from_bucket=medium_negative,auto_supplement
us_electoral_politics,8f7906aff356974f,russia_post_soviet,positive,medium_negative,90101,"Earlier today, the Department of Commerce announced new sanctions against Russian products and companies operating in the United States.",geopolitics_and_war;region_anchor,russian;sanctions,russia_post_soviet,medium_negative,yes,high,topical_but_not_primary,,annotation_source=auto_supplement; sampled_from_bucket=medium_negative,auto_supplement
us_electoral_politics,6135c439f3c662c7,crypto_blockchain,positive,medium_negative,216653,"Kraken group made $6,220 in 3 days of hijacking MongoDB servers

At the time of writing, the group's Bitcoin wallets received 70 ransom payments from their nearly 16,000 infected victims.",protocol_anchor,bitcoin,crypto_blockchain,medium_negative,yes,high,topical_but_not_primary,,annotation_source=auto_supplement; sampled_from_bucket=medium_negative,auto_supplement
us_electoral_politics,e7e6f21c789c5724,russia_post_soviet,positive,medium_negative,37601,"Taking state and federal taxes into consideration, he's still making more in Russia despite the lower dollar amount, but the minimal difference paints a picture of a principled stand rather than a cash grab.",region_anchor,russia,russia_post_soviet,medium_negative,yes,high,topical_but_not_primary,,annotation_source=auto_supplement; sampled_from_bucket=medium_negative,auto_supplement
us_electoral_politics,98ec9fae9282a871,crypto_blockchain,positive,medium_negative,34147,"8:30pm (30 minutes):

Networking

-------

Bitcoin, the first application of blockchain technology, is an innovative payment network and a new kind of money.",protocol_anchor,bitcoin;blockchain,crypto_blockchain,medium_negative,yes,high,topical_but_not_primary,,annotation_source=auto_supplement; sampled_from_bucket=medium_negative,auto_supplement
us_electoral_politics,519a91cf969bdb61,crypto_blockchain,positive,medium_negative,180079,The Linux Foundation partnered with financial and tech giants last month in a bid to advance the blockchain technology.,protocol_anchor,blockchain,crypto_blockchain,medium_negative,yes,high,topical_but_not_primary,,annotation_source=auto_supplement; sampled_from_bucket=medium_negative,auto_supplement
us_electoral_politics,fbe7cbe36528c6b4,crypto_blockchain,positive,medium_negative,79889,"Bitcoin is similar in that it depends on accounts-keeping, but it eliminates the need for a central authority keeping track of transactions.",protocol_anchor,bitcoin,crypto_blockchain,medium_negative,yes,high,topical_but_not_primary,,annotation_source=auto_supplement; sampled_from_bucket=medium_negative,auto_supplement
us_electoral_politics,626479dc0f9daad1,russia_post_soviet,positive,medium_negative,74395,"Denmark, Hungary, and Poland all manged to send pilots to compete, and France and Ukraine showcased sizeable squads.",region_anchor,ukraine,russia_post_soviet,medium_negative,yes,high,topical_but_not_primary,,annotation_source=auto_supplement; sampled_from_bucket=medium_negative,auto_supplement
us_electoral_politics,1b7efb800a629b43,russia_post_soviet,positive,medium_negative,93459,"""Ukrainian Rabbi Moshe Reuven Azman, called on Kiev's Jews to leave the city and even the country if possible, fearing that the city's Jews will be victimized in the chaos, Israeli daily Maariv reported Friday.",regional_entities,kiev,russia_post_soviet,medium_negative,yes,high,topical_but_not_primary,,annotation_source=auto_supplement; sampled_from_bucket=medium_negative,auto_supplement
us_electoral_politics,64d86c519c48b399,crypto_blockchain,positive,medium_negative,199342,"In a Consensus 2017 panel yesterday, BitPay CEO Stephen Pair said that as he thinks that the market should decide which blockchain is the one that would be called ‘bitcoin’.",protocol_anchor,bitcoin;blockchain,crypto_blockchain,medium_negative,yes,high,topical_but_not_primary,,annotation_source=auto_supplement; sampled_from_bucket=medium_negative,auto_supplement
us_electoral_politics,04a472a0288a729c,russia_post_soviet,positive,medium_negative,106429,"Just a few weeks ago, LePage held a news conference to which he brought some unusual props — Russian nesting dolls painted with the faces of Bill Clinton, Hillary Clinton, Monica Lewinsky, Paula Jones and Gennifer Flowers.",region_anchor,russian,russia_post_soviet,medium_negative,yes,high,topical_but_not_primary,,annotation_source=auto_supplement; sampled_from_bucket=medium_negative,auto_supplement
us_electoral_politics,647e62a761149b4c,russia_post_soviet,positive,medium_negative,96804,"As we noted, acknowledging the admittedly undesirable, questionable nature of the anonymous source:

“An anonymous source claiming to a Russian newspaper something as conspiratorial as the U.S. directly aiding ISIS militants may seem a bit dubious, but since the offensive was launched on Monday of this week, this has been the reality on the ground.",region_anchor,russian,russia_post_soviet,medium_negative,yes,high,topical_but_not_primary,,annotation_source=auto_supplement; sampled_from_bucket=medium_negative,auto_supplement
us_electoral_politics,059e3a7164cd2f08,crypto_blockchain,positive,medium_negative,205924,"Lombrozo stated, “The way I see it, the consensus layer should focus on dispute resolution and short proofs — with all the application logic in higher layers.”

New protocol layers, such as advanced payment channels and sidechains, could allow developers to bring new features to Bitcoin in a more-timely fashion.",protocol_anchor,bitcoin,crypto_blockchain,medium_negative,yes,high,topical_but_not_primary,,annotation_source=auto_supplement; sampled_from_bucket=medium_negative,auto_supplement
us_electoral_politics,a52a926ee101609b,russia_post_soviet,positive,medium_negative,8718,"At the same time, Russian procurement hit a new high, with about 2 trillion rubles (US $33.2 billion) spent on new equipment in 2014, Prime Minister Dmitry Medvedev said in April.",region_anchor,russian,russia_post_soviet,medium_negative,yes,high,topical_but_not_primary,,annotation_source=auto_supplement; sampled_from_bucket=medium_negative,auto_supplement
us_electoral_politics,57eadcf49efb32c3,russia_post_soviet,positive,medium_negative,71570,"There is no confirmed evidence of any such warehouse, although the Russian Defense Ministry says that this information is ""fully objective and verified.""",region_anchor,russian,russia_post_soviet,medium_negative,yes,high,topical_but_not_primary,,annotation_source=auto_supplement; sampled_from_bucket=medium_negative,auto_supplement
us_electoral_politics,4f9113ea93eaaf95,russia_post_soviet,positive,medium_negative,43224,"Another law, adopted in December, essentially banned funding emanating from the United States for ""political"" activity by non-governmental organisations, and bans groups whose work is ""directed against Russia's interests.""",region_anchor,russia,russia_post_soviet,medium_negative,yes,high,topical_but_not_primary,,annotation_source=auto_supplement; sampled_from_bucket=medium_negative,auto_supplement
us_electoral_politics,3df66c23bfd21e8f,crypto_blockchain,positive,medium_negative,191228,Gox and the broader downward slide of Bitcoin lately has raised public skepticism about virtual currency and made it an inauspicious time to launch a new one.,protocol_anchor,bitcoin,crypto_blockchain,medium_negative,yes,high,topical_but_not_primary,,annotation_source=auto_supplement; sampled_from_bucket=medium_negative,auto_supplement
us_electoral_politics,070046d4aa21272d,russia_post_soviet,positive,medium_negative,87534,"After the Times first reported Saturday on the meeting’s existence, Trump acknowledged that it took place, but made no mention of the Russian government being a source of Veselnitskaya’s alleged information.",region_anchor,russian,russia_post_soviet,medium_negative,yes,high,topical_but_not_primary,,annotation_source=auto_supplement; sampled_from_bucket=medium_negative,auto_supplement
us_electoral_politics,ca736749fc4ef5c1,russia_post_soviet,positive,medium_negative,92997,"That evening in Moscow, there was one other unsanctioned meeting in which about 200 young leftists who consider themselves anti-fascists participated.",region_anchor,moscow,russia_post_soviet,medium_negative,yes,high,topical_but_not_primary,,annotation_source=auto_supplement; sampled_from_bucket=medium_negative,auto_supplement
us_electoral_politics,d4fd8e373fcf944f,crypto_blockchain,positive,medium_negative,122265,"It was only a matter of time before Bitcoin made its way into dance music, and it’s no big surprise that it’s forward-thinking label Monstercat carrying the torch in support.",protocol_anchor,bitcoin,crypto_blockchain,medium_negative,yes,high,topical_but_not_primary,,annotation_source=auto_supplement; sampled_from_bucket=medium_negative,auto_supplement
us_electoral_politics,e1f391e451b7d9fa,crypto_blockchain,positive,medium_negative,143909,"It comes down to a few key parameters and effects that some economists have a hard time getting their head around in reference to Cryptocurrency I will explain both :

Mining for production – the means and the technology.",market_and_wallet,mining,crypto_blockchain,medium_negative,yes,high,topical_but_not_primary,,annotation_source=auto_supplement; sampled_from_bucket=medium_negative,auto_supplement
us_electoral_politics,05b136d589397715,russia_post_soviet,positive,medium_negative,93017,"One can anticipate that as the economic crisis deepens in Russia, the burden will fall on the broad layers of the working population and deepen the mood of social protest.",region_anchor,russia,russia_post_soviet,medium_negative,yes,high,topical_but_not_primary,,annotation_source=auto_supplement; sampled_from_bucket=medium_negative,auto_supplement
us_electoral_politics,c418f4a6f7d1340f,russia_post_soviet,positive,medium_negative,99121,"For us Indians, Russia generally does not come across as a top destination of choice for tourism as it is perceived as a cold and distant place, off the radar.",region_anchor,russia,russia_post_soviet,medium_negative,yes,high,topical_but_not_primary,,annotation_source=auto_supplement; sampled_from_bucket=medium_negative,auto_supplement
us_electoral_politics,fee9b33f2228643a,russia_post_soviet,positive,medium_negative,42258,"It was followed by a statement issued by the office of the Russian President Vladimir Putin, which praised Drozdov as “a legendary spy, outstanding professional […], incredible person and true patriot”.",geopolitics_and_war;region_anchor,putin;russian,russia_post_soviet,medium_negative,yes,high,topical_but_not_primary,,annotation_source=auto_supplement; sampled_from_bucket=medium_negative,auto_supplement
us_electoral_politics,dad61269e2afa454,russia_post_soviet,positive,medium_negative,584,Reuters has found no evidence any of Russian companies infected with the Wannacry virus were using unlicensed software.,region_anchor,russian,russia_post_soviet,medium_negative,yes,high,topical_but_not_primary,,annotation_source=auto_supplement; sampled_from_bucket=medium_negative,auto_supplement
us_electoral_politics,79bd6e23b01b366a,crypto_blockchain,positive,medium_negative,127065,"So Ethereum gets props for the way it has such a bold vision, but at the same time, there are legitimate concerns about whether it can function securely and at scale.",protocol_anchor,ethereum,crypto_blockchain,medium_negative,yes,high,topical_but_not_primary,,annotation_source=auto_supplement; sampled_from_bucket=medium_negative,auto_supplement
us_electoral_politics,b1da1e2837a68821,russia_post_soviet,positive,medium_negative,15155,"Sanders attacked Clinton’s previous promotion of natural gas saying, “[w]hen you were Secretary of State, you also worked hard to expand fracking to countries all over the world.”

Clinton admitted Sanders was correct, but stated during the CNN debate, “I don’t think I’ve changed my view.”

Clinton specifically claimed that “for both economic and environmental and strategic reasons, it was American policy to try to help countries get out from under the constant use of coal, building coal plants all the time, also to get out from under, especially if they were in Europe, the pressure from Russia, which has been incredibly intense.",region_anchor,russia,russia_post_soviet,medium_negative,yes,high,topical_but_not_primary,,annotation_source=auto_supplement; sampled_from_bucket=medium_negative,auto_supplement
us_electoral_politics,4182fa8d74c26f21,russia_post_soviet,positive,medium_negative,81091,"Preoccupied with building a costly missile defense system to counter a spurious menace from Russia and with maintaining “full spectrum dominance” over the rest of the globe, most Bush administration officials blithely ignored the danger emanating from the caves of Afghanistan, where Osama bin Laden and his acolytes plotted against America.",region_anchor,russia,russia_post_soviet,medium_negative,yes,high,topical_but_not_primary,,annotation_source=auto_supplement; sampled_from_bucket=medium_negative,auto_supplement
us_electoral_politics,b2fa5fe3113d725d,crypto_blockchain,positive,medium_negative,127064,"I get the sense, though, that much of the enthusiasm around Ethereum is the fact that so many people are launching ICOs (initial coin offerings) on the platform in the hopes of making a ton of money quickly, and many of the projects they’re launching may not have a lot of potential.",protocol_anchor,ethereum,crypto_blockchain,medium_negative,yes,high,topical_but_not_primary,,annotation_source=auto_supplement; sampled_from_bucket=medium_negative,auto_supplement
us_electoral_politics,1ace5c55a4476036,crypto_blockchain,positive,medium_negative,137709,"In this case, the blockchain-based solution is simple: social M-of-N backup.",protocol_anchor,blockchain,crypto_blockchain,medium_negative,yes,high,topical_but_not_primary,,annotation_source=auto_supplement; sampled_from_bucket=medium_negative,auto_supplement
us_electoral_politics,e2b4b402f26c8f87,russia_post_soviet,positive,medium_negative,82281,On Monday a Ukrainian military transport plane carrying eight people was hit by a missile fired from Russian territory killing two of those on board.,region_anchor,russian,russia_post_soviet,medium_negative,yes,high,topical_but_not_primary,,annotation_source=auto_supplement; sampled_from_bucket=medium_negative,auto_supplement
us_electoral_politics,5cca1d510ffdd519,russia_post_soviet,positive,medium_negative,92969,"But among Russian nationalists, the colonel in the tank corps was glorified as a ""hero of Russia.""",region_anchor,russia;russian,russia_post_soviet,medium_negative,yes,high,topical_but_not_primary,,annotation_source=auto_supplement; sampled_from_bucket=medium_negative,auto_supplement
us_electoral_politics,9995d90bf1784e54,russia_post_soviet,positive,medium_negative,8722,"This is a bigger problem for the Russian Defense Ministry than it is for the defense industry, since equipment is now more expensive to produce and Putin's rearmament can afford almost half of what it was intended to two years ago, said Ruslan Pukhov, head of the Center for the Analysis of Strategies and Technologies, a Moscow-based defense industry think tank and analytics firm.",geopolitics_and_war;region_anchor,moscow;putin;russian,russia_post_soviet,medium_negative,yes,high,topical_but_not_primary,,annotation_source=auto_supplement; sampled_from_bucket=medium_negative,auto_supplement
us_electoral_politics,d86da5507a6b2793,crypto_blockchain,positive,medium_negative,199285,"“I’m somewhat disappointed that all of the feedback given by folks who’ve worked on the bitcoin protocol was completely ignored,” he said in the DCG chat group.",protocol_anchor,bitcoin,crypto_blockchain,medium_negative,yes,high,topical_but_not_primary,,annotation_source=auto_supplement; sampled_from_bucket=medium_negative,auto_supplement
us_electoral_politics,14ac7ebb8fbac4ed,russia_post_soviet,positive,medium_negative,99185,"But after we went to the Old Arbat Street in the evening, we got a flavour of the old Moscow, with its historical buildings, outdoor cafes, souvenir stores, and street performers.",region_anchor,moscow,russia_post_soviet,medium_negative,yes,high,topical_but_not_primary,,annotation_source=auto_supplement; sampled_from_bucket=medium_negative,auto_supplement
us_electoral_politics,c448d20c146a051a,crypto_blockchain,positive,medium_negative,159351,"Disruption Of The Status Quo Will Continue

Technologies like Uber, Airbnb and Alibaba have disrupted major industries almost overnight, and Bitcoin is poised to do the same with the monetary system.",protocol_anchor,bitcoin,crypto_blockchain,medium_negative,yes,high,topical_but_not_primary,,annotation_source=auto_supplement; sampled_from_bucket=medium_negative,auto_supplement
us_electoral_politics,3d108b11c2c7b72b,crypto_blockchain,positive,medium_negative,139322,"Instead, he stood up, took out his wallet, and tried to give me $10—not for drinks but because “sometimes you just have to pay for things.” Yes, this person had spent his time-out arriving at the conclusion that 10 whole dollars was enough to compensate me for feeling exposed, trapped, degraded and simultaneously invisible and on display at my own dumb job.",market_and_wallet,wallet,crypto_blockchain,medium_negative,yes,high,topical_but_not_primary,,annotation_source=auto_supplement; sampled_from_bucket=medium_negative,auto_supplement
us_electoral_politics,866bdad94f7354d6,crypto_blockchain,positive,medium_negative,199315,Bitcoin’s been in this deadlock for two years.,protocol_anchor,bitcoin,crypto_blockchain,medium_negative,yes,high,topical_but_not_primary,,annotation_source=auto_supplement; sampled_from_bucket=medium_negative,auto_supplement
us_electoral_politics,8ba842689ddcdd6b,russia_post_soviet,positive,medium_negative,51086,"If it would not have been sufficient enough, the next step could be the sanctions”.",geopolitics_and_war,sanctions,russia_post_soviet,medium_negative,yes,high,topical_but_not_primary,,annotation_source=auto_supplement; sampled_from_bucket=medium_negative,auto_supplement
us_electoral_politics,8449592473993320,russia_post_soviet,positive,medium_negative,94722,"[1][11][15] Nevertheless, the circumstances of the Red vs. White Russian Civil War and terrorism by the opposing political parties and in aid of the White Armies' counter-revolution led to the Bolshevik government banning other parties, thus the vanguard party became the sole, legal political party in Russia.",region_anchor,russia;russian,russia_post_soviet,medium_negative,yes,high,topical_but_not_primary,,annotation_source=auto_supplement; sampled_from_bucket=medium_negative,auto_supplement
us_electoral_politics,870a704a4d69f6bc,russia_post_soviet,positive,medium_negative,91545,"More than 4,800 people have been killed in a conflict in east Ukraine with Western governments continuing to accuse Russia of having a major hand in it.",region_anchor,russia;ukraine,russia_post_soviet,medium_negative,yes,high,topical_but_not_primary,,annotation_source=auto_supplement; sampled_from_bucket=medium_negative,auto_supplement
us_electoral_politics,6e5826b160c56606,crypto_blockchain,positive,medium_negative,65046,"The hackers demanded €1,500, about $1,600, paid via Bitcoin.",protocol_anchor,bitcoin,crypto_blockchain,medium_negative,yes,high,topical_but_not_primary,,annotation_source=auto_supplement; sampled_from_bucket=medium_negative,auto_supplement
us_electoral_politics,c9108521759560ba,russia_post_soviet,positive,medium_negative,99135,The driver spoke only Russian though.,region_anchor,russian,russia_post_soviet,medium_negative,yes,high,topical_but_not_primary,,annotation_source=auto_supplement; sampled_from_bucket=medium_negative,auto_supplement
us_electoral_politics,f2502a12613b5547,crypto_blockchain,positive,medium_negative,11399,“I’m not looking to buy some Bitcoin and sell it at a profit…it’s not like the stock market.,protocol_anchor,bitcoin,crypto_blockchain,medium_negative,yes,high,topical_but_not_primary,,annotation_source=auto_supplement; sampled_from_bucket=medium_negative,auto_supplement
us_electoral_politics,3ae2127d724e7b17,crypto_blockchain,positive,medium_negative,172698,"Also, while local Israeli bitcoin dealers are known to be out of bitcoins due to the limits on international transfers, they are theoretically still in business (just without stock) and haven’t been approached by regulators.",protocol_anchor,bitcoin,crypto_blockchain,medium_negative,yes,high,topical_but_not_primary,,annotation_source=auto_supplement; sampled_from_bucket=medium_negative,auto_supplement
us_electoral_politics,2845ac67149f5ead,crypto_blockchain,positive,medium_negative,79921,But the blockchain itself is pretty interesting.,protocol_anchor,blockchain,crypto_blockchain,medium_negative,yes,high,topical_but_not_primary,,annotation_source=auto_supplement; sampled_from_bucket=medium_negative,auto_supplement
us_electoral_politics,faaec06586b744dd,russia_post_soviet,positive,medium_negative,102703,"They would sell it to Russia,"" Karlis Kalnins, a musician, told AFP in the capital Riga.",region_anchor,russia,russia_post_soviet,medium_negative,yes,high,topical_but_not_primary,,annotation_source=auto_supplement; sampled_from_bucket=medium_negative,auto_supplement
us_electoral_politics,4442d60bb1ff5dbe,crypto_blockchain,positive,medium_negative,135736,"New Zealand Bitcoin Company Possibly Stealing Millions From Associates

A New Zealand-based website, called WeGrowBitcoins, is raising some eyebrows as it becomes more popular, enticing people with a get-rich-quick sentiment.",protocol_anchor,bitcoin,crypto_blockchain,medium_negative,yes,high,topical_but_not_primary,,annotation_source=auto_supplement; sampled_from_bucket=medium_negative,auto_supplement
us_electoral_politics,0abec403c37e5dff,crypto_blockchain,positive,medium_negative,54284,"To make a withdrawal, follow these steps:

Go to your CEX.IO wallet and click “withdraw”.",market_and_wallet,wallet,crypto_blockchain,medium_negative,yes,high,topical_but_not_primary,,annotation_source=auto_supplement; sampled_from_bucket=medium_negative,auto_supplement
us_electoral_politics,c47550de1f926b51,russia_post_soviet,positive,medium_negative,94724,"[16][17][18]

Economics [ edit ]

The Soviet Union nationalised industry and established a foreign-trade monopoly to allow the productive co-ordination of the national economy and so prevent Russian national industries from competing against each other.",region_anchor,russian,russia_post_soviet,medium_negative,yes,high,topical_but_not_primary,,annotation_source=auto_supplement; sampled_from_bucket=medium_negative,auto_supplement
us_electoral_politics,77a550cf4ef99a6e,crypto_blockchain,positive,medium_negative,155347,"ETHNews spoke with Vinay Gupta, one of blockchain’s most capable thinkers and long-time proponent of cryptocurrency, to gain insight into when and how the US Government might finally adopt either technology.",protocol_anchor,blockchain,crypto_blockchain,medium_negative,yes,high,topical_but_not_primary,,annotation_source=auto_supplement; sampled_from_bucket=medium_negative,auto_supplement
us_electoral_politics,118e7320417e7d55,russia_post_soviet,positive,medium_negative,69385,"Petro Poroshenko, Ukraine’s president, takes umbrage at charges that reforms are lagging.",region_anchor,ukraine,russia_post_soviet,medium_negative,yes,high,topical_but_not_primary,,annotation_source=auto_supplement; sampled_from_bucket=medium_negative,auto_supplement
us_electoral_politics,2735036f2fe50f80,crypto_blockchain,positive,medium_negative,55067,"“The Bitcoin 'blockchain' is a fundamental breakthrough in computer science that solves what seemed to be an unsolvable problem: how to ensure that a digital transaction happens only once,” notes Watts.",protocol_anchor,bitcoin;blockchain,crypto_blockchain,medium_negative,yes,high,topical_but_not_primary,,annotation_source=auto_supplement; sampled_from_bucket=medium_negative,auto_supplement
us_electoral_politics,90a7f11691e4d8bd,russia_post_soviet,positive,medium_negative,8460,The President's collusion with Russian intelligence is.,region_anchor,russian,russia_post_soviet,medium_negative,yes,high,topical_but_not_primary,,annotation_source=auto_supplement; sampled_from_bucket=medium_negative,auto_supplement
us_electoral_politics,010942b1dda32516,russia_post_soviet,positive,medium_negative,87540,"Under 52 USC 30121, 36 USC 510, the law governing foreign contributions to political campaigns, you don’t have to actually get useful help from foreigners, according to this law: The mere fact that Trump Jr. asked for information from a Russian national about Clinton, and heard her out as she attempted to describe it, might have constituted a federal crime.",region_anchor,russian,russia_post_soviet,medium_negative,yes,high,topical_but_not_primary,,annotation_source=auto_supplement; sampled_from_bucket=medium_negative,auto_supplement
us_electoral_politics,f84bcae0289ba398,crypto_blockchain,positive,medium_negative,155371,"I don’t think the federal government has come to an opinion but I would not be surprised if you saw things like social security on blockchain in five or ten years, probably ten.",protocol_anchor,blockchain,crypto_blockchain,medium_negative,yes,high,topical_but_not_primary,,annotation_source=auto_supplement; sampled_from_bucket=medium_negative,auto_supplement
us_electoral_politics,037ba4aa0adf3ecb,crypto_blockchain,positive,medium_negative,160522,"To begin with, the Philippines and Japan legalized Bitcoin and its businesses in their respective regions.",protocol_anchor,bitcoin,crypto_blockchain,medium_negative,yes,high,topical_but_not_primary,,annotation_source=auto_supplement; sampled_from_bucket=medium_negative,auto_supplement
us_electoral_politics,13709cb1c9003526,crypto_blockchain,positive,medium_negative,203032,"Retailers know that a tempting smell can be the fastest way to a shopper's wallet, and studies confirm that people spend more when the scent of a store triggers positive associations.",market_and_wallet,wallet,crypto_blockchain,medium_negative,yes,high,topical_but_not_primary,,annotation_source=auto_supplement; sampled_from_bucket=medium_negative,auto_supplement
us_electoral_politics,f6f3ab4838560388,crypto_blockchain,positive,medium_negative,159371,"Bitcoin’s Accessibility Will Dramatically Increase

When Bitcoin first launched, it was solely a peer-to-peer currency system, and it took an industrious and tech-savvy person to figure out the process of buying Bitcoin and storing it safely.",protocol_anchor,bitcoin,crypto_blockchain,medium_negative,yes,high,topical_but_not_primary,,annotation_source=auto_supplement; sampled_from_bucket=medium_negative,auto_supplement
us_electoral_politics,fbfb7acf022beea8,russia_post_soviet,positive,medium_negative,71725,"universal condemnation, secondly sanctions and thirdly, in the case of Australia, autonomous sanctions over and above those which are required under the UN Security Council,"" he said.",geopolitics_and_war,sanctions;security council,russia_post_soviet,medium_negative,yes,high,topical_but_not_primary,,annotation_source=auto_supplement; sampled_from_bucket=medium_negative,auto_supplement
us_electoral_politics,73e1f67d6ed1f048,crypto_blockchain,positive,medium_negative,137696,"This does not yet require blockchains - although, in the latest designs, in the limit scalable blockchains are really not that different in design from DHTs and so it is entirely possible that, in ten years time, every kind of decentralized system used for anything will accidentally or intentionally converge into some kind of scalable blockchain.",protocol_anchor,blockchain,crypto_blockchain,medium_negative,yes,high,topical_but_not_primary,,annotation_source=auto_supplement; sampled_from_bucket=medium_negative,auto_supplement
us_electoral_politics,970e6d94cd67baf3,crypto_blockchain,positive,medium_negative,199290,"Still, he noted that the activation of SegWit as part of the deal would be unlikely to win over Bitcoin Core developers.",protocol_anchor,bitcoin,crypto_blockchain,medium_negative,yes,high,topical_but_not_primary,,annotation_source=auto_supplement; sampled_from_bucket=medium_negative,auto_supplement
us_electoral_politics,fd1952bdd92b7bac,russia_post_soviet,positive,medium_negative,35203,This article is about Russian and Soviet chess composer.,region_anchor,russian,russia_post_soviet,medium_negative,yes,high,topical_but_not_primary,,annotation_source=auto_supplement; sampled_from_bucket=medium_negative,auto_supplement
us_electoral_politics,03c8c6025f02c9fc,crypto_blockchain,positive,medium_negative,97859,"When asked for more information about Wallet, Amazon declined to share any further information about the product roadmap, saying “in addition to being pre-installed on Fire Phone, we are offering a beta version of the Amazon Wallet app for Android phones in the Amazon Appstore and on Google Play.",market_and_wallet,wallet,crypto_blockchain,medium_negative,yes,high,topical_but_not_primary,,annotation_source=auto_supplement; sampled_from_bucket=medium_negative,auto_supplement
us_electoral_politics,5be03ad4abb9b154,russia_post_soviet,positive,medium_negative,106864,"Image copyright Getty Images Image caption Some 100 Jewish families left rebel-held Donetsk in September after a prominent businessman was murdered

Leaders of Ukraine's Jewish community have come out strongly in support of the Kiev government in its conflict with Russia, rejecting Moscow's accusations that their country is now a hotbed of anti-Semitism.",region_anchor;regional_entities,kiev;moscow;russia;ukraine,russia_post_soviet,medium_negative,yes,high,topical_but_not_primary,,annotation_source=auto_supplement; sampled_from_bucket=medium_negative,auto_supplement
us_electoral_politics,48a3b7734d9ad07c,russia_post_soviet,positive,medium_negative,99189,"She purchased the tickets and we went into the adjacent Kremlin Territory, where we saw the Tsar Bell, the Tsar Canon and four Cathedrals.",region_anchor,kremlin,russia_post_soviet,medium_negative,yes,high,topical_but_not_primary,,annotation_source=auto_supplement; sampled_from_bucket=medium_negative,auto_supplement
us_electoral_politics,7f0bd3989b3c686a,crypto_blockchain,positive,medium_negative,180811,"Take control of your wallet, your private keys, and your digital assets.",market_and_wallet,wallet,crypto_blockchain,medium_negative,yes,high,topical_but_not_primary,,annotation_source=auto_supplement; sampled_from_bucket=medium_negative,auto_supplement
us_electoral_politics,e6fe9437e0d2dbe6,mlb_baseball,positive,background_negative,185600,"Daniel Flores, a 17-year-old catcher who signed with the Boston Red Sox in July when the international amateur signing window opened, died Wednesday due to complications stemming from cancer treatment, the team announced.",team_entities,boston red sox,mlb_baseball,background_negative,yes,high,clean_background_control,,annotation_source=auto_supplement; sampled_from_bucket=background_negative,auto_supplement
us_electoral_politics,28d3e3d6c8502a18,soccer,positive,background_negative,52799,Yet they’ve done it all within a modest budget (as far as Premier League spending goes).,league_anchor,premier league,soccer,background_negative,yes,high,clean_background_control,,annotation_source=auto_supplement; sampled_from_bucket=background_negative,auto_supplement
us_electoral_politics,5857f90403d25088,mlb_baseball,positive,background_negative,907629,"Roy Riegel, McDonald's childhood friend and fellow New York Mets superfan, died in 2008 at the age of 48.",team_entities,new york mets,mlb_baseball,background_negative,yes,high,clean_background_control,,annotation_source=auto_supplement; sampled_from_bucket=background_negative,auto_supplement
us_electoral_politics,0e2499819f19dd47,mlb_baseball,positive,background_negative,743447,"Jake Sanchez, who pitched in Double-A for Oakland last season, walked one batter and struck out one batter in the ninth inning to earn the save.",baseball_jargon,inning,mlb_baseball,background_negative,yes,high,clean_background_control,,annotation_source=auto_supplement; sampled_from_bucket=background_negative,auto_supplement
us_electoral_politics,8feb7383ca6b95d6,soccer,positive,background_negative,17637,"Doug Mataconis · · 7 comments

Today’s New York Times tries to figure out why there was a group of English soccer hooligans at the protests against the so-called “Ground Zero Mosque” on September 11th:

Among the non-New Yorkers who traveled to Lower Manhattan on Saturday to protest the neighborhood’s decision to allow an Islamic community center to be built were seven men who came from England bearing flags with slogans and the cross of St. George — a symbol of their nation and of the Crusades.",league_anchor,soccer,soccer,background_negative,yes,high,clean_background_control,,annotation_source=auto_supplement; sampled_from_bucket=background_negative,auto_supplement
us_electoral_politics,b417f97d75969b87,soccer,positive,background_negative,41236,The 24-year-old has been a target for a number of Championship and Premier League sides but will sign for Villa on a season-long loan.,league_anchor,premier league,soccer,background_negative,yes,high,clean_background_control,,annotation_source=auto_supplement; sampled_from_bucket=background_negative,auto_supplement
us_electoral_politics,8fd916bd46512901,mlb_baseball,positive,background_negative,415212,But all is not lost ... until Mookie Wilson's bouncer finds its way through Buckner's legs and into right field to cap the New York Mets' improbable Game 6 comeback and prolong Boston's agony.,team_entities,new york mets,mlb_baseball,background_negative,yes,high,clean_background_control,,annotation_source=auto_supplement; sampled_from_bucket=background_negative,auto_supplement
us_electoral_politics,25a7a8baf1347c89,soccer,positive,background_negative,89663,There were six hat tricks scored in the Premier League this season and Kane scored four of them.,league_anchor,premier league,soccer,background_negative,yes,high,clean_background_control,,annotation_source=auto_supplement; sampled_from_bucket=background_negative,auto_supplement
us_electoral_politics,2f27bcb730e8ef36,mlb_baseball,positive,background_negative,19650,Lucas Duda has one less error after an MLB scoring change from last Sunday against Colorado: Trevor Story was awarded a hit on a play in the eighth inning in which Duda originally received an error.,baseball_jargon,inning,mlb_baseball,background_negative,yes,high,clean_background_control,,annotation_source=auto_supplement; sampled_from_bucket=background_negative,auto_supplement
us_electoral_politics,aeae86c2f0cbf065,gaming_general,positive,background_negative,46358,"The industry is fond of saying that no one has yet been able to prove that a specific act of violence was ""caused"" by someone playing a video game.",platform_anchor,video game,gaming_general,background_negative,yes,high,clean_background_control,,annotation_source=auto_supplement; sampled_from_bucket=background_negative,auto_supplement
us_electoral_politics,a150983de9983d4f,mlb_baseball,positive,background_negative,992244,"No one is branding him the next Braves star, no one is predicting he’ll be the long-term answer at shortstop, second base or third base.",baseball_jargon,shortstop,mlb_baseball,background_negative,yes,high,clean_background_control,,annotation_source=auto_supplement; sampled_from_bucket=background_negative,auto_supplement
us_electoral_politics,7e1cebdb241db1df,mlb_baseball,positive,background_negative,285987,"The 1991 World Series is still called ""The best ever"" by some baseball reporters.",league_anchor,world series,mlb_baseball,background_negative,yes,high,clean_background_control,,annotation_source=auto_supplement; sampled_from_bucket=background_negative,auto_supplement
us_electoral_politics,8688284f9c954ec2,mlb_baseball,positive,background_negative,539146,"Saturday's game began at 7 p.m. EDT, the earliest World Series start since 1987.",league_anchor,world series,mlb_baseball,background_negative,yes,high,clean_background_control,,annotation_source=auto_supplement; sampled_from_bucket=background_negative,auto_supplement
us_electoral_politics,c6cb20ac4875cd73,mlb_baseball,positive,background_negative,479636,"Then came Tuesday night, when, in ghastly weather conditions, Aceves pitched as badly as the weather, especially in a third inning in which he walked three batters, committed two balks, was late in covering first base and made a throwing error.",baseball_jargon,inning,mlb_baseball,background_negative,yes,high,clean_background_control,,annotation_source=auto_supplement; sampled_from_bucket=background_negative,auto_supplement
us_electoral_politics,7c9c88cd9e38f58e,mlb_baseball,positive,background_negative,906304,"Yes, the Yankees and Boston Red Sox, who also still have most of their off-season business to do, are the obvious pace-setters.",team_entities,boston red sox,mlb_baseball,background_negative,yes,high,clean_background_control,,annotation_source=auto_supplement; sampled_from_bucket=background_negative,auto_supplement
us_electoral_politics,484ee5784e2a3c43,soccer,positive,background_negative,94254,"Top 20: 1 Real Madrid €512.6m, 2 Barcelona €483m, 3 Man Utd €395.9m, 4 Bayern Munich €368.4m, 5 Chelsea €322.6m, 6 Arsenal €290.3m, 7 Man City €285.6m, 8 Milan €256.9m, 9 Liverpool €233.2m, 10 Juventus €195.4m, 11 Borussia Dortmund €189.1m, 12 Inter €185.9m, 13 Spurs €178.2m, 14 Schalke €174.5m, 15 Napoli €148.4m, 16 Marseille €135.7m, 17 Lyon €131.9m, 18 Hamburg €121.1m, 19 Roma €115.9m, 20 Newcastle €115.3m.",club_entities,arsenal;barcelona;liverpool;real madrid,soccer,background_negative,yes,high,clean_background_control,,annotation_source=auto_supplement; sampled_from_bucket=background_negative,auto_supplement
us_electoral_politics,5848b26c38667720,gaming_general,positive,background_negative,80651,"The version of Corpse Party released on the PlayStation Network represents this complete version, localized for the first time for a western audience.",platform_anchor,playstation,gaming_general,background_negative,yes,high,clean_background_control,,annotation_source=auto_supplement; sampled_from_bucket=background_negative,auto_supplement
us_electoral_politics,8f01103b8ed06162,gaming_general,positive,background_negative,324804,"While details on the game’s actual contents have yet to be released, Time speculates that the title suggests players may be tasked with answering the “23-year-old call for the author’s head.”

The video game politics don’t stop there.",platform_anchor,video game,gaming_general,background_negative,yes,high,clean_background_control,,annotation_source=auto_supplement; sampled_from_bucket=background_negative,auto_supplement
us_electoral_politics,30e580862706a596,mlb_baseball,positive,background_negative,30128,"AL East

To get here, where you're excited about the American League East and the five teams within, you have to make some assumptions.",league_anchor,american league,mlb_baseball,background_negative,yes,high,clean_background_control,,annotation_source=auto_supplement; sampled_from_bucket=background_negative,auto_supplement
us_electoral_politics,926be034dc45c136,soccer,positive,background_negative,50131,"Heuer, Müller and Rubner (2010) analyze scoring in a German soccer league and come to the same conclusion; see http://www.cimat.mx/Eventos/vpec10/img/poisson.pdf.",league_anchor,soccer,soccer,background_negative,yes,high,clean_background_control,,annotation_source=auto_supplement; sampled_from_bucket=background_negative,auto_supplement
us_electoral_politics,976018b0b571eab6,soccer,positive,background_negative,212118,"The former Barnsley and Charlton midfielder, placed in charge of Leeds' academy in 2012 after joining in 2009, took on the head coach's role last November after Darko Milanic had been sacked.",soccer_jargon,midfielder,soccer,background_negative,yes,high,clean_background_control,,annotation_source=auto_supplement; sampled_from_bucket=background_negative,auto_supplement
us_electoral_politics,93c8bff09dc23361,mlb_baseball,positive,background_negative,724443,"2nd Inning

Justin Maxwell hit's a bomb to left-center field

3rd Inning

With runners on first and third Ankiel drives in another run with this double to right-center field.",baseball_jargon,inning,mlb_baseball,background_negative,yes,high,clean_background_control,,annotation_source=auto_supplement; sampled_from_bucket=background_negative,auto_supplement
us_electoral_politics,e6706043b52c15e1,mlb_baseball,positive,background_negative,541110,Rodriguez leads the American League in saves.,league_anchor,american league,mlb_baseball,background_negative,yes,high,clean_background_control,,annotation_source=auto_supplement; sampled_from_bucket=background_negative,auto_supplement
us_electoral_politics,94d74014122aa4c9,soccer,positive,background_negative,49894,"This year, it will be Boulder-based Harpo’s FC of the United States Specialty Sports Association (USSSA) hosting the Kansas City Athletics of the United States Adult Soccer Assocation (USASA) on April 25.",league_anchor,soccer,soccer,background_negative,yes,high,clean_background_control,,annotation_source=auto_supplement; sampled_from_bucket=background_negative,auto_supplement
us_electoral_politics,4a9d3f0c76d42b4e,gaming_general,positive,background_negative,35516,"After reading my Assassin’s Creed 3 multiplayer abilities and crafting guide, it’s only natural you wanted more information on setting up your ability slots.",esports_and_live_service,multiplayer,gaming_general,background_negative,yes,high,clean_background_control,,annotation_source=auto_supplement; sampled_from_bucket=background_negative,auto_supplement
us_electoral_politics,2f7594d6f1c6d5da,soccer,positive,background_negative,172154,"Over 200,000 votes were cast since the final ten man shortlist was announced at the start of this month and Sanchez beat off competition from Chelsea midfielder Eden Hazard who finished second and Manchester City striker Sergio Aguero who finished third to take the award.",soccer_jargon,midfielder;striker,soccer,background_negative,yes,high,clean_background_control,,annotation_source=auto_supplement; sampled_from_bucket=background_negative,auto_supplement
us_electoral_politics,2a518b3803e49b75,mlb_baseball,positive,background_negative,415225,"Neftali Feliz (2011)

Neftali Feliz, who won an American League Rookie of the Year award with the Rangers in 2010, is signing with the Pirates.",league_anchor,american league,mlb_baseball,background_negative,yes,high,clean_background_control,,annotation_source=auto_supplement; sampled_from_bucket=background_negative,auto_supplement
us_electoral_politics,a4b762d0b09535e0,gaming_general,positive,background_negative,324788,"Photo by Jerod Harris/Getty Images

Iran has become the next big star of in video game world—even if it’s just in terms of creating jaw-dropping headlines.",platform_anchor,video game,gaming_general,background_negative,yes,high,clean_background_control,,annotation_source=auto_supplement; sampled_from_bucket=background_negative,auto_supplement
us_electoral_politics,f70eb693fb84c8fc,gaming_general,positive,background_negative,158994,"Nothing to be honest, but when the service does shut down, the game developer will need to covert it to Steamworks if you plan on playing it still (Multiplayer is 100% confirmed to need Steamworks, single player is in question still).",esports_and_live_service;platform_anchor,game developer;multiplayer,gaming_general,background_negative,yes,high,clean_background_control,,annotation_source=auto_supplement; sampled_from_bucket=background_negative,auto_supplement
us_electoral_politics,58ecc43f39c00e95,soccer,positive,background_negative,84171,"So, rather than rile suburban soccer parents with sensationalistic lies that have the sky falling on our children, why not just tell the truth?",league_anchor,soccer,soccer,background_negative,yes,high,clean_background_control,,annotation_source=auto_supplement; sampled_from_bucket=background_negative,auto_supplement
us_electoral_politics,7e9adf0e40b7a9d7,soccer,positive,background_negative,103268,"The German team stands behind its national flag at the start of the group-stage match of the FIFA U-20 World Cup between Germany and Vanuatu in Seogwipo, South Korea, on May 26.",league_anchor,fifa,soccer,background_negative,yes,high,clean_background_control,,annotation_source=auto_supplement; sampled_from_bucket=background_negative,auto_supplement
us_electoral_politics,8f1e460e50a7f75f,gaming_general,positive,background_negative,36598,"4K and HDR scorecard

I want to personally thank the Xbox One S for introducing me to the hot mess that is the world of 4K and HDR formats.",platform_anchor,xbox,gaming_general,background_negative,yes,high,clean_background_control,,annotation_source=auto_supplement; sampled_from_bucket=background_negative,auto_supplement
us_electoral_politics,49428b6a02969d68,soccer,positive,background_negative,41246,"CARSON, Calif. (Tuesday, Nov. 25, 2014) – LA Galaxy and Major League Soccer announced today that defender A.J.",league_anchor,soccer,soccer,background_negative,yes,high,clean_background_control,,annotation_source=auto_supplement; sampled_from_bucket=background_negative,auto_supplement
us_electoral_politics,4fc75b12e8723f39,mlb_baseball,positive,background_negative,793930,"The World Series of Darts is currently comprised of six events, including stages in Dubai, Australia, New Zealand, Japan and China, featuring eight of the sport's top stars and a series of regional qualifiers and wildcards.",league_anchor,world series,mlb_baseball,background_negative,yes,high,clean_background_control,,annotation_source=auto_supplement; sampled_from_bucket=background_negative,auto_supplement
us_electoral_politics,be9c558fb1b3664c,soccer,positive,background_negative,220879,"Indeed, on June 4 the investigative reporting spotlight fell upon the involvement of North Koreans in construction projects connected with next year’s prestigious FIFA World Cup, notably the impressive Zenit Arena in St. Petersburg.",league_anchor,fifa,soccer,background_negative,yes,high,clean_background_control,,annotation_source=auto_supplement; sampled_from_bucket=background_negative,auto_supplement
us_electoral_politics,4698b29523b2339b,gaming_general,positive,background_negative,335875,"According to Wikipedia, the Pokemon game series ""is the second-most successful and lucrative video game-based media franchise in the world, behind only Nintendo's Mario franchise.""",platform_anchor,nintendo;video game,gaming_general,background_negative,yes,high,clean_background_control,,annotation_source=auto_supplement; sampled_from_bucket=background_negative,auto_supplement
us_electoral_politics,3a4bd17cc4f34c69,mlb_baseball,positive,background_negative,675165,The goal is a World Series ring.,league_anchor,world series,mlb_baseball,background_negative,yes,high,clean_background_control,,annotation_source=auto_supplement; sampled_from_bucket=background_negative,auto_supplement
us_electoral_politics,12b5e6f1d27d8e12,soccer,positive,background_negative,62946,"• Arsène Wenger confident over transfer after productive talks • Alexis Sánchez says he has decided where he will play next season

Arsène Wenger is increasingly confident of completing what stands to be an Arsenal record transfer for the striker Alexandre Lacazette after productive talks with Lyon.",club_entities;soccer_jargon,arsenal;striker,soccer,background_negative,yes,high,clean_background_control,,annotation_source=auto_supplement; sampled_from_bucket=background_negative,auto_supplement
us_electoral_politics,d0244d0e3abb0d20,soccer,positive,background_negative,180551,Holtby has long harboured the ambition to play in England – he lists one of his sporting idols as Manchester United's Ryan Giggs – and there is excitement as he begins his four-and-a-half-year contract at White Hart Lane.,club_entities,manchester united,soccer,background_negative,yes,high,clean_background_control,,annotation_source=auto_supplement; sampled_from_bucket=background_negative,auto_supplement
us_electoral_politics,5a49f72531aa6191,mlb_baseball,positive,background_negative,1004441,"Saunders filled a variety of roles over his three decades at the network, contributing to ESPN's coverage of both college football and basketball, the National Hockey League and Major League Baseball.",league_anchor,major league baseball,mlb_baseball,background_negative,yes,high,clean_background_control,,annotation_source=auto_supplement; sampled_from_bucket=background_negative,auto_supplement
us_electoral_politics,c7e450d3b5f618be,mlb_baseball,positive,background_negative,246951,We can do a little back-of-the-envelope math to determine the probability that the Cubs will win their best-of-five NLDS and best-of-seven NLCS to advance to the World Series.,league_anchor,world series,mlb_baseball,background_negative,yes,high,clean_background_control,,annotation_source=auto_supplement; sampled_from_bucket=background_negative,auto_supplement
us_electoral_politics,caa02f665ce350c2,soccer,positive,background_negative,90696,"The French international is widely considered to be one of the best goalkeepers in the Premier League, and he has enjoyed another superb season, this time under Pochettino.",league_anchor,premier league,soccer,background_negative,yes,high,clean_background_control,,annotation_source=auto_supplement; sampled_from_bucket=background_negative,auto_supplement
us_electoral_politics,7df9c3f64fb25f8d,soccer,positive,background_negative,52781,"1) The Manager

Back in October 2008, Harry Redknapp took over from Juande Ramos at Tottenham Hotspur who were stuck in a relegation fight at the bottom of the Premier League.",league_anchor,premier league,soccer,background_negative,yes,high,clean_background_control,,annotation_source=auto_supplement; sampled_from_bucket=background_negative,auto_supplement
us_electoral_politics,1ea02432b8d29338,gaming_general,positive,background_negative,237958,These can be found here:Excellent XBOX 360 Controller MODs for Mass effect 2 and 3 by Moonshine can be found here :me2-controller-support-power-wheel-t1703.htmlme3-controller-support-power-wheel-t1838.htmlIf you want to adjust the sensitivity of the controller (Never has a number been discussed more).,platform_anchor,xbox,gaming_general,background_negative,yes,high,clean_background_control,,annotation_source=auto_supplement; sampled_from_bucket=background_negative,auto_supplement
us_electoral_politics,4e3730d5fea17386,gaming_general,positive,background_negative,116984,"But in a video game world, all the data are there.",platform_anchor,video game,gaming_general,background_negative,yes,high,clean_background_control,,annotation_source=auto_supplement; sampled_from_bucket=background_negative,auto_supplement
us_electoral_politics,692dfa63cce0be1a,gaming_general,positive,background_negative,245067,"This means there will be more freedom to the open world, to who you are and to what you can do.",gameplay_jargon,open world,gaming_general,background_negative,yes,high,clean_background_control,,annotation_source=auto_supplement; sampled_from_bucket=background_negative,auto_supplement
us_electoral_politics,2a0d276a14ed3b79,gaming_general,positive,background_negative,21293,"On game platforms, a long may be an inefficient data type (as it is on the Playstation 2).",platform_anchor,playstation,gaming_general,background_negative,yes,high,clean_background_control,,annotation_source=auto_supplement; sampled_from_bucket=background_negative,auto_supplement
us_electoral_politics,395ef3305ff5e44d,gaming_general,positive,background_negative,158656,Editor's Picks Top women's CS:GO teams battle for charity at IEM Fierce rivals CLG Red and Team Secret faced off in a best-of-one exhibition match at IEM Oakland hosted by esports diversity organization AnyKey.,esports_and_live_service,esports,gaming_general,background_negative,yes,high,clean_background_control,,annotation_source=auto_supplement; sampled_from_bucket=background_negative,auto_supplement
us_electoral_politics,52ad8cea69ca7ad2,soccer,positive,background_negative,85266,Take a look at our most successful Premier League tipsters from the last two seasons below.,league_anchor,premier league,soccer,background_negative,yes,high,clean_background_control,,annotation_source=auto_supplement; sampled_from_bucket=background_negative,auto_supplement
us_electoral_politics,42a1d64cac0b7199,mlb_baseball,positive,background_negative,340430,"[2] In the climactic moment, Gonzalez came to the plate in the bottom of the 9th inning of game 7, with the score even at 2-2, the bases loaded and 1 out.",baseball_jargon,inning,mlb_baseball,background_negative,yes,high,clean_background_control,,annotation_source=auto_supplement; sampled_from_bucket=background_negative,auto_supplement
us_electoral_politics,008d5cf6ca7d9f12,mlb_baseball,positive,background_negative,318821,"Normally that wouldn’t be a major story, but combine MLB WAGs, the MLB playoffs and a sideline reporter and that’s a story.",league_anchor,mlb playoffs,mlb_baseball,background_negative,yes,high,clean_background_control,,annotation_source=auto_supplement; sampled_from_bucket=background_negative,auto_supplement
us_electoral_politics,9f27c3976ad77290,mlb_baseball,positive,background_negative,787978,"Like when ex-Sydney FC striker Mark Janko scored six consecutive goals last season, Howe announced that he had equalled Besart Berisha’s A-League record from 2012, and was one game away from equalling the national league record, set by Damian Mori in 1994-95 for Adelaide City.",league_anchor,national league,mlb_baseball,background_negative,yes,high,clean_background_control,,annotation_source=auto_supplement; sampled_from_bucket=background_negative,auto_supplement
us_electoral_politics,f9690a11ce499046,soccer,positive,background_negative,212115,"Redfearn was Leeds caretaker manager three times before taking the job permanently last season

Uwe Rosler will be in charge of Leeds United for the forthcoming Championship season

'I would like to wish Uwe Rosler and his staff and players every success for next season and beyond so that Leeds can (get) back to the Premier League very soon

'Last, but not least, I wish to thank the fans for their unstinting support both during my time at the Academy and whilst in charge of the first team.",league_anchor,premier league,soccer,background_negative,yes,high,clean_background_control,,annotation_source=auto_supplement; sampled_from_bucket=background_negative,auto_supplement
us_electoral_politics,a1af69c34ab42615,mlb_baseball,positive,background_negative,36616,"Third baseman Grant Clyde, who's hitting .291 with four homers and 24 RBIs has been solid lately, while shortstop Trea Turner leads the way with a .376 batting average, six homers, 40 RBIs, and of course, 24 stolen bases in 30 attempts.",baseball_jargon,batting average;shortstop,mlb_baseball,background_negative,yes,high,clean_background_control,,annotation_source=auto_supplement; sampled_from_bucket=background_negative,auto_supplement
us_electoral_politics,330503741a5e6e2f,mlb_baseball,positive,background_negative,788102,"And what of his closest challenger, Rod Brown, who scored 137 goals between 1983 and 1997, but is no longer listed anywhere in national league records?",league_anchor,national league,mlb_baseball,background_negative,yes,high,clean_background_control,,annotation_source=auto_supplement; sampled_from_bucket=background_negative,auto_supplement
us_electoral_politics,58b650686ad89539,mlb_baseball,positive,background_negative,283735,"Keuchel, 28, won 20 games and the Cy Young last season for an Astros team that advanced to the division series, losing to the eventual World Series champion Royals.",league_anchor,world series,mlb_baseball,background_negative,yes,high,clean_background_control,,annotation_source=auto_supplement; sampled_from_bucket=background_negative,auto_supplement
us_electoral_politics,3634212233841af8,mlb_baseball,positive,background_negative,898501,"Cleveland Indians reliever Andrew Miller and Boston Red Sox closer Craig Kimbrel should be handling the end of the game for the American League, and they will be facing some of the best hitters in baseball.",league_anchor;team_entities,american league;boston red sox,mlb_baseball,background_negative,yes,high,clean_background_control,,annotation_source=auto_supplement; sampled_from_bucket=background_negative,auto_supplement
us_electoral_politics,41c3f54ff9a869fd,gaming_general,positive,background_negative,167563,We’ll do our best to coordinate with the entire Xbox Game Studios family to ensure we have broad representation of opportunity within all of our studios.,platform_anchor,xbox,gaming_general,background_negative,yes,high,clean_background_control,,annotation_source=auto_supplement; sampled_from_bucket=background_negative,auto_supplement
us_electoral_politics,0304b4d4bde588a1,mlb_baseball,positive,background_negative,148022,"the chevrolet ‘camaro’ is one of the most iconic muscle cars in america´s rich automobile history, and this tuned model by timeless kustoms has a particularly unique story–it was bought by major league baseball pitcher brad penny, of ‘the dodgers’, with the intention of having it fine-tuned.",league_anchor,major league baseball,mlb_baseball,background_negative,yes,high,clean_background_control,,annotation_source=auto_supplement; sampled_from_bucket=background_negative,auto_supplement
us_electoral_politics,b09d6aea58ed94cb,soccer,positive,background_negative,14635,"Prince Abdullah has secured a 50% interest in Blades Leisure Ltd, the holding company for Sheffield United FC, in return for which he will invest substantial new capital into the club with the aim of working with current owner Kevin McCabe and his family to achieve the Blades' return to the Premier League as quickly as possible.",league_anchor,premier league,soccer,background_negative,yes,high,clean_background_control,,annotation_source=auto_supplement; sampled_from_bucket=background_negative,auto_supplement
us_electoral_politics,94108a5f921e6f8a,soccer,positive,background_negative,47242,"In exchange, Reign FC traded the rights to midfielder Amber Brooks and the 5th pick in the first round of the 2016 NWSL College Draft to Houston.",soccer_jargon,midfielder,soccer,background_negative,yes,high,clean_background_control,,annotation_source=auto_supplement; sampled_from_bucket=background_negative,auto_supplement
us_electoral_politics,0d75b7595a9e758c,mlb_baseball,positive,background_negative,517904,"The UNCG School of Nursing has received one of the top national honors by the National League of Nursing, which has listed the school as a Center of Excellence in Nursing Education.",league_anchor,national league,mlb_baseball,background_negative,yes,high,clean_background_control,,annotation_source=auto_supplement; sampled_from_bucket=background_negative,auto_supplement
us_electoral_politics,5070a89f5e8db28c,soccer,positive,background_negative,195367,"Their extra attacking midfielder was important in Liverpool progressing the ball between the Dortmund lines and they were more often able to find the ball behind the pairing of Weigl and Castro, often in the half-spaces which were left unprotected as I mentioned above.",club_entities;soccer_jargon,liverpool;midfielder,soccer,background_negative,yes,high,clean_background_control,,annotation_source=auto_supplement; sampled_from_bucket=background_negative,auto_supplement
us_electoral_politics,05830ba9000c304a,gaming_general,positive,background_negative,245087,"Those next-gen consoles haven't been specified in Cyberpunk's case, but we know for definite that The Witcher 3 will be on PS4, and we can expect both games to also be on the next Xbox.",platform_anchor,xbox,gaming_general,background_negative,yes,high,clean_background_control,,annotation_source=auto_supplement; sampled_from_bucket=background_negative,auto_supplement
us_electoral_politics,f6ecdb9608080ffc,mlb_baseball,positive,background_negative,724884,"During his weekly spot on Mully and Hanley (670 The Score), Peter Gammons brought up Buchholz as an option for the Cubs if the front office attempts to acquire a starting pitcher.",baseball_jargon,starting pitcher,mlb_baseball,background_negative,yes,high,clean_background_control,,annotation_source=auto_supplement; sampled_from_bucket=background_negative,auto_supplement
us_electoral_politics,d383f78d08d9038d,soccer,positive,background_negative,180524,The Tottenham Hotspur chairman had the signature on the pre-contract and he was looking forward to welcoming Schalke's attacking midfielder Lewis Holtby as a Bosman free agent in June.,soccer_jargon,midfielder,soccer,background_negative,yes,high,clean_background_control,,annotation_source=auto_supplement; sampled_from_bucket=background_negative,auto_supplement
us_electoral_politics,89de054d3b5a3f8c,soccer,positive,background_negative,55214,"However, another Premier League side Leicester City are said to be monitoring the situation.",league_anchor,premier league,soccer,background_negative,yes,high,clean_background_control,,annotation_source=auto_supplement; sampled_from_bucket=background_negative,auto_supplement
us_electoral_politics,bf5acfef75a91364,gaming_general,positive,background_negative,276885,"Running until Monday, July 24 at 8am PT/11am ET, here’s all the deals in this month’s PSN Flash Sale on the PlayStation Store:

PlayStation 4 Action Henk – $4.49

Awesomenauts Assemble – $2.49

Awesomenauts Assemble Ultimate Overdrive Collector’s Pack – $15.29

Awesomenauts Assemble Ultimate Overdrive Pack – $6.79

Back to the Future: The Game 30th Anniversary Edition – $5.99

Bastion – $4.49

Batman: Arkham Knight – $9.99

Batman: Return to Arkham – $15.99

Broken Age – $3.99

Cartoon Network: Battle Crashers – $4.99

ClusterTruck – $5.99

Crypt of the NecroDancer – $4.49

Day of the Tentacle Remastered – $2.99

Deadpool – $19.99

Dragon Age Inquisition Deluxe Edition – $9.99

Dragon Age Inquisition GOTY Edition – $19.99

Drawful 2 – $3.99

Earthlock: Festival of Magic – $9.89

Fibbage – $2.79

Godzilla – $14.99

Grim Fandango Remastered – $2.99

Guacamelee!",platform_anchor,playstation,gaming_general,background_negative,yes,high,clean_background_control,,annotation_source=auto_supplement; sampled_from_bucket=background_negative,auto_supplement
us_electoral_politics,9ca18dc8f37a13c3,soccer,positive,background_negative,188728,"Finally, Connie Organ was named goalkeeper of the week as she's recorded four shutouts and has five total for the season.",soccer_jargon,goalkeeper,soccer,background_negative,yes,high,clean_background_control,,annotation_source=auto_supplement; sampled_from_bucket=background_negative,auto_supplement
us_electoral_politics,35ee324c6def0fbf,gaming_general,positive,background_negative,229851,":D).Competing and training with the aim to be the best in the world, as a funded athlete also gives me a pretty unique perspective on eSports as a sport (to which I think it is) and also on pro players.",esports_and_live_service,esports,gaming_general,background_negative,yes,high,clean_background_control,,annotation_source=auto_supplement; sampled_from_bucket=background_negative,auto_supplement
us_electoral_politics,e8c4a5aed3cc750f,gaming_general,positive,background_negative,135058,Feels like the equivalent of eSports protectionism lol.,esports_and_live_service,esports,gaming_general,background_negative,yes,high,clean_background_control,,annotation_source=auto_supplement; sampled_from_bucket=background_negative,auto_supplement
us_electoral_politics,d1901e9972818f33,gaming_general,positive,background_negative,87505,The community that has blossomed since the launch of Kinect for Xbox 360 in November shows the breadth of invention and depth of imagination possible when people have access to ground-breaking technology.,platform_anchor,xbox,gaming_general,background_negative,yes,high,clean_background_control,,annotation_source=auto_supplement; sampled_from_bucket=background_negative,auto_supplement
us_electoral_politics,42713fa55650e406,soccer,positive,background_negative,35730,"“It’s a perfect moment for ‘Seeing is Believing’ because this game will have to be seen for people to believe what will happen.”

LFCTV GO: Relive Philippe Coutinho's performance at Old Trafford

After a good start to 2016-17, Liverpool are five places and as many points better off than they were at this point last season in the Premier League.",club_entities;league_anchor,liverpool;premier league,soccer,background_negative,yes,high,clean_background_control,,annotation_source=auto_supplement; sampled_from_bucket=background_negative,auto_supplement
us_electoral_politics,b5943dab163d0da8,gaming_general,positive,background_negative,279303,"[/box_light]

[box_light]

ID@Xbox Pre-PAX Open House

Time: 6-8:30PM

Location: Microsoft Building 92, 15010 NE 36th Street, Redmond, WA 98052

Admission: Free (18+)

Info: Website

We’re throwing open the doors at the scenic Microsoft Campus – come see where we work, come play our games, and kick off PAX Prime weekend with hundreds of fellow gamers.",platform_anchor,xbox,gaming_general,background_negative,yes,high,clean_background_control,,annotation_source=auto_supplement; sampled_from_bucket=background_negative,auto_supplement
us_electoral_politics,b946b111980a3a58,mlb_baseball,positive,background_negative,75596,"Around the seventh inning, an usher appeared and attempted to remove either the man or his mask.",baseball_jargon,inning,mlb_baseball,background_negative,yes,high,clean_background_control,,annotation_source=auto_supplement; sampled_from_bucket=background_negative,auto_supplement
us_electoral_politics,36fe8ce5c0bdf167,mlb_baseball,positive,background_negative,946142,"“Babe” Ruth, home-run hitter extraordinary of the Red Sox, has been sold to the New York American League club for a cash price of probably $100,000 and possibly more.",league_anchor,american league,mlb_baseball,background_negative,yes,high,clean_background_control,,annotation_source=auto_supplement; sampled_from_bucket=background_negative,auto_supplement
us_electoral_politics,9078bd06e8581072,mlb_baseball,positive,background_negative,989774,"Jarred Cosart could be a good starting pitcher, but for now, he has too much trouble throwing strikes to make a positive impact in the rotation.",baseball_jargon,starting pitcher,mlb_baseball,background_negative,yes,high,clean_background_control,,annotation_source=auto_supplement; sampled_from_bucket=background_negative,auto_supplement
us_electoral_politics,5635a14d1bf0da36,soccer,positive,background_negative,94249,Real Madrid are the game’s biggest cash generating force after they amassed revenue in excess of €500m in 2011-12.,club_entities,real madrid,soccer,background_negative,yes,high,clean_background_control,,annotation_source=auto_supplement; sampled_from_bucket=background_negative,auto_supplement
us_electoral_politics,fb01232f7bc0d580,gaming_general,positive,background_negative,182040,"Of course, that reality is likely still off in the distance — the new Xbox One and Kinect bundle isn't shipping until later this year, and if Microsoft follows its earlier pattern the Windows version would arrive months after that.",platform_anchor,xbox,gaming_general,background_negative,yes,high,clean_background_control,,annotation_source=auto_supplement; sampled_from_bucket=background_negative,auto_supplement
us_electoral_politics,5e0869004c5e1724,mlb_baseball,positive,background_negative,125447,"The Texas Rangers and Los Angeles Dodgers have emerged over the weekend as the likely favorites to trade for Philadelphia Phillies ace Cole Hamels, multiple sources said.",team_entities,los angeles dodgers,mlb_baseball,background_negative,yes,high,clean_background_control,,annotation_source=auto_supplement; sampled_from_bucket=background_negative,auto_supplement
us_electoral_politics,197f9f1d3391f24a,soccer,positive,background_negative,47244,"(Cover photo: Fox Soccer / Youtube)

——————–

Editor’s Note: But is she staying?",league_anchor,soccer,soccer,background_negative,yes,high,clean_background_control,,annotation_source=auto_supplement; sampled_from_bucket=background_negative,auto_supplement
us_electoral_politics,ed057df55b394c67,gaming_general,positive,background_negative,98261,"Pokémon Go, Nintendo's first mobile-based Pokémon title, is officially out worldwide, and that means thousands of budding trainers will be hitting the streets looking for wild Pokémon.",platform_anchor,nintendo,gaming_general,background_negative,yes,high,clean_background_control,,annotation_source=auto_supplement; sampled_from_bucket=background_negative,auto_supplement
us_electoral_politics,4a180e8962a7925f,mlb_baseball,positive,background_negative,425342,"The Indians lost Game 1, in part because of a controversial call on Feller's pickoff attempt on Phil Masi at second base (""About 50 million people [watching the first coast-to-coast broadcast of a World Series game] called him out,"" Feller would say in 2008, ""but one guy called him safe, and he was 10 feet away"").",league_anchor,world series,mlb_baseball,background_negative,yes,high,clean_background_control,,annotation_source=auto_supplement; sampled_from_bucket=background_negative,auto_supplement
us_electoral_politics,95867e8eb232b2cd,gaming_general,positive,background_negative,186454,Use this with the Product Activation process within the Steam client to initiate download and installation – full instructions accompany the activation key.,platform_anchor,steam,gaming_general,background_negative,yes,high,clean_background_control,,annotation_source=auto_supplement; sampled_from_bucket=background_negative,auto_supplement
us_electoral_politics,759e2df3f2e8a9cd,gaming_general,positive,background_negative,320207,"Once Super Nintendo came out, we dove into Street Fighter, starting a rivalry that continues to this day.",platform_anchor,nintendo,gaming_general,background_negative,yes,high,clean_background_control,,annotation_source=auto_supplement; sampled_from_bucket=background_negative,auto_supplement
us_electoral_politics,c2e8b15f3b807b19,soccer,positive,background_negative,192789,"Barragan has made 27 appearances with Boro, 26 of which were in the Premier League.",league_anchor,premier league,soccer,background_negative,yes,high,clean_background_control,,annotation_source=auto_supplement; sampled_from_bucket=background_negative,auto_supplement
us_electoral_politics,10c9ea0a474964b5,gaming_general,positive,background_negative,307499,"The campaign does not carry with it most of the frustrations of multiplayer, and so it stands out in this game for at least allowing you to set goals and accomplish them, if not for much else.",esports_and_live_service,multiplayer,gaming_general,background_negative,yes,high,clean_background_control,,annotation_source=auto_supplement; sampled_from_bucket=background_negative,auto_supplement
us_electoral_politics,0ff10e0c530fe3f7,soccer,positive,background_negative,120301,"With Suarez already a stunning striker and the main man at Anfield but a liability with his on-field antics, perhaps it was a good thing Costa decided to turn down Liverpool and remain in Spain.",club_entities;soccer_jargon,liverpool;striker,soccer,background_negative,yes,high,clean_background_control,,annotation_source=auto_supplement; sampled_from_bucket=background_negative,auto_supplement
us_electoral_politics,829100542afda780,soccer,positive,background_negative,22550,"“It's going to be a great crowd, [a] good time atmosphere, so we're excited about that,” said TFC goalkeeper Clint Irwin last week.",soccer_jargon,goalkeeper,soccer,background_negative,yes,high,clean_background_control,,annotation_source=auto_supplement; sampled_from_bucket=background_negative,auto_supplement
us_electoral_politics,ed1c84c48b73e820,soccer,positive,background_negative,90027,"The latest dispute flared up late last week at the Olympics, when Korean soccer player Park Jong-woo displayed a political sign saying “Dokdo Is Our Territory” after the country won the bronze-medal match against Japan.",league_anchor,soccer,soccer,background_negative,yes,high,clean_background_control,,annotation_source=auto_supplement; sampled_from_bucket=background_negative,auto_supplement
us_electoral_politics,73dce7a4d3cbd2d9,soccer,positive,background_negative,69001,"OFFICIAL: DONNARUMMA WON'T RENEW

By Football Italia staff

Gianluigi Donnarumma will not renew his contract, announced Milan after a crunch meeting with agent Mino Raiola, so Real Madrid and Paris Saint-Germain step forward.",club_entities,real madrid,soccer,background_negative,yes,high,clean_background_control,,annotation_source=auto_supplement; sampled_from_bucket=background_negative,auto_supplement
us_electoral_politics,bcc88e6c4c65eba1,soccer,positive,background_negative,85292,They pay close attention to every detail before posting their Premier League predictions.,league_anchor,premier league,soccer,background_negative,yes,high,clean_background_control,,annotation_source=auto_supplement; sampled_from_bucket=background_negative,auto_supplement
us_electoral_politics,79e40f7d657b8024,mlb_baseball,positive,background_negative,160848,"“[The Rockies] were still up three runs but we all remembered in 2025 when they led 10-1 in the ninth inning and lost 34-10,” Stephens says of a truly gut-wrenching, 33-run inning in May of 2025 against the Dodgers.",baseball_jargon,inning,mlb_baseball,background_negative,yes,high,clean_background_control,,annotation_source=auto_supplement; sampled_from_bucket=background_negative,auto_supplement
us_electoral_politics,9fe73459ba5d7f87,soccer,positive,background_negative,151253,"Valencia, Jones, Marouane Fellaini and Michael Carrick also missed the 4-1 Champions League win over CSKA Moscow on Wednesday, while Anthony Martial was forced off in the second half.",league_anchor,champions league,soccer,background_negative,yes,high,clean_background_control,,annotation_source=auto_supplement; sampled_from_bucket=background_negative,auto_supplement
us_electoral_politics,e61fcee912118800,gaming_general,positive,background_negative,301300,"UPickVG IV, the 4th U-Pick Video Game Marathon for Charity, is coming June 12th!",platform_anchor,video game,gaming_general,background_negative,yes,high,clean_background_control,,annotation_source=auto_supplement; sampled_from_bucket=background_negative,auto_supplement
us_electoral_politics,ac6631e504493233,soccer,positive,background_negative,142823,"And even on the occasion of welcoming Burundi's Lydia Nsekera, FIFA's first full-term woman executive committee member, he remarked to the congress in Mauritius last year: ""Say something, ladies!",league_anchor,fifa,soccer,background_negative,yes,high,clean_background_control,,annotation_source=auto_supplement; sampled_from_bucket=background_negative,auto_supplement
us_electoral_politics,410d2037bb9fe454,mlb_baseball,positive,background_negative,272352,"Peraza makes a lot of contact, and he’s made a smooth transition from shortstop to second base.",baseball_jargon,shortstop,mlb_baseball,background_negative,yes,high,clean_background_control,,annotation_source=auto_supplement; sampled_from_bucket=background_negative,auto_supplement
us_electoral_politics,76a7b8f0ceda71fd,mlb_baseball,positive,background_negative,118912,"Major league baseball is trending toward pitchers -- especially relievers -- with big velocity, and while the Twins may appear far behind the curve based on the above finding, they're certainly not ignorant to this reality.",league_anchor,major league baseball,mlb_baseball,background_negative,yes,high,clean_background_control,,annotation_source=auto_supplement; sampled_from_bucket=background_negative,auto_supplement
us_electoral_politics,15372103c95ae26c,gaming_general,positive,background_negative,161395,"Wii networking¶

As Dragon Quest X connects to both Nintendo's infrastructure over HTTPS and to Square Enix's servers, a complete implementation of IOS's network functionality is required to get online.",platform_anchor,nintendo,gaming_general,background_negative,yes,high,clean_background_control,,annotation_source=auto_supplement; sampled_from_bucket=background_negative,auto_supplement
us_electoral_politics,6811ebc30ee57832,mlb_baseball,positive,background_negative,985604,"But MLB made peace -- and got itself broad cable carriage -- by selling a piece of its forthcoming MLB Network to Comcast, Time Warner and Cox.",league_anchor,mlb network,mlb_baseball,background_negative,yes,high,clean_background_control,,annotation_source=auto_supplement; sampled_from_bucket=background_negative,auto_supplement
us_electoral_politics,5eb6bf8bdd505e2e,mlb_baseball,positive,background_negative,267812,"My wife says, “You know you’re wasting your time.” I say, “It’s my job.” But I think, “Maybe it’s just my job to jinx it.” Once, I got to Camden Yards as Mike Mussina took a no-hitter into the ninth inning.",baseball_jargon,inning,mlb_baseball,background_negative,yes,high,clean_background_control,,annotation_source=auto_supplement; sampled_from_bucket=background_negative,auto_supplement
us_electoral_politics,ad0ea6a0b6af2194,gaming_general,positive,background_negative,31343,"The company, having just had a successful launch of the PlayStation 4 console, has sent out emails to an unknown number of users requiring them to change their passwords because of “irregular activity” on the account.",platform_anchor,playstation,gaming_general,background_negative,yes,high,clean_background_control,,annotation_source=auto_supplement; sampled_from_bucket=background_negative,auto_supplement
us_electoral_politics,e45c4d701d81856c,mlb_baseball,positive,background_negative,730457,"He had his second highest batting average at .292 in 65 at-bats, hitting 19 times while having two home runs and 13 RBIs, striking out 18 times while walking six times.",baseball_jargon,batting average,mlb_baseball,background_negative,yes,high,clean_background_control,,annotation_source=auto_supplement; sampled_from_bucket=background_negative,auto_supplement
us_electoral_politics,ca20d3f94f9b2770,gaming_general,positive,background_negative,337624,When The New Order came out it wasn’t such a big deal that you were mowing down Nazis in a video game en masse.,platform_anchor,video game,gaming_general,background_negative,yes,high,clean_background_control,,annotation_source=auto_supplement; sampled_from_bucket=background_negative,auto_supplement
us_electoral_politics,e9bffb6512e2b8b9,gaming_general,positive,background_negative,229793,"I'm not a saint & in the future I certainly hope to make money from eSports but I am of the belief that if that day should come, it must be justified.",esports_and_live_service,esports,gaming_general,background_negative,yes,high,clean_background_control,,annotation_source=auto_supplement; sampled_from_bucket=background_negative,auto_supplement
us_electoral_politics,e013df1f5f114d38,soccer,positive,background_negative,60081,"Advertisement

Bournemouth have been forced into an embarrassing climbdown after one of their stewards accused Manchester City striker Sergio Aguero of assaulting him.",soccer_jargon,striker,soccer,background_negative,yes,high,clean_background_control,,annotation_source=auto_supplement; sampled_from_bucket=background_negative,auto_supplement
us_electoral_politics,b9dbdb4d2081db25,gaming_general,positive,background_negative,178108,"Made available only through the print-on-demand service of MagCloud and set at a steep price of $17.99 per copy (print-on-demand is expensive), the debut issue of Nintendo Force nonetheless overcame that obstacle of prohibitive cost and soared to shatter all of MagCloud’s sales records – it became the most successful single issue in the history of the site, with thousands upon thousands of copies sold (and more are still being added to that number daily).",platform_anchor,nintendo,gaming_general,background_negative,yes,high,clean_background_control,,annotation_source=auto_supplement; sampled_from_bucket=background_negative,auto_supplement
us_electoral_politics,3c10d0354b30bab9,soccer,positive,background_negative,225847,"Nuri Şahin’s double meant he was selected in midfield, replacing the suspended Jonjo Shelvey, and Andre Wisdom was also handed his Premier League début in place of Martin Kelly, who was missing due to a long-term injury.",league_anchor,premier league,soccer,background_negative,yes,high,clean_background_control,,annotation_source=auto_supplement; sampled_from_bucket=background_negative,auto_supplement
us_electoral_politics,543ce4fce6e7ec94,gaming_general,positive,background_negative,46345,"The very idea of moving from room to room with an assault weapon, “clearing” the room by shooting victims in the head, as Lanza did in Newtown, is a convention of the First Person Shooter video game genre.",platform_anchor,video game,gaming_general,background_negative,yes,high,clean_background_control,,annotation_source=auto_supplement; sampled_from_bucket=background_negative,auto_supplement
us_electoral_politics,ea5fdefd149a55fc,soccer,positive,background_negative,18102,"A pictorial look at the career of City's latest recruit

An Italian Under-21 International, Federico joined the Manchester United youth set-up from Lazio in 2007, going on to top the Under-18 scoring charts in his first season at Old Trafford, netting 12 goals in 21 appearances.",club_entities,manchester united,soccer,background_negative,yes,high,clean_background_control,,annotation_source=auto_supplement; sampled_from_bucket=background_negative,auto_supplement
us_electoral_politics,aad4b745ba6420aa,gaming_general,positive,background_negative,36568,"Pragmatically, you're probably better off nabbing an older Xbox One, which are now being sold at fire-sale prices.",platform_anchor,xbox,gaming_general,background_negative,yes,high,clean_background_control,,annotation_source=auto_supplement; sampled_from_bucket=background_negative,auto_supplement
us_electoral_politics,4e09e16509d42a4c,mlb_baseball,positive,background_negative,415263,"Hack Wilson (1929)

AP Photo

The Chicago Cubs' stumpy center fielder lost not one, but two balls in the sun as the A's, down 8-0 in the seventh, scored 10 runs in the frame to win Game 4 and take control of the series.",team_entities,chicago cubs,mlb_baseball,background_negative,yes,high,clean_background_control,,annotation_source=auto_supplement; sampled_from_bucket=background_negative,auto_supplement
us_electoral_politics,3f3fd25c843ddc7f,mlb_baseball,positive,background_negative,927508,Steinbrenner indicated that the issues were of sufficient concern that the Yankees might have switched managers even if Girardi had led the team to a World Series victory.,league_anchor,world series,mlb_baseball,background_negative,yes,high,clean_background_control,,annotation_source=auto_supplement; sampled_from_bucket=background_negative,auto_supplement
us_electoral_politics,6aa160e043b9a319,gaming_general,positive,background_negative,93209,"It begins with the latest episode of Invisible Walls, a Game Trailers podcast, featuring a lengthy rant from Marcus Beer, a longtime member of the industry now commentating under the named “Annoyed Gamer.” The podcast was discussing the recent turn of events regarding Xbox One self-publishing, and how both Fish and Braid designer Jonathan Blow used Twitter to criticize the press for running towards both of them for quotes about what was, then, still a rumor coming from Game Informer about the news.",platform_anchor,xbox,gaming_general,background_negative,yes,high,clean_background_control,,annotation_source=auto_supplement; sampled_from_bucket=background_negative,auto_supplement
us_electoral_politics,666544d9c47cef86,gaming_general,positive,background_negative,127847,"Gitelman tells me that repairs and pilot reassignment cost money in the game's multiplayer, so I'm relieved to be off the hook scot-free in this instance.",esports_and_live_service,multiplayer,gaming_general,background_negative,yes,high,clean_background_control,,annotation_source=auto_supplement; sampled_from_bucket=background_negative,auto_supplement
us_electoral_politics,0961e3de1efbe0de,soccer,positive,background_negative,153947,"But if the prevailing narrative is that there's a Big Four - an arbitrary number that seems to have been ordained because there was a perceived Big Four in the Premier League (also proven foolish), so let's have a Big Four for everything - people will be less inclined to seek out the breadth of music that was being scattershot across the airwaves at the time.",league_anchor,premier league,soccer,background_negative,yes,high,clean_background_control,,annotation_source=auto_supplement; sampled_from_bucket=background_negative,auto_supplement
us_electoral_politics,7ea981841fc553b9,soccer,positive,background_negative,63693,And in support of this narrative of stratospheric growth – there’s hardly any telling if MLS threatens to overheat anytime soon as the second-tier North American Soccer League appears to be kicking the bucket – it does MLS no good at all to say to club soccer’s European elite that it’ll gladly take on the care of its aging stars once their historic clubs are ready to put them in a home.,league_anchor,soccer,soccer,background_negative,yes,high,clean_background_control,,annotation_source=auto_supplement; sampled_from_bucket=background_negative,auto_supplement
us_electoral_politics,a1f5e98986b095c8,mlb_baseball,positive,background_negative,717880,The 37-year-old Epstein resigned with a year remaining on his contract as Red Sox general manager to run a team that has gone 103 years without a World Series championship.,league_anchor,world series,mlb_baseball,background_negative,yes,high,clean_background_control,,annotation_source=auto_supplement; sampled_from_bucket=background_negative,auto_supplement
us_electoral_politics,41010d6ff9667134,soccer,positive,background_negative,78143,"""Yes, the Champions League is our target but of course sometimes in football results are 50-50.",league_anchor,champions league,soccer,background_negative,yes,high,clean_background_control,,annotation_source=auto_supplement; sampled_from_bucket=background_negative,auto_supplement
us_electoral_politics,01c4f35bcfc2f4fb,gaming_general,positive,background_negative,9267,"Come watch the alluring performances of talented nerdlesque performers from all around the country as they channel your favorite cartoon, comic, and video game heroes.",platform_anchor,video game,gaming_general,background_negative,yes,high,clean_background_control,,annotation_source=auto_supplement; sampled_from_bucket=background_negative,auto_supplement
us_electoral_politics,8c3c1b6a46d711d8,gaming_general,positive,background_negative,293122,"However, he was on a mission to catch all of the majikichi sushi in Kanto and become a majikichi sushi master, just like in that hit video game he used to play…Nobunaga’s Ambition.",platform_anchor,video game,gaming_general,background_negative,yes,high,clean_background_control,,annotation_source=auto_supplement; sampled_from_bucket=background_negative,auto_supplement
us_electoral_politics,a27cfa16855fb7b1,soccer,positive,background_negative,185466,"And yet it’s been proven that people with significant leg length differences suffer from no more back pain than anyone else.12 (Not that minor differences can even be reliably diagnosed in the first place.13)

And soccer athletes with large differences in the mass of their low back and hip muscles — exactly the kind of “imbalance” that is targeted for repair by therapists everywhere — don’t actually get hurt any more often than soccer players with more evenly distributed muscle mass.14

Or consider this study of coordination exercises for the neck: it showed that the exercises had exactly the intended effect on coordination and posture … but no effect on neck pain at all.15 What’s the point of posture exercise if it doesn’t actually help with pain problems?",league_anchor,soccer,soccer,background_negative,yes,high,clean_background_control,,annotation_source=auto_supplement; sampled_from_bucket=background_negative,auto_supplement
us_electoral_politics,0b7763d38bc8bab9,soccer,positive,background_negative,136418,"Photos: Brazil fans mourn Chapecoense players A military guard of honor receives the coffins of members of the Chapecoense soccer team who were killed in a plane crash as they arrive at the airport in Chapeco, Brazil, on Saturday, December 3.",league_anchor,soccer,soccer,background_negative,yes,high,clean_background_control,,annotation_source=auto_supplement; sampled_from_bucket=background_negative,auto_supplement
us_electoral_politics,cb99e30701d9784d,mlb_baseball,positive,background_negative,256532,"AP Photo/Courtesy of the Chicago Cubs, Steve Green

Hey, you can't blame Theo Epstein for trying.",team_entities,chicago cubs,mlb_baseball,background_negative,yes,high,clean_background_control,,annotation_source=auto_supplement; sampled_from_bucket=background_negative,auto_supplement
us_electoral_politics,1d3bde3a47bee0aa,mlb_baseball,positive,background_negative,267814,So I just abandoned my car 50 yards from the home plate entrance and ignored the heavy-set police officer who was yelling and pursuing me.,baseball_jargon,home plate,mlb_baseball,background_negative,yes,high,clean_background_control,,annotation_source=auto_supplement; sampled_from_bucket=background_negative,auto_supplement
us_electoral_politics,5a41ceae9ceaf0d9,gaming_general,positive,background_negative,215604,"When you have a scene as new and constantly changing as eSports, situations are going to crop up that cause debate over what the definition of ""cheating"" actual entails.",esports_and_live_service,esports,gaming_general,background_negative,yes,high,clean_background_control,,annotation_source=auto_supplement; sampled_from_bucket=background_negative,auto_supplement
us_electoral_politics,165866b29610b9da,soccer,positive,background_negative,139894,"Malhotra, who is about to enter his third season with the Canucks, traded in the ice for the soccer pitch and took part in the Vancouver Whitecaps’ two-hour training session at Inter River Park in North Vancouver.",league_anchor,soccer,soccer,background_negative,yes,high,clean_background_control,,annotation_source=auto_supplement; sampled_from_bucket=background_negative,auto_supplement
us_electoral_politics,86c675b034f9521d,gaming_general,positive,background_negative,179448,"This is a big reason I hope Microsoft continues to make its video game console (rather than spin it off, as some people in the industry have suggested.)",platform_anchor,video game,gaming_general,background_negative,yes,high,clean_background_control,,annotation_source=auto_supplement; sampled_from_bucket=background_negative,auto_supplement
us_electoral_politics,33bfcdd08edd9314,soccer,positive,background_negative,115196,The Milanese club paid €36m to Monaco for the midfielder’s services two years ago but his time at the San Siro has been underwhelming.,soccer_jargon,midfielder,soccer,background_negative,yes,high,clean_background_control,,annotation_source=auto_supplement; sampled_from_bucket=background_negative,auto_supplement
us_electoral_politics,e550ea91b7418e1b,soccer,positive,background_negative,22533,"“It's going to be different,” said Toronto FC midfielder Jonathan Osorio last week.",soccer_jargon,midfielder,soccer,background_negative,yes,high,clean_background_control,,annotation_source=auto_supplement; sampled_from_bucket=background_negative,auto_supplement
us_electoral_politics,ea29b16568601f9c,soccer,positive,background_negative,213051,"County aides and law enforcement showed numerous aerial photos of reported grow sites, including open space near Rio Linda High School and the Cherry Island Soccer Complex.",league_anchor,soccer,soccer,background_negative,yes,high,clean_background_control,,annotation_source=auto_supplement; sampled_from_bucket=background_negative,auto_supplement
us_electoral_politics,9342e453655b092b,soccer,positive,background_negative,197151,"Sporting Kansas City will have the team's named engraved on the Dewar Challenge Trophy, the oldest trophy in United States team sports, and earn a berth in the 2013-14 CONCACAF Champions League for the opportunity to compete against the best club teams in North America, Central America and the Caribbean.",league_anchor,champions league,soccer,background_negative,yes,high,clean_background_control,,annotation_source=auto_supplement; sampled_from_bucket=background_negative,auto_supplement
us_electoral_politics,c79dac204fe171f3,mlb_baseball,positive,background_negative,898493,"He leads the junior circuit in home runs (30), is second in RBI (66) and ranks third in batting average (.329).",baseball_jargon,batting average,mlb_baseball,background_negative,yes,high,clean_background_control,,annotation_source=auto_supplement; sampled_from_bucket=background_negative,auto_supplement
us_electoral_politics,012b2eae426c6863,soccer,positive,background_negative,122913,If Real Madrid want to pay up then so be it.,club_entities,real madrid,soccer,background_negative,yes,high,clean_background_control,,annotation_source=auto_supplement; sampled_from_bucket=background_negative,auto_supplement
us_electoral_politics,bc630c9476da866f,soccer,positive,background_negative,129357,Manchester United (6th) and Chelsea (8th) also spend more than the Gunners.,club_entities,manchester united,soccer,background_negative,yes,high,clean_background_control,,annotation_source=auto_supplement; sampled_from_bucket=background_negative,auto_supplement
us_electoral_politics,74460a80530eda4a,mlb_baseball,positive,background_negative,446634,"And go out and play the game.”

• Matt Carpenter did his best to bite his tongue after home plate umpire Bill Miller rung him up looking at a 3-and-2 cutter inside from Jon Lester.",baseball_jargon,home plate,mlb_baseball,background_negative,yes,high,clean_background_control,,annotation_source=auto_supplement; sampled_from_bucket=background_negative,auto_supplement
us_electoral_politics,afe258b8dca6816c,mlb_baseball,positive,background_negative,427298,"In the past 20 years, only three players have had a higher batting average in May -- Lance Berkman in 2008 and Todd Helton and Bengie Molina in 2000, when Helton hit .512.",baseball_jargon,batting average,mlb_baseball,background_negative,yes,high,clean_background_control,,annotation_source=auto_supplement; sampled_from_bucket=background_negative,auto_supplement
us_electoral_politics,ee87748f291cb41c,soccer,positive,background_negative,69535,UPDATE 29th June 2016: EA has said it's looking into the FIFA Ultimate Team chemistry glitch that hit the headlines this week.,league_anchor,fifa,soccer,background_negative,yes,high,clean_background_control,,annotation_source=auto_supplement; sampled_from_bucket=background_negative,auto_supplement
us_electoral_politics,2ec0e7b03e0fcffd,soccer,positive,background_negative,197124,"In the 29th minute, former Sporting Kansas City striker Eddie Johnson expertly headed down a corner from Rosales on goal, but Nielsen dove and pushed Johnson's shot with an even finer save that prompted uproarious applause from the packed crowd.",soccer_jargon,striker,soccer,background_negative,yes,high,clean_background_control,,annotation_source=auto_supplement; sampled_from_bucket=background_negative,auto_supplement
us_electoral_politics,2226315f802ccb77,gaming_general,positive,background_negative,170052,"With the game’s esports focus, this should add an extra layer of strategy to races.",esports_and_live_service,esports,gaming_general,background_negative,yes,high,clean_background_control,,annotation_source=auto_supplement; sampled_from_bucket=background_negative,auto_supplement
us_electoral_politics,cf888b3d81218dd1,gaming_general,positive,background_negative,246796,"Portal 2 comes out February 9, 2011 for the Playstation 3, Xbox 360, PC and Mac.",platform_anchor,playstation;xbox,gaming_general,background_negative,yes,high,clean_background_control,,annotation_source=auto_supplement; sampled_from_bucket=background_negative,auto_supplement
us_electoral_politics,266e82bcfd88c9ed,mlb_baseball,positive,background_negative,809458,"for iPad (usual price $2.99)

Command & Conquer Red Alert for iPad (usual price $4.99)

Coconut Dodge for iPad (usual price $1.99)

Dead Space (usual price $6.99)

Dead Space for iPad (usual price $9.99)

Dragon’s Lair 2: Time Warp (usual price $2.99)

Draw Jump HD (usual price $2.99)

Fight Night Champion (usual price $4.99)

FIFA Soccer 13 (usual price $4.99)

Madden NFL 12 (usual price $4.99)

Madden NFL 12 for iPad (usual price $6.99)

Monopoly for iPad (usual price $9.99)

Monopoly Here & Now: The World Edition for iPad (usual price $9.99)

Monopoly Millionaire (usual price $2.99)

Monopoly Millionaire for iPad (usual price $4.99)

Max and the Magic Marker for iPad (usual price $2.99)

Mirror’s Edge for iPad (usual price $9.99)

NBA Jam for iPad (usual price $4.99)

Need for Speed Undercover (usual price $2.99)

Need for Speed Most Wanted (usual price $4.99)

Need for Speed Hot Pursuit (usual price $2.99)

Need for Speed Hot Pursuit for iPad (usual price $4.99)

Pictureka for iPad (usual price $4.99)

RISK (usual price $2.99)

RISK for iPad (usual price $6.99)

Reckless Racing HD (usual price $4.99)

Scrabble HD for iPad (usual price $9.99)

Shift 2 Unleashed (usual price $2.99)

Shift 2 Unleashed for iPad (usual price $4.99)

Snood for iPad (usual price $4.99)

SimCity Deluxe for iPad (usual price $8.99)

The Game of Life for iPad (usual price $6.99)

The Sims 3 (usual price $6.99)

The Sims 3 Ambitions (usual price $4.99)

The Sims 3 World Adventures (usual price $2.99)

The Sims Medieval (usual price $2.99)

The Sims Medieval for iPad (usual price $4.99)

Tiger Woods PGA Tour 12 for iPad (usual price $4.99)

Trivial Pursuit Master Edition for iPad (usual price $4.99)

Ultimate Mortal Kombat 3 for iPad (usual price $4.99)

World Series of Yahtzee (usual price $2.99)

Yahtzee HD (usual price $4.99)

Even if you don’t intend to play any of the games right away, they’re well worth snapping up now.",league_anchor,world series,mlb_baseball,background_negative,yes,high,clean_background_control,,annotation_source=auto_supplement; sampled_from_bucket=background_negative,auto_supplement
us_electoral_politics,d9eee1a3dd8b1e01,soccer,positive,background_negative,1044,"The natural man to do this is Wayne Rooney, who has consistently shown his defensive awareness throughout his career, particularly when playing on the wing for Manchester United.",club_entities,manchester united,soccer,background_negative,yes,high,clean_background_control,,annotation_source=auto_supplement; sampled_from_bucket=background_negative,auto_supplement
us_electoral_politics,8bdec08553f720a3,gaming_general,positive,background_negative,36566,"When it's all said and done, the Xbox One S should be primarily viewed as a slimmed-down version of the Xbox One that introduces a mildly updated controller and provisions for 4K display.",platform_anchor,xbox,gaming_general,background_negative,yes,high,clean_background_control,,annotation_source=auto_supplement; sampled_from_bucket=background_negative,auto_supplement
us_electoral_politics,957cbb40c42c5ee9,gaming_general,positive,background_negative,214726,"We apologize to any customers affected by the change in our retail plans, and thank everyone for the continued support as we look forward to the release of Halo Wars 2 for Xbox One and Windows 10 PC on Feb. 21, 2017.",platform_anchor,xbox,gaming_general,background_negative,yes,high,clean_background_control,,annotation_source=auto_supplement; sampled_from_bucket=background_negative,auto_supplement
us_electoral_politics,3274df7b4bb123d6,gaming_general,positive,background_negative,232945,"About CEVO:

CEVO is a global eSports company built around North America’s largest competitive online PC gaming league.",esports_and_live_service,esports,gaming_general,background_negative,yes,high,clean_background_control,,annotation_source=auto_supplement; sampled_from_bucket=background_negative,auto_supplement
us_electoral_politics,454934a403a74a94,mlb_baseball,positive,background_negative,1004377,"Image Credit:

Turner Field: Home of the Atlanta Braves by Geoff Livingston",team_entities,atlanta braves,mlb_baseball,background_negative,yes,high,clean_background_control,,annotation_source=auto_supplement; sampled_from_bucket=background_negative,auto_supplement
us_electoral_politics,d12af0fa53cf4679,gaming_general,positive,background_negative,333214,Its multiplayer beta failed to impress.,esports_and_live_service,multiplayer,gaming_general,background_negative,yes,high,clean_background_control,,annotation_source=auto_supplement; sampled_from_bucket=background_negative,auto_supplement
us_electoral_politics,f423ab8585b030c0,mlb_baseball,positive,background_negative,1047382,"There is a margin of error, often very small, as the long Major League Baseball season tends to discard statistical noise.",league_anchor,major league baseball,mlb_baseball,background_negative,yes,high,clean_background_control,,annotation_source=auto_supplement; sampled_from_bucket=background_negative,auto_supplement
us_electoral_politics,89290db2e8c95e74,soccer,positive,background_negative,38801,"The midfielder made twenty league appearances for the club last season, and speaking to CorkCityFC.ie, Healy said: “I am very pleased to have signed back with Cork City for the 2016 season.",soccer_jargon,midfielder,soccer,background_negative,yes,high,clean_background_control,,annotation_source=auto_supplement; sampled_from_bucket=background_negative,auto_supplement
us_electoral_politics,4dd9b337e73f68ae,gaming_general,positive,background_negative,245055,"None of The Witcher games have yet had multiplayer, but CD Projekt Red's futuristic RPG Cyberpunk 2077 will.",esports_and_live_service;gameplay_jargon,multiplayer;rpg,gaming_general,background_negative,yes,high,clean_background_control,,annotation_source=auto_supplement; sampled_from_bucket=background_negative,auto_supplement
us_electoral_politics,417592970d19fde4,soccer,positive,background_negative,224783,"Grassroots semi-professional clubs in England would suffer, yet, in Russia even Premier League teams.",league_anchor,premier league,soccer,background_negative,yes,high,clean_background_control,,annotation_source=auto_supplement; sampled_from_bucket=background_negative,auto_supplement
us_electoral_politics,fe59ebc91ad0a32b,soccer,positive,background_negative,32020,Leicester's record as the only Premier League side not to concede at home in 2016 ended.,league_anchor,premier league,soccer,background_negative,yes,high,clean_background_control,,annotation_source=auto_supplement; sampled_from_bucket=background_negative,auto_supplement
us_electoral_politics,1100f20a30005f01,gaming_general,positive,background_negative,9639,"The eSports staff in particular noted that, for Japanese, it was difficult to talk to a person they don’t know outside of a game in English.",esports_and_live_service,esports,gaming_general,background_negative,yes,high,clean_background_control,,annotation_source=auto_supplement; sampled_from_bucket=background_negative,auto_supplement
us_electoral_politics,2f41d08ca64d768b,mlb_baseball,positive,background_negative,719080,"While the World Series result still stings, the experience itself invigorated this organization, in ticket sales (representatives from the team said the season-ticket base has leapt from around 7,500 to around 11,000), in the surprise signing of Encarnacion, in the unmistakable confidence that was on display as members of the club shook hands, kissed babies and of course signed autographs at the well-attended Tribe Fest over the weekend.",league_anchor,world series,mlb_baseball,background_negative,yes,high,clean_background_control,,annotation_source=auto_supplement; sampled_from_bucket=background_negative,auto_supplement
us_electoral_politics,0fc743d1f990e697,soccer,positive,background_negative,85268,"Premier League Tips & Odds

Formed in 1992, the Premier League has become the most popular football league in world football.",league_anchor,premier league,soccer,background_negative,yes,high,clean_background_control,,annotation_source=auto_supplement; sampled_from_bucket=background_negative,auto_supplement
us_electoral_politics,79635733486c9ea1,soccer,positive,background_negative,134731,"That, combined with income from Premier League broadcast deals, saw the club's ranking rise 12 years after it was sold for just £1.",league_anchor,premier league,soccer,background_negative,yes,high,clean_background_control,,annotation_source=auto_supplement; sampled_from_bucket=background_negative,auto_supplement
us_electoral_politics,b94ace1c204e11f0,soccer,positive,background_negative,6730,"The current scene seems to allow both player trades as well as straight cash purchases of transfer rights, akin to something of a mix between what is commonly seen in the sports of basketball and soccer (football).",league_anchor,soccer,soccer,background_negative,yes,high,clean_background_control,,annotation_source=auto_supplement; sampled_from_bucket=background_negative,auto_supplement
us_electoral_politics,c8860f66359cbd71,mlb_baseball,positive,background_negative,28857,"Our regular readers, if there are any, know that we are somewhat unhinged on the subject of 5-inning starting pitchers.",baseball_jargon,inning,mlb_baseball,background_negative,yes,high,clean_background_control,,annotation_source=auto_supplement; sampled_from_bucket=background_negative,auto_supplement
us_electoral_politics,3ca5ad781a3015b2,gaming_general,positive,background_negative,228892,"Here’s just a few of the ways Gears of War 4 will continue to grow over the next year:

Our Xbox One X Enhanced Update, featuring support for 4K, HDR, Dolby Atmos and new graphical enhancements

New Gear Packs containing characters and weapon skins to add to your collection.",platform_anchor,xbox,gaming_general,background_negative,yes,high,clean_background_control,,annotation_source=auto_supplement; sampled_from_bucket=background_negative,auto_supplement
us_electoral_politics,923c7250769d3da8,mlb_baseball,positive,background_negative,561334,"Olney also highlighted how Bruce has made significant strides since seeing his average dip to .162 on May 14, and he speculated the New York Mets as potential trade suitors in his analysis on July 13:

Bruce discussed his slow start with the Cincinnati Enquirer's John Fay:

I had a bad first month and 10 days.",team_entities,new york mets,mlb_baseball,background_negative,yes,high,clean_background_control,,annotation_source=auto_supplement; sampled_from_bucket=background_negative,auto_supplement
us_electoral_politics,29fc47b6536dc326,gaming_general,positive,background_negative,130982,"), but some just asked for the names of popular TV shows, toys, and video game (including a number of YouTube channels, like Sky Does Minecraft).",platform_anchor,video game,gaming_general,background_negative,yes,high,clean_background_control,,annotation_source=auto_supplement; sampled_from_bucket=background_negative,auto_supplement
us_electoral_politics,95667188bb90c882,soccer,positive,background_negative,161106,"In Taiwan, the company aims to launch three high-definition TV channels this month, including a 24-hour channel dedicated to Premier League games and news.",league_anchor,premier league,soccer,background_negative,yes,high,clean_background_control,,annotation_source=auto_supplement; sampled_from_bucket=background_negative,auto_supplement
us_electoral_politics,f15b73a0f964dbd0,soccer,positive,background_negative,161104,"According to a company news release, beIN Sport, with its partner MP & Silva, has secured the media distribution rights for Premier League games for the next three seasons in the Philippines and Taiwan.",league_anchor,premier league,soccer,background_negative,yes,high,clean_background_control,,annotation_source=auto_supplement; sampled_from_bucket=background_negative,auto_supplement
us_electoral_politics,d7d8c29b404acd07,mlb_baseball,positive,background_negative,731268,It shared top billing with the opening game of the World Series between the Boston Red Sox and Brooklyn Dodgers and Atlantan Alexa Stirling’s victory at the U.S. Women’s Amateur golf championship.,league_anchor;team_entities,boston red sox;world series,mlb_baseball,background_negative,yes,high,clean_background_control,,annotation_source=auto_supplement; sampled_from_bucket=background_negative,auto_supplement
us_electoral_politics,32d5d88cc23f87b0,mlb_baseball,positive,background_negative,247465,"Hoover struck out three and allowed a hit in an inning of work, while Chapman came into the game in the ninth for his 32nd save of the season.",baseball_jargon,inning,mlb_baseball,background_negative,yes,high,clean_background_control,,annotation_source=auto_supplement; sampled_from_bucket=background_negative,auto_supplement
us_electoral_politics,eae4e5f25ef1b468,gaming_general,positive,background_negative,119854,"And while DICE hasn't quite managed to overcome all of the problems that Mirror's Edge 's head-down charge forward often collided with, it turns out an open world is a pretty good space to allow the series to grow.",gameplay_jargon,open world,gaming_general,background_negative,yes,high,clean_background_control,,annotation_source=auto_supplement; sampled_from_bucket=background_negative,auto_supplement
us_electoral_politics,52a5c88a231eab42,mlb_baseball,positive,background_negative,134565,The success doesn't really come as a surprise - the righty is extremely athletic (he was a prospect as a shortstop in high school) with unbelievable arm speed.,baseball_jargon,shortstop,mlb_baseball,background_negative,yes,high,clean_background_control,,annotation_source=auto_supplement; sampled_from_bucket=background_negative,auto_supplement
us_electoral_politics,4404a2f85819347a,gaming_general,positive,background_negative,83655,The latest issue of Weekly Famitsu reveals Shining Resonance Re:frain for PlayStation 4.,platform_anchor,playstation,gaming_general,background_negative,yes,high,clean_background_control,,annotation_source=auto_supplement; sampled_from_bucket=background_negative,auto_supplement
us_electoral_politics,5f900e421ebfc36a,mlb_baseball,positive,background_negative,539145,"This year's series averaged an 8.1 through three games, up 5 percent from the record low of the 2008 World Series.",league_anchor,world series,mlb_baseball,background_negative,yes,high,clean_background_control,,annotation_source=auto_supplement; sampled_from_bucket=background_negative,auto_supplement
us_electoral_politics,06628aef25d2efb1,soccer,positive,background_negative,142813,"When the most influential man in the sport says that it's hard to accept women in soccer governance, it doesn't do the reputation of FIFA as a sexist body any good.",league_anchor,fifa;soccer,soccer,background_negative,yes,high,clean_background_control,,annotation_source=auto_supplement; sampled_from_bucket=background_negative,auto_supplement
us_electoral_politics,8451ce8006dd5d8f,soccer,positive,background_negative,28044,"Nonetheless, unpaid wages and a litany of clubs seeking bankruptcy protection continue to haunt Spanish soccer at all levels.",league_anchor,soccer,soccer,background_negative,yes,high,clean_background_control,,annotation_source=auto_supplement; sampled_from_bucket=background_negative,auto_supplement
us_electoral_politics,1406454a11a6687e,mlb_baseball,positive,background_negative,115932,"But I wouldn't have been able to do what I did without the great coaches that I have and my teammates getting on base and putting me in a situation like that.”

Junior starting pitcher Matt Kent

The outing…

“Auburn had a great approach in the early part of the game.",baseball_jargon,starting pitcher,mlb_baseball,background_negative,yes,high,clean_background_control,,annotation_source=auto_supplement; sampled_from_bucket=background_negative,auto_supplement
us_electoral_politics,03ed7d4bbbf15405,soccer,positive,background_negative,104330,"Fans in France watched the Champions League game live on Canal Plus, but the French broadcaster now shares rights to the competition with its Qatar-owned rival.",league_anchor,champions league,soccer,background_negative,yes,high,clean_background_control,,annotation_source=auto_supplement; sampled_from_bucket=background_negative,auto_supplement
us_electoral_politics,e6bbd13ab9118685,soccer,positive,background_negative,28027,Piterman later bought Deportivo Alves but by 2007 he was gone from Spanish soccer.,league_anchor,soccer,soccer,background_negative,yes,high,clean_background_control,,annotation_source=auto_supplement; sampled_from_bucket=background_negative,auto_supplement
us_electoral_politics,47e5fdd41e0c4f30,soccer,positive,background_negative,31840,Napoli president Aurelio De Laurentiis came forward and said he had offered more to the Argentine striker than he is currently receiving at Juventus.,soccer_jargon,striker,soccer,background_negative,yes,high,clean_background_control,,annotation_source=auto_supplement; sampled_from_bucket=background_negative,auto_supplement
us_electoral_politics,153b34e311c8a64a,gaming_general,positive,background_negative,307312,"Today, the LEGO Marvel Super Heroes video game PC demo became available for the public.",platform_anchor,video game,gaming_general,background_negative,yes,high,clean_background_control,,annotation_source=auto_supplement; sampled_from_bucket=background_negative,auto_supplement
us_electoral_politics,98133b093969df43,mlb_baseball,positive,background_negative,402893,"Not bad, in a country where the first professional national league was founded only twenty years ago.",league_anchor,national league,mlb_baseball,background_negative,yes,high,clean_background_control,,annotation_source=auto_supplement; sampled_from_bucket=background_negative,auto_supplement
us_electoral_politics,690dceeb5afc2ab1,gaming_general,positive,background_negative,9019,"We had to bring her back, to make her a video game character again and give her that iconic look.",platform_anchor,video game,gaming_general,background_negative,yes,high,clean_background_control,,annotation_source=auto_supplement; sampled_from_bucket=background_negative,auto_supplement
us_electoral_politics,8574545a4fa9debe,mlb_baseball,positive,background_negative,340427,Gonzalez was selected to his second All-Star Team and finished second in the National League in hits with 198.,league_anchor,national league,mlb_baseball,background_negative,yes,high,clean_background_control,,annotation_source=auto_supplement; sampled_from_bucket=background_negative,auto_supplement
us_electoral_politics,427b092d318262f4,mlb_baseball,positive,background_negative,373613,"Their batting average with RISP is .329, better than the next best Tigers by an incredible 47 points.",baseball_jargon,batting average,mlb_baseball,background_negative,yes,high,clean_background_control,,annotation_source=auto_supplement; sampled_from_bucket=background_negative,auto_supplement
us_electoral_politics,8f100dc573b3500a,soccer,positive,background_negative,195364,"Away in Dortmund, Klopp took on much more of a ‘smash-and-grab’ strategy and looked to disrupt Dortmund’s defence through numerous long balls to Origi – something which ultimately payed off as the Belgian striker opened the scoring.",soccer_jargon,striker,soccer,background_negative,yes,high,clean_background_control,,annotation_source=auto_supplement; sampled_from_bucket=background_negative,auto_supplement
us_electoral_politics,1c022ff979e80647,soccer,positive,background_negative,85273,"Since its inception in 1992, only six clubs have lifted the coveted Premier League trophy.",league_anchor,premier league,soccer,background_negative,yes,high,clean_background_control,,annotation_source=auto_supplement; sampled_from_bucket=background_negative,auto_supplement
us_electoral_politics,42b95b9cfdff0139,gaming_general,positive,background_negative,150857,"Multiplayer allows you to visit other players' farms either locally or over WiFi and exchange gifts, while StreetPass ""collects"" players who you have passed by so you can check out their farms' stats.",esports_and_live_service,multiplayer,gaming_general,background_negative,yes,high,clean_background_control,,annotation_source=auto_supplement; sampled_from_bucket=background_negative,auto_supplement
us_electoral_politics,cf64238e1464c665,mlb_baseball,positive,background_negative,246952,"If we assume the Cubs’ true talent level is that of a 110-win team, that the wild-card team they’ll face in the first round is a 92-win team, and that the division winner they’d face in the second round is a 97-win team, then using what Bill James called the Log5 method along with simple binomial theory, we can calculate their odds of winning each series as follows:

Odds of winning the NLDS: 71.1 percent

Odds of winning the NLCS: 68.3 percent

Odds of winning both rounds: 48.6 percent

Factor in home-field advantage and the Cubs basically have a 50–50 shot of reaching the World Series for the first time in 71 years.",league_anchor,world series,mlb_baseball,background_negative,yes,high,clean_background_control,,annotation_source=auto_supplement; sampled_from_bucket=background_negative,auto_supplement
us_electoral_politics,239085c87f77882b,soccer,positive,background_negative,67457,The midfielder/defenseman is one of the best all-around players in the division.,soccer_jargon,midfielder,soccer,background_negative,yes,high,clean_background_control,,annotation_source=auto_supplement; sampled_from_bucket=background_negative,auto_supplement
us_electoral_politics,4f02027171d53cf1,soccer,positive,background_negative,85310,"SEE ALL MONTHLY PRIZES

Monthly Tipster Competition (Top 40) Position Prize Sponsored by 1 £1200 2 £500 3 £250 4 £150 5 £125 6 £100 7 £75 8 £60 9 £50 10 £40 11-20 £20 21-30 £15 31-40 £10

Premier League Tips on favourites 2018-19

Enhanced Premier League Odds

Due to the high popularity of the Premier League, it is common to find enhanced odds offered by the best bookmakers.",league_anchor,premier league,soccer,background_negative,yes,high,clean_background_control,,annotation_source=auto_supplement; sampled_from_bucket=background_negative,auto_supplement
us_electoral_politics,7d757bd806749ec2,soccer,positive,background_negative,63655,Or to gain attention from a global soccer community that very much rates leagues by reputation.,league_anchor,soccer,soccer,background_negative,yes,high,clean_background_control,,annotation_source=auto_supplement; sampled_from_bucket=background_negative,auto_supplement
us_electoral_politics,757776bdaf42024f,gaming_general,positive,background_negative,170728,I personally remember old PC games and even old Nintendo games that had tons of bugs.,platform_anchor,nintendo,gaming_general,background_negative,yes,high,clean_background_control,,annotation_source=auto_supplement; sampled_from_bucket=background_negative,auto_supplement
us_electoral_politics,cf3d934d70167d0a,soccer,positive,background_negative,139781,"Really good attacking sides have been stifled by the Reds, with what we all thought was an attack-minded midfielder sat in the ‘six’ — as Klopp likes to call it — and James Milner at left-back.",soccer_jargon,midfielder,soccer,background_negative,yes,high,clean_background_control,,annotation_source=auto_supplement; sampled_from_bucket=background_negative,auto_supplement
us_electoral_politics,492804e3dd70fa8e,soccer,positive,background_negative,95969,"The stage was set for a famous win but Mateo Kovacic drew Real Madrid level just two minutes later, ensuring that the visitors took home a point.",club_entities,real madrid,soccer,background_negative,yes,high,clean_background_control,,annotation_source=auto_supplement; sampled_from_bucket=background_negative,auto_supplement
us_electoral_politics,ce164063add0c847,mlb_baseball,positive,background_negative,118929,"The latter has yet to become an issue for Burdi, and since he's being groomed strictly as a late-inning reliever, he may be able to avoid injuries stemming from overuse.",baseball_jargon,inning,mlb_baseball,background_negative,yes,high,clean_background_control,,annotation_source=auto_supplement; sampled_from_bucket=background_negative,auto_supplement
us_electoral_politics,891aa3974b0ced21,soccer,positive,background_negative,50036,The following season they were not among the 16 clubs chosen to take part in the inaugural Bundesliga and were unable to recover.,club_entities,bundesliga,soccer,background_negative,yes,high,clean_background_control,,annotation_source=auto_supplement; sampled_from_bucket=background_negative,auto_supplement
us_electoral_politics,14f3b620f7ff8e89,mlb_baseball,positive,background_negative,769214,"For instance, when each of our favorite teams arrives for a series in Baltimore this summer, it is likely that we will hear quite a lot about Hall of Fame shortstop Cal Ripken and how his career “changed the position forever”.",baseball_jargon,shortstop,mlb_baseball,background_negative,yes,high,clean_background_control,,annotation_source=auto_supplement; sampled_from_bucket=background_negative,auto_supplement
us_electoral_politics,999e5f9de0a11ad7,soccer,positive,background_negative,218013,"Eiji Kawashima has 72 Japan caps

Japan international goalkeeper Eiji Kawashima will be in the Dundee United squad for Saturday's Premiership match against Dundee at Dens Park.",soccer_jargon,goalkeeper,soccer,background_negative,yes,high,clean_background_control,,annotation_source=auto_supplement; sampled_from_bucket=background_negative,auto_supplement
us_electoral_politics,d2108aa7c9da97b7,soccer,positive,background_negative,69546,Users on the FIFA subReddit have picked apart the way the football game works and believe they've proved a troubling glitch that might have been a part of the series for years.,league_anchor,fifa,soccer,background_negative,yes,high,clean_background_control,,annotation_source=auto_supplement; sampled_from_bucket=background_negative,auto_supplement
us_electoral_politics,66bff6ef039600d9,soccer,positive,background_negative,135238,Brazil - The Last WC Before FIFA Abandons Morality?,league_anchor,fifa,soccer,background_negative,yes,high,clean_background_control,,annotation_source=auto_supplement; sampled_from_bucket=background_negative,auto_supplement
us_electoral_politics,356baffbecd95b67,gaming_general,positive,background_negative,166600,"This year, there will be little to none focus on ESPORTS at all at TG.Spending massive amounts of time playing games is unfortunately still not commonly accepted in Norway.",esports_and_live_service,esports,gaming_general,background_negative,yes,high,clean_background_control,,annotation_source=auto_supplement; sampled_from_bucket=background_negative,auto_supplement
us_electoral_politics,3a17a870d6896be1,mlb_baseball,positive,background_negative,818244,"The Tigers drafted him as a starting pitcher, and he threw 126 innings in 22 games (21 starts) for Single-A Lakeland and Double-A Erie in 2011, his first year of professional ball.",baseball_jargon,starting pitcher,mlb_baseball,background_negative,yes,high,clean_background_control,,annotation_source=auto_supplement; sampled_from_bucket=background_negative,auto_supplement
us_electoral_politics,b109c2676b4ec1b3,gaming_general,positive,background_negative,295056,Going to GDC to present our game alongside other ID@Xbox titles will be a great achievement for us as a studio and we would love to share it with you.,platform_anchor,xbox,gaming_general,background_negative,yes,high,clean_background_control,,annotation_source=auto_supplement; sampled_from_bucket=background_negative,auto_supplement
us_electoral_politics,37c897e4405fed54,soccer,positive,background_negative,229137,"Kaleigh Gilchrist added a score and three assists, and goalkeeper Flora Bolonyai had 10 saves on the afternoon.",soccer_jargon,goalkeeper,soccer,background_negative,yes,high,clean_background_control,,annotation_source=auto_supplement; sampled_from_bucket=background_negative,auto_supplement
us_electoral_politics,0709f1e16bbda864,mlb_baseball,positive,background_negative,415217,"Roger Peckinpaugh (1925)

AP Photo

The Washington Senators shortstop was considered one of the finest defensive shortstops of his era.",baseball_jargon,shortstop,mlb_baseball,background_negative,yes,high,clean_background_control,,annotation_source=auto_supplement; sampled_from_bucket=background_negative,auto_supplement
