current_family_id,candidate_id,source_family_id,source_candidate_bucket,sampled_from_bucket,source_row_index,text,matched_query_blocks,matched_terms,matched_family_ids,final_label,keep_for_benchmark,label_confidence,primary_reason,exclusion_trigger,notes,annotation_source
aviation_aerospace,f0f32cf44880f141,aviation_aerospace,positive,positive,115110,US officials have said that the UAE suspended airstrikes after the capture of the Jordanian pilot.,operations_and_safety,pilot,aviation_aerospace,target_positive,yes,high,clear_in_family_anchor,,annotation_source=auto_supplement; sampled_from_bucket=positive,auto_supplement
aviation_aerospace,4c9bd800666be173,aviation_aerospace,positive,positive,189053,"He gave a short history of the heroism of exploration, mentioning Sir Francis Drake, the sixteenth-century Englishman who circumnavigated the globe; Christa McAuliffe, who was killed in the 1986 Challenger explosion; the American astronaut Buzz Aldrin; and “self-orbital flight.” It was a typical Gingrichian tangent, but his review of America’s journey to the moon and beyond had a point.",operations_and_safety,orbital,aviation_aerospace,target_positive,yes,high,clear_in_family_anchor,,annotation_source=auto_supplement; sampled_from_bucket=positive,auto_supplement
aviation_aerospace,3d7a7ac77b96f9ce,aviation_aerospace,positive,positive,136362,"But for those who favor stepping into the shoes of a real pilot who flies but a single plane, and for those who are willing to commit fully to a program that may well take months to evolve, this is the current peak of the genre.”

8/10 – IGN

“DCS: A-10C Warthog isn’t for everyone—this is a simulation that demands dedication to reveal its true worth, and only those prepared to put in the time and effort to mine its treasure trove of avionics challenges will see that reward.",operations_and_safety,avionics;pilot,aviation_aerospace,target_positive,yes,high,clear_in_family_anchor,,annotation_source=auto_supplement; sampled_from_bucket=positive,auto_supplement
aviation_aerospace,c554356f969562ca,aviation_aerospace,positive,positive,82282,"On Wednesday a Ukrainian Air Force Su-25 fighter was also hit by a missile, forcing the pilot to eject.",operations_and_safety,pilot,aviation_aerospace,target_positive,yes,high,clear_in_family_anchor,,annotation_source=auto_supplement; sampled_from_bucket=positive,auto_supplement
aviation_aerospace,5e8a99d9229d34aa,aviation_aerospace,positive,positive,40016,"His crowning achievement in this respect was patent GB1426698 titled ""Photon Push-Pull Radiation Detector For Use in Chromatically Selective Cat Flap Control And 1000 Megaton Earth-Orbital Peace-Keeping Bomb"".",operations_and_safety,orbital,aviation_aerospace,target_positive,yes,high,clear_in_family_anchor,,annotation_source=auto_supplement; sampled_from_bucket=positive,auto_supplement
aviation_aerospace,e4c5d0db2e963029,aviation_aerospace,positive,positive,60304,Snapping the Fusion payload to the Nova F7200 will allow accurate mapping of hundreds of acres in a single flight.,operations_and_safety,payload,aviation_aerospace,target_positive,yes,high,clear_in_family_anchor,,annotation_source=auto_supplement; sampled_from_bucket=positive,auto_supplement
aviation_aerospace,96d54a115c7d34dc,aviation_aerospace,positive,positive,42246,"The Soviets surrendered the American pilot Francis Gary Powers, who had been captured in May 1960, when the U-2 spy plane he was piloting was shot down over Soviet airspace.",operations_and_safety,pilot,aviation_aerospace,target_positive,yes,high,clear_in_family_anchor,,annotation_source=auto_supplement; sampled_from_bucket=positive,auto_supplement
aviation_aerospace,5243dbbb6a0b5eb7,aviation_aerospace,positive,positive,113025,"See, in the pilot, Clarke mentions that her 18th birthday is not for another month.",operations_and_safety,pilot,aviation_aerospace,target_positive,yes,high,clear_in_family_anchor,,annotation_source=auto_supplement; sampled_from_bucket=positive,auto_supplement
aviation_aerospace,4605bcc1694264d5,aviation_aerospace,positive,positive,109086,"""Our Operations, Training, System Safety and Vehicle Engineering and Maintenance Departments will evaluate the system throughout the pilot program,"" said Sauer.",operations_and_safety,pilot,aviation_aerospace,target_positive,yes,high,clear_in_family_anchor,,annotation_source=auto_supplement; sampled_from_bucket=positive,auto_supplement
aviation_aerospace,4b320ad4dcddcc00,aviation_aerospace,positive,positive,60289,Altavian is introducing the all new Galaxy™ R8700 multi-rotor VTOL designed around the payload for high-precision geospatial mapping.,operations_and_safety,payload,aviation_aerospace,target_positive,yes,high,clear_in_family_anchor,,annotation_source=auto_supplement; sampled_from_bucket=positive,auto_supplement
aviation_aerospace,ce5b4e68972099fb,aviation_aerospace,positive,positive,53769,"Together with Group Captain John Astley Gray, MacCarthy entered the burning wreck and rescued two crewmen, but were unable to save the pilot.",operations_and_safety,pilot,aviation_aerospace,target_positive,yes,high,clear_in_family_anchor,,annotation_source=auto_supplement; sampled_from_bucket=positive,auto_supplement
aviation_aerospace,b69d1a4202c10cbd,aviation_aerospace,positive,positive,23409,Smith's stepdad passed away shortly before the pilot was filmed.,operations_and_safety,pilot,aviation_aerospace,target_positive,yes,high,clear_in_family_anchor,,annotation_source=auto_supplement; sampled_from_bucket=positive,auto_supplement
aviation_aerospace,1ad9f48de291c04d,aviation_aerospace,positive,positive,115098,"The Hashemite Kingdom has launched airstrikes against Islamic State group weapons depots, training centers and military barracks since militants released a video of them burning a Jordanian pilot to death.",operations_and_safety,pilot,aviation_aerospace,target_positive,yes,high,clear_in_family_anchor,,annotation_source=auto_supplement; sampled_from_bucket=positive,auto_supplement
aviation_aerospace,9046166df8aa67d4,aviation_aerospace,positive,positive,5725,"Musk believes the upgraded Dragon 2 spacecraft will be able to use its eight SuperDraco engines to hammer away at its velocity and then land on Mars in a powered descent, similar to the way the Apollo Lunar Module landed on the moon.",aerospace_anchor,spacecraft,aviation_aerospace,target_positive,yes,high,clear_in_family_anchor,,annotation_source=auto_supplement; sampled_from_bucket=positive,auto_supplement
aviation_aerospace,dc0ad29d70d78e06,aviation_aerospace,positive,positive,109081,SEPTA's pilot program will run through October 2015.,operations_and_safety,pilot,aviation_aerospace,target_positive,yes,high,clear_in_family_anchor,,annotation_source=auto_supplement; sampled_from_bucket=positive,auto_supplement
aviation_aerospace,debda4ea6f817f5b,aviation_aerospace,positive,positive,180858,"This option sounds like a fantasy, but private jet operators do offer incredibly cheap seats on their aircraft in situations where the alternative is not to sell seats at all.",aviation_anchor,aircraft,aviation_aerospace,target_positive,yes,high,clear_in_family_anchor,,annotation_source=auto_supplement; sampled_from_bucket=positive,auto_supplement
aviation_aerospace,216c31fe1f8e7f97,aviation_aerospace,positive,positive,5682,"In fact, only two world powers have ever softly landed spacecraft on Mars.",aerospace_anchor,spacecraft,aviation_aerospace,target_positive,yes,high,clear_in_family_anchor,,annotation_source=auto_supplement; sampled_from_bucket=positive,auto_supplement
aviation_aerospace,1e57d7c7a77d6759,aviation_aerospace,positive,positive,122309,The 12-member committee of academic and industry experts who wrote the report at the behest of Congress said FAA officials refused to allow them to review results of prior research the agency conducted with NASA examining how work schedules affect controller performance.,aerospace_anchor;aviation_anchor,faa;nasa,aviation_aerospace,target_positive,yes,high,clear_in_family_anchor,,annotation_source=auto_supplement; sampled_from_bucket=positive,auto_supplement
aviation_aerospace,b8241b8eb06d82cf,aviation_aerospace,positive,positive,176016,"Navarro, a vocal Trump critic, seemed to point at an alternate reality if Clinton had won the election instead of Donald Trump Donald John TrumpHouse committee believes it has evidence Trump requested putting ally in charge of Cohen probe: report Vietnamese airline takes steps to open flights to US on sidelines of Trump-Kim summit Manafort's attorneys say he should get less than 10 years in prison MORE.",aviation_anchor,airline,aviation_aerospace,target_positive,yes,high,clear_in_family_anchor,,annotation_source=auto_supplement; sampled_from_bucket=positive,auto_supplement
aviation_aerospace,fe72548e3d9979b0,aviation_aerospace,positive,positive,126008,"Six aircraft and two merchant ships have been scouring the area, but there were no reports of any wreckage being found.",aviation_anchor,aircraft,aviation_aerospace,target_positive,yes,high,clear_in_family_anchor,,annotation_source=auto_supplement; sampled_from_bucket=positive,auto_supplement
aviation_aerospace,1e65d2905d68d2d9,aviation_aerospace,positive,positive,111745,The puzzle hadn’t been properly solved when Boeing asked suppliers for the pieces.,aviation_anchor,boeing,aviation_aerospace,target_positive,yes,high,clear_in_family_anchor,,annotation_source=auto_supplement; sampled_from_bucket=positive,auto_supplement
aviation_aerospace,f3e55343af06ee6a,aviation_aerospace,positive,positive,100914,"We have NASA astrobiologists speak, scientists, high-ranking military officials, the works.",aerospace_anchor,nasa,aviation_aerospace,target_positive,yes,high,clear_in_family_anchor,,annotation_source=auto_supplement; sampled_from_bucket=positive,auto_supplement
aviation_aerospace,730da28209edf28d,aviation_aerospace,positive,positive,156202,"Early strategic bombing attempts led to the development of specialized bomber aircraft, during World War I.",aviation_anchor,aircraft,aviation_aerospace,target_positive,yes,high,clear_in_family_anchor,,annotation_source=auto_supplement; sampled_from_bucket=positive,auto_supplement
aviation_aerospace,6dc67141e343ad2f,aviation_aerospace,positive,positive,10179,"NASA's Space Exploration Vehicle has reached downtown Houston after a trip up the Gulf Freeway.NASA usually looks to the stars, but today all eyes were on I-45 as the space agency hit the road to downtown Houston.The Space Exploration Vehicle is a big machine that NASA hopes will one day be used by astronauts to explore other planets.",aerospace_anchor,nasa,aviation_aerospace,target_positive,yes,high,clear_in_family_anchor,,annotation_source=auto_supplement; sampled_from_bucket=positive,auto_supplement
aviation_aerospace,b2c03bc86d8a865f,aviation_aerospace,positive,positive,5704,"Phil Larson, a SpaceX official, said the company is working toward meeting the requirements.",aerospace_anchor,spacex,aviation_aerospace,target_positive,yes,high,clear_in_family_anchor,,annotation_source=auto_supplement; sampled_from_bucket=positive,auto_supplement
aviation_aerospace,13d9655280a859cb,aviation_aerospace,positive,positive,145966,"Presumably, this is why billionaire entrepreneur and SpaceX CEO Elon Musk has embarked on a new project to disrupt solid ground.",aerospace_anchor,spacex,aviation_aerospace,target_positive,yes,high,clear_in_family_anchor,,annotation_source=auto_supplement; sampled_from_bucket=positive,auto_supplement
aviation_aerospace,a1bf00f51b23a886,aviation_aerospace,positive,positive,138523,"Whatever it might be, the aircraft was accompanied by two others, and Douglass picked up some radio traffic suggesting the plane had a pilot, Sweetman's blog post states.",aviation_anchor;operations_and_safety,aircraft;pilot,aviation_aerospace,target_positive,yes,high,clear_in_family_anchor,,annotation_source=auto_supplement; sampled_from_bucket=positive,auto_supplement
aviation_aerospace,517bf876539902c8,aviation_aerospace,positive,positive,54318,Differences between martian meteorites and rocks examined by a NASA rover can be explained if Mars had an oxygen-rich atmosphere 4000 million years ago – well before the rise of atmospheric oxygen on Earth 2500m years ago.,aerospace_anchor,nasa,aviation_aerospace,target_positive,yes,high,clear_in_family_anchor,,annotation_source=auto_supplement; sampled_from_bucket=positive,auto_supplement
aviation_aerospace,a840b0cc351581f0,aviation_aerospace,positive,positive,193191,"On the sidelines of the event, Shri Parrikar also felicitated the fishermen who were instrumental in saving the unconscious pilot of Dornier (DO 240) aircraft which had crashed off Goa on 24 Mar 15.",aviation_anchor;operations_and_safety,aircraft;pilot,aviation_aerospace,target_positive,yes,high,clear_in_family_anchor,,annotation_source=auto_supplement; sampled_from_bucket=positive,auto_supplement
aviation_aerospace,2cf2a043f43ec7af,aviation_aerospace,positive,positive,5705,"“SpaceX takes planetary protection seriously, and we are working with relevant NASA officials to ensure proper procedures are followed,” he told Ars.",aerospace_anchor,nasa;spacex,aviation_aerospace,target_positive,yes,high,clear_in_family_anchor,,annotation_source=auto_supplement; sampled_from_bucket=positive,auto_supplement
aviation_aerospace,4142362faa21b1ac,aviation_aerospace,positive,positive,70299,"A 5 tonne, Sideley HS478 Aircraft From Track Mark Ltd at Sh80M and Sh2.9M to purchase propellers.",aviation_anchor,aircraft,aviation_aerospace,target_positive,yes,high,clear_in_family_anchor,,annotation_source=auto_supplement; sampled_from_bucket=positive,auto_supplement
aviation_aerospace,1ca1d8baefaec4c0,aviation_aerospace,positive,positive,173816,"Similarly, Figure 4 shows 130.4 nm UV airglow data measured by the Special Sensor Ultraviolet Spectrographic Imager (SSUSI) satellite instrument on days before (left), during (middle), and after (right) a total solar eclipse over Africa on 29 March 2006.",aerospace_anchor,satellite,aviation_aerospace,target_positive,yes,high,clear_in_family_anchor,,annotation_source=auto_supplement; sampled_from_bucket=positive,auto_supplement
aviation_aerospace,ec46e0500de6e390,aviation_aerospace,positive,positive,20383,"United spokeswoman Maddie King said that overnight the airline “experienced a system issue causing some flights delays.” She said the problem was fixed by 4 a.m. Eastern time, although there could be lingering brief delays on Friday.",aviation_anchor,airline,aviation_aerospace,target_positive,yes,high,clear_in_family_anchor,,annotation_source=auto_supplement; sampled_from_bucket=positive,auto_supplement
aviation_aerospace,9f55d82a3f44279f,aviation_aerospace,positive,positive,154381,"(University of Hawaii via AP)

HONOLULU — After eight months of living in isolation on a remote Hawaii volcano, six NASA-backed research subjects will emerge from their Mars-like habitat on Sunday and return to civilization.",aerospace_anchor,nasa,aviation_aerospace,target_positive,yes,high,clear_in_family_anchor,,annotation_source=auto_supplement; sampled_from_bucket=positive,auto_supplement
aviation_aerospace,c62de0a13b5af18d,aviation_aerospace,positive,positive,3550,"The airline will seek permission to fly the long-range jets out of the island airport, where the runway would need to be extended into what is now water by 168 metres at each end.",aviation_anchor,airline;runway,aviation_aerospace,target_positive,yes,high,clear_in_family_anchor,,annotation_source=auto_supplement; sampled_from_bucket=positive,auto_supplement
aviation_aerospace,ca310fc65b199007,aviation_aerospace,positive,positive,67075,A pilot from the Iditarod air force spotted Aaron on the incoming trail.,operations_and_safety,pilot,aviation_aerospace,target_positive,yes,high,clear_in_family_anchor,,annotation_source=auto_supplement; sampled_from_bucket=positive,auto_supplement
aviation_aerospace,87247e0c2803d353,aviation_aerospace,positive,positive,159694,"The article contained excerpts from a 328-page classified DGSE report on al-Qaeda activities which included maps, analyses, graphics, and satellite photos.",aerospace_anchor,satellite,aviation_aerospace,target_positive,yes,high,clear_in_family_anchor,,annotation_source=auto_supplement; sampled_from_bucket=positive,auto_supplement
aviation_aerospace,cf40cbdd881ddb34,aviation_aerospace,positive,positive,10934,"This conclusion is supported (but not proven) by NTO transport-rate data acquired by JPL, by NTO/MMH reaction simulations performed by [the Naval Research Laboratory], and by NTO/MMH mixing tests performed by AFPL [Air Force Propulsion Labs].” As to why the propulsions system hardware, adapted from a military prop module that normally needed a lifetime of only 12 hours, was used for a year-long mission, the report added that “Too much reliance was placed on the heritage of spacecraft hardware, software, and procedures, especially since the Mars Observer mission was fundamentally different from the missions of the satellites from which the heritage was derived.” It specifically criticized the propulsion system for “Inappropriate isolation mechanisms between fuel and oxidizer for an interplanetary mission.” “The original [money-saving] philosophy of minor modifications to a commercial production-line spacecraft was retained throughout the program,” the report continued.",aerospace_anchor,spacecraft,aviation_aerospace,target_positive,yes,high,clear_in_family_anchor,,annotation_source=auto_supplement; sampled_from_bucket=positive,auto_supplement
aviation_aerospace,c3aa67440679879a,aviation_aerospace,positive,positive,50716,"He has invited every teacher and school to join a pilot program for the district's new ""teacher effectiveness"" plan, sweetening the deal with more than $1,000 for every teacher who participates and an extra $5,000 for every school, even as layoffs loon.",operations_and_safety,pilot,aviation_aerospace,target_positive,yes,high,clear_in_family_anchor,,annotation_source=auto_supplement; sampled_from_bucket=positive,auto_supplement
aviation_aerospace,04ce4fdafb700740,aviation_aerospace,positive,positive,85632,"While ice fracturing is common in the Beaufort, few “events” have sprawled across such a large area so quickly or produced cracks as long and wide as those seen this spring, according to NASA Earth’s Observatory, which features the fractures this week.",aerospace_anchor,nasa,aviation_aerospace,target_positive,yes,high,clear_in_family_anchor,,annotation_source=auto_supplement; sampled_from_bucket=positive,auto_supplement
aviation_aerospace,8894ea98fa06ea95,aviation_aerospace,positive,positive,36130,"The line plot above shows yearly temperature anomalies from 1880 to 2011 as recorded by NASA GISS, the National Oceanic and Atmospheric Administration (NOAA) National Climatic Data Center, the Japanese Meteorological Agency, and the Met Office Hadley Centre in the United Kingdom.",aerospace_anchor,nasa,aviation_aerospace,target_positive,yes,high,clear_in_family_anchor,,annotation_source=auto_supplement; sampled_from_bucket=positive,auto_supplement
aviation_aerospace,d5f5b11706fdbfdc,aviation_aerospace,positive,positive,106468,"If Pakistan can acquire the modern platform alongside its weapons and subsystems, then chances are, so can almost any other air force using fighter aircraft.",aviation_anchor,aircraft,aviation_aerospace,target_positive,yes,high,clear_in_family_anchor,,annotation_source=auto_supplement; sampled_from_bucket=positive,auto_supplement
aviation_aerospace,e0c2365b87441b73,aviation_aerospace,positive,positive,132683,These option are critical for Nasa's plans to set up a base on the moon as a staging post for exploration on Mars.,aerospace_anchor,nasa,aviation_aerospace,target_positive,yes,high,clear_in_family_anchor,,annotation_source=auto_supplement; sampled_from_bucket=positive,auto_supplement
aviation_aerospace,05ba4101227db726,aviation_aerospace,positive,positive,40834,"The Russian aircraft was flying from Sharm el-Sheikh to St Petersburg last Saturday when it crashed in the Sinai desert, killing all 224 people on board.",aviation_anchor,aircraft,aviation_aerospace,target_positive,yes,high,clear_in_family_anchor,,annotation_source=auto_supplement; sampled_from_bucket=positive,auto_supplement
aviation_aerospace,1fb8a90cf09d3030,aviation_aerospace,positive,positive,179420,"The categories were:

C = airline, commercial and private

G = glider

L = limited

R = restricted (such as cropdusters and racing aircraft) [8]

S = state

X = experimental

For example, N-X-211, the Ryan NYP aircraft flown by Charles Lindbergh as the Spirit of St. Louis, was registered in the experimental category.",aviation_anchor,aircraft;airline,aviation_aerospace,target_positive,yes,high,clear_in_family_anchor,,annotation_source=auto_supplement; sampled_from_bucket=positive,auto_supplement
aviation_aerospace,b951fa3015d23d41,aviation_aerospace,positive,positive,26663,"Currently, it is accomplished by a “wakeup” event that is triggered by a message to the main loop that contains machine token and no payload.",operations_and_safety,payload,aviation_aerospace,target_positive,yes,high,clear_in_family_anchor,,annotation_source=auto_supplement; sampled_from_bucket=positive,auto_supplement
aviation_aerospace,0c9b475760a7bb57,aviation_aerospace,positive,positive,150812,"Verizon’s 5G rollout will be based on the company’s 5GTF specifications from last year and take place for pilot customers in Ann Arbor, Atlanta, Bernardsville, Brockton, Dallas, Denver, Houston, Miami, Sacramento, Seattle, and Washington, DC.",operations_and_safety,pilot,aviation_aerospace,target_positive,yes,high,clear_in_family_anchor,,annotation_source=auto_supplement; sampled_from_bucket=positive,auto_supplement
aviation_aerospace,050a8e4460d4051f,aviation_aerospace,positive,positive,156762,"So, if the people of New Zealand dont want their airline and their power stations owned overseas, who is driving all this?",aviation_anchor,airline,aviation_aerospace,target_positive,yes,high,clear_in_family_anchor,,annotation_source=auto_supplement; sampled_from_bucket=positive,auto_supplement
aviation_aerospace,216ad60cef34eb35,aviation_aerospace,positive,positive,190044,"As part of his doctoral work, Abbeel and collaborators developed machine-learning algorithms that enable helicopters to learn to fly by watching an expert pilot fly—resulting in the most advanced autonomous helicopter aerobatics to date.",operations_and_safety,pilot,aviation_aerospace,target_positive,yes,high,clear_in_family_anchor,,annotation_source=auto_supplement; sampled_from_bucket=positive,auto_supplement
aviation_aerospace,7ec4eb32de23010b,aviation_aerospace,positive,positive,18723,"This apparatus housed four different tests in a space the size of a soccer ball, according to Glenn Bugos, historian for the NASA Ames Research Center.",aerospace_anchor,nasa,aviation_aerospace,target_positive,yes,high,clear_in_family_anchor,,annotation_source=auto_supplement; sampled_from_bucket=positive,auto_supplement
aviation_aerospace,3d944cf151ab56e5,aviation_aerospace,positive,positive,55955,"However, CityNews has learned a staff-less public library pilot project is coming to Toronto and that has raised even more questions and concerns.",operations_and_safety,pilot,aviation_aerospace,target_positive,yes,high,clear_in_family_anchor,,annotation_source=auto_supplement; sampled_from_bucket=positive,auto_supplement
aviation_aerospace,519358ebecc0007e,aviation_aerospace,positive,positive,12805,"Until earlier this month, at least in airline speak, it could mean not only extraordinary events – like the foiled terrorist attack which forced Glasgow airport to close – but technical defects.",aviation_anchor,airline,aviation_aerospace,target_positive,yes,high,clear_in_family_anchor,,annotation_source=auto_supplement; sampled_from_bucket=positive,auto_supplement
aviation_aerospace,4be8f2232c584291,aviation_aerospace,positive,positive,179370,"[2]

The registration identifier must be displayed prominently on the aircraft.",aviation_anchor,aircraft,aviation_aerospace,target_positive,yes,high,clear_in_family_anchor,,annotation_source=auto_supplement; sampled_from_bucket=positive,auto_supplement
aviation_aerospace,ebac43845502b1aa,aviation_aerospace,positive,positive,10178,EMBED >More News Videos NASA has selected the four astronauts who will train for and launch from US soil for the first time since 2011.,aerospace_anchor,nasa,aviation_aerospace,target_positive,yes,high,clear_in_family_anchor,,annotation_source=auto_supplement; sampled_from_bucket=positive,auto_supplement
aviation_aerospace,fbfbfece1d29e8a8,aviation_aerospace,positive,positive,36122,"Scientists at NASA’s Goddard Institute for Space Studies (GISS) say 2012 was the ninth warmest year since 1880, continuing a long-term trend of rising global temperatures.",aerospace_anchor,nasa,aviation_aerospace,target_positive,yes,high,clear_in_family_anchor,,annotation_source=auto_supplement; sampled_from_bucket=positive,auto_supplement
aviation_aerospace,3958d1afdc052f00,aviation_aerospace,positive,positive,117724,"Speaking to BBC, the Airbus leader said even if a referendum on leaving the EU may be 18 months away, companies like Airbus needed to be ahead in that debate.",aviation_anchor,airbus,aviation_aerospace,target_positive,yes,high,clear_in_family_anchor,,annotation_source=auto_supplement; sampled_from_bucket=positive,auto_supplement
aviation_aerospace,1f9b09a37ed68f54,aviation_aerospace,positive,positive,128726,A former FBI special agent ripped President Trump Donald John TrumpHouse committee believes it has evidence Trump requested putting ally in charge of Cohen probe: report Vietnamese airline takes steps to open flights to US on sidelines of Trump-Kim summit Manafort's attorneys say he should get less than 10 years in prison MORE's criticism of the intelligence community in an article published Saturday.,aviation_anchor,airline,aviation_aerospace,target_positive,yes,high,clear_in_family_anchor,,annotation_source=auto_supplement; sampled_from_bucket=positive,auto_supplement
aviation_aerospace,bb7eeb6942ffec40,aviation_aerospace,positive,positive,5710,But NASA is not providing any funds to support the effort to land a Dragon on Mars.,aerospace_anchor,nasa,aviation_aerospace,target_positive,yes,high,clear_in_family_anchor,,annotation_source=auto_supplement; sampled_from_bucket=positive,auto_supplement
aviation_aerospace,2857c5f0ade17367,aviation_aerospace,positive,positive,186639,A British Airways aircraft controller based in London has posed with a grenade launcher in a photo uploaded to Facebook.,aviation_anchor,aircraft,aviation_aerospace,target_positive,yes,high,clear_in_family_anchor,,annotation_source=auto_supplement; sampled_from_bucket=positive,auto_supplement
aviation_aerospace,70ecc9dec67e7859,aviation_aerospace,positive,positive,134938,Need an airline to sponsor Sc2!yee!Thanks for translatingI can fully understand where the koreans come from withdrawing for NASL.,aviation_anchor,airline,aviation_aerospace,target_positive,yes,high,clear_in_family_anchor,,annotation_source=auto_supplement; sampled_from_bucket=positive,auto_supplement
aviation_aerospace,a080e4018b4c488b,aviation_aerospace,positive,positive,172065,"Rajdeep Sardesai, a leading news presenter and editor since the 1990s, says India now has 365 round-the-clock satellite channels, as well as many city-based and cable ones.",aerospace_anchor,satellite,aviation_aerospace,target_positive,yes,high,clear_in_family_anchor,,annotation_source=auto_supplement; sampled_from_bucket=positive,auto_supplement
aviation_aerospace,b54014a49bb0d1e7,aviation_aerospace,positive,positive,132089,It was considered lost till NASA scientists found it.,aerospace_anchor,nasa,aviation_aerospace,target_positive,yes,high,clear_in_family_anchor,,annotation_source=auto_supplement; sampled_from_bucket=positive,auto_supplement
aviation_aerospace,2a73bf07278c3287,aviation_aerospace,positive,positive,138516,"Photo: CIA.gov Image 1 of / 17 Caption Close 'Mystery aircraft' over Texas draws speculation of real spy plane 1 / 17 Back to Gallery

If the unidentified aircraft photographed over Amarillo turns out to be a new U.S. spy plane, it wouldn't be the first time.",aviation_anchor,aircraft,aviation_aerospace,target_positive,yes,high,clear_in_family_anchor,,annotation_source=auto_supplement; sampled_from_bucket=positive,auto_supplement
aviation_aerospace,4db4cdcdc892b264,aviation_aerospace,local_hard_negative,local_hard_negative,1896298,"A railway line linking Lisbon to Cascais takes you to several broad beaches for sun bathing or surfing, inside 15 minutes.",transport_and_defense_confounders,railway,,hard_negative,yes,high,nearby_confounder,,annotation_source=auto_supplement; sampled_from_bucket=local_hard_negative,auto_supplement
aviation_aerospace,bdf334de8045ed51,aviation_aerospace,local_hard_negative,local_hard_negative,366530,"But all their time, trouble and gardening skills will go unrewarded, as the whole lot will now be destroyed by police.”

Police were alerted to the plantation on Thursday by a call from a member of the public who found the plants growing on disused private land on Lower Marsh Lane, a few streets from a university halls of residence, a sixth-form college, fitness centre and Berrylands train station.",transport_and_defense_confounders,train station,,hard_negative,yes,high,nearby_confounder,,annotation_source=auto_supplement; sampled_from_bucket=local_hard_negative,auto_supplement
aviation_aerospace,1521b087e87a3e2f,aviation_aerospace,local_hard_negative,local_hard_negative,111005,A railway station in Glasgow has been given a hilarious makeover - inspired by the fictional setting of Scots comedy classic Still Game.,transport_and_defense_confounders,railway,,hard_negative,yes,high,nearby_confounder,,annotation_source=auto_supplement; sampled_from_bucket=local_hard_negative,auto_supplement
aviation_aerospace,e5c8e79ced5313ed,aviation_aerospace,local_hard_negative,local_hard_negative,1519884,"Korail notes that it's thanks to the commercialization of the EMU-250 that Korean rolling stock companies are now able to compete on the international high-speed railway market.Korail President Hong Soon Man said, ""There's an opportunity for Korean companies to win a KRW 14.3 trillion contract for the Malaysia-Singapore railway, laying down 320 kilometers of high-speed track.",transport_and_defense_confounders,railway,,hard_negative,yes,high,nearby_confounder,,annotation_source=auto_supplement; sampled_from_bucket=local_hard_negative,auto_supplement
aviation_aerospace,03b774d7e240792d,aviation_aerospace,local_hard_negative,local_hard_negative,230431,"The vehicle, container and all, was then transferred to the White Pass & Yukon Route Railway narrow gauge railway train for a 120 mile mountainous trip to the town of Whitehorse where it was unloaded downtown on First Ave., about 1/4 mile from Whitehorse Motors.",transport_and_defense_confounders,railway,,hard_negative,yes,high,nearby_confounder,,annotation_source=auto_supplement; sampled_from_bucket=local_hard_negative,auto_supplement
aviation_aerospace,fb181b6c8c769753,aviation_aerospace,local_hard_negative,local_hard_negative,1960537,"For instance, Russia intends to grant two state loans to Iran to the amount of €2.2 billion to finance the construction of a thermal power plant near the city of Bandar Abbas on the Persian Gulf coast and the electrification of the Garmsar–Ince Burun railway section in the north-east of the country.",transport_and_defense_confounders,railway,,hard_negative,yes,high,nearby_confounder,,annotation_source=auto_supplement; sampled_from_bucket=local_hard_negative,auto_supplement
aviation_aerospace,b9fababa25b2c925,aviation_aerospace,local_hard_negative,local_hard_negative,1047512,"Our selections, for the most part, are rail trails, which are former railway lines that have been paved over and converted for non-motorized use.",transport_and_defense_confounders,railway,,hard_negative,yes,high,nearby_confounder,,annotation_source=auto_supplement; sampled_from_bucket=local_hard_negative,auto_supplement
aviation_aerospace,7cd96780510a66c1,aviation_aerospace,local_hard_negative,local_hard_negative,892663,"Thus even unprofitable lines were important to the overall railway network, and the overall economy.",transport_and_defense_confounders,railway,,hard_negative,yes,high,nearby_confounder,,annotation_source=auto_supplement; sampled_from_bucket=local_hard_negative,auto_supplement
aviation_aerospace,e21f05d7f2027891,aviation_aerospace,local_hard_negative,local_hard_negative,1800773,"Better connections does not have to mean high-speed rail, which the government favours to help growth, the commission concludes.",transport_and_defense_confounders,high-speed rail,,hard_negative,yes,high,nearby_confounder,,annotation_source=auto_supplement; sampled_from_bucket=local_hard_negative,auto_supplement
aviation_aerospace,c6f53afcd4072288,aviation_aerospace,local_hard_negative,local_hard_negative,55252,This changed in December 1914 when Commander Gerald Edward Holland was authorized by the War Office to investigate the potential use of IWT as a supplement to the road and railway networks.,transport_and_defense_confounders,railway,,hard_negative,yes,high,nearby_confounder,,annotation_source=auto_supplement; sampled_from_bucket=local_hard_negative,auto_supplement
aviation_aerospace,dc106e10cba53a05,aviation_aerospace,local_hard_negative,local_hard_negative,1968154,"Steve suffered with a terrible episode of heat exhaustion in Cambodia, Kat had a fractured knee-cap after they hit a railway track and she was also bitten by a dog on a campsite in the Outback.",transport_and_defense_confounders,railway,,hard_negative,yes,high,nearby_confounder,,annotation_source=auto_supplement; sampled_from_bucket=local_hard_negative,auto_supplement
aviation_aerospace,da5fb5db4a5803f7,aviation_aerospace,local_hard_negative,local_hard_negative,1425998,"The man behind its construction, Carlo di Ghega, was an engineer who was a pioneer of modern railways - the Semmering line is often described as the world’s first true mountain railway.",transport_and_defense_confounders,railway,,hard_negative,yes,high,nearby_confounder,,annotation_source=auto_supplement; sampled_from_bucket=local_hard_negative,auto_supplement
aviation_aerospace,d8dda9a9eb611609,aviation_aerospace,local_hard_negative,local_hard_negative,1887925,"Before its departure, the crew loaded the cargo ship with old equipment, waste and almost 4,000 pounds of research samples from experiments carried out in the station's condition of microgravity.",transport_and_defense_confounders,cargo ship,,hard_negative,yes,high,nearby_confounder,,annotation_source=auto_supplement; sampled_from_bucket=local_hard_negative,auto_supplement
aviation_aerospace,7605e96f038dfadf,aviation_aerospace,local_hard_negative,local_hard_negative,116928,The automaker was bounced from the S&P 500 around the time of its 2009 bankruptcy filing and $50 billion government bailout.,transport_and_defense_confounders,automaker,,hard_negative,yes,high,nearby_confounder,,annotation_source=auto_supplement; sampled_from_bucket=local_hard_negative,auto_supplement
aviation_aerospace,4c776d1fed0bbec6,aviation_aerospace,local_hard_negative,local_hard_negative,1612410,"(4) Except at a railway spur line or an industrial track in a business or residence district, the driver of (a) a bus carrying passengers for compensation, (b) a school bus carrying a child, (c) a vehicle carrying explosive substances or any poisonous or flammable substance as cargo, or (d) a vehicle used to carry flammable liquids or gas, whether or not it is then empty, approaching a railway crossing that is not protected by gates or railway crossing signal lights, unless otherwise directed by a flagger, must (e) stop his or her vehicle (i) no closer than 5 m, and (ii) no farther than 15 m from the nearest rail of the railway, (f) remaining stopped, must listen and look in both directions along the railway for an approaching train, and for signals indicating the approach of a train, and (g) must not proceed until he or she can do so safely.",transport_and_defense_confounders,railway,,hard_negative,yes,high,nearby_confounder,,annotation_source=auto_supplement; sampled_from_bucket=local_hard_negative,auto_supplement
aviation_aerospace,5c103659b3ad5b61,aviation_aerospace,local_hard_negative,local_hard_negative,130719,"We need a Labour government committed to putting our fragmented railway back together as a modern, ­integrated, publicly owned system fit for the 21st century.”

A Mirror reader poll found 86% back public ownership.",transport_and_defense_confounders,railway,,hard_negative,yes,high,nearby_confounder,,annotation_source=auto_supplement; sampled_from_bucket=local_hard_negative,auto_supplement
aviation_aerospace,368d885597ce4a3b,aviation_aerospace,local_hard_negative,local_hard_negative,1519880,"The Korea Railroad Corporation, or Korail, the national railway operator, announced on June 8 that it signed an order with Hyundai Rotem for 30 EMU-250 high-speed electrical train cars, to be supplied by August 2020.The new high speed trains will run along the Gyeongjeon Line (경전선, 慶全線), built for speeds of over 200 kph.",transport_and_defense_confounders,railway,,hard_negative,yes,high,nearby_confounder,,annotation_source=auto_supplement; sampled_from_bucket=local_hard_negative,auto_supplement
aviation_aerospace,3b8adeb36a712348,aviation_aerospace,local_hard_negative,local_hard_negative,823032,"The automaker is eliminating almost 2,100 jobs because consumers prefer trucks and sport utility vehicles over the small cars built at the two factories.",transport_and_defense_confounders,automaker,,hard_negative,yes,high,nearby_confounder,,annotation_source=auto_supplement; sampled_from_bucket=local_hard_negative,auto_supplement
aviation_aerospace,fee59a1e0d5195b6,aviation_aerospace,local_hard_negative,local_hard_negative,24566,"When he visited the Queen of the Belgians, Einstein failed to notice the welcoming party at the railway station and surprised the royal household by arriving on foot, baggage in hand.",transport_and_defense_confounders,railway,,hard_negative,yes,high,nearby_confounder,,annotation_source=auto_supplement; sampled_from_bucket=local_hard_negative,auto_supplement
aviation_aerospace,d66a2914bc0214fa,aviation_aerospace,local_hard_negative,local_hard_negative,1639357,"The film ends the next day at the train station, where, just as Céline's train is about to leave, the couple decides not to exchange any contact information but instead to meet at the same place in six months.",transport_and_defense_confounders,train station,,hard_negative,yes,high,nearby_confounder,,annotation_source=auto_supplement; sampled_from_bucket=local_hard_negative,auto_supplement
aviation_aerospace,0a7a54ce5ff98bb9,aviation_aerospace,local_hard_negative,local_hard_negative,1448750,"For this first test flight, the Cygnus cargo ship is packed with about 1,543 pounds (700 kg) of supplies and gear.",transport_and_defense_confounders,cargo ship,,hard_negative,yes,high,nearby_confounder,,annotation_source=auto_supplement; sampled_from_bucket=local_hard_negative,auto_supplement
aviation_aerospace,259878a15646cc95,aviation_aerospace,local_hard_negative,local_hard_negative,350518,"By the turn of the 20th century, Winnipeg had become a major railway centre

and the commercial gateway to Western Canada.",transport_and_defense_confounders,railway,,hard_negative,yes,high,nearby_confounder,,annotation_source=auto_supplement; sampled_from_bucket=local_hard_negative,auto_supplement
aviation_aerospace,c126b715014b6bc7,aviation_aerospace,local_hard_negative,local_hard_negative,1232647,"Continuing on and on and on

All Sabine Moreau wanted to do was pick up a friend from the train station, which was north of her home in Hainault Erquelinees, Brussels.",transport_and_defense_confounders,train station,,hard_negative,yes,high,nearby_confounder,,annotation_source=auto_supplement; sampled_from_bucket=local_hard_negative,auto_supplement
aviation_aerospace,4b6b444c24eaeda2,aviation_aerospace,local_hard_negative,local_hard_negative,1711519,"Extending Harbour line till GoregaonWith a small plot of land that was to be acquired for the project near Goregaon now in the railway's possession, this work too would end by March 2015.",transport_and_defense_confounders,railway,,hard_negative,yes,high,nearby_confounder,,annotation_source=auto_supplement; sampled_from_bucket=local_hard_negative,auto_supplement
aviation_aerospace,54d36dac4af84f4d,aviation_aerospace,local_hard_negative,local_hard_negative,320860,"Rai, who is a member of a UN body on external auditors and also advises the Railway Ministry, called for a change in political funding to make it more transparent.",transport_and_defense_confounders,railway,,hard_negative,yes,high,nearby_confounder,,annotation_source=auto_supplement; sampled_from_bucket=local_hard_negative,auto_supplement
aviation_aerospace,2da58c5556f05372,aviation_aerospace,local_hard_negative,local_hard_negative,1141955,"""We had finished two days early, and I had already booked my return train ticket, but because of the French Railway strike I couldn't change it.",transport_and_defense_confounders,railway,,hard_negative,yes,high,nearby_confounder,,annotation_source=auto_supplement; sampled_from_bucket=local_hard_negative,auto_supplement
aviation_aerospace,2dfdd79e167516cd,aviation_aerospace,local_hard_negative,local_hard_negative,1729758,"“The Western Wall is the holiest place for the Jewish people, and I decided to name the train station that leads to it after president Trump – following his historic and brave decision to recognize Jerusalem as the capital of the State of Israel,” said transportation minister Israel Katz.",transport_and_defense_confounders,train station,,hard_negative,yes,high,nearby_confounder,,annotation_source=auto_supplement; sampled_from_bucket=local_hard_negative,auto_supplement
aviation_aerospace,9c991ed557c3c76a,aviation_aerospace,local_hard_negative,local_hard_negative,277874,"May 27, 2011: AFP intercept barrels of oil and cocaine worth $20M at Mackay railway yards and arrest Mr Turner and three Columbian men.",transport_and_defense_confounders,railway,,hard_negative,yes,high,nearby_confounder,,annotation_source=auto_supplement; sampled_from_bucket=local_hard_negative,auto_supplement
aviation_aerospace,b09a8a1ffe1b0206,aviation_aerospace,local_hard_negative,local_hard_negative,1210756,"Advertising

Senior railway officials, including Northern Railway General Manager A K Puthia and Delhi Divisional Railway Manager Arun Arora, met the CM Sunday and briefed him about the drive.",transport_and_defense_confounders,railway,,hard_negative,yes,high,nearby_confounder,,annotation_source=auto_supplement; sampled_from_bucket=local_hard_negative,auto_supplement
aviation_aerospace,b6683576714c9989,aviation_aerospace,local_hard_negative,local_hard_negative,674096,"Lastly, you can head up Colón on the Atlantic Coast, and board the Panama Canal Railway which partially rides along the water.",transport_and_defense_confounders,railway,,hard_negative,yes,high,nearby_confounder,,annotation_source=auto_supplement; sampled_from_bucket=local_hard_negative,auto_supplement
aviation_aerospace,d3aa248dec19f897,aviation_aerospace,local_hard_negative,local_hard_negative,245637,"Formerly the red light district of Atlanta, the neighborhood grew as a supporting community to the rapidly expanding railway industry comprising many warehouses and commercial retail and trade businesses.",transport_and_defense_confounders,railway,,hard_negative,yes,high,nearby_confounder,,annotation_source=auto_supplement; sampled_from_bucket=local_hard_negative,auto_supplement
aviation_aerospace,32aab6ca8ac3706a,aviation_aerospace,local_hard_negative,local_hard_negative,654400,"Protesters marched through the central train station in Cologne, Germany, to call for an end to violence against women after dozens of attacks shook the city on New Year's Eve.",transport_and_defense_confounders,train station,,hard_negative,yes,high,nearby_confounder,,annotation_source=auto_supplement; sampled_from_bucket=local_hard_negative,auto_supplement
aviation_aerospace,d58c7869729a078a,aviation_aerospace,local_hard_negative,local_hard_negative,1258701,"A 17-year-old Brisbane man has been charged with two counts each of assault occasioning bodily harm and creating a nuisance on a railway and one count each of threatening violence, common assault and using a carriage service to menace or harass.",transport_and_defense_confounders,railway,,hard_negative,yes,high,nearby_confounder,,annotation_source=auto_supplement; sampled_from_bucket=local_hard_negative,auto_supplement
aviation_aerospace,04a22d6d09c95221,aviation_aerospace,local_hard_negative,local_hard_negative,990972,He left office late on Monday after giving final touches to the Railway Budget for 2015-16.The budget document went for printing early Tuesday morning.,transport_and_defense_confounders,railway,,hard_negative,yes,high,nearby_confounder,,annotation_source=auto_supplement; sampled_from_bucket=local_hard_negative,auto_supplement
aviation_aerospace,cbae5f872e5ceda1,aviation_aerospace,local_hard_negative,local_hard_negative,936592,"Meals are provided in Milan, Italy, to Eritrean, Ethiopian, Sudanese and Syrian refugees, many of them Muslim, who temporarily stay in rooms below the Milan central train station, these days retrofitted as a Holocaust memorial and museum.",transport_and_defense_confounders,train station,,hard_negative,yes,high,nearby_confounder,,annotation_source=auto_supplement; sampled_from_bucket=local_hard_negative,auto_supplement
aviation_aerospace,73e69cffcd3a23c0,aviation_aerospace,local_hard_negative,local_hard_negative,1073711,"The automaker will sell the car in Korea first, and then possibly introduce it in other developed countries, including the US and Europe, as part of Hyundai’s all-out effort to strengthen its SUV vehicle lineup.",transport_and_defense_confounders,automaker,,hard_negative,yes,high,nearby_confounder,,annotation_source=auto_supplement; sampled_from_bucket=local_hard_negative,auto_supplement
aviation_aerospace,a493dc64de1052c7,aviation_aerospace,local_hard_negative,local_hard_negative,831957,"Explosive devices were placed in a number of locations, including at least one on a high-speed rail track.",transport_and_defense_confounders,high-speed rail,,hard_negative,yes,high,nearby_confounder,,annotation_source=auto_supplement; sampled_from_bucket=local_hard_negative,auto_supplement
aviation_aerospace,d45b5c4b29bdf5a7,aviation_aerospace,local_hard_negative,local_hard_negative,482618,Beyond the abandoned train station and empty Packard Plant is a city slowly making its way back from the brink.,transport_and_defense_confounders,train station,,hard_negative,yes,high,nearby_confounder,,annotation_source=auto_supplement; sampled_from_bucket=local_hard_negative,auto_supplement
aviation_aerospace,5c515cc49cdd636e,aviation_aerospace,local_hard_negative,local_hard_negative,169031,"Edgar S. Hill was connected with many activities in town, including the TIMES, the Music Hall, the State and Liberty Theatres, lake resorts, and the Street Railway or trolley cars.",transport_and_defense_confounders,railway,,hard_negative,yes,high,nearby_confounder,,annotation_source=auto_supplement; sampled_from_bucket=local_hard_negative,auto_supplement
aviation_aerospace,b32d29ba9b7b8899,aviation_aerospace,local_hard_negative,local_hard_negative,1807052,"Midday: Arrived back at Antwerp Centraal train station to catch the 12.06 train from Antwerp to Cologne via Brussels (the leg Brussels to Cologne is a high speed line, and as per the rules of InterRailing, I had to reserve a seat on the train).",transport_and_defense_confounders,train station,,hard_negative,yes,high,nearby_confounder,,annotation_source=auto_supplement; sampled_from_bucket=local_hard_negative,auto_supplement
aviation_aerospace,7b55da2ffc56a700,aviation_aerospace,local_hard_negative,local_hard_negative,25826,"Between 1844 and 1847, he was lucratively employed in railway construction planning.",transport_and_defense_confounders,railway,,hard_negative,yes,high,nearby_confounder,,annotation_source=auto_supplement; sampled_from_bucket=local_hard_negative,auto_supplement
aviation_aerospace,57353832b312d09d,aviation_aerospace,local_hard_negative,local_hard_negative,534772,"More than 2,000 reindeer were hit along the same northern railway line between 2013 and 2016.",transport_and_defense_confounders,railway,,hard_negative,yes,high,nearby_confounder,,annotation_source=auto_supplement; sampled_from_bucket=local_hard_negative,auto_supplement
aviation_aerospace,846029983360cee2,aviation_aerospace,local_hard_negative,local_hard_negative,2015710,"The Tesla Model 3, which the automaker aims to bring to production at the end of 2017, will start at $35,000 before incentives.",transport_and_defense_confounders,automaker,,hard_negative,yes,high,nearby_confounder,,annotation_source=auto_supplement; sampled_from_bucket=local_hard_negative,auto_supplement
aviation_aerospace,f2df96f17412f2cd,aviation_aerospace,local_hard_negative,local_hard_negative,1474671,A report released by APTA in October 2010 indicates that two-thirds (or 62 percent) of adults would definitely or probably use high-speed rail service for leisure or business travel if it were an option.,transport_and_defense_confounders,high-speed rail,,hard_negative,yes,high,nearby_confounder,,annotation_source=auto_supplement; sampled_from_bucket=local_hard_negative,auto_supplement
aviation_aerospace,cb02e8f7ed27ff8c,aviation_aerospace,local_hard_negative,local_hard_negative,1729746,"There, a team of construction workers were laboring on a tunnel for a high-speed rail line from Jerusalem to Tel Aviv.",transport_and_defense_confounders,high-speed rail,,hard_negative,yes,high,nearby_confounder,,annotation_source=auto_supplement; sampled_from_bucket=local_hard_negative,auto_supplement
aviation_aerospace,919bc92644c02e5c,aviation_aerospace,local_hard_negative,local_hard_negative,582918,"A section of atmospheric railway at the Didcot Railway Centre

Several such atmospheric railways were constructed in Europe during the 1840s, most notably by the innovative British engineer Isambard Kingdom Brunel.",transport_and_defense_confounders,railway,,hard_negative,yes,high,nearby_confounder,,annotation_source=auto_supplement; sampled_from_bucket=local_hard_negative,auto_supplement
aviation_aerospace,a4472379b8f5e512,aviation_aerospace,local_hard_negative,local_hard_negative,649185,He imagines a man standing on railway platform.,transport_and_defense_confounders,railway,,hard_negative,yes,high,nearby_confounder,,annotation_source=auto_supplement; sampled_from_bucket=local_hard_negative,auto_supplement
aviation_aerospace,1b4eb1d3412019fd,aviation_aerospace,local_hard_negative,local_hard_negative,1052173,A large portion of the money is dedicated to California’s high-speed rail line and other transportation projects.,transport_and_defense_confounders,high-speed rail,,hard_negative,yes,high,nearby_confounder,,annotation_source=auto_supplement; sampled_from_bucket=local_hard_negative,auto_supplement
aviation_aerospace,799d9c1347c8a93b,aviation_aerospace,local_hard_negative,local_hard_negative,993913,"The suburban railway line to Maynooth, upgraded at considerable expense in recent times, runs through the area which, like Clontarf, is just 4km from the centre.",transport_and_defense_confounders,railway,,hard_negative,yes,high,nearby_confounder,,annotation_source=auto_supplement; sampled_from_bucket=local_hard_negative,auto_supplement
aviation_aerospace,288795727564d716,aviation_aerospace,local_hard_negative,local_hard_negative,380043,"MONTREAL – One of the fastest-growing residential and commercial areas of Montreal is in dire need of a metro line extension to the Bois-Franc train station, according to the mayor of Ville Saint-Laurent.",transport_and_defense_confounders,train station,,hard_negative,yes,high,nearby_confounder,,annotation_source=auto_supplement; sampled_from_bucket=local_hard_negative,auto_supplement
aviation_aerospace,0c3039e8339da04c,aviation_aerospace,local_hard_negative,local_hard_negative,1425979,"• One way £18, serbianrailways.com

Fianarantsoa to Manakara, Madagascar

This tropical train ride takes passengers through the lush jungle in the south-east of the island, along a railway built in the late 1920s.",transport_and_defense_confounders,railway,,hard_negative,yes,high,nearby_confounder,,annotation_source=auto_supplement; sampled_from_bucket=local_hard_negative,auto_supplement
aviation_aerospace,67049c5884a8a385,aviation_aerospace,local_hard_negative,local_hard_negative,1714325,MORE: Could you help bring these derelict railway tunnels in Belfast back to life after seven decades?,transport_and_defense_confounders,railway,,hard_negative,yes,high,nearby_confounder,,annotation_source=auto_supplement; sampled_from_bucket=local_hard_negative,auto_supplement
aviation_aerospace,b2207627b0ebcfda,aviation_aerospace,local_hard_negative,local_hard_negative,329404,Coal pits surrounded the house; a freight railway skirted the buildings.,transport_and_defense_confounders,railway,,hard_negative,yes,high,nearby_confounder,,annotation_source=auto_supplement; sampled_from_bucket=local_hard_negative,auto_supplement
aviation_aerospace,f486a1b167a95761,aviation_aerospace,local_hard_negative,local_hard_negative,1421691,"Players won’t know things in there relate to me, but it’s actually a good snapshot of my bedroom from high school – just a mattress with comic books all over the floor.”

Pagliarulo also added his high school, a train station and sub shop he was fond of, and he helped the team hone in on the realism of Boston by inserting themes and landmarks that were important to him while he lived there.",transport_and_defense_confounders,train station,,hard_negative,yes,high,nearby_confounder,,annotation_source=auto_supplement; sampled_from_bucket=local_hard_negative,auto_supplement
aviation_aerospace,352a3d6743986f36,aviation_aerospace,local_hard_negative,local_hard_negative,130727,I’m sure Dad would say: “This is no way to run a railway.”,transport_and_defense_confounders,railway,,hard_negative,yes,high,nearby_confounder,,annotation_source=auto_supplement; sampled_from_bucket=local_hard_negative,auto_supplement
aviation_aerospace,1d1beb34d6dbc1c4,aviation_aerospace,local_hard_negative,local_hard_negative,222984,"Although the venture produced a few classics, including The Railway Children (1970) and The Go-Between (1970), many other projects were either disappointments or were frustrated due to financial problems and Forbes resigned in 1971.",transport_and_defense_confounders,railway,,hard_negative,yes,high,nearby_confounder,,annotation_source=auto_supplement; sampled_from_bucket=local_hard_negative,auto_supplement
aviation_aerospace,52e95c0ad43fae3b,aviation_aerospace,local_hard_negative,local_hard_negative,5144,The St. George SIR terminal is undergoing a major track and switch reconstruction project as the railway continues to recover from Sandy-related damage.,transport_and_defense_confounders,railway,,hard_negative,yes,high,nearby_confounder,,annotation_source=auto_supplement; sampled_from_bucket=local_hard_negative,auto_supplement
aviation_aerospace,ca8528294f332aae,aviation_aerospace,local_hard_negative,local_hard_negative,1757075,All long distance (NSW Trainlink and Great Southern Railway) trains to Sydney terminate at Sydney's Central Station in the south of the CBD area.,transport_and_defense_confounders,railway,,hard_negative,yes,high,nearby_confounder,,annotation_source=auto_supplement; sampled_from_bucket=local_hard_negative,auto_supplement
aviation_aerospace,9f2a7738008d17de,aviation_aerospace,local_hard_negative,local_hard_negative,1577832,"“Railway stations across Wales, and I have visited them all, including Aberystwyth, Carmarthen, Llandudno, Pontypridd and Port Talbot, have been upgraded as a result of a £21m cash injection of EU funds,” said Corbyn.",transport_and_defense_confounders,railway,,hard_negative,yes,high,nearby_confounder,,annotation_source=auto_supplement; sampled_from_bucket=local_hard_negative,auto_supplement
aviation_aerospace,fde276cb839f3253,aviation_aerospace,local_hard_negative,local_hard_negative,1803506,"At the symposium in November, the automaker discussed a scenario for transitioning from Li-ion batteries to solid-state and then Li-air batteries in its vehicles.",transport_and_defense_confounders,automaker,,hard_negative,yes,high,nearby_confounder,,annotation_source=auto_supplement; sampled_from_bucket=local_hard_negative,auto_supplement
aviation_aerospace,2a82e8b93e76b2e9,aviation_aerospace,local_hard_negative,local_hard_negative,305697,"Takao – About 45 minutes outside Tokyo, a short hike up this mountain from the Takao-san Guchi train station makes a good day trip, if you’re itching to get out of the city and into some real woods.",transport_and_defense_confounders,train station,,hard_negative,yes,high,nearby_confounder,,annotation_source=auto_supplement; sampled_from_bucket=local_hard_negative,auto_supplement
aviation_aerospace,5a10eb6e8cb95a45,aviation_aerospace,local_hard_negative,local_hard_negative,990981,"Even among the new lines, the emphasis is likely to be on improving connectivity in border areas, especially in the Northeastern states along the border with China.“They will be mostly announced as national or strategic lines since the railways don’t have to pay for such lines from their own budget,” one official said.With foreign investors yet to show any interest in railway projects under the FDI route, Prabhu has been eyeing other sources of funds.",transport_and_defense_confounders,railway,,hard_negative,yes,high,nearby_confounder,,annotation_source=auto_supplement; sampled_from_bucket=local_hard_negative,auto_supplement
aviation_aerospace,548877524b611c88,aviation_aerospace,local_hard_negative,local_hard_negative,1669192,"We have an outstanding catalogue of both mass market and niche partwork collections, including our hugely successful, innovative craft collections such as Art therapy and The Art of Crochet and our exceptionally detailed build-up models such as Your Model Railway Village as well as our high-quality book collections including Marvel, The Ultimate Graphic Novel collection and Doctor Who: The Complete Collection.",transport_and_defense_confounders,railway,,hard_negative,yes,high,nearby_confounder,,annotation_source=auto_supplement; sampled_from_bucket=local_hard_negative,auto_supplement
aviation_aerospace,8d9d3d442f6af34d,aviation_aerospace,local_hard_negative,local_hard_negative,1210724,"Meanwhile, railway authorities in a statement said the child’s death was not related to the demolition.",transport_and_defense_confounders,railway,,hard_negative,yes,high,nearby_confounder,,annotation_source=auto_supplement; sampled_from_bucket=local_hard_negative,auto_supplement
aviation_aerospace,01d3964f72fe0d12,aviation_aerospace,local_hard_negative,local_hard_negative,1300462,"It may be because they face little competition, like the railway companies.",transport_and_defense_confounders,railway,,hard_negative,yes,high,nearby_confounder,,annotation_source=auto_supplement; sampled_from_bucket=local_hard_negative,auto_supplement
aviation_aerospace,4afb699886297b17,aviation_aerospace,local_hard_negative,local_hard_negative,1036740,"He wrote and directed campaigns for every US automaker, beer, burgers, and luxury brands as well as designed and directed launch campaigns for all 4 broadcast networks including affiliate packages, NFL for Fox, Must See TV, and cable: Nip/Tuck, and the Shield.",transport_and_defense_confounders,automaker,,hard_negative,yes,high,nearby_confounder,,annotation_source=auto_supplement; sampled_from_bucket=local_hard_negative,auto_supplement
aviation_aerospace,08dde735054ca832,aviation_aerospace,local_hard_negative,local_hard_negative,116925,S&P said Monday that the automaker will replace H.J.,transport_and_defense_confounders,automaker,,hard_negative,yes,high,nearby_confounder,,annotation_source=auto_supplement; sampled_from_bucket=local_hard_negative,auto_supplement
aviation_aerospace,fb6939f5bb644f6e,aviation_aerospace,local_hard_negative,local_hard_negative,893282,Four Boston College students were sprayed in the face with acid this past weekend outside the Saint-Charles train station in Marseille.,transport_and_defense_confounders,train station,,hard_negative,yes,high,nearby_confounder,,annotation_source=auto_supplement; sampled_from_bucket=local_hard_negative,auto_supplement
aviation_aerospace,229bcd57988b8113,aviation_aerospace,local_hard_negative,local_hard_negative,1474666,Is high-speed rail a good investment for Americans?,transport_and_defense_confounders,high-speed rail,,hard_negative,yes,high,nearby_confounder,,annotation_source=auto_supplement; sampled_from_bucket=local_hard_negative,auto_supplement
aviation_aerospace,91584b54d88db3e7,aviation_aerospace,local_hard_negative,local_hard_negative,1969521,"Dean Wise, vice president for network strategy at BNSF Railway, summed up the hurdles that the hyperloop would have to overcome before it could put shovels in the ground.",transport_and_defense_confounders,railway,,hard_negative,yes,high,nearby_confounder,,annotation_source=auto_supplement; sampled_from_bucket=local_hard_negative,auto_supplement
aviation_aerospace,eb444570b11b5f57,aviation_aerospace,local_hard_negative,local_hard_negative,257206,"“The ball is in our court, and we have to show willingness with new projects.”

Relations between the two countries came under pressure in November last year when, without warning, the Mexican government cancelled the contract to build its planned new high-speed rail scheme, a contract it had awarded to a Chinese-led consortium only days before.",transport_and_defense_confounders,high-speed rail,,hard_negative,yes,high,nearby_confounder,,annotation_source=auto_supplement; sampled_from_bucket=local_hard_negative,auto_supplement
aviation_aerospace,63e3c1f21a8bca85,aviation_aerospace,local_hard_negative,local_hard_negative,1049658,"• In direct contradiction to allied signatories, he threatened to withdraw from the treaty under which Iran agreed to forsake development of nuclear weapons, imposed economic sanctions unilaterally in arguable breach of that treaty, issued threats of war (also illegal under international law) because Iran tested an intermediate (500-mile) range missile not covered by that treaty, and bombed rebels in Yemen supported by Iran for allegedly firing on a US naval vessel supporting the Saudi invasion of that country.",transport_and_defense_confounders,naval vessel,,hard_negative,yes,high,nearby_confounder,,annotation_source=auto_supplement; sampled_from_bucket=local_hard_negative,auto_supplement
aviation_aerospace,e0e176c93b800352,aviation_aerospace,local_hard_negative,local_hard_negative,663589,"For each execution, Reichhart was paid 150 Goldmark plus ten marks for daily expenses, and given a 3rd-class railway ticket.",transport_and_defense_confounders,railway,,hard_negative,yes,high,nearby_confounder,,annotation_source=auto_supplement; sampled_from_bucket=local_hard_negative,auto_supplement
aviation_aerospace,31c8bbbcebf75118,aviation_aerospace,local_hard_negative,local_hard_negative,1986911,"According to Baker, the city will try to compensate for its lack of passable roads and safe bridges by building a high-speed rail system which, ""with a little luck,"" might someday connect to an Olympic village.",transport_and_defense_confounders,high-speed rail,,hard_negative,yes,high,nearby_confounder,,annotation_source=auto_supplement; sampled_from_bucket=local_hard_negative,auto_supplement
aviation_aerospace,5ec42ed826ba1145,aviation_aerospace,local_hard_negative,local_hard_negative,278120,The move by the world's biggest automaker is the first such step by a German manufacturer since a government-industry summit last week over high levels of nitrogen oxides (NOx) emitted from diesel cars.,transport_and_defense_confounders,automaker,,hard_negative,yes,high,nearby_confounder,,annotation_source=auto_supplement; sampled_from_bucket=local_hard_negative,auto_supplement
aviation_aerospace,8bbc1629f9d5fa38,aviation_aerospace,local_hard_negative,local_hard_negative,1141149,"Dean Harvey, who founded South Australia’s SteamRanger Heritage Railway and had the foresight decades ago to save the 520 when many old trains were being ripped up for scrap, yesterday called the real engine “the star of the SteamRanger fleet”.",transport_and_defense_confounders,railway,,hard_negative,yes,high,nearby_confounder,,annotation_source=auto_supplement; sampled_from_bucket=local_hard_negative,auto_supplement
aviation_aerospace,ccfcda9649a9edc2,aviation_aerospace,local_hard_negative,local_hard_negative,142188,"The automaker has been in the state since 2013, but now a judge is siding with the local dealership association against Tesla.",transport_and_defense_confounders,automaker,,hard_negative,yes,high,nearby_confounder,,annotation_source=auto_supplement; sampled_from_bucket=local_hard_negative,auto_supplement
aviation_aerospace,ad4f92012f091ee4,aviation_aerospace,local_hard_negative,local_hard_negative,1571210,"Deciding to quit his job on the cargo ship, Charles returned to General Gu, who was Dai Li's boss, to ask for help.",transport_and_defense_confounders,cargo ship,,hard_negative,yes,high,nearby_confounder,,annotation_source=auto_supplement; sampled_from_bucket=local_hard_negative,auto_supplement
aviation_aerospace,54f22c10807c1ebc,aviation_aerospace,local_hard_negative,local_hard_negative,1969491,"“Freight rail moves freight, high-speed rail moves passengers,” Bhatt said, “Hyperloop has the potential to do both.”

“Freight rail moves freight, high-speed rail moves passengers.",transport_and_defense_confounders,high-speed rail,,hard_negative,yes,high,nearby_confounder,,annotation_source=auto_supplement; sampled_from_bucket=local_hard_negative,auto_supplement
aviation_aerospace,f150717209da5558,aviation_aerospace,local_hard_negative,local_hard_negative,1119920,"“Being Swedish and European, seeing Syrians fleeing for the lives, walking across a continent, leaving their homes with newborn babies in their arms, hoping for shelter, peace, and friendly smiles getting off the trains at the train station here in Stockholm gives it more dimensions and layers than we could ever imagine.”",transport_and_defense_confounders,train station,,hard_negative,yes,high,nearby_confounder,,annotation_source=auto_supplement; sampled_from_bucket=local_hard_negative,auto_supplement
aviation_aerospace,42c495245fc9cbab,aviation_aerospace,local_hard_negative,local_hard_negative,371293,"She also revealed that she had given Hamilton ""lifts up and down from the train station to the high school"", making her sons question the killer's motives even more.",transport_and_defense_confounders,train station,,hard_negative,yes,high,nearby_confounder,,annotation_source=auto_supplement; sampled_from_bucket=local_hard_negative,auto_supplement
aviation_aerospace,7bc351fa27a5f7d7,aviation_aerospace,local_hard_negative,local_hard_negative,1273823,Russia is developing a railway based nuclear launcher which will be constantly on alert hurtling around the Motherland.,transport_and_defense_confounders,railway,,hard_negative,yes,high,nearby_confounder,,annotation_source=auto_supplement; sampled_from_bucket=local_hard_negative,auto_supplement
aviation_aerospace,42a673b825613b6a,aviation_aerospace,local_hard_negative,local_hard_negative,459780,"In early 1870, the Erie Railway Company published a statement of routes, times, and distances detailing a trip around the globe of 23,739 miles in seventy-seven days and twenty-one hours.",transport_and_defense_confounders,railway,,hard_negative,yes,high,nearby_confounder,,annotation_source=auto_supplement; sampled_from_bucket=local_hard_negative,auto_supplement
aviation_aerospace,c1981d5fd63579bc,aviation_aerospace,local_hard_negative,local_hard_negative,650320,"Amira Behari, 43, refused to reveal her face at the State Court in Munich last year when she appeared to testify against a man who allegedly abused her in a train station.",transport_and_defense_confounders,train station,,hard_negative,yes,high,nearby_confounder,,annotation_source=auto_supplement; sampled_from_bucket=local_hard_negative,auto_supplement
aviation_aerospace,4ade7f3a979b46ee,aviation_aerospace,local_hard_negative,local_hard_negative,797010,"The automaker's Wrangler decision won't have anything to with the upcoming negotiations, according to a person familiar with the automaker's plans.",transport_and_defense_confounders,automaker,,hard_negative,yes,high,nearby_confounder,,annotation_source=auto_supplement; sampled_from_bucket=local_hard_negative,auto_supplement
aviation_aerospace,59804e9d60987356,aviation_aerospace,local_hard_negative,local_hard_negative,1223861,"Organized crime ruled the trash business, and the automaker employed contractors that dumped according to the mob’s rules.",transport_and_defense_confounders,automaker,,hard_negative,yes,high,nearby_confounder,,annotation_source=auto_supplement; sampled_from_bucket=local_hard_negative,auto_supplement
aviation_aerospace,c57e9d1836c67a25,aviation_aerospace,local_hard_negative,local_hard_negative,990979,Prime Minister Narendra Modi has in the past spoken of the railways being a lynchpin in India’s economic progress as well as its political integration.Sources said the railway minister was also unlikely to announce any major organisational reform.,transport_and_defense_confounders,railway,,hard_negative,yes,high,nearby_confounder,,annotation_source=auto_supplement; sampled_from_bucket=local_hard_negative,auto_supplement
aviation_aerospace,1b5d4d7b98204ee5,aviation_aerospace,local_hard_negative,local_hard_negative,967907,"We put up with the noise, vibrations and pile driving coming from the works site, but we aren’t going to put up with the parking situation any longer.”

The road was closed as Beresford Road Bridge was subject to work to upgrade the railway.",transport_and_defense_confounders,railway,,hard_negative,yes,high,nearby_confounder,,annotation_source=auto_supplement; sampled_from_bucket=local_hard_negative,auto_supplement
aviation_aerospace,6dd4c8622dd5c92f,aviation_aerospace,local_hard_negative,local_hard_negative,459794,"[5]

The periodical Le Tour du monde (3 October 1869) contained a short piece titled ""Around the World in Eighty Days"", which refers to ""140 miles"" of railway not yet completed between Allahabad and Bombay, a central point in Verne's work.",transport_and_defense_confounders,railway,,hard_negative,yes,high,nearby_confounder,,annotation_source=auto_supplement; sampled_from_bucket=local_hard_negative,auto_supplement
aviation_aerospace,aaed14f7d9571110,aviation_aerospace,local_hard_negative,local_hard_negative,1380886,"NAGPUR: Call it an attempt by the cash-strapped Indian Railways to mop up revenue or reduce rush inside the stations, the platform tickets will cost Rs10 from April 1.Till 2012, those entering railway platforms had to pay Rs3 but in 2012 railway budget, the then railway minister Dinesh Trivedi hiked platform ticket rate to Rs5 and now it has been doubled.Railway sources said the railways have given instructions to all zonal railways to print revised tickets on top priority and ensure supply to all stations well in time.Till that time, old stock of tickets may be used with rate corrected with stamp.",transport_and_defense_confounders,railway,,hard_negative,yes,high,nearby_confounder,,annotation_source=auto_supplement; sampled_from_bucket=local_hard_negative,auto_supplement
aviation_aerospace,dc0b4cf24ebb2df1,aviation_aerospace,local_hard_negative,local_hard_negative,1440372,"Despite the hefty price tag, Japan is hoping to sell its high-speed rail technology overseas as part of an attempt to revive the world’s third-biggest economy through infrastructure exports.",transport_and_defense_confounders,high-speed rail,,hard_negative,yes,high,nearby_confounder,,annotation_source=auto_supplement; sampled_from_bucket=local_hard_negative,auto_supplement
aviation_aerospace,4ef74d8649fc11c8,aviation_aerospace,local_hard_negative,local_hard_negative,2015689,"After BMW and Nissan, Toyota is now the third automaker directly trying to convince Tesla Model 3 reservation holders to drop their pre-orders and buy its vehicles instead.",transport_and_defense_confounders,automaker,,hard_negative,yes,high,nearby_confounder,,annotation_source=auto_supplement; sampled_from_bucket=local_hard_negative,auto_supplement
aviation_aerospace,8c3fd39ea0826879,aviation_aerospace,local_hard_negative,local_hard_negative,919234,"Advertising

Ajay Singh, a director-rank official whose last posting was as a senior divisional mechanical engineer with Northern Railway, has written a letter of complaint to A K Puthia, chief mechanical engineer of Northern Railway, claiming he is “being victimised”.",transport_and_defense_confounders,railway,,hard_negative,yes,high,nearby_confounder,,annotation_source=auto_supplement; sampled_from_bucket=local_hard_negative,auto_supplement
aviation_aerospace,e83fa7b7abc59128,aviation_aerospace,local_hard_negative,local_hard_negative,1549441,Silver Stream Railway's mission is to restore and preserve heritage railway memorabilia - in particular items that relate to the Wellington region.,transport_and_defense_confounders,railway,,hard_negative,yes,high,nearby_confounder,,annotation_source=auto_supplement; sampled_from_bucket=local_hard_negative,auto_supplement
aviation_aerospace,0b6d5a98536fc0f6,aviation_aerospace,local_hard_negative,local_hard_negative,1017399,"The merchie dips first, and the naval vessel answers dip for dip.",transport_and_defense_confounders,naval vessel,,hard_negative,yes,high,nearby_confounder,,annotation_source=auto_supplement; sampled_from_bucket=local_hard_negative,auto_supplement
aviation_aerospace,4a1e36992678be5f,aviation_aerospace,local_hard_negative,local_hard_negative,1953029,By Road: The temple is 11km from Mahabubabad Railway Station & Bus Station with number of city buses well connected to this place.,transport_and_defense_confounders,railway,,hard_negative,yes,high,nearby_confounder,,annotation_source=auto_supplement; sampled_from_bucket=local_hard_negative,auto_supplement
aviation_aerospace,92140e88fe4434c7,aviation_aerospace,local_hard_negative,local_hard_negative,1350154,"He was travelling in the first class, but a White passenger and railway officials asked him to leave the first class compartment.",transport_and_defense_confounders,railway,,hard_negative,yes,high,nearby_confounder,,annotation_source=auto_supplement; sampled_from_bucket=local_hard_negative,auto_supplement
aviation_aerospace,19a36727c1907eb2,aviation_aerospace,local_hard_negative,local_hard_negative,990974,"He worked through the last weekend, wrestling to balance traditional populism with much-needed reforms that are expected from him.The sources said Prabhu was personally in favour of a fare increase to generate much-needed resources, but senior railway officials managed to convince him that it would be difficult to justify such a move given that fares had been raised steeply only last year.“Fares were increased by the government in June last year, three weeks before the then railway minister Sadananda Gowda presented his budget.",transport_and_defense_confounders,railway,,hard_negative,yes,high,nearby_confounder,,annotation_source=auto_supplement; sampled_from_bucket=local_hard_negative,auto_supplement
aviation_aerospace,cf9712bae1280213,aviation_aerospace,local_hard_negative,local_hard_negative,1097255,"Former Bihar Chief Minister Rabri Devi on Wednesday failed to appear before the Enforcement Directorate in connection with its investigation into a railway hotels corruption case, PTI reported.",transport_and_defense_confounders,railway,,hard_negative,yes,high,nearby_confounder,,annotation_source=auto_supplement; sampled_from_bucket=local_hard_negative,auto_supplement
aviation_aerospace,a3cb5dce63df0cca,aviation_aerospace,local_hard_negative,local_hard_negative,55254,"Having seen service in Burma and South Africa, Holland retired from service in 1905 and took up the post of Marine Superintendent of the London and North Western Railway at Holyhead.",transport_and_defense_confounders,railway,,hard_negative,yes,high,nearby_confounder,,annotation_source=auto_supplement; sampled_from_bucket=local_hard_negative,auto_supplement
aviation_aerospace,b5223ce2c7f58a0a,aviation_aerospace,local_hard_negative,local_hard_negative,450258,"Oshikiri took over the Australian branch of the Japanese automaker just ten weeks ago, and says the brand needs to be updating its product portfolio more quickly.",transport_and_defense_confounders,automaker,,hard_negative,yes,high,nearby_confounder,,annotation_source=auto_supplement; sampled_from_bucket=local_hard_negative,auto_supplement
aviation_aerospace,c27ee5b375aad0ca,aviation_aerospace,local_hard_negative,local_hard_negative,514720,"Blase De Leo, the division’s vice president for brand engagement, called the new offices “more than just a location.”

De Leo said the automaker wanted to make its U.S. headquarters a “premium place to work” while emphasizing a work-life balance.",transport_and_defense_confounders,automaker,,hard_negative,yes,high,nearby_confounder,,annotation_source=auto_supplement; sampled_from_bucket=local_hard_negative,auto_supplement
aviation_aerospace,ffd88f4f22474929,aviation_aerospace,local_hard_negative,local_hard_negative,1892203,"Relying on a near-quarter-century-old mental picture, Saroo searched in a radius that expanded outward from the Calcutta train station, where he had ended up as a child.",transport_and_defense_confounders,train station,,hard_negative,yes,high,nearby_confounder,,annotation_source=auto_supplement; sampled_from_bucket=local_hard_negative,auto_supplement
aviation_aerospace,14efc28cb69ad651,aviation_aerospace,local_hard_negative,local_hard_negative,1455649,"Here are a few more pictures of Otsuchi town

This used to be a railroad track for the train station.",transport_and_defense_confounders,train station,,hard_negative,yes,high,nearby_confounder,,annotation_source=auto_supplement; sampled_from_bucket=local_hard_negative,auto_supplement
aviation_aerospace,ea849a4e8045a360,aviation_aerospace,local_hard_negative,local_hard_negative,1950896,"And a proposal by New York’s Department of Transportation to bring high-speed rail to the state doesn’t include the Buffalo Central, instead relying on its currently active downtown and Depew locations

Because of its location away from the urban core, turning Buffalo Central into a desirable destination is difficult.",transport_and_defense_confounders,high-speed rail,,hard_negative,yes,high,nearby_confounder,,annotation_source=auto_supplement; sampled_from_bucket=local_hard_negative,auto_supplement
aviation_aerospace,a05ba48ec37128da,aviation_aerospace,local_hard_negative,local_hard_negative,926748,– Railway Division will be getting Rs.,transport_and_defense_confounders,railway,,hard_negative,yes,high,nearby_confounder,,annotation_source=auto_supplement; sampled_from_bucket=local_hard_negative,auto_supplement
aviation_aerospace,707cdd97ebf6f396,aviation_aerospace,local_hard_negative,local_hard_negative,201163,"With a railway line near the scene, a firefighters’ train is also involved in tackling the blaze.",transport_and_defense_confounders,railway,,hard_negative,yes,high,nearby_confounder,,annotation_source=auto_supplement; sampled_from_bucket=local_hard_negative,auto_supplement
aviation_aerospace,99f3885ed5b04749,aviation_aerospace,local_hard_negative,local_hard_negative,366034,"The cost and delay of installing new permanent platforms for the guns was fortunately found to be unnecessary - a temporary platform built devised by the REME and made from railway sleepers and rails was found to be adequate for the static guns, making them considerably easier to re-deploy as the V-1 threat changed.",transport_and_defense_confounders,railway,,hard_negative,yes,high,nearby_confounder,,annotation_source=auto_supplement; sampled_from_bucket=local_hard_negative,auto_supplement
aviation_aerospace,549dab222e52336e,aviation_aerospace,local_hard_negative,local_hard_negative,875246,"The Dutch struck four more times against the Germans: the students' strike in November 1940, the doctors' strike in 1942, the April–May strike in 1943 and the railway strike in 1944.",transport_and_defense_confounders,railway,,hard_negative,yes,high,nearby_confounder,,annotation_source=auto_supplement; sampled_from_bucket=local_hard_negative,auto_supplement
aviation_aerospace,76860fc9ce04d22b,aviation_aerospace,local_hard_negative,local_hard_negative,1489070,"The woman, who does not want to be identified, said the man bumped into her Wednesday night at the 49th Street and Seventh Avenue R train station.",transport_and_defense_confounders,train station,,hard_negative,yes,high,nearby_confounder,,annotation_source=auto_supplement; sampled_from_bucket=local_hard_negative,auto_supplement
aviation_aerospace,96bdd0dbe4935b3c,aviation_aerospace,local_hard_negative,local_hard_negative,1612407,"Railway crossings 185 (1) When a driver is approaching a railway crossing at a time when (a) a clearly visible electrical or mechanical signal device gives warning of the approach of a railway train, (b) a crossing gate is lowered or a flagger is giving a signal of the approach or passage of a railway train, or (c) a railway train is approaching and is within approximately 500 m of a crossing or by reason of its speed or nearness to the crossing is an immediate hazard and emits an audible signal or is visible, the driver must stop the vehicle within 15 m but not less than 5 m from the nearest rail of the railway, and must not cause or permit the vehicle to proceed until he or she can do so safely.",transport_and_defense_confounders,railway,,hard_negative,yes,high,nearby_confounder,,annotation_source=auto_supplement; sampled_from_bucket=local_hard_negative,auto_supplement
aviation_aerospace,61363284de3efc22,aviation_aerospace,local_hard_negative,local_hard_negative,1920420,"China fined General Motors' (GM) Chinese joint venture $29 million for monopolistic price fixing, state TV reported Friday, following reports that China would crack down on an unnamed U.S. automaker.",transport_and_defense_confounders,automaker,,hard_negative,yes,high,nearby_confounder,,annotation_source=auto_supplement; sampled_from_bucket=local_hard_negative,auto_supplement
aviation_aerospace,c00fd4449abef7b9,aviation_aerospace,local_hard_negative,local_hard_negative,950245,"Upon its establishment it split many settlements into two, the biggest being Qamişlo, and it divided the families, communities and peoples that lived on both sides of the railway.",transport_and_defense_confounders,railway,,hard_negative,yes,high,nearby_confounder,,annotation_source=auto_supplement; sampled_from_bucket=local_hard_negative,auto_supplement
aviation_aerospace,88ed731a537776b1,aviation_aerospace,local_hard_negative,local_hard_negative,417883,He would build a transcontinental railway that would expand the dominion and help secure Canadian sovereignty in the West.,transport_and_defense_confounders,railway,,hard_negative,yes,high,nearby_confounder,,annotation_source=auto_supplement; sampled_from_bucket=local_hard_negative,auto_supplement
aviation_aerospace,a815256448207b6a,aviation_aerospace,local_hard_negative,local_hard_negative,456703,"|

Prime Minister of Armenia Karen Karapetyan announced the reduction of tariffs for Moscow-Yerevan railway and ferry transportation, the PM said on Facebook.",transport_and_defense_confounders,railway,,hard_negative,yes,high,nearby_confounder,,annotation_source=auto_supplement; sampled_from_bucket=local_hard_negative,auto_supplement
aviation_aerospace,6a588cf30c00f336,aviation_aerospace,local_hard_negative,local_hard_negative,1901585,The train station at the Frankfurt airport was likewise closed due to damage inflicted to the building as a result of the storm.,transport_and_defense_confounders,train station,,hard_negative,yes,high,nearby_confounder,,annotation_source=auto_supplement; sampled_from_bucket=local_hard_negative,auto_supplement
aviation_aerospace,377fdd3dfd5e2a80,aviation_aerospace,local_hard_negative,local_hard_negative,1757104,"Top-up machines are available at most railway stations, all ferry wharves, and some light rail stops.",transport_and_defense_confounders,railway,,hard_negative,yes,high,nearby_confounder,,annotation_source=auto_supplement; sampled_from_bucket=local_hard_negative,auto_supplement
aviation_aerospace,c7d5a2e034afee38,aviation_aerospace,local_hard_negative,local_hard_negative,1527136,"An agreement has been reached that will allow a German-operated cargo ship to leave the Lake Superior port in Duluth, Minn., where it was detained for more than a month due to alleged environmental violations, the U.S. Coast Guard said Thursday.",transport_and_defense_confounders,cargo ship,,hard_negative,yes,high,nearby_confounder,,annotation_source=auto_supplement; sampled_from_bucket=local_hard_negative,auto_supplement
aviation_aerospace,ee58b48b391ad1c5,aviation_aerospace,local_hard_negative,local_hard_negative,249173,"[Li Yi/China Daily]

China's railway authority has proposed a Silk Road high-speed railway connecting the country's northwest region to West Asia via Central Asia, a plan it said would overcome the cross-border connectivity problem of different rail standards.",transport_and_defense_confounders,railway,,hard_negative,yes,high,nearby_confounder,,annotation_source=auto_supplement; sampled_from_bucket=local_hard_negative,auto_supplement
aviation_aerospace,5c807e96f521252b,aviation_aerospace,local_hard_negative,local_hard_negative,582916,"Medhurst was aware that travelers might be averse to spending long journeys sealed within dark tunnels, so he also described a claustrophobia-friendly alternative which later came to be known as the atmospheric railway.",transport_and_defense_confounders,railway,,hard_negative,yes,high,nearby_confounder,,annotation_source=auto_supplement; sampled_from_bucket=local_hard_negative,auto_supplement
aviation_aerospace,ad4792c7954f5c08,aviation_aerospace,local_hard_negative,local_hard_negative,93292,"Speedier railway systems are run, which have to be protected by game fences and only save a few minutes time as well.",transport_and_defense_confounders,railway,,hard_negative,yes,high,nearby_confounder,,annotation_source=auto_supplement; sampled_from_bucket=local_hard_negative,auto_supplement
aviation_aerospace,f8c948cd079b7e29,aviation_aerospace,local_hard_negative,local_hard_negative,446383,"After the group she had been part of scattered to a nearby apartment complex, Vicky Moller, 63, of Wales, leaned against a support column for the Metro railway that runs above the road leading to and from the Bella Center.",transport_and_defense_confounders,railway,,hard_negative,yes,high,nearby_confounder,,annotation_source=auto_supplement; sampled_from_bucket=local_hard_negative,auto_supplement
aviation_aerospace,7e69a5b29af59afc,aviation_aerospace,local_hard_negative,local_hard_negative,1995302,"Roads, bridges, railway lines, and energy infrastructure have been destroyed.",transport_and_defense_confounders,railway,,hard_negative,yes,high,nearby_confounder,,annotation_source=auto_supplement; sampled_from_bucket=local_hard_negative,auto_supplement
aviation_aerospace,8af03fd03a2cfe70,aviation_aerospace,local_hard_negative,local_hard_negative,1187814,The Sea Spear is the first variant of the Brimstone designed to be fired from a naval vessel.,transport_and_defense_confounders,naval vessel,,hard_negative,yes,high,nearby_confounder,,annotation_source=auto_supplement; sampled_from_bucket=local_hard_negative,auto_supplement
aviation_aerospace,c0ed10aaffa1de93,aviation_aerospace,local_hard_negative,local_hard_negative,330732,A taxi picked us up and drove us to the train station at 6pm.,transport_and_defense_confounders,train station,,hard_negative,yes,high,nearby_confounder,,annotation_source=auto_supplement; sampled_from_bucket=local_hard_negative,auto_supplement
aviation_aerospace,7f1dd5e19d0469d8,aviation_aerospace,local_hard_negative,local_hard_negative,1761607,"Sam lays down the law at his first board meeting as director of fun A train-mad youngster has landed his dream job as ""director of fun"" at the National Railway Museum in York.",transport_and_defense_confounders,railway,,hard_negative,yes,high,nearby_confounder,,annotation_source=auto_supplement; sampled_from_bucket=local_hard_negative,auto_supplement
aviation_aerospace,e821ded21209a146,aviation_aerospace,local_hard_negative,local_hard_negative,402631,"Democratic senators are examining a proposed automaker bailout bill, two sources tell CNN.",transport_and_defense_confounders,automaker,,hard_negative,yes,high,nearby_confounder,,annotation_source=auto_supplement; sampled_from_bucket=local_hard_negative,auto_supplement
aviation_aerospace,200a04806ea5bdd2,aviation_aerospace,local_hard_negative,local_hard_negative,1226283,Southern Railway also leads in the number of misbehaviour cases in comparison to other zones.,transport_and_defense_confounders,railway,,hard_negative,yes,high,nearby_confounder,,annotation_source=auto_supplement; sampled_from_bucket=local_hard_negative,auto_supplement
aviation_aerospace,d319f2345f9aabf6,aviation_aerospace,local_hard_negative,local_hard_negative,72348,Facebook Twitter Pinterest Riot police armed with machine guns patrol the streets in front of Pasing railway station in Munich on Friday.,transport_and_defense_confounders,railway,,hard_negative,yes,high,nearby_confounder,,annotation_source=auto_supplement; sampled_from_bucket=local_hard_negative,auto_supplement
aviation_aerospace,e62d5a34465c7420,aviation_aerospace,local_hard_negative,local_hard_negative,1866918,"German Chancellor Angela Merkel's press announcement, according to Vedomosti, says that the leaders are concerned about the situation around the key railway town of Debaltsevo and that they discussed the implementation of the new Minsk Agreements.",transport_and_defense_confounders,railway,,hard_negative,yes,high,nearby_confounder,,annotation_source=auto_supplement; sampled_from_bucket=local_hard_negative,auto_supplement
aviation_aerospace,3986f299daea867b,aviation_aerospace,local_hard_negative,local_hard_negative,111008,The Exhibition Centre train station in Glasgow is only a short walk from the SSE Hydro where the live show is being performed.,transport_and_defense_confounders,train station,,hard_negative,yes,high,nearby_confounder,,annotation_source=auto_supplement; sampled_from_bucket=local_hard_negative,auto_supplement
aviation_aerospace,f4e3ed5f0f0a1e05,aviation_aerospace,local_hard_negative,local_hard_negative,1258580,I can remember very clearly when she dropped me off at the train station to go to London.,transport_and_defense_confounders,train station,,hard_negative,yes,high,nearby_confounder,,annotation_source=auto_supplement; sampled_from_bucket=local_hard_negative,auto_supplement
aviation_aerospace,f1e01fdc4b5085a8,aviation_aerospace,local_hard_negative,local_hard_negative,734569,"In May 2018 after a miniature steam locomotive mounted to a trolley crossed the causeway into Knysna in February 2018, it was reveiled in the British Magazine ""Heritage Railway"" that while there is ongoing discussion between Transnet and a private enterprise called ""Classic Rail"" there remains no agreement to franchise the line and re-open it for tourist traffic.",transport_and_defense_confounders,railway,,hard_negative,yes,high,nearby_confounder,,annotation_source=auto_supplement; sampled_from_bucket=local_hard_negative,auto_supplement
aviation_aerospace,eab81a5c8fccebaa,aviation_aerospace,local_hard_negative,local_hard_negative,1458578,"After radicalizing online, he created the Italian branch of Sharia4Italy, establishing contacts with other Western and international jihadis.65 Anas was arrested in June 2013 for plotting attacks against Brescia’s Goito military base, its train station, and one of the town’s bridges.66 Released from prison for lack of evidence, Anas then left for Syria in July 2013,67 where he is still believed to be fighting.68

Another prominent Italian foreign fighter in Syria is Maria Giulia Sergio (Fatima), a convert from the Naples area residing in Milan who became radicalized online through Skype conversations with Haik Bushra, a female university student in Bologna.69 Fatima, who was 27 at the time, became obsessed with going to Syria and married Aldo Kobuzi, an Albanian wannabe fighter, at the Treviglio mosque on September 17, 2014.70 On September 21, the two traveled to Istanbul, reached the Syrian border at Gaziantep on the following day, and are presumed to have entered Syria on October 2, 2014.71 Once in the country, Fatima gained attention for her enraged remarks and threats to Italy.",transport_and_defense_confounders,train station,,hard_negative,yes,high,nearby_confounder,,annotation_source=auto_supplement; sampled_from_bucket=local_hard_negative,auto_supplement
aviation_aerospace,7a4805138882af05,aviation_aerospace,local_hard_negative,local_hard_negative,1187817,It is a canister-launched missile that can be mounted to a building or a naval vessel as small as 14 meters.,transport_and_defense_confounders,naval vessel,,hard_negative,yes,high,nearby_confounder,,annotation_source=auto_supplement; sampled_from_bucket=local_hard_negative,auto_supplement
aviation_aerospace,e0e8c514fdc7c4a4,aviation_aerospace,local_hard_negative,local_hard_negative,797008,Jeep Wrangler hanging in the balance: FCA is likely weeks away from saying if it will build the next-generation Jeep Wrangler in Toledo -- an investment likely to exceed $1 billion that would lead to new jobs for whichever community the automaker picks.,transport_and_defense_confounders,automaker,,hard_negative,yes,high,nearby_confounder,,annotation_source=auto_supplement; sampled_from_bucket=local_hard_negative,auto_supplement
aviation_aerospace,1a60204306949ab8,aviation_aerospace,local_hard_negative,local_hard_negative,665241,We’ll also be taking this opportunity to reveal yet another naval vessel ready and playable for the first day we release on Early Access.,transport_and_defense_confounders,naval vessel,,hard_negative,yes,high,nearby_confounder,,annotation_source=auto_supplement; sampled_from_bucket=local_hard_negative,auto_supplement
aviation_aerospace,8dec698618023885,aviation_aerospace,local_hard_negative,local_hard_negative,1566743,"But now the Asian Development Bank is paying the Uzbekistan Railway Forces (UTY) $130 million to build Afghanistan’s first rail spur, linking Mazar-e-Sharif, the country’s northern commercial hub, with the southern Uzbek city of Termiz.",transport_and_defense_confounders,railway,,hard_negative,yes,high,nearby_confounder,,annotation_source=auto_supplement; sampled_from_bucket=local_hard_negative,auto_supplement
aviation_aerospace,3ebb615c988346dc,aviation_aerospace,local_hard_negative,local_hard_negative,360298,"Surveillance cameras caught Kasab prowling with a gun in the train station that night, where 55 people were killed.",transport_and_defense_confounders,train station,,hard_negative,yes,high,nearby_confounder,,annotation_source=auto_supplement; sampled_from_bucket=local_hard_negative,auto_supplement
aviation_aerospace,d561cb0f2a02f314,aviation_aerospace,local_hard_negative,local_hard_negative,474946,"Lachine residents will find some solace as a new train station on the Candiac Line — called la Gare du Canal — situated at Victoria St. and St-Joseph Blvd., is due to open sometime next year in eastern Lachine.",transport_and_defense_confounders,train station,,hard_negative,yes,high,nearby_confounder,,annotation_source=auto_supplement; sampled_from_bucket=local_hard_negative,auto_supplement
aviation_aerospace,c2959f4f15e84f52,aviation_aerospace,local_hard_negative,local_hard_negative,257208,"A consortium led by state-owned China Railway Construction Corporation (CRCC), which included Chinese train maker CSR and Mexican firms, had been the only bidder for the project to build a 220km line from Mexico City to the rapidly growing industrial centre of Querétaro.",transport_and_defense_confounders,railway,,hard_negative,yes,high,nearby_confounder,,annotation_source=auto_supplement; sampled_from_bucket=local_hard_negative,auto_supplement
aviation_aerospace,85a6ab2f032ad881,aviation_aerospace,local_hard_negative,local_hard_negative,1563751,"The attacks—and robberies—allegedly occurred in the city’s historic square, which lies between the main train station and the cathedral.",transport_and_defense_confounders,train station,,hard_negative,yes,high,nearby_confounder,,annotation_source=auto_supplement; sampled_from_bucket=local_hard_negative,auto_supplement
aviation_aerospace,9b4672dbc36653ab,aviation_aerospace,local_hard_negative,local_hard_negative,717109,"“Toronto is one of the cities we honour because of its longstanding commitment to streetcars,” said Rick Laubscher, president of Market Street Railway, the non-profit arm of the San Francisco Municipal Railway that aims to preserve historic transit in San Francisco.",transport_and_defense_confounders,railway,,hard_negative,yes,high,nearby_confounder,,annotation_source=auto_supplement; sampled_from_bucket=local_hard_negative,auto_supplement
aviation_aerospace,e68327d1dc612cfe,aviation_aerospace,local_hard_negative,local_hard_negative,524942,"Here are a few examples of the way things have changed since 2010:

High-speed rail: Having proposed three high speed lines in 2010, UKIP now opposes the one which the government is building.",transport_and_defense_confounders,high-speed rail,,hard_negative,yes,high,nearby_confounder,,annotation_source=auto_supplement; sampled_from_bucket=local_hard_negative,auto_supplement
aviation_aerospace,1eee43c326da6c20,aviation_aerospace,local_hard_negative,local_hard_negative,2004305,"Description [ edit ]

The vessel was a 4,444 GRT (2,669 NRT, 8,190 DWT, tonnage under deck: 3,992) steel-hulled cargo ship, built in 1929 by the shipyard Akers Mekaniske Verksted in Oslo, Norway, as Fernglen.",transport_and_defense_confounders,cargo ship,,hard_negative,yes,high,nearby_confounder,,annotation_source=auto_supplement; sampled_from_bucket=local_hard_negative,auto_supplement
aviation_aerospace,45b2197a0c5e8bad,aviation_aerospace,local_hard_negative,local_hard_negative,637359,"I'm now in Sri Lanka, trying to arrange passage on a cargo ship to the Maldives and the Seychelles (islands + piracy = immense difficulty in getting there without flying).",transport_and_defense_confounders,cargo ship,,hard_negative,yes,high,nearby_confounder,,annotation_source=auto_supplement; sampled_from_bucket=local_hard_negative,auto_supplement
aviation_aerospace,ea8db5b1ee628692,aviation_aerospace,local_hard_negative,local_hard_negative,1443001,"In 1924, with his family recently arrived from England, O'Leary left the Ontario police force and became a police sergeant with the Michigan Central Railway in Bridgeburg, Ontario, receiving £33 a month.",transport_and_defense_confounders,railway,,hard_negative,yes,high,nearby_confounder,,annotation_source=auto_supplement; sampled_from_bucket=local_hard_negative,auto_supplement
aviation_aerospace,bf26cf6c548c3955,aviation_aerospace,local_hard_negative,local_hard_negative,486507,"According to an account from the New York Times:

As 2016 neared on Dec. 31, however, some 1,500 men, including some newly arrived asylum seekers and many other immigrants, had instead assembled around Cologne’s train station.",transport_and_defense_confounders,train station,,hard_negative,yes,high,nearby_confounder,,annotation_source=auto_supplement; sampled_from_bucket=local_hard_negative,auto_supplement
aviation_aerospace,2b20abfb7bf1ca05,aviation_aerospace,local_hard_negative,local_hard_negative,1828917,"HONG KONG, May 5 (Reuters) - Eleven crew of a Chinese cargo ship are missing following a collision with a large container ship in the waters off Hong Kong on Monday, authorities said.",transport_and_defense_confounders,cargo ship,,hard_negative,yes,high,nearby_confounder,,annotation_source=auto_supplement; sampled_from_bucket=local_hard_negative,auto_supplement
aviation_aerospace,f403d3e9115e474f,aviation_aerospace,local_hard_negative,local_hard_negative,995532,"We begin therefore with a little trip into a neighboring industry:

No automaker can take the liberty today to not equip their vehicles with the latest safety equipment, following engineering tests.",transport_and_defense_confounders,automaker,,hard_negative,yes,high,nearby_confounder,,annotation_source=auto_supplement; sampled_from_bucket=local_hard_negative,auto_supplement
aviation_aerospace,22c1bdec163e1aaf,aviation_aerospace,local_hard_negative,local_hard_negative,270518,"[15]

The Welsh Marches Line is a railway line from Newport in South Wales to Shrewsbury, via Abergavenny, Hereford, and Craven Arms.",transport_and_defense_confounders,railway,,hard_negative,yes,high,nearby_confounder,,annotation_source=auto_supplement; sampled_from_bucket=local_hard_negative,auto_supplement
aviation_aerospace,96d919d27ee63e7a,aviation_aerospace,local_hard_negative,local_hard_negative,1098518,"Two girls, both 16, were lured from Beverly Hills train station and taken to a house in Lakemba.",transport_and_defense_confounders,train station,,hard_negative,yes,high,nearby_confounder,,annotation_source=auto_supplement; sampled_from_bucket=local_hard_negative,auto_supplement
aviation_aerospace,0f157e61df685bf1,aviation_aerospace,local_hard_negative,local_hard_negative,1183593,"Take control of a railway company, issue shares, build railroads, deliver goods along an ever changing network of tracks and stations and make profit to expand.",transport_and_defense_confounders,railway,,hard_negative,yes,high,nearby_confounder,,annotation_source=auto_supplement; sampled_from_bucket=local_hard_negative,auto_supplement
aviation_aerospace,c658461f32a6b261,aviation_aerospace,local_hard_negative,local_hard_negative,754658,"People walk along a train platform inside the Gare de Lyon railway station in Paris, France, April 26, 2016 during a one-day strike by French railway unions workers to protest working conditions and wages.",transport_and_defense_confounders,railway,,hard_negative,yes,high,nearby_confounder,,annotation_source=auto_supplement; sampled_from_bucket=local_hard_negative,auto_supplement
aviation_aerospace,0c384eafda155bd7,aviation_aerospace,local_hard_negative,local_hard_negative,655073,"Yoshihiko Yamada, an expert on maritime safety, estimated the Filipino cargo ship may have been moving as fast as 37 kph before the collision, and caused an enormous impact in the incident.",transport_and_defense_confounders,cargo ship,,hard_negative,yes,high,nearby_confounder,,annotation_source=auto_supplement; sampled_from_bucket=local_hard_negative,auto_supplement
aviation_aerospace,4656ea63324237f0,aviation_aerospace,local_hard_negative,local_hard_negative,151945,"Why should a refugee who robbed a woman at a train station be deported, and the German man who sexually assaulted and murdered a 4-year-old refugee boy stay?",transport_and_defense_confounders,train station,,hard_negative,yes,high,nearby_confounder,,annotation_source=auto_supplement; sampled_from_bucket=local_hard_negative,auto_supplement
aviation_aerospace,5ec22f7334c3e137,aviation_aerospace,local_hard_negative,local_hard_negative,887545,"Now, Japan's JR East railway company has commissioned a new luxury train, the Cruise Train, which will be a way for Japanese one-percenters to check out the country in style.",transport_and_defense_confounders,railway,,hard_negative,yes,high,nearby_confounder,,annotation_source=auto_supplement; sampled_from_bucket=local_hard_negative,auto_supplement
aviation_aerospace,45f93af7e6054b6e,aviation_aerospace,local_hard_negative,local_hard_negative,988034,"During his Wednesday visit, Xi visited the office of Zhongche, a recently merged railway company that could be an integral part of his ""Silk Road Initiative"" to improve China's land-based links to Europe and Asian neighbors.",transport_and_defense_confounders,railway,,hard_negative,yes,high,nearby_confounder,,annotation_source=auto_supplement; sampled_from_bucket=local_hard_negative,auto_supplement
aviation_aerospace,b0e9910562100720,aviation_aerospace,local_hard_negative,local_hard_negative,1847774,At times he and his top officials lived in a railway car so they could relocate at a moment’s notice to whichever region his troops controlled at the moment.,transport_and_defense_confounders,railway,,hard_negative,yes,high,nearby_confounder,,annotation_source=auto_supplement; sampled_from_bucket=local_hard_negative,auto_supplement
aviation_aerospace,cde3e3881c616afc,aviation_aerospace,local_hard_negative,local_hard_negative,553180,"TWITTER PANIC: Cops and soldiers with 'assault rifles' reportedly swooped on a train station

Police confirmed a suspicious package was found at Marne-la-Vallée train station, just metres away from the entrance to the popular theme park.",transport_and_defense_confounders,train station,,hard_negative,yes,high,nearby_confounder,,annotation_source=auto_supplement; sampled_from_bucket=local_hard_negative,auto_supplement
aviation_aerospace,e80a96336509ef89,aviation_aerospace,local_hard_negative,local_hard_negative,1612411,"(5) When a driver has stopped in accordance with this section, the driver must (a) cross the railway tracks in a gear that he or she will not need to change while crossing the tracks, (b) not shift gears while so crossing, and (c) not stop with a part of the vehicle on or over the tracks.",transport_and_defense_confounders,railway,,hard_negative,yes,high,nearby_confounder,,annotation_source=auto_supplement; sampled_from_bucket=local_hard_negative,auto_supplement
aviation_aerospace,3d181a26d0c430c7,aviation_aerospace,local_hard_negative,local_hard_negative,1920425,"GM shares tumbled 3.8% on Dec. 14, when state media said China would slap monopoly fines on an unnamed U.S. automaker, but largely seen at the time as GM.",transport_and_defense_confounders,automaker,,hard_negative,yes,high,nearby_confounder,,annotation_source=auto_supplement; sampled_from_bucket=local_hard_negative,auto_supplement
aviation_aerospace,d2c0283b6b723924,aviation_aerospace,local_hard_negative,local_hard_negative,1759006,"It’s like threading the eye of a needle over and over again: for all the diligent railway schedule perusing pre-race at ASO headquarters, closed barriers and controversy are sometimes impossible to avoid, as we saw most recently in 2015.",transport_and_defense_confounders,railway,,hard_negative,yes,high,nearby_confounder,,annotation_source=auto_supplement; sampled_from_bucket=local_hard_negative,auto_supplement
aviation_aerospace,4ee57fb9e3b94757,aviation_aerospace,local_hard_negative,local_hard_negative,447780,"Network Rail moves more than 50 tonnes of ballast to shore up track but warns travel problems could last until end of Monday

A four-metre-deep sinkhole opened up underneath railway lines in south London on Monday, causing travel chaos for commuters, who were advised to avoid one of the capital’s busiest stations just as the evening rush hour was getting under way.",transport_and_defense_confounders,railway,,hard_negative,yes,high,nearby_confounder,,annotation_source=auto_supplement; sampled_from_bucket=local_hard_negative,auto_supplement
aviation_aerospace,3b7e1f021b191208,aviation_aerospace,local_hard_negative,local_hard_negative,1774497,"But Nader was inducted Thursday night in a ceremony at Cobo Center alongside former Ford President and CEO Alan Mulally; Roy Lunn, engineer of the Ford GT40 that swept the podium at the 1966 Le Mans race; and Bertha Benz, wife and business partner to Karl Benz, founder of the German automaker Mercedes-Benz.",transport_and_defense_confounders,automaker,,hard_negative,yes,high,nearby_confounder,,annotation_source=auto_supplement; sampled_from_bucket=local_hard_negative,auto_supplement
aviation_aerospace,e28fb2a7857efa14,aviation_aerospace,local_hard_negative,local_hard_negative,980101,"Like senior citizens, PWDs are eligible for a 20-percent discount on medical and dental services; purchase of medicines in all drugstores; public railway, skyway and bus fares; admission fees charged by theaters, cinema houses, concert halls, circuses, carnivals and other places of culture, leisure and amusement; and all services in hotels and similar lodging establishments, restaurants and recreation centers.",transport_and_defense_confounders,railway,,hard_negative,yes,high,nearby_confounder,,annotation_source=auto_supplement; sampled_from_bucket=local_hard_negative,auto_supplement
aviation_aerospace,7d89a0f98f2548d0,aviation_aerospace,local_hard_negative,local_hard_negative,142189,"The St.Louis Post-Dispatch reports:

“After Tesla opened stores in University City in 2013 and Kansas City in 2014, the Missouri Auto Dealers Association sued the Missouri DOR and its director in January 2015, alleging its direct-to-consumer model violates state law.”

Interestingly, in order to sell its cars in Missouri and obtain a dealership license, the automaker had to authorize itself to sell its cars in the state.",transport_and_defense_confounders,automaker,,hard_negative,yes,high,nearby_confounder,,annotation_source=auto_supplement; sampled_from_bucket=local_hard_negative,auto_supplement
aviation_aerospace,e802ac42f3ce01a4,aviation_aerospace,local_hard_negative,local_hard_negative,175197,"Railway stations in the towns of Malout and Balluana were ablaze, and two coaches of an empty train parked in New Delhi's Anand Vihar station were set on fire.",transport_and_defense_confounders,railway,,hard_negative,yes,high,nearby_confounder,,annotation_source=auto_supplement; sampled_from_bucket=local_hard_negative,auto_supplement
aviation_aerospace,e05e9bbe87e5f771,aviation_aerospace,local_hard_negative,local_hard_negative,1969519,"That’s still less than the projected cost of California’s high-speed rail line, which is expected to reach $68 billion.",transport_and_defense_confounders,high-speed rail,,hard_negative,yes,high,nearby_confounder,,annotation_source=auto_supplement; sampled_from_bucket=local_hard_negative,auto_supplement
aviation_aerospace,18071e476068cc24,aviation_aerospace,local_hard_negative,local_hard_negative,1251399,Time lapse video shows the Burrard Otter II being lifted off the cargo ship and escorted by tugboats to the shipyards for final work to be performed before it can be placed into service.,transport_and_defense_confounders,cargo ship,,hard_negative,yes,high,nearby_confounder,,annotation_source=auto_supplement; sampled_from_bucket=local_hard_negative,auto_supplement
aviation_aerospace,9a1fe38e0e7a74d4,aviation_aerospace,local_hard_negative,local_hard_negative,892653,"The Netherlands State railway is a joint owner of Northern Rail, Merseyrail and the Greater Anglia franchise.)",transport_and_defense_confounders,railway,,hard_negative,yes,high,nearby_confounder,,annotation_source=auto_supplement; sampled_from_bucket=local_hard_negative,auto_supplement
aviation_aerospace,6bc7d1c656abd6da,aviation_aerospace,local_hard_negative,local_hard_negative,976327,"I would come through the narrow alleyway from the street beyond, less than a block from the train station.",transport_and_defense_confounders,train station,,hard_negative,yes,high,nearby_confounder,,annotation_source=auto_supplement; sampled_from_bucket=local_hard_negative,auto_supplement
aviation_aerospace,f464115b0b7e5ff3,aviation_aerospace,local_hard_negative,local_hard_negative,1807061,"7pm: Off for dinner at the handsome and other-worldly Zuiderterras riverside restaurant in the west of the city

13.45 Heading back to Utrecht train station to catch the 14.02 train from Utrecht to Antwerp via Rotterdam.",transport_and_defense_confounders,train station,,hard_negative,yes,high,nearby_confounder,,annotation_source=auto_supplement; sampled_from_bucket=local_hard_negative,auto_supplement
aviation_aerospace,fcc519eff0b45bc7,aviation_aerospace,local_hard_negative,local_hard_negative,247326,"However, when the landscape architects Field Operations – famous for the High Line, a former elevated railway in Manhattan that is now a hugely popular park – looked at the problem in 2010, their imaginings looked very attractive.",transport_and_defense_confounders,railway,,hard_negative,yes,high,nearby_confounder,,annotation_source=auto_supplement; sampled_from_bucket=local_hard_negative,auto_supplement
aviation_aerospace,d99540dd21a96a3f,aviation_aerospace,local_hard_negative,local_hard_negative,1073700,"[THE INVESTOR] South Korea’s largest automaker Hyundai Motor will begin production of its new compact sport utility vehicle, which is widely rumored to be named “Kona,” from June 15, according to news reports on Feb. 22.",transport_and_defense_confounders,automaker,,hard_negative,yes,high,nearby_confounder,,annotation_source=auto_supplement; sampled_from_bucket=local_hard_negative,auto_supplement
aviation_aerospace,dbe8d5d7715b52bc,aviation_aerospace,local_hard_negative,local_hard_negative,1563297,"The deadly 1980 attack on the Bologna train station in Italy began, in earnest, the modern era of using false flag attacks in waging asymmetric warfare.",transport_and_defense_confounders,train station,,hard_negative,yes,high,nearby_confounder,,annotation_source=auto_supplement; sampled_from_bucket=local_hard_negative,auto_supplement
aviation_aerospace,9651b6a9a3127569,aviation_aerospace,local_hard_negative,local_hard_negative,1097601,"The 'Ladies Special' bus service was flagged off by chief minister Sheila Dikshit ""I hope the new service will ensure safe and comfortable journey for the women commuters,"" Dikshit said.Transport minister Ramakant Goswami said women conductors have been appointed for all the buses under the service.The bus service will connect places having office complexes like Bhikaji Kama Place, Nehru Place, Connaught Place and ITO and Dhaula Kuan.It will also connect major areas and markets including South Extension, Lajpat Nagar, IGI Airport, R K Puram, Munirka, Rajendra Place, Karol Bagh, Punjabi Bagh, Karol Bagh, Pahar Ganj, Andrews Ganj, Janpath, Preet Vihar, Red Fort, Darya Ganj, East Patel Nagar, Uttam nagar, Sarai Kale Khan, Karam Pura and INA.The buses under the service will also go through AIIMS, IIT Gate, Jawaharlal Nehru stadium , Delhi Secretariat, India Gate, New Delhi Railway station, Central Secretariat Dwarka Morh, Metro station, Rohini Sector II, Rajendra Place, Shahdara, Madhu Vihar, Kapashera Border, Mori Gate Terminal, Mehrauli and Old Delhi Railway station.Goswami said directions have been issued to senior DTC officials to take steps to make people aware about the new service, its routes and timing of the buses.Initially, one bus each has been deployed on 11 routes and gradually the number of buses will be increased, Goswami said.",transport_and_defense_confounders,railway,,hard_negative,yes,high,nearby_confounder,,annotation_source=auto_supplement; sampled_from_bucket=local_hard_negative,auto_supplement
aviation_aerospace,553b83afe3df1267,aviation_aerospace,local_hard_negative,local_hard_negative,1300654,"Anis Amri, the Tunisian suspect of the Berlin Christmas market attack, is seen in this photo taken from security cameras at Brussels North train station, Belgium, December 21, 2016.",transport_and_defense_confounders,train station,,hard_negative,yes,high,nearby_confounder,,annotation_source=auto_supplement; sampled_from_bucket=local_hard_negative,auto_supplement
aviation_aerospace,c54dcf3a624a3106,aviation_aerospace,local_hard_negative,local_hard_negative,559984,"[gallery ids=""1532762,1532761,1532760,1532758,1532756,1532757,1532754,1532753,1532752,1532751,1532750""]

Marakby reiterated that it’s key to their strategy that Ford isn’t waiting for the autonomous component to be road-ready to do this, and that’s by design: The automaker believes that a firm understanding of what the consumer wants in terms of user experience when interfacing with AVs is just as important and being able to navigate real roads.",transport_and_defense_confounders,automaker,,hard_negative,yes,high,nearby_confounder,,annotation_source=auto_supplement; sampled_from_bucket=local_hard_negative,auto_supplement
aviation_aerospace,75a873ff659f2380,aviation_aerospace,local_hard_negative,local_hard_negative,937106,"A picture posted on Twitter by @lordbonkers

""It was all very British - no one panicked, the emergency services and railway staff were immensely impressive and it all ended with a cup of tea produced without any notice very late on a Sunday night.",transport_and_defense_confounders,railway,,hard_negative,yes,high,nearby_confounder,,annotation_source=auto_supplement; sampled_from_bucket=local_hard_negative,auto_supplement
aviation_aerospace,28fd8d3f573c34ce,aviation_aerospace,local_hard_negative,local_hard_negative,754660,At issue is a fundamental rewrite of working conditions that management at the SNCF state railway company hopes will enable it to cope when EU-wide legislation throws national passenger services open to competition in 2020.,transport_and_defense_confounders,railway,,hard_negative,yes,high,nearby_confounder,,annotation_source=auto_supplement; sampled_from_bucket=local_hard_negative,auto_supplement
aviation_aerospace,2141894a3e797ddf,aviation_aerospace,local_hard_negative,local_hard_negative,1192374,"“Because they are cheaper than electric light rail, and easier to phase in, I expect DMUs to be increasingly popular in cases like yours where a primary demand corridor follows an existing heavy railway line – and where the relatively low density suggests the value of something that can be phased in ... as demand grows,” Walker said by email.",transport_and_defense_confounders,railway,,hard_negative,yes,high,nearby_confounder,,annotation_source=auto_supplement; sampled_from_bucket=local_hard_negative,auto_supplement
aviation_aerospace,3ac1d2f0e048f994,aviation_aerospace,local_hard_negative,local_hard_negative,626335,"I go on stage and do my piece and at the end someone talks to me about her bereavement while I keep my own to myself until I’m driving home on the coldest night of the year, worrying I might skid and then I say out loud: ‘Daddy, my daddy’ like Jenny Agutter in The Railway Children.",transport_and_defense_confounders,railway,,hard_negative,yes,high,nearby_confounder,,annotation_source=auto_supplement; sampled_from_bucket=local_hard_negative,auto_supplement
aviation_aerospace,ff26b14088d5cce2,aviation_aerospace,local_hard_negative,local_hard_negative,155403,"Fiat Chief Executive Sergio Marchionne hopes the allure of Ferrari, one of the world’s strongest luxury brands, will help drive U.S. investor interest in the new automaker.",transport_and_defense_confounders,automaker,,hard_negative,yes,high,nearby_confounder,,annotation_source=auto_supplement; sampled_from_bucket=local_hard_negative,auto_supplement
aviation_aerospace,99e381fc8c2a6b13,aviation_aerospace,local_hard_negative,local_hard_negative,1447596,"The first one, written before the disaster about the first bridge, begins as follows:

The Railway Bridge of the Silvery Tay:

""Beautiful Railway Bridge of the Silvery Tay!",transport_and_defense_confounders,railway,,hard_negative,yes,high,nearby_confounder,,annotation_source=auto_supplement; sampled_from_bucket=local_hard_negative,auto_supplement
aviation_aerospace,807b0f977dbd92fe,aviation_aerospace,local_hard_negative,local_hard_negative,1666521,The automaker claimed to have then cut ties with Hoerbiger in May last year.,transport_and_defense_confounders,automaker,,hard_negative,yes,high,nearby_confounder,,annotation_source=auto_supplement; sampled_from_bucket=local_hard_negative,auto_supplement
aviation_aerospace,eb0cd3c44abc4b6a,aviation_aerospace,local_hard_negative,local_hard_negative,824914,"Work in the concourse includes building 17 deep escalators at 45th, 46th, 47th, and 48th Streets (with passageways already carved out), and installing elevators connecting the LIRR passenger concourse to the train station caverns 140 feet below Park Avenue, for the most part directly under existing train platforms in use today.",transport_and_defense_confounders,train station,,hard_negative,yes,high,nearby_confounder,,annotation_source=auto_supplement; sampled_from_bucket=local_hard_negative,auto_supplement
aviation_aerospace,379e716e27e7d5c9,aviation_aerospace,local_hard_negative,local_hard_negative,1000238,These groups have been working to demonstrate the devastating effects that the proposed railway and port infrastructure would have on human health and traditional fishing.,transport_and_defense_confounders,railway,,hard_negative,yes,high,nearby_confounder,,annotation_source=auto_supplement; sampled_from_bucket=local_hard_negative,auto_supplement
aviation_aerospace,c15b1db0f90b0b54,aviation_aerospace,local_hard_negative,local_hard_negative,1505458,"American Julie Hamp, the highest-ranking female executive at the Japanese automaker, relinquished her role after authorities allegedly discovered oxycodone pills in a package she shipped to herself.",transport_and_defense_confounders,automaker,,hard_negative,yes,high,nearby_confounder,,annotation_source=auto_supplement; sampled_from_bucket=local_hard_negative,auto_supplement
aviation_aerospace,83117e14c0cd29de,aviation_aerospace,local_hard_negative,local_hard_negative,877069,"This ""Leidsebaan"" was supposed to start in the city centre and then follow the railway line The Hague – Amsterdam.",transport_and_defense_confounders,railway,,hard_negative,yes,high,nearby_confounder,,annotation_source=auto_supplement; sampled_from_bucket=local_hard_negative,auto_supplement
aviation_aerospace,57e005236cebc9d5,aviation_aerospace,local_hard_negative,local_hard_negative,445684,"On June 4, the Bush administration framed GM's decision as evidence the troubled automaker was getting its finances in order.",transport_and_defense_confounders,automaker,,hard_negative,yes,high,nearby_confounder,,annotation_source=auto_supplement; sampled_from_bucket=local_hard_negative,auto_supplement
aviation_aerospace,8b659cac646ce400,aviation_aerospace,local_hard_negative,local_hard_negative,378348,"Downtown Oakville was at least an hours walk away from the train station, and it was a $20 cab fare to get from Oshawa GO Station to Oshawa itself.",transport_and_defense_confounders,train station,,hard_negative,yes,high,nearby_confounder,,annotation_source=auto_supplement; sampled_from_bucket=local_hard_negative,auto_supplement
aviation_aerospace,3e8b0cb68354b4bb,aviation_aerospace,local_hard_negative,local_hard_negative,1662113,"Originally planned a railroad town, the Portland and Willamette Valley Railway cut right through Sherwood’s old downtown.",transport_and_defense_confounders,railway,,hard_negative,yes,high,nearby_confounder,,annotation_source=auto_supplement; sampled_from_bucket=local_hard_negative,auto_supplement
aviation_aerospace,189d4bec11f22796,aviation_aerospace,local_hard_negative,local_hard_negative,203341,"New features include the replace-vehicles-now functionality, railway double slip switches, track speed limit and street traffic layers, person names, vehicle cargo weight simulation and more.",transport_and_defense_confounders,railway,,hard_negative,yes,high,nearby_confounder,,annotation_source=auto_supplement; sampled_from_bucket=local_hard_negative,auto_supplement
aviation_aerospace,3abcb92648f46001,aviation_aerospace,local_hard_negative,local_hard_negative,1214745,"The remainder of the book—an exhilarating description of the afterlife, interspersed with some discussions on religious practices and Plato and railway accidents, is either inspiring or infuriating or both, depending upon how you feel about it.",transport_and_defense_confounders,railway,,hard_negative,yes,high,nearby_confounder,,annotation_source=auto_supplement; sampled_from_bucket=local_hard_negative,auto_supplement
aviation_aerospace,70a2fe6334f20e94,aviation_aerospace,local_hard_negative,local_hard_negative,1228336,"You Jingyou (游精佑), a local railway engineer who has an interest in social justice issues, recorded a video interview with the mother, while another human rights defender, Wu Huaying (吴华英), helped to spread the video online.",transport_and_defense_confounders,railway,,hard_negative,yes,high,nearby_confounder,,annotation_source=auto_supplement; sampled_from_bucket=local_hard_negative,auto_supplement
aviation_aerospace,fa6034305c2fc32d,aviation_aerospace,local_hard_negative,local_hard_negative,514725,"Office departments are called “communities.”

Beyond Irvine, the automaker recently made headlines when it announced a partnership with Toyota.",transport_and_defense_confounders,automaker,,hard_negative,yes,high,nearby_confounder,,annotation_source=auto_supplement; sampled_from_bucket=local_hard_negative,auto_supplement
aviation_aerospace,469c141da6c24841,aviation_aerospace,local_hard_negative,local_hard_negative,215364,"The couple are currently visiting all 2,563 railway stations in Great Britain, an odyssey that will take around three months, and yesterday reached a milestone: their 1,000th station.",transport_and_defense_confounders,railway,,hard_negative,yes,high,nearby_confounder,,annotation_source=auto_supplement; sampled_from_bucket=local_hard_negative,auto_supplement
aviation_aerospace,532a9dedd5d0e9ff,aviation_aerospace,local_hard_negative,local_hard_negative,1927979,"It is not the only street artist to give colors to Vitry-sur-Seine: as soon as leaving the train station, a giant work of the Italian Pixel Pancho welcomes visitors!",transport_and_defense_confounders,train station,,hard_negative,yes,high,nearby_confounder,,annotation_source=auto_supplement; sampled_from_bucket=local_hard_negative,auto_supplement
aviation_aerospace,f7f11010370fffab,aviation_aerospace,local_hard_negative,local_hard_negative,257203,"Now Mexico wants China’s help with its new airport, source says

After ejecting Chinese construction firms from its $3.75bn high-speed rail project last year, Mexican officials are now said to be keen to involve them in building the country’s new, multi-billion-dollar airport (pictured).",transport_and_defense_confounders,high-speed rail,,hard_negative,yes,high,nearby_confounder,,annotation_source=auto_supplement; sampled_from_bucket=local_hard_negative,auto_supplement
aviation_aerospace,e03e3a167af9e869,aviation_aerospace,local_hard_negative,local_hard_negative,459687,"At the Reform Club, Fogg gets involved in an argument over an article in The Daily Telegraph stating that with the opening of a new railway section in India, it is now possible to travel around the world in 80 days.",transport_and_defense_confounders,railway,,hard_negative,yes,high,nearby_confounder,,annotation_source=auto_supplement; sampled_from_bucket=local_hard_negative,auto_supplement
aviation_aerospace,86011b07c9fd86ed,aviation_aerospace,local_hard_negative,local_hard_negative,952827,"[10]

A common method of securing the steel rail of railway track into timber sleepers is to drive a square-cut dogspike into a pre-drilled round hole.",transport_and_defense_confounders,railway,,hard_negative,yes,high,nearby_confounder,,annotation_source=auto_supplement; sampled_from_bucket=local_hard_negative,auto_supplement
aviation_aerospace,29bf63b8946e0dbb,aviation_aerospace,local_hard_negative,local_hard_negative,1604464,"The VAT tax in Germany, for example, is 19 percent, so when a US automaker wants to sell a car to a German, there is a 19 percent value -dded tax added onto its price by the German government, effectively a 19 percent import tariff.",transport_and_defense_confounders,automaker,,hard_negative,yes,high,nearby_confounder,,annotation_source=auto_supplement; sampled_from_bucket=local_hard_negative,auto_supplement
aviation_aerospace,f0f7dc8e95cc628e,aviation_aerospace,local_hard_negative,local_hard_negative,892638,"The original Victorian railway entrepreneurs ran almost fully self-sufficient companies, even down to the manufacture of the steel for the rail lines.",transport_and_defense_confounders,railway,,hard_negative,yes,high,nearby_confounder,,annotation_source=auto_supplement; sampled_from_bucket=local_hard_negative,auto_supplement
aviation_aerospace,206b5cc3bcdbd64a,aviation_aerospace,local_hard_negative,local_hard_negative,1226282,Maximum molestation cases (45) were reported in Southern Railway followed by 19 cases in Western Central Railway in 2012.,transport_and_defense_confounders,railway,,hard_negative,yes,high,nearby_confounder,,annotation_source=auto_supplement; sampled_from_bucket=local_hard_negative,auto_supplement
aviation_aerospace,f598b648ed99fe80,aviation_aerospace,local_hard_negative,local_hard_negative,24490,Toyota is expected to lose its spot as the world's top-selling automaker to General Motors this year.,transport_and_defense_confounders,automaker,,hard_negative,yes,high,nearby_confounder,,annotation_source=auto_supplement; sampled_from_bucket=local_hard_negative,auto_supplement
aviation_aerospace,5be6ef9563cf6485,aviation_aerospace,local_hard_negative,local_hard_negative,1765383,"Israel is to name a planned new railway station close to Judaism's hallowed Western Wall in annexed east Jerusalem after US President Donald Trump, seen here visiting the site on May 22, 2017

Israel is to name a planned new railway station close to Judaism's hallowed Western Wall in annexed east Jerusalem after US President Donald Trump, the transport minister has said.",transport_and_defense_confounders,railway,,hard_negative,yes,high,nearby_confounder,,annotation_source=auto_supplement; sampled_from_bucket=local_hard_negative,auto_supplement
aviation_aerospace,5bb9e2d682cf6584,aviation_aerospace,local_hard_negative,local_hard_negative,1786761,"The rodent, which was found dead, was discovered near to the play area which backs onto a railway track on Thursday.",transport_and_defense_confounders,railway,,hard_negative,yes,high,nearby_confounder,,annotation_source=auto_supplement; sampled_from_bucket=local_hard_negative,auto_supplement
aviation_aerospace,5196e4ac78be311d,aviation_aerospace,local_hard_negative,local_hard_negative,1807005,3.44pm Caught the TGV from Valence TGV train station to Lille to catch the 19.35 Eurostar back to London.,transport_and_defense_confounders,train station,,hard_negative,yes,high,nearby_confounder,,annotation_source=auto_supplement; sampled_from_bucket=local_hard_negative,auto_supplement
aviation_aerospace,eef1afbca31cf5aa,aviation_aerospace,local_hard_negative,local_hard_negative,1359360,"“Tulip Mania,” “The South Sea Bubble,” “Railway Mania,” etc., the list goes on and on, all the way up to modern day, where we see “The Real Estate Bubble”.",transport_and_defense_confounders,railway,,hard_negative,yes,high,nearby_confounder,,annotation_source=auto_supplement; sampled_from_bucket=local_hard_negative,auto_supplement
aviation_aerospace,8d966deabdca4cb8,aviation_aerospace,local_hard_negative,local_hard_negative,482646,The automaker had its headquarters nearby on West Grand Boulevard and sought to redevelop the area after a slow decline in the 1960s.,transport_and_defense_confounders,automaker,,hard_negative,yes,high,nearby_confounder,,annotation_source=auto_supplement; sampled_from_bucket=local_hard_negative,auto_supplement
aviation_aerospace,b4a15cc334dc3a08,aviation_aerospace,local_hard_negative,local_hard_negative,481079,"In addition, as noted by David Eversley,

As real incomes rose, so public authorities were enabled (and indeed encouraged) to raise funds, both from taxation and through borrowing, to accelerate the rate of investment and current spending in projects which are partly immediately productive, partly conducive to the creation of the good life, as seen in Germany ... Any superficial examination of the German townscape, let alone perusal of the statistics, shows that Germany has spent sums on hospitals, libraries, theatres, schools, parks, railway-stations, socially-aided housing, underground railways, airports, museums, and so on which are simply not to be compared with British efforts in this direction.",transport_and_defense_confounders,railway,,hard_negative,yes,high,nearby_confounder,,annotation_source=auto_supplement; sampled_from_bucket=local_hard_negative,auto_supplement
aviation_aerospace,7927fb3b07cbd281,aviation_aerospace,local_hard_negative,local_hard_negative,1471971,"Just as Lyle Lanley conducted Springfield in a passionate railway ode in “Marge vs. the Monorail”, the power of music and singing and harmony cannot be ignored.",transport_and_defense_confounders,railway,,hard_negative,yes,high,nearby_confounder,,annotation_source=auto_supplement; sampled_from_bucket=local_hard_negative,auto_supplement
aviation_aerospace,7cbb1708463b06c6,aviation_aerospace,local_hard_negative,local_hard_negative,554858,"Between the city’s main train station and Piccadilly Gardens, a transport and shopping hub, it is common to see figures slumped in doorways apparently passed out after smoking the drug.",transport_and_defense_confounders,train station,,hard_negative,yes,high,nearby_confounder,,annotation_source=auto_supplement; sampled_from_bucket=local_hard_negative,auto_supplement
aviation_aerospace,e842edd1d295c79a,aviation_aerospace,local_hard_negative,local_hard_negative,759052,"Reviewing previous cases of violations of environmental regulations by auto manufacturers in the U.S. they predicted that the likely fines posed “only a moderate cost risk.” They cited the highest fine, imposed against Hyundai/Kia as amounting to “barely $91 per vehicle” and added “fines in this amount are not even remotely capable of influencing the share price of a globally operative company such as Volkswagen.”

Portraying what it calls “a cynical fraud on the American car-buying public,” the lawsuit claims that once VW realized, last summer, that regulators in California were about to expose the scandal, the automaker’s staff deleted or removed incriminating data from the company’s records.",transport_and_defense_confounders,automaker,,hard_negative,yes,high,nearby_confounder,,annotation_source=auto_supplement; sampled_from_bucket=local_hard_negative,auto_supplement
aviation_aerospace,5c28f63532d4dc3e,aviation_aerospace,local_hard_negative,local_hard_negative,710878,"Attorneys for Kings County farmer John Tos, Hanford resident Aaron Fukuda and the Kings County Board of Supervisors argued the California High-Speed Rail Authority’s plans for the system violate Proposition 1A – the $9.9 billion high-speed rail bond measure approved by the state’s voters in 2008 – in several key areas:

Sign Up and Save Get six months of free digital access to The Sacramento Bee

▪ That a proposed “blended” system in which high-speed trains would share upgraded and electrified tracks with the Caltrain commuter rail line between San Jose and San Francisco is inconsistent with what voters approved in the ballot measure.",transport_and_defense_confounders,high-speed rail,,hard_negative,yes,high,nearby_confounder,,annotation_source=auto_supplement; sampled_from_bucket=local_hard_negative,auto_supplement
aviation_aerospace,2e1081cb7fb76c87,aviation_aerospace,local_hard_negative,local_hard_negative,1779884,"At the conference, held under the Victorian railway arches of London Bridge, Collab’s Nigel Clarke, an innovation partner there, gave us a hands-on demo of the money-transfer prototype with an exclusive screen-by-screen walkthrough.",transport_and_defense_confounders,railway,,hard_negative,yes,high,nearby_confounder,,annotation_source=auto_supplement; sampled_from_bucket=local_hard_negative,auto_supplement
aviation_aerospace,bde149c60c42e16e,aviation_aerospace,local_hard_negative,local_hard_negative,5148,"“With careful planning and foresight, we took this opportunity to not only make critical Sandy-related repairs but to do it better using environmentally friendly materials,” said Doug Connett, vice president and chief officer for Staten Island Railway.",transport_and_defense_confounders,railway,,hard_negative,yes,high,nearby_confounder,,annotation_source=auto_supplement; sampled_from_bucket=local_hard_negative,auto_supplement
aviation_aerospace,63ebecce270b6dae,aviation_aerospace,local_hard_negative,local_hard_negative,215362,"According to documentary makers Geoff Marshall and Vicki Pipe, our beleaguered railway network provides the best platform (excuse the pun) from which to explore this eccentric isle of ours.",transport_and_defense_confounders,railway,,hard_negative,yes,high,nearby_confounder,,annotation_source=auto_supplement; sampled_from_bucket=local_hard_negative,auto_supplement
aviation_aerospace,874d92261cd36d14,aviation_aerospace,local_hard_negative,local_hard_negative,1367892,"And while Marcelo’s career in clowning is well-established, and Trompo’s is just starting, Piskachin said that he had other options before going into clowning full-time, going to college for business and working for a Mexican railway before quitting to be a clown.",transport_and_defense_confounders,railway,,hard_negative,yes,high,nearby_confounder,,annotation_source=auto_supplement; sampled_from_bucket=local_hard_negative,auto_supplement
aviation_aerospace,9cf3e2a195254610,aviation_aerospace,local_hard_negative,local_hard_negative,120404,"One person has been arrested in connection with the death of a college student who was known to have protested against illicit liquor and drug dens in his locality, about 30 km from Kolkata.The body of 21-year-old Sourav Choudhury was found near the railway lines on Saturday.",transport_and_defense_confounders,railway,,hard_negative,yes,high,nearby_confounder,,annotation_source=auto_supplement; sampled_from_bucket=local_hard_negative,auto_supplement
aviation_aerospace,a8d782130c221bc0,aviation_aerospace,local_hard_negative,local_hard_negative,1139636,"At the Egly train station south of Paris on Tuesday, a French teenager broadcast her suicide on Periscope, a smartphone app that allows users to stream live videos.",transport_and_defense_confounders,train station,,hard_negative,yes,high,nearby_confounder,,annotation_source=auto_supplement; sampled_from_bucket=local_hard_negative,auto_supplement
aviation_aerospace,915ce6783268ce21,aviation_aerospace,local_hard_negative,local_hard_negative,1549438,"Silver Stream Railway is a working heritage railway located on Reynolds Bach Dr in Upper Hutt, Wellington, New Zealand and is open for train rides on the 1st and 3rd Sundays of each month and selected public holidays, 11am to 4pm.",transport_and_defense_confounders,railway,,hard_negative,yes,high,nearby_confounder,,annotation_source=auto_supplement; sampled_from_bucket=local_hard_negative,auto_supplement
aviation_aerospace,dac5ef7a966b05c2,aviation_aerospace,local_hard_negative,local_hard_negative,1440365,"The planned top speed of Britain’s HS2 high-speed rail link, by contrast, will be about 400km/h.",transport_and_defense_confounders,high-speed rail,,hard_negative,yes,high,nearby_confounder,,annotation_source=auto_supplement; sampled_from_bucket=local_hard_negative,auto_supplement
aviation_aerospace,5a5591915e8f0f7e,aviation_aerospace,local_hard_negative,local_hard_negative,1179989,"He cited the media's scanty coverage of a maniac's ax attack on seven people at a train station in Dusseldorf, Germany, on Thursday.",transport_and_defense_confounders,train station,,hard_negative,yes,high,nearby_confounder,,annotation_source=auto_supplement; sampled_from_bucket=local_hard_negative,auto_supplement
aviation_aerospace,1ffb0a9609dcc6bd,aviation_aerospace,local_hard_negative,local_hard_negative,360286,"Ajmal Kasab walks through the Chatrapathi Sivaji Terminal railway station in Mumbai, India, on Nov. 26, 2008.",transport_and_defense_confounders,railway,,hard_negative,yes,high,nearby_confounder,,annotation_source=auto_supplement; sampled_from_bucket=local_hard_negative,auto_supplement
aviation_aerospace,771f6b927f813b1b,aviation_aerospace,local_hard_negative,local_hard_negative,1073702,"Following the market debut in May, the automaker plans to take preorders for a month and deliver the cars to the customers in June.",transport_and_defense_confounders,automaker,,hard_negative,yes,high,nearby_confounder,,annotation_source=auto_supplement; sampled_from_bucket=local_hard_negative,auto_supplement
aviation_aerospace,c7dd7f13dfb031e7,aviation_aerospace,local_hard_negative,local_hard_negative,1950952,"In June 2014, The Detroit News also reported that Mayor Mike Duggan “was in talks with Moroun about bringing the train station back to life.”

But the city hasn’t always been a proponent of restoring Michigan Station.",transport_and_defense_confounders,train station,,hard_negative,yes,high,nearby_confounder,,annotation_source=auto_supplement; sampled_from_bucket=local_hard_negative,auto_supplement
aviation_aerospace,613fa429cf831947,aviation_aerospace,local_hard_negative,local_hard_negative,1666524,"The automaker was seeking for Hoerbiger to pay damages and attorney fees as well as punitive damages for negligence, but it later dropped the claim.",transport_and_defense_confounders,automaker,,hard_negative,yes,high,nearby_confounder,,annotation_source=auto_supplement; sampled_from_bucket=local_hard_negative,auto_supplement
aviation_aerospace,bcc4805688239be7,aviation_aerospace,local_hard_negative,local_hard_negative,589634,"Carmyn Aleshka at the 2015 Rainbow Railway fundraiser, which raised $400,000.",transport_and_defense_confounders,railway,,hard_negative,yes,high,nearby_confounder,,annotation_source=auto_supplement; sampled_from_bucket=local_hard_negative,auto_supplement
aviation_aerospace,9bc17bac0a272329,aviation_aerospace,local_hard_negative,local_hard_negative,1954409,Long stretches of the nation's highways remain single-lane and the railway system has been little changed since the 1960s.,transport_and_defense_confounders,railway,,hard_negative,yes,high,nearby_confounder,,annotation_source=auto_supplement; sampled_from_bucket=local_hard_negative,auto_supplement
aviation_aerospace,0b1c724a489078ed,aviation_aerospace,local_hard_negative,local_hard_negative,249179,Changing gauges at the border takes days for cargo and significantly cuts railway transport's competitiveness against shipping by sea.,transport_and_defense_confounders,railway,,hard_negative,yes,high,nearby_confounder,,annotation_source=auto_supplement; sampled_from_bucket=local_hard_negative,auto_supplement
aviation_aerospace,0b2e77d642ec4892,aviation_aerospace,local_hard_negative,local_hard_negative,987983,"Although it will be necessary to permit the spread of metric-only ERTMS, the change will bring speeds and also locations, as presently indicated by mileposts, into line with the measurements already used on the rest of the railway.",transport_and_defense_confounders,railway,,hard_negative,yes,high,nearby_confounder,,annotation_source=auto_supplement; sampled_from_bucket=local_hard_negative,auto_supplement
aviation_aerospace,a1d4b80612e692cf,aviation_aerospace,local_hard_negative,local_hard_negative,1273836,"Speaking to Radio Sputnik, he said: ""Soviet-era platforms employed railway cars, different in size from standard rail carriages.",transport_and_defense_confounders,railway,,hard_negative,yes,high,nearby_confounder,,annotation_source=auto_supplement; sampled_from_bucket=local_hard_negative,auto_supplement
aviation_aerospace,5742f3499c2f3211,aviation_aerospace,local_hard_negative,local_hard_negative,1644247,"When the couple visited Kiev, Constance ""leaned out of the railway carriage when the train was going off and called out 'Muscovite pig!'",transport_and_defense_confounders,railway,,hard_negative,yes,high,nearby_confounder,,annotation_source=auto_supplement; sampled_from_bucket=local_hard_negative,auto_supplement
aviation_aerospace,a29eb497d9980899,aviation_aerospace,local_hard_negative,local_hard_negative,990978,"Prabhu will also take the joint venture and publicprivate partnership (PPP) route to raise another Rs 70,000 crore and is likely to go in for bilateral financing and technological support from countries such as China Japan and France, all of which are major suppliers and have evinced interest in participating in India’s railway expansion.Railway ministry sources said Prabhu could resort to bilateral cooperation with interested nations to take up specific initiatives such as upgrade of network, safety-related infrastructure, dedicated freight corridors and high-speed trains.Prabhu has received a lot of suggestions from the prime minister’s office and officials spoke of him frequently consulting a blue plastic folder marked ‘Prime Minister’s Office’.",transport_and_defense_confounders,railway,,hard_negative,yes,high,nearby_confounder,,annotation_source=auto_supplement; sampled_from_bucket=local_hard_negative,auto_supplement
aviation_aerospace,5a08c8c03c746dac,aviation_aerospace,local_hard_negative,local_hard_negative,93297,"Picture by Swiss Metro Once built, such a subway could not only snow-and ice-free outrank the traditional Swiss railway, but also rank before aircrafts with half of a sonic speed on short distances.",transport_and_defense_confounders,railway,,hard_negative,yes,high,nearby_confounder,,annotation_source=auto_supplement; sampled_from_bucket=local_hard_negative,auto_supplement
aviation_aerospace,195081bd83802824,aviation_aerospace,local_hard_negative,local_hard_negative,1571196,Charles returned home and eventually found employment on a Mitsubishi cargo ship in Wuhan.,transport_and_defense_confounders,cargo ship,,hard_negative,yes,high,nearby_confounder,,annotation_source=auto_supplement; sampled_from_bucket=local_hard_negative,auto_supplement
aviation_aerospace,6b7e2bd973ed8007,aviation_aerospace,local_hard_negative,local_hard_negative,553189,"However, he later said he believed the train station was the main focus of the incident, not a hotel.",transport_and_defense_confounders,train station,,hard_negative,yes,high,nearby_confounder,,annotation_source=auto_supplement; sampled_from_bucket=local_hard_negative,auto_supplement
aviation_aerospace,442c0f5f92c79b9e,aviation_aerospace,local_hard_negative,local_hard_negative,130725,A bright future beckons for the railway.,transport_and_defense_confounders,railway,,hard_negative,yes,high,nearby_confounder,,annotation_source=auto_supplement; sampled_from_bucket=local_hard_negative,auto_supplement
aviation_aerospace,5b2bef51e36c24f4,aviation_aerospace,local_hard_negative,local_hard_negative,382094,The description implies that plans at the moment only account for a single-track railway line despite a railway base that will be designed for a double-track line.,transport_and_defense_confounders,railway,,hard_negative,yes,high,nearby_confounder,,annotation_source=auto_supplement; sampled_from_bucket=local_hard_negative,auto_supplement
aviation_aerospace,e39327ea155ab65c,aviation_aerospace,local_hard_negative,local_hard_negative,813559,"In 1845, Milton had a rail line and accompanying train station, and that benefited the town greatly.",transport_and_defense_confounders,train station,,hard_negative,yes,high,nearby_confounder,,annotation_source=auto_supplement; sampled_from_bucket=local_hard_negative,auto_supplement
aviation_aerospace,ef0af4e7d2205a4c,aviation_aerospace,local_hard_negative,local_hard_negative,271650,Several tons of uranium were loaded onto a cargo ship under the utmost secrecy.,transport_and_defense_confounders,cargo ship,,hard_negative,yes,high,nearby_confounder,,annotation_source=auto_supplement; sampled_from_bucket=local_hard_negative,auto_supplement
aviation_aerospace,098fd93dd498578a,aviation_aerospace,local_hard_negative,local_hard_negative,1399778,"Washington says the rebel operation around the town, which sits on a strategic railway hub, is being assisted by the Russian armed forces, which Moscow denies.",transport_and_defense_confounders,railway,,hard_negative,yes,high,nearby_confounder,,annotation_source=auto_supplement; sampled_from_bucket=local_hard_negative,auto_supplement
aviation_aerospace,5927463155b0d198,aviation_aerospace,local_hard_negative,local_hard_negative,919242,A copy of the protest letter is marked to eight senior Railway officers besides Puthia and is in possession of The Indian Express.,transport_and_defense_confounders,railway,,hard_negative,yes,high,nearby_confounder,,annotation_source=auto_supplement; sampled_from_bucket=local_hard_negative,auto_supplement
aviation_aerospace,5ce1b67caa8a0e1f,aviation_aerospace,local_hard_negative,local_hard_negative,294296,Clearly this is not a typical naval vessel; there is magic at hand.,transport_and_defense_confounders,naval vessel,,hard_negative,yes,high,nearby_confounder,,annotation_source=auto_supplement; sampled_from_bucket=local_hard_negative,auto_supplement
aviation_aerospace,3759f8fe17103239,aviation_aerospace,local_hard_negative,local_hard_negative,277864,The AFP alleged the cocaine was sent from South America to Melbourne before being ferried to Brisbane and eventually brought into Mackay via rail where they were seized at the railway yards.,transport_and_defense_confounders,railway,,hard_negative,yes,high,nearby_confounder,,annotation_source=auto_supplement; sampled_from_bucket=local_hard_negative,auto_supplement
aviation_aerospace,3c008b59ef5d859e,aviation_aerospace,local_hard_negative,local_hard_negative,1529562,"NAGPUR: After the Oshiwara railway station named was changed to Ram Mandir Road, based on the Hindu temple; the state government may now rename Elphinstone Road railway station as Prabhadevi, after the name of an old temple in its vicinity.Chief Minister Devendra Fadnavis proposed to rename Elphinstone railway station in the legislative assembly which has been unanimously passed by the lower house.",transport_and_defense_confounders,railway,,hard_negative,yes,high,nearby_confounder,,annotation_source=auto_supplement; sampled_from_bucket=local_hard_negative,auto_supplement
aviation_aerospace,d5a4a7ca06c85d36,aviation_aerospace,local_hard_negative,local_hard_negative,553181,"Panicked eye-witnesses told of police and soliders with ""assault rifles"" swooping on the train station at around 8pm local time.",transport_and_defense_confounders,train station,,hard_negative,yes,high,nearby_confounder,,annotation_source=auto_supplement; sampled_from_bucket=local_hard_negative,auto_supplement
aviation_aerospace,52309c5ed252aa08,aviation_aerospace,local_hard_negative,local_hard_negative,1097257,"The case dates back to 2006, when Lalu Prasad Yadav was the railway minister.",transport_and_defense_confounders,railway,,hard_negative,yes,high,nearby_confounder,,annotation_source=auto_supplement; sampled_from_bucket=local_hard_negative,auto_supplement
aviation_aerospace,770704c176c52e49,aviation_aerospace,local_hard_negative,local_hard_negative,1518998,"The government said the fine on Govia Thameslink Railway (GTR) would have been higher, but most of the delays had not been Southern's fault.",transport_and_defense_confounders,railway,,hard_negative,yes,high,nearby_confounder,,annotation_source=auto_supplement; sampled_from_bucket=local_hard_negative,auto_supplement
aviation_aerospace,c7fafcc640a4bc1c,aviation_aerospace,local_hard_negative,local_hard_negative,1524466,"[7] That same year, Mather and his brother Josiah (then 19 and 15, respectively) went to nearby Clinton, Connecticut and signed on as part of the crew of a cargo ship, eventually making their way to New Orleans.",transport_and_defense_confounders,cargo ship,,hard_negative,yes,high,nearby_confounder,,annotation_source=auto_supplement; sampled_from_bucket=local_hard_negative,auto_supplement
aviation_aerospace,b8f543130316cffb,aviation_aerospace,local_hard_negative,local_hard_negative,1214160,"GM’s Mike Ableson, vice president of strategy and global portfolio planning, told Congress in March that the automaker sees the “next logical step toward public availability of autonomous vehicles will be controlled ride-sharing projects, such as what we are planning with Lyft.” He also said the company planned to introduce autonomous technology with Lyft drivers within “the next couple of years.”

A prototype version of the app using an autonomous Bolt would allow Lyft users to opt in or out of the self-driving testing program when hailing a ride.",transport_and_defense_confounders,automaker,,hard_negative,yes,high,nearby_confounder,,annotation_source=auto_supplement; sampled_from_bucket=local_hard_negative,auto_supplement
aviation_aerospace,ff221bb0e1fc418d,aviation_aerospace,local_hard_negative,local_hard_negative,858625,"While roughly 1,000 men did in fact gather in the area near the main train station just before midnight on New Year's Eve, police have confirmed that not all of them were involved in the attacks.",transport_and_defense_confounders,train station,,hard_negative,yes,high,nearby_confounder,,annotation_source=auto_supplement; sampled_from_bucket=local_hard_negative,auto_supplement
aviation_aerospace,ea9a374331b8a9ea,aviation_aerospace,local_hard_negative,local_hard_negative,2024338,"Here’s proof that the electric car isn’t going away: General Motors, that 108-year-old monolithic automaker, now sells a battery-electric hatchback that delivers more than 200 miles of driving range and can be had for less than the price of the average new car.",transport_and_defense_confounders,automaker,,hard_negative,yes,high,nearby_confounder,,annotation_source=auto_supplement; sampled_from_bucket=local_hard_negative,auto_supplement
aviation_aerospace,219ba215c7440357,aviation_aerospace,local_hard_negative,local_hard_negative,1640799,"When RPF jawans found the man on the platform after midnight, when railway services had already stopped, they assumed he was a beggar and tried to evict him.",transport_and_defense_confounders,railway,,hard_negative,yes,high,nearby_confounder,,annotation_source=auto_supplement; sampled_from_bucket=local_hard_negative,auto_supplement
aviation_aerospace,761833f24cf5ce6a,aviation_aerospace,local_hard_negative,local_hard_negative,1892150,"One evening when Saroo was 5 years old, he and his brother Guddu headed to the local railway station to search for loose change in the train compartments and on the floorboards.",transport_and_defense_confounders,railway,,hard_negative,yes,high,nearby_confounder,,annotation_source=auto_supplement; sampled_from_bucket=local_hard_negative,auto_supplement
aviation_aerospace,29aae1bf5b2b6038,aviation_aerospace,local_hard_negative,local_hard_negative,829014,"[18] The only railway line in Wester Ross is the Kyle of Lochalsh line, which is operated by ScotRail and provides a link between the southern part of the region and Inverness.",transport_and_defense_confounders,railway,,hard_negative,yes,high,nearby_confounder,,annotation_source=auto_supplement; sampled_from_bucket=local_hard_negative,auto_supplement
aviation_aerospace,b8ace68f1c26f88f,aviation_aerospace,local_hard_negative,local_hard_negative,961441,This feature gives you relevant contextual keynote software which however allow you to comfortable open the desired location at present stand suppose like you’re in Starbucks then you can easily open Starbucks app and this app will suggest you a relevant or desirable train station info that would be comfortable for you.,transport_and_defense_confounders,train station,,hard_negative,yes,high,nearby_confounder,,annotation_source=auto_supplement; sampled_from_bucket=local_hard_negative,auto_supplement
aviation_aerospace,a00f292c698aeca8,aviation_aerospace,local_hard_negative,local_hard_negative,719215,This is another first: the first time an automaker hasn’t needed extra cash.,transport_and_defense_confounders,automaker,,hard_negative,yes,high,nearby_confounder,,annotation_source=auto_supplement; sampled_from_bucket=local_hard_negative,auto_supplement
aviation_aerospace,82c9eda1a54d7a01,aviation_aerospace,local_hard_negative,local_hard_negative,1519882,"Most noticeably, the EMU-250 has engines built into each railway car, which improves the train's acceleration and deceleration capabilities.The EMU-250 was developed back in 2007.",transport_and_defense_confounders,railway,,hard_negative,yes,high,nearby_confounder,,annotation_source=auto_supplement; sampled_from_bucket=local_hard_negative,auto_supplement
aviation_aerospace,2b6bd02952b4b3ca,aviation_aerospace,local_hard_negative,local_hard_negative,1950893,"Architecture experts affirm that the best way to reuse an old, abandoned train station is by refurbishing it into a working train terminal.",transport_and_defense_confounders,train station,,hard_negative,yes,high,nearby_confounder,,annotation_source=auto_supplement; sampled_from_bucket=local_hard_negative,auto_supplement
aviation_aerospace,c3d2a833cfaceae9,aviation_aerospace,local_hard_negative,local_hard_negative,877052,"Rail [ edit ]

Internal view of The Hague Central station

There are two main railway stations in The Hague: Hollands Spoor (HS) and Centraal Station (CS), only 1.5 km (1 mi) away from each other.",transport_and_defense_confounders,railway,,hard_negative,yes,high,nearby_confounder,,annotation_source=auto_supplement; sampled_from_bucket=local_hard_negative,auto_supplement
aviation_aerospace,73ea3dd70d584c1c,aviation_aerospace,local_hard_negative,local_hard_negative,456707,"Thus, the tariffs for Moscow-Yerevan railway and ferry transportation decreased by 32-35%, whereas at the opposite Yerevan-Moscow direction, the tariffs decreased by up to 52-54% depending on the cargo type.",transport_and_defense_confounders,railway,,hard_negative,yes,high,nearby_confounder,,annotation_source=auto_supplement; sampled_from_bucket=local_hard_negative,auto_supplement
aviation_aerospace,4584a480b61bf8de,aviation_aerospace,local_hard_negative,local_hard_negative,937108,"A Southeastern spokesman said at the time: ""On Sunday evening on 26 July, a train travelling between Ashford and Canterbury West was involved in an incident near Chilham station where it collided with livestock that had strayed onto the railway line meaning the train became derailed.",transport_and_defense_confounders,railway,,hard_negative,yes,high,nearby_confounder,,annotation_source=auto_supplement; sampled_from_bucket=local_hard_negative,auto_supplement
aviation_aerospace,1a5a466d5772501e,aviation_aerospace,local_hard_negative,local_hard_negative,130723,He was no Labour supporter but he was a committed man of the railway until his death at 54.,transport_and_defense_confounders,railway,,hard_negative,yes,high,nearby_confounder,,annotation_source=auto_supplement; sampled_from_bucket=local_hard_negative,auto_supplement
aviation_aerospace,438581eb061be82b,aviation_aerospace,local_hard_negative,local_hard_negative,1720273,"For example, there was a huge explosion at an NK train station in 2004.",transport_and_defense_confounders,train station,,hard_negative,yes,high,nearby_confounder,,annotation_source=auto_supplement; sampled_from_bucket=local_hard_negative,auto_supplement
aviation_aerospace,fac2bafb01d0f06c,aviation_aerospace,local_hard_negative,local_hard_negative,368137,"The automaker also reported year-to-date sales of 478,848 vehicles, a 7.2 percent gain over the same period in 2016.",transport_and_defense_confounders,automaker,,hard_negative,yes,high,nearby_confounder,,annotation_source=auto_supplement; sampled_from_bucket=local_hard_negative,auto_supplement
aviation_aerospace,17efab0ce471de56,aviation_aerospace,local_hard_negative,local_hard_negative,1544921,"Before he was the guy who tried to kill Wisconsin unions, Scott Walker was the guy who campaigned on a promise to kill high-speed rail in Wisconsin.",transport_and_defense_confounders,high-speed rail,,hard_negative,yes,high,nearby_confounder,,annotation_source=auto_supplement; sampled_from_bucket=local_hard_negative,auto_supplement
aviation_aerospace,17714602316415d1,aviation_aerospace,local_hard_negative,local_hard_negative,851733,"There will be interchange points at the Miramar shops, Kilbirnie, Wellington Hospital, Island Bay, Brooklyn, Karori, Zealandia, the Railway Station, Johnsonville and Newlands.",transport_and_defense_confounders,railway,,hard_negative,yes,high,nearby_confounder,,annotation_source=auto_supplement; sampled_from_bucket=local_hard_negative,auto_supplement
aviation_aerospace,4635a7f408f98208,aviation_aerospace,local_hard_negative,local_hard_negative,939686,Police were proceeding with the lie-detector test of Linto in the Madhu murder case when they found a decomposed body near the railway track at Thakazhi on September 19.,transport_and_defense_confounders,railway,,hard_negative,yes,high,nearby_confounder,,annotation_source=auto_supplement; sampled_from_bucket=local_hard_negative,auto_supplement
aviation_aerospace,be8511da2aea5aa8,aviation_aerospace,local_hard_negative,local_hard_negative,1665513,"MUNICH -- Volkswagen Group's former top engineer, Wolfgang Hatz, has been arrested by German prosecutors in connection with the automaker's diesel-rigging scandal, press reports said.",transport_and_defense_confounders,automaker,,hard_negative,yes,high,nearby_confounder,,annotation_source=auto_supplement; sampled_from_bucket=local_hard_negative,auto_supplement
aviation_aerospace,e85777f0393809fb,aviation_aerospace,local_hard_negative,local_hard_negative,1053355,"Allegiant sued the pilots union in U.S. District Court in Las Vegas on Monday, saying it had violated the Railway Labor Act by moving to strike before the parties had exerted every effort to settle their disputes.",transport_and_defense_confounders,railway,,hard_negative,yes,high,nearby_confounder,,annotation_source=auto_supplement; sampled_from_bucket=local_hard_negative,auto_supplement
aviation_aerospace,b65d1505d46f80d3,aviation_aerospace,local_hard_negative,local_hard_negative,1223973,2 American automaker boasted its Mahwah plant was the largest of its kind in the world.,transport_and_defense_confounders,automaker,,hard_negative,yes,high,nearby_confounder,,annotation_source=auto_supplement; sampled_from_bucket=local_hard_negative,auto_supplement
aviation_aerospace,4aab5cff804e4062,aviation_aerospace,local_hard_negative,local_hard_negative,1972833,"Rank Location Road Suburb Risk score Current status Cost (m) Year Labor Notes 1 Metro Springvale Rd Nunawading 14648.424 Completed (Labor) $142.0 2010 2 Metro Springvale Rd Springvale 9783.2064 Completed (Coalition) $159.0 2014 3 Metro Mitcham Rd Mitcham 8139.6 Completed (Coalition) $98.5 2014 6 4 Metro Main Rd St Albans 6279.84 Funded (Coalition) $200.0 Pledged 3 5 Metro Furlong Rd St Albans 5019.6 Pledged 6 Metro Bell St Coburg 4646.034432 Pledged 7 Non-Metro Werribee St Werribee 4540.2 Pledged 8 Metro Clayton Rd Clayton 4182.5056 Funded (Coalition) Pledged 4 9 Metro Macaulay Rd Kensington 3686.727168 10 Metro Bell St Preston 3686.304 Pledged 11 Metro Glenroy Rd Glenroy 3616.65 Pledged 12 Metro Grange Rd Carnegie 3578.2208 Planning funded (Coalition) Pledged 4 13 Metro Cherry St Werribee 3573.9 Pledged 14 Metro Union Rd Surrey Hills 3448.014528 15 Metro North Rd Ormond 3348.9456 Funded (Coalition) $152.3 Pledged 16 Metro Aviation Rd Laverton 3249 Pledged 1 17 Metro Blackburn Rd Blackburn 3018.792 Funded (Coalition) $152.3 Pledged 18 Metro Buckley St Essendon 2948.382 Pledged 19 Metro Old Geelong Rd Hoppers Crossing 2947.85 20 Metro Mc Gregor Rd Pakenham 2885.59744 21 Metro Riversdale Rd Camberwell 2882.48 22 Metro Ferguson St Williamstown 2870.029008 Pledged 23 Metro Lower Plenty Rd Rosanna 2783.324544 Pledged 24 Metro Station St Fairfield 2680.6494 25 Metro Murray Rd Preston 2590.1136 26 Metro Station St Carrum 2501.71 Pledged 27 Metro Centre Rd Clayton 2479.552 Funded (Coalition) Pledged 4 28 Metro Seaford Rd Seaford 2446.44 Pledged 29 Metro Moreland Rd Brunswick 2393.9136 Pledged 30 Metro Heatherton Rd Noble Park 2375.5872 Planning funded (Coalition) Pledged 4 31 Metro Charman Rd Cheltenham 2368.8896 Pledged 32 Metro Clyde Rd (Berwick – Cranbourne Rd) Berwick 2313.6 Pledged 33 Metro Toorak Rd Kooyong 2257.2 Pledged 34 Metro Hallam Rd Hallam 2140.16 Pledged 35 Metro Swanpool Av Chelsea 2136.66 36 Metro Racecourse Rd Pakenham 2129.664 37 Metro Koornang Rd Carnegie 2116.608 Funded (Coalition) Pledged 4 38 Metro Webster St Dandenong 2069.29152 39 Metro Tooronga Rd Malvern 2042.4 40 Metro Chandler Rd Noble Park 2021.632 Planning funded (Coalition) Pledged 4 41 Metro Station St Bonbeach 1993.62 Pledged 42 Metro Skye Rd (Overton Rd) Frankston 1913.344 Pledged 43 Metro Keon Pde Keon Park 1895.197824 44 Metro Gaffney St Coburg North 1869.7536 45 Metro Sth Gippsland Hwy Dandenong 1868.8 Pledged 46 Metro Kororoit Creek Rd Altona 1854.4 Completed (Labor) $48.5 2010 47 Metro Maidstone St Altona 1839.9011 48 Metro Scoresby Rd Bayswater 1838.784 Planning funded (Coalition) Pledged 49 Non-Metro Anderson Rd Sunshine 1760.22 Completed (Coalition) 2 50 Metro Webb St Narre Warren 1740.53376 51 Metro South Rd Brighton 1721.932 52 Metro Main St Pakenham 1696 53 Metro High St Glen Iris 1674 54 Metro Grange Rd Alphington 1651.46124 Pledged 1 55 Metro Corrigan Rd Noble Park 1617.984 Planning funded (Coalition) Pledged 4 56 Metro Maroondah Hwy Lilydale 1567.74 Pledged 57 Non-Metro Fitzgerald Rd Ardeer 1564.584 58 Metro Puckle St Moonee Ponds 1559.52 59 Metro Cramer St Preston 1557.385008 60 Metro Centre Rd Bentleigh 1527.9264 Pledged 1 61 Metro Prospect Hill Rd Riversdale 1495.71576 62 Metro Normanby Av Thornbury 1486.4928 63 Metro Box Forest Rd Glenroy 1481.295816 64 Metro Anderson Rd Sunshine 1480.96 Completed (Coalition) 2 65 Metro Brunswick Rd Brunswick 1414.847772 66 Metro Hampton St Hampton 1398.54 67 Metro Burke Rd Glen Iris 1368 Funded (Coalition) $152.3 2016 Pledged 7 68 Metro Poath Rd Hughesdale 1359.5136 Planning funded (Coalition) Pledged 4 69 Metro Lochiel Av Edithvale 1358.88 70 Light Rail Bridport St South Melbourne 1355.85 71 Metro Glenferrie Rd Kooyong 1317.6 72 Metro High St Reservoir 1312.7556 Pledged 73 Metro Hudsons Rd Spotswood 1308.992 74 Metro Edithvale Rd Edithvale 1266.5 Pledged 75 Metro Glen Huntly Rd Glenhuntly 1247.0304 76 Metro Madden Gv Burnley 1240.167 77 Metro Macaulay Rd North Melbourne 1235.52 78 Metro Glen Eira Rd Ripponlea 1212.068 79 Metro Murrumbeena Rd Murrumbeena 1106.9792 Funded (Coalition) Pledged 4 80 Metro Munro St Coburg 1102.87476 81 Metro Warrigal Rd Mentone 1093.2768 82 Light Rail Railway Av (Swallow Ave) Port Melbourne 1031.835 83 Metro Chelsea Rd Chelsea 1028.1 84 Metro Mc Kinnon Rd McKinnon 1022.56 Pledged 1 85 Metro Argyle Av Chelsea 1010.22 86 Metro Highett Rd Highett 1006.544 87 Metro Mountain Hwy Bayswater 980.392 Planning funded (Coalition) Pledged 88 Metro Mont Albert Rd Mont Albert 972.1824 89 Metro Devon Rd Pascoe Vale 967.176 90 Metro Bondi Rd Bonbeach 965.52 91 Metro Eel Race Rd Carrum 883.56 Pledged 92 Metro Westgarth St Northcote 877.2192 93 Metro Victoria Rd Fairfield 856.6272 94 Metro Bay St North Brighton 839.124 95 Metro Station St Seaford 825.248 96 Metro Marshall St Ivanhoe 805.767248 97 Metro Heatherdale Rd Ringwood 781.4016 Pledged 1 98 Metro Bear St Mordialloc 777.78 99 Metro Champion Rd Newport 763.8 100 Metro Armstrongs Rd Seaford 750.36 101 Non-Metro Grant St (Parwan Rd) Bacchus Marsh 748.8 102 Metro Dawson St Brunswick 746.1324 103 Metro Park St Parkville 732.247776 104 Metro Bedford Rd Ringwood 730.583824 105 Metro Lincoln Pde Aspendale 697.32 106 Metro Anderson St Yarraville 694.272 107 Metro Gaffney St Pascoe Vale 670.32 108 Metro O Hea St Coburg 670.2696 109 Metro Maidstone St Altona 660.4 110 Metro Station St Beaconsfield 647.28 111 Metro Park Rd Cheltenham 642.6 112 Metro Boundary Rd Fawkner 641.912544 113 Metro Albion St Brunswick 638.800344 114 Metro Balcombe Rd Mentone 619.344 Pledged 115 Non-Metro Station Rd (Mt Derrimut Rd) Deer Park 586.3125 116 Non-Metro Oak St Bendigo 580.90032 117 Metro Paschke Cr Epping 571.28424 118 Metro Arthurton Rd Northcote 569.29248 119 Metro Oakover Rd Preston 544.254612 120 Non-Metro Humffray St Ballarat 543.6 121 Metro Arden St North Melbourne 520.51896 122 Metro Regent St Preston 489.66078 123 Metro Dublin Rd Ringwood East 481.3743 124 Metro Rooks Rd Nunawading 462.672 Completed (Coalition) $98.5 2014 6 125 Non-Metro Moorooduc Hwy (Mc Mahons Rd) Frankston 459 126 Non-Metro North Shore Rd (Station St) Corio 449.652 127 Metro Greville St Prahran 442.871 128 Metro Parkers Rd Parkdale 440.946 129 Light Rail Beach St Port Melbourne 438.34 130 Metro Maddox Rd Newport 433.2 131 Metro Brunt Rd Officer 424.96 132 Metro Ruthven St Macleod 418.704 133 Metro Progress St Dandenong South 384.84096 134 Metro Park St Moonee Ponds 381.672 135 Metro Heyington Av Thomastown 381.582 136 Metro Reynard St Coburg 378.331668 137 Metro Melton Hwy Sydenham 370.5 Pledged 1 138 Metro Station St Aspendale 356.706 139 Metro Station St Officer 338.0736 140 Metro Church St Brighton 336.8232 141 Metro Mc Donald St Mordialloc 330.48 142 Metro Manchester Rd Mooroolbark 310.125904 Pledged 143 Metro Victoria St Brunswick 304.196256 144 Metro Abbotts Rd Dandenong South 296.64084 Pledged 145 Metro Taylors Rd Keilor Downs 288.36 Completed (Labor) $54 2007 8 146 Metro Abbott St Sandringham 285.576 147 Metro Ramsden St Clifton Hill 280.704 148 Metro Settlement Rd Thomastown 269.772282 149 Metro Thompsons Rd Cranbourne North 257.04 Pledged 150 Metro Wickham Rd Highett 252.252 151 Metro Kororoit Creek Rd Altona 250.7 Pledged 2 152 Metro Neerim Rd Caulfield 243.936 153 Non-Metro Separation St North Geelong 241.5 154 Non-Metro Lara Lakes Rd (McClelland St) Lara 238.728 155 Metro Barry Rd Upfield 233.971686 156 Non-Metro Robinsons Rd Deer Park 231.462 157 Metro Union St Brunswick 228.852 158 Non-Metro Calder Park Dr Calder Park 222.0834 159 Metro Childs Rd Epping 218.023416 160 Non-Metro School Rd Corio 217.728 161 Metro Camp Rd Broadmeadows 215.836218 Pledged 162 Non-Metro Hopkins Rd Truganina 210.24 163 Metro Greens Rd Dandenong South 209.79 164 Non-Metro Sisely Av Wangaratta 201.55 165 Non-Metro Yarra St South Geelong 201.4 166 Non-Metro Arundel St Benalla 196.85 167 Metro Hutton St Thornbury 196.08 168 Metro Hope St Brunswick 186.732 169 Non-Metro Windermere Rd (McIntyre Rd) Lara 183.96 170 Metro Yarralea St Alphington 177.32 171 Metro Main Hurstbridge Rd Diamond Creek 177.238713 172 Non-Metro Thompson Rd North Geelong 174 173 Metro Woolton Av Thornbury 168.216 174 Non-Metro Lloyd St (Waterloo Rd Cros) Moe 165.13308 175 Metro Cemetery Ent Hadfield 162.864 176 Metro Hilltop Rd Upper Ferntree Gully 159.088 177 Metro Bakers Rd Coburg 155.428416 178 Non-Metro Nunn St (Midland Hwy) Benalla 154.38 179 Non-Metro St Georges Rd Corio 147.168 180 Non-Metro Mc Killop St Geelong 145.86 181 Non-Metro Ashby St Trafalgar 144.9 182 Metro Beavers Rd Northcote 141.384 183 Non-Metro Station Rd / Exford Rd Melton South 140.985 184 Non-Metro Coleman St Warragul 137.47482 185 Non-Metro Faithful St Benalla 134.85 186 Non-Metro Gap Rd (Station St) Sunbury 134.412156 187 Metro Latrobe St Cheltenham 128.52 188 Light Rail Inglis St Port Melbourne 123.69 189 Metro Poplar Rd Royal Park 114.192 190 Non-Metro Tramway Rd Morwell 112.89876 191 Non-Metro Nar Nar Goon – Longwarry Rd Nar Nar Goon 111.132 192 Metro Coolstore Rd Croydon 110.352 193 Metro Cardinia Rd Pakenham 110.06208 194 Non-Metro Edgars Rd Little River 108.8892 195 Non-Metro Coburns Rd / Rees Rd Melton South 101.82915 196 Metro Giffard St Williamstown 101.64 197 Metro Alpine St Ferntree Gully 101.016 198 Non-Metro Station Rd Gisborne 101.0124 199 Metro Millers Rd Altona 100.2 200 Non-Metro Wood St (Fyans St/Carr St) South Geelong 98.88 201 Metro Manns Crossing Thomastown 97.395 202 Non-Metro Hamilton Hwy Cressy 93 203 Light Rail Bridge St Port Melbourne 91.14 204 Non-Metro Swanston St South Geelong 87.98 205 Non-Metro Calder Hwy Diggers Rest 86.7027 206 Non-Metro Hope St (Bunyip – Modella Rd) Bunyip 83.1705 207 Non-Metro Baxter – Tooradin Rd Baxter 82.485 208 Metro Union St Windsor 81.3696 209 Non-Metro Parker St Castlemaine 80.85 210 Metro Linacre Rd Hampton 79.87 211 Non-Metro Stony Point Rd Bittern 78.246 212 Metro Charles St Northcote 75.33084 213 Non-Metro Station Av Heathcote 72.36 214 Metro Dendy St (New St) Brighton 71.4918 215 Metro Albert St Brunswick 71.136 216 Metro Pier St Altona 67.8 217 Non-Metro Barwon Heads Rd Marshall 67.2 218 Metro Wattletree Rd Eltham 66.29727 219 Non-Metro Wests Rd Manor 60.9 220 Non-Metro Birkett St Euroa 59.21 221 Non-Metro Eramosa Rd West Somerville 58.5 222 Non-Metro Kernot St Spotswood 57.51 223 Metro New St Hampton 55.42 224 Non-Metro Bank St Avenel 55.18 225 Non-Metro Kilgour St Geelong 53.55 226 Non-Metro Broadford – Epping Rd Wallan 53.28 227 Non-Metro Leakes Rd Rockbank 52.2546 228 Non-Metro Knight St (Andrew Fairley Av) Shepparton 48.8 229 Non-Metro Francis St Yarraville 48.33 230 Non-Metro Wahgunyah – Wangaratta Rd (Three Chain Rd) Bowser 46.69 231 Non-Metro Robinsons Rd Frankston South 46.5 232 Non-Metro High St (Hume Hwy) Wodonga 45.36 233 Non-Metro Cowslip St Violet Town 44.64 234 Non-Metro Troups Rd Nth Rockbank 44.25 235 Metro Grieve Pde Altona 43 236 Non-Metro Marshalltown Rd Marshall 42.72 237 Non-Metro Mollison St (Kyneton-Trentham Rd) Kyneton 42.12 238 Metro Civic Pde Altona 41.7 239 Non-Metro Witt St Benalla 39.44 240 Non-Metro Bank St Traralgon 37.305132 241 Non-Metro Creswick Rd (Midland Hwy) Ballarat 36.6 242 Non-Metro Barwon Tce South Geelong 36 243 Non-Metro Hayes St Shepparton 35.82 244 Metro Camms Rd Cranbourne 35.424 245 Non-Metro Lochs Creek Rd Trafalgar 35.028 246 Non-Metro Shady Creek Rd Yarragon 33.81 247 Metro Diamond St Eltham 33.672 248 Non-Metro Frankston – Flinders Rd (Graydens Rd) Hastings 33.642 249 Non-Metro Sandford Rd Wangaratta 32.77 250 Non-Metro Canterbury Rd Lara 32.256 251 Non-Metro Benalla – Yarrawonga Rd Benalla 31.61 252 Non-Metro Kelly St Wodonga 31.32 253 Non-Metro Lardners Track Warragul 31.0464 254 Non-Metro Golf Links Rd Baxter 30.75 255 Metro Cave Hill Rd Lilydale 30.624 256 Non-Metro Station Ent Seymour 29.92 257 Non-Metro Mc Diarmids Rd Violet Town 27.59 258 Non-Metro Reserve Rd Grovedale 27.39 259 Non-Metro Goulburn Valley Hwy Murchison East 27.36 260 Metro Wilson Rd Wattle Glen 27.324 261 Non-Metro Western Hwy (Barkly St) Ararat 27.2 262 Non-Metro Telephone Rd Trafalgar 26.99634 263 Non-Metro High St Dimboola 26.4 264 Non-Metro Donnybrook Rd Donnybrook 25.92 265 Non-Metro Osburn St Wodonga 25.62 266 Non-Metro High St Seymour 24.8 267 Non-Metro Cochranes Rd Wodonga 24.795 268 Non-Metro Mornington – Tyabb Rd Tyabb 23.715 269 Non-Metro Melrose Dr Wodonga 23.2 270 Non-Metro Footscray Rd Melbourne 23 Completed (Labor) $173.9 2009 271 Non-Metro Gardner and Holman Rd Drouin 22.932 272 Non-Metro Glenelg Hwy Westmere 22.56 273 Non-Metro Lake Rd Stawell 22.4 274 Non-Metro Somerville Rd Brooklyn 22.14 275 Non-Metro Frankston – Flinders Rd (HastingsRd) Somerville 22.125 276 Non-Metro Queen St Colac 21.615 277 Non-Metro Fryers St Shepparton 21.6 278 Metro Ascot Vale Rd Newmarket 21.45 279 Non-Metro Stawell – Warracknabeal Rd Glenorchy 21.4 280 Non-Metro Nolan St Bendigo 20.61 281 Non-Metro Nagambie – Locksley Rd Locksley 20.46 282 Non-Metro Shanley St Wangaratta 20.01 283 Non-Metro Kennedy St (Koo Wee Rup – Longwarry Rd) Longwarry 19.908 284 Non-Metro Northern Hwy (Mary St) Rochester 18.45 285 Non-Metro Forest St Wendouree 17.82 286 Metro Railway Rd Eltham 17.526 287 Metro Evans Rd Lyndhurst 17.35776 288 Non-Metro Anakie Rd Bell Park 17.1 289 Non-Metro Hillcrest Rd Frankston 16.875 290 Non-Metro High St Hastings 16.695 291 Non-Metro Bungaree – Wallace Rd Wallace 16.308 292 Non-Metro Rutherglen – Springhurst Rd (Cannings Crossing) Springhurst 16.24 293 Non-Metro Surf Coast Hwy (Torquay Rd) Grovedale 16.17 294 Non-Metro Down St Longwood 15.965 295 Non-Metro Tylden – Woodend Rd Woodend 15.70725 296 Non-Metro Nelson St Bendigo 15.225 297 Non-Metro Tynong Rd Tynong 15.14394 298 Non-Metro Wimmera Hwy Murtoa 15.12 299 Metro Allendale Rd Diamond Creek 14.283 300 Non-Metro Madden St North Kaniva 13.68

(Converted from Excel to HTML using Tableizer — very handy!)",transport_and_defense_confounders,railway,,hard_negative,yes,high,nearby_confounder,,annotation_source=auto_supplement; sampled_from_bucket=local_hard_negative,auto_supplement
aviation_aerospace,12659295a9469ffb,aviation_aerospace,local_hard_negative,local_hard_negative,1612408,"(2) A person must not drive a vehicle through, around or under a crossing gate or barrier at a railway crossing while the gate or barrier is closed or is being opened or closed.",transport_and_defense_confounders,railway,,hard_negative,yes,high,nearby_confounder,,annotation_source=auto_supplement; sampled_from_bucket=local_hard_negative,auto_supplement
aviation_aerospace,b3a849e7ad881088,aviation_aerospace,local_hard_negative,local_hard_negative,1519523,In 1842 the family moved to Russia when her husband was hired as a railway engineer.,transport_and_defense_confounders,railway,,hard_negative,yes,high,nearby_confounder,,annotation_source=auto_supplement; sampled_from_bucket=local_hard_negative,auto_supplement
aviation_aerospace,227f5e05d26f9f94,aviation_aerospace,local_hard_negative,local_hard_negative,249172,A proposed Silk Road high-speed railway.,transport_and_defense_confounders,railway,,hard_negative,yes,high,nearby_confounder,,annotation_source=auto_supplement; sampled_from_bucket=local_hard_negative,auto_supplement
aviation_aerospace,e52d466b54b65476,aviation_aerospace,local_hard_negative,local_hard_negative,2015702,"Now Toyota is the latest automaker buying ads to convert Model 3 reservation holders, and it’s to sell the fuel cell hydrogen Toyota Mirai no less…

While Nissan and BMW bought “traditional advertising” in newspapers and on TV, Toyota is going online.",transport_and_defense_confounders,automaker,,hard_negative,yes,high,nearby_confounder,,annotation_source=auto_supplement; sampled_from_bucket=local_hard_negative,auto_supplement
aviation_aerospace,561c2a8fc6da1e84,aviation_aerospace,local_hard_negative,local_hard_negative,93296,"But according to an international study the Swiss metro system is more beneficial over long distances than freeways and railway lines with all their constructional and legal problems.""",transport_and_defense_confounders,railway,,hard_negative,yes,high,nearby_confounder,,annotation_source=auto_supplement; sampled_from_bucket=local_hard_negative,auto_supplement
aviation_aerospace,65b422a73d54e843,aviation_aerospace,local_hard_negative,local_hard_negative,1662705,"CCTV cameras will film the area in front of the main train station, also a scene of last year's assaults.",transport_and_defense_confounders,train station,,hard_negative,yes,high,nearby_confounder,,annotation_source=auto_supplement; sampled_from_bucket=local_hard_negative,auto_supplement
aviation_aerospace,0c9d8c49581f9722,aviation_aerospace,local_hard_negative,local_hard_negative,1744410,Four people have been stabbed in a knife attack at a train station in Frankfurt.,transport_and_defense_confounders,train station,,hard_negative,yes,high,nearby_confounder,,annotation_source=auto_supplement; sampled_from_bucket=local_hard_negative,auto_supplement
aviation_aerospace,ca1a65881190b96b,aviation_aerospace,local_hard_negative,local_hard_negative,391755,"• • •

Hardshackle pawed the earth with a hoof across the street from the train station.",transport_and_defense_confounders,train station,,hard_negative,yes,high,nearby_confounder,,annotation_source=auto_supplement; sampled_from_bucket=local_hard_negative,auto_supplement
aviation_aerospace,35b274c9869bb9e2,aviation_aerospace,local_hard_negative,local_hard_negative,249174,"He Huawu, chief engineer of China Railway Corp, put forward the proposal at a Thursday forum on the One Belt, One Road Initiative hosted by China Civil Engineering Society.",transport_and_defense_confounders,railway,,hard_negative,yes,high,nearby_confounder,,annotation_source=auto_supplement; sampled_from_bucket=local_hard_negative,auto_supplement
aviation_aerospace,a57f85c177a9c9f4,aviation_aerospace,local_hard_negative,local_hard_negative,2024162,"A Russian railway operator is expected to play key role in INSTC.India, Iran and Russia had in September 2000 signed the INSTC agreement to build a corridor to provide the shortest multi-model transportation route linking the Indian Ocean and the Persian Gulf to the Caspian Sea via Iran and St Petersburg.",transport_and_defense_confounders,railway,,hard_negative,yes,high,nearby_confounder,,annotation_source=auto_supplement; sampled_from_bucket=local_hard_negative,auto_supplement
aviation_aerospace,4b708b3ab2b7c4cb,aviation_aerospace,local_hard_negative,local_hard_negative,1346592,"For example, indoor location start-up Pointr is tracking how people move around railway stations to offer navigation tips and live train updates.",transport_and_defense_confounders,railway,,hard_negative,yes,high,nearby_confounder,,annotation_source=auto_supplement; sampled_from_bucket=local_hard_negative,auto_supplement
aviation_aerospace,ba24449981fec7cd,aviation_aerospace,local_hard_negative,local_hard_negative,941261,Two powerful bombs exploded near the main train station in Ankara on Saturday morning.,transport_and_defense_confounders,train station,,hard_negative,yes,high,nearby_confounder,,annotation_source=auto_supplement; sampled_from_bucket=local_hard_negative,auto_supplement
aviation_aerospace,cf7df7beb11af065,aviation_aerospace,local_hard_negative,local_hard_negative,1275881,"However, Montreal’s winter would pose a problem for rubber tires, because they could slip or get stuck in snow and slush, said Glen Fisher, a retired consultant for the railway industry.",transport_and_defense_confounders,railway,,hard_negative,yes,high,nearby_confounder,,annotation_source=auto_supplement; sampled_from_bucket=local_hard_negative,auto_supplement
aviation_aerospace,e0c32d888dd8f4d0,aviation_aerospace,local_hard_negative,local_hard_negative,437444,"In one decision, Sacramento Superior Court Judge Michael Kenny ruled that the California High-Speed Rail Authority could not proceed with using billions of dollars in bond funds to begin construction because it had not credibly identified funding sources for the entire $31 billion it will take to finish the 300-mile initial segment, nor had it completed necessary environmental reviews for the segment.",transport_and_defense_confounders,high-speed rail,,hard_negative,yes,high,nearby_confounder,,annotation_source=auto_supplement; sampled_from_bucket=local_hard_negative,auto_supplement
aviation_aerospace,15828ab6f07624b3,aviation_aerospace,local_hard_negative,local_hard_negative,1897411,"Speculation of what they're planning runs the gamut across the 'net, from a ""dirty bomb"" set off at a sporting event, to an intentional release of a deadly biological weapon in a train station somewhere.",transport_and_defense_confounders,train station,,hard_negative,yes,high,nearby_confounder,,annotation_source=auto_supplement; sampled_from_bucket=local_hard_negative,auto_supplement
aviation_aerospace,9a8b83e989d0810f,aviation_aerospace,local_hard_negative,local_hard_negative,632808,"Adapted from a Noël Coward play, ‘Brief Encounter’ is a brilliantly crafted film, beginning with a goodbye in a railway café – the end of an affair that never really was.",transport_and_defense_confounders,railway,,hard_negative,yes,high,nearby_confounder,,annotation_source=auto_supplement; sampled_from_bucket=local_hard_negative,auto_supplement
aviation_aerospace,35b964237c0ebcc8,aviation_aerospace,local_hard_negative,local_hard_negative,1210733,"Railway authorities, meanwhile, claimed the child’s death occurred before the demolition had begun.",transport_and_defense_confounders,railway,,hard_negative,yes,high,nearby_confounder,,annotation_source=auto_supplement; sampled_from_bucket=local_hard_negative,auto_supplement
aviation_aerospace,ff227224c31f7bf1,aviation_aerospace,local_hard_negative,local_hard_negative,2015694,"The Japanese automaker bought expensive full-page ads in the New York Times, Los Angeles Times, USA Today and The Wall Street Journal.",transport_and_defense_confounders,automaker,,hard_negative,yes,high,nearby_confounder,,annotation_source=auto_supplement; sampled_from_bucket=local_hard_negative,auto_supplement
aviation_aerospace,67674b4dd5c462e1,aviation_aerospace,local_hard_negative,local_hard_negative,1117274,"The automaker now expects $3.97 billion in net revenue, up from a forecast of $3.62 billion.",transport_and_defense_confounders,automaker,,hard_negative,yes,high,nearby_confounder,,annotation_source=auto_supplement; sampled_from_bucket=local_hard_negative,auto_supplement
aviation_aerospace,4898de12abdb79ae,aviation_aerospace,local_hard_negative,local_hard_negative,1426233,"We are more-concerned about whether someone who wants to have the taxpayer pay to have their dick cut off should be ""allowed"" to bill said taxpayer and ""serve"" than whether the OD has posted a watch on both sides of a naval vessel at night, in a busy seaway when she knows the ****ing radar doesn't work right.",transport_and_defense_confounders,naval vessel,,hard_negative,yes,high,nearby_confounder,,annotation_source=auto_supplement; sampled_from_bucket=local_hard_negative,auto_supplement
aviation_aerospace,e3af542d0403219f,aviation_aerospace,local_hard_negative,local_hard_negative,130689,"My railway clerk father Harry, working in Yorkshire for the LMS, was one of a vast army of “nationalised” employees, so big nobody knew how big – but estimates varied up to 649,000.",transport_and_defense_confounders,railway,,hard_negative,yes,high,nearby_confounder,,annotation_source=auto_supplement; sampled_from_bucket=local_hard_negative,auto_supplement
aviation_aerospace,1bbeac831c897ec0,aviation_aerospace,local_hard_negative,local_hard_negative,599679,"The general cargo ship Avangard ran aground in Tsimlyansk Reservoir in river Don, Russia.",transport_and_defense_confounders,cargo ship,,hard_negative,yes,high,nearby_confounder,,annotation_source=auto_supplement; sampled_from_bucket=local_hard_negative,auto_supplement
aviation_aerospace,42f20fc2df6d29f3,aviation_aerospace,local_hard_negative,local_hard_negative,533813,"The ""El Diario"" newspaper from Montevideo, Urugay reported that a security guard at a train station in Tandil, some 350 km from Buenos Aires (and a frequent UFO and cattle mutilation scenario, asreaders will be aware) had seen a ""short, strange figure with deep-set eyes"" and passed out shortly after the experiences.",transport_and_defense_confounders,train station,,hard_negative,yes,high,nearby_confounder,,annotation_source=auto_supplement; sampled_from_bucket=local_hard_negative,auto_supplement
aviation_aerospace,73fa0ad5893ebf49,aviation_aerospace,local_hard_negative,local_hard_negative,132625,The Dearborn-based automaker will invest $850 million to retool its Michigan Assembly Plant in Wayne for truck and SUV production; $150 million in its Romeo Engine Plant to expand capacity for several vehicles; and $200 million to build a data center at the company’s Flat Rock Assembly Plant that will handle information generated by the robotic cars of the future.,transport_and_defense_confounders,automaker,,hard_negative,yes,high,nearby_confounder,,annotation_source=auto_supplement; sampled_from_bucket=local_hard_negative,auto_supplement
aviation_aerospace,d3635b28b81cc1cf,aviation_aerospace,local_hard_negative,local_hard_negative,1463055,"A spokesman for the State Department of Transportation, Jeff Maclin, said that building an arena over a train station is not a new idea.",transport_and_defense_confounders,train station,,hard_negative,yes,high,nearby_confounder,,annotation_source=auto_supplement; sampled_from_bucket=local_hard_negative,auto_supplement
aviation_aerospace,91420ae311ae3cb5,aviation_aerospace,local_hard_negative,local_hard_negative,72904,"James Fry: I'm incredibly grateful that those incidents were quite isolated because really, had I had access to firearms, had I perhaps lived in an area where more violence was encouraged or the ideology I'd aligned myself with had access to more means of violence, there's nothing to say that it wouldn't have just been two gentlemen in a railway station.",transport_and_defense_confounders,railway,,hard_negative,yes,high,nearby_confounder,,annotation_source=auto_supplement; sampled_from_bucket=local_hard_negative,auto_supplement
aviation_aerospace,f21790a4bc6ef1c6,aviation_aerospace,local_hard_negative,local_hard_negative,1585066,"The monument mania on the Paseo started in 1877 with the Monument to Christopher Columbus donated by Mexican railway magnate Antonio Escandón designed by French sculptor Charles Cordier, followed by the Monument to Cuauhtémoc, both in major traffic circles (glorietas).",transport_and_defense_confounders,railway,,hard_negative,yes,high,nearby_confounder,,annotation_source=auto_supplement; sampled_from_bucket=local_hard_negative,auto_supplement
aviation_aerospace,dc8ea5662f600378,aviation_aerospace,local_hard_negative,local_hard_negative,562929,"""Terming it as a ""very sad"" development, he said, ""If railway authorities have done it, even then it is sad and if some politician has done it, then it's more upsetting because you can't rub salt on people's wounds.""",transport_and_defense_confounders,railway,,hard_negative,yes,high,nearby_confounder,,annotation_source=auto_supplement; sampled_from_bucket=local_hard_negative,auto_supplement
aviation_aerospace,2e67028dbc27bdbb,aviation_aerospace,local_hard_negative,local_hard_negative,823010,"SOUTHFIELD, MICH.—Ford Motor Co. was a target of Donald Trump’s criticism during his campaign for building cars in Mexico, and now that Trump will be president, Ford said it’s willing to work with him to keep jobs in the U.S. — provided Trump puts the right policies in place, according to the automaker’s chief executive officer.",transport_and_defense_confounders,automaker,,hard_negative,yes,high,nearby_confounder,,annotation_source=auto_supplement; sampled_from_bucket=local_hard_negative,auto_supplement
aviation_aerospace,55ce8cac2599c379,aviation_aerospace,local_hard_negative,local_hard_negative,1447597,"With your numerous arches and pillars in so grand array, And your central girders, which seem to the eye To be almost towering to the sky""

And it ends:

""Beautiful Railway Bridge of the Silvery Tay!",transport_and_defense_confounders,railway,,hard_negative,yes,high,nearby_confounder,,annotation_source=auto_supplement; sampled_from_bucket=local_hard_negative,auto_supplement
aviation_aerospace,d05315a0c05c9713,aviation_aerospace,local_hard_negative,local_hard_negative,667376,"Last Friday, after a year and a half apart, the family tearfully reunited on Platform 25 of Munich's central train station.",transport_and_defense_confounders,train station,,hard_negative,yes,high,nearby_confounder,,annotation_source=auto_supplement; sampled_from_bucket=local_hard_negative,auto_supplement
aviation_aerospace,a6d7ae815441ad80,aviation_aerospace,local_hard_negative,local_hard_negative,1214171,The Dearborn automaker is increasingly experimenting with new technologies and services beyond selling cars.,transport_and_defense_confounders,automaker,,hard_negative,yes,high,nearby_confounder,,annotation_source=auto_supplement; sampled_from_bucket=local_hard_negative,auto_supplement
aviation_aerospace,9e6acc1e08a09289,aviation_aerospace,local_hard_negative,local_hard_negative,165267,Between the train station and the castle lies the Stare Miasto (Old Town).,transport_and_defense_confounders,train station,,hard_negative,yes,high,nearby_confounder,,annotation_source=auto_supplement; sampled_from_bucket=local_hard_negative,auto_supplement
aviation_aerospace,5a19e9b4581386ec,aviation_aerospace,local_hard_negative,local_hard_negative,1207055,"There will be no ribbon-cutting celebration when the train station's grand hall, called the Oculus, opens this coming week because the head of the bistate agency that controls the hub has blasted it as a ""symbol of excess,"" with runaway costs approaching $4 billion.",transport_and_defense_confounders,train station,,hard_negative,yes,high,nearby_confounder,,annotation_source=auto_supplement; sampled_from_bucket=local_hard_negative,auto_supplement
aviation_aerospace,44418a999ca768c1,aviation_aerospace,local_hard_negative,local_hard_negative,1104473,"Under pressure from city officials, the local railway and electricity companies—which operated with municipal licenses—reduced their rates.",transport_and_defense_confounders,railway,,hard_negative,yes,high,nearby_confounder,,annotation_source=auto_supplement; sampled_from_bucket=local_hard_negative,auto_supplement
aviation_aerospace,8e19395c737469d1,aviation_aerospace,local_hard_negative,local_hard_negative,637520,"There he was Friday arriving at the Praha Hlavni Nadrazi main train station with his USA team-mates, lugging their own luggage from the three hour trip from Ostrava and living the moment of captaining a team in the medal round of the IIHF World Championship.",transport_and_defense_confounders,train station,,hard_negative,yes,high,nearby_confounder,,annotation_source=auto_supplement; sampled_from_bucket=local_hard_negative,auto_supplement
aviation_aerospace,06933430dcb807cf,aviation_aerospace,local_hard_negative,local_hard_negative,990983,"He also made a case for channeling corporate social responsibility funds for railway schemes.Prabhu is also likely to announce a slew of green initiatives, notably the use of solar energy, CNG, setting up water recycling plants and waste-to-energy projects.",transport_and_defense_confounders,railway,,hard_negative,yes,high,nearby_confounder,,annotation_source=auto_supplement; sampled_from_bucket=local_hard_negative,auto_supplement
aviation_aerospace,78182d43ff3938fe,aviation_aerospace,local_hard_negative,local_hard_negative,1226284,There were 33 misbehaviour cases reported in 2012 followed by 18 cases in South Central Railway.,transport_and_defense_confounders,railway,,hard_negative,yes,high,nearby_confounder,,annotation_source=auto_supplement; sampled_from_bucket=local_hard_negative,auto_supplement
aviation_aerospace,1b07777b9e28af15,aviation_aerospace,local_hard_negative,local_hard_negative,176174,Its coveted high-speed rail project has not laid a foot of track as costs balloon to an envisioned $100 billion.,transport_and_defense_confounders,high-speed rail,,hard_negative,yes,high,nearby_confounder,,annotation_source=auto_supplement; sampled_from_bucket=local_hard_negative,auto_supplement
aviation_aerospace,0ce5fcf6a049f33b,aviation_aerospace,local_hard_negative,local_hard_negative,1697330,They were quickly assigned guard duty along segments of the railway between Vladivostok and Nikolsk-Ussuriski in the north.,transport_and_defense_confounders,railway,,hard_negative,yes,high,nearby_confounder,,annotation_source=auto_supplement; sampled_from_bucket=local_hard_negative,auto_supplement
aviation_aerospace,5bd7c6a84417de67,aviation_aerospace,local_hard_negative,local_hard_negative,898193,"The current League Two outfit could move into the new ground for the start of the 2020-21 season, but the scheme by AndArchitects to relocate the club close to the town's railway station still requires planning permission and the estimated cost of the construction is unknown.",transport_and_defense_confounders,railway,,hard_negative,yes,high,nearby_confounder,,annotation_source=auto_supplement; sampled_from_bucket=local_hard_negative,auto_supplement
aviation_aerospace,5a5da8c1bebd72a7,aviation_aerospace,local_hard_negative,local_hard_negative,1463229,"Nowadays, it dumps that highway traffic at Jamaica Avenue in East New York (there used to be a major train station there).",transport_and_defense_confounders,train station,,hard_negative,yes,high,nearby_confounder,,annotation_source=auto_supplement; sampled_from_bucket=local_hard_negative,auto_supplement
aviation_aerospace,2fe1f0531cedafa6,aviation_aerospace,local_hard_negative,local_hard_negative,534760,"This article is over 1 year old

Sixty-five animals died on railway track on Saturday while further 41 killed last week during winter migration

More than 100 reindeer killed by freight trains in Norway 'bloodbath'

More than 100 reindeer have been killed by freight trains in northern Norway in the past days in what has been called a senseless tragedy.",transport_and_defense_confounders,railway,,hard_negative,yes,high,nearby_confounder,,annotation_source=auto_supplement; sampled_from_bucket=local_hard_negative,auto_supplement
aviation_aerospace,174d574ffd322a69,aviation_aerospace,local_hard_negative,local_hard_negative,1020270,"When I walk home from the train station at night, I watch unmarked cars pull in front of black teenagers, who are patted down quickly and wordlessly.",transport_and_defense_confounders,train station,,hard_negative,yes,high,nearby_confounder,,annotation_source=auto_supplement; sampled_from_bucket=local_hard_negative,auto_supplement
aviation_aerospace,b1a22496fe13f107,aviation_aerospace,local_hard_negative,local_hard_negative,582952,"At the far end of the waiting area was the portal to America’s first subway, installed “for the purpose of temporarily illustrating, by an actual demonstration, the feasibility of placing a railway under Broadway.” The tunnel was framed in handsome brickwork, and two stately bronze effigies of Mercury stood alongside.",transport_and_defense_confounders,railway,,hard_negative,yes,high,nearby_confounder,,annotation_source=auto_supplement; sampled_from_bucket=local_hard_negative,auto_supplement
aviation_aerospace,81fc1f2719006711,aviation_aerospace,local_hard_negative,local_hard_negative,852174,"As for other entries than Mildura and Mildura Regional City, it's fairly easy to eliminate a mine, school, railway station, airport from the dataset.",transport_and_defense_confounders,railway,,hard_negative,yes,high,nearby_confounder,,annotation_source=auto_supplement; sampled_from_bucket=local_hard_negative,auto_supplement
aviation_aerospace,9948e06f56d32d9e,aviation_aerospace,local_hard_negative,local_hard_negative,734557,"The railway was completed in 1928, and links the towns of George and Knysna in the Western Cape, South Africa.",transport_and_defense_confounders,railway,,hard_negative,yes,high,nearby_confounder,,annotation_source=auto_supplement; sampled_from_bucket=local_hard_negative,auto_supplement
aviation_aerospace,f5180cac5e8e388e,aviation_aerospace,local_hard_negative,local_hard_negative,1406473,"Honda recognizes that the human element of its systems could be a sticking point, so the automaker is also testing a system that links vehicles via a cloud-based system.",transport_and_defense_confounders,automaker,,hard_negative,yes,high,nearby_confounder,,annotation_source=auto_supplement; sampled_from_bucket=local_hard_negative,auto_supplement
aviation_aerospace,9593deee4c80e2bf,aviation_aerospace,local_hard_negative,local_hard_negative,892612,"The Adam Smith Institute first recommended seven, then twenty-five separate passenger railway franchises as a way of maximising revenue.",transport_and_defense_confounders,railway,,hard_negative,yes,high,nearby_confounder,,annotation_source=auto_supplement; sampled_from_bucket=local_hard_negative,auto_supplement
aviation_aerospace,2658048dcd080b05,aviation_aerospace,local_hard_negative,local_hard_negative,895315,"On Sunday, five explosive devices were discovered in a trash can at an Elizabeth train station.",transport_and_defense_confounders,train station,,hard_negative,yes,high,nearby_confounder,,annotation_source=auto_supplement; sampled_from_bucket=local_hard_negative,auto_supplement
aviation_aerospace,cc7b2dc5e14a7bc7,aviation_aerospace,local_hard_negative,local_hard_negative,1050539,"Here are some entities that are planned to be connectible to the Circuit Network:

Lamp (can be turned on and off or show colors)

Power Switch

Accumulator/Substation

Storage Tank

Train Station(to control where your train is going)

Gate

The circuit network has been modified a bit.",transport_and_defense_confounders,train station,,hard_negative,yes,high,nearby_confounder,,annotation_source=auto_supplement; sampled_from_bucket=local_hard_negative,auto_supplement
aviation_aerospace,d8166e540e9aad1d,aviation_aerospace,local_hard_negative,local_hard_negative,1761969,"There’s no manual transmission that can beat this performance and therefore we have decided to stay on the double-clutch gearbox,” Michael Hugo Leiters, the automaker’s chief technology officer, said in an interview with Motor Authority at the recent 2016 Paris Motor Show.",transport_and_defense_confounders,automaker,,hard_negative,yes,high,nearby_confounder,,annotation_source=auto_supplement; sampled_from_bucket=local_hard_negative,auto_supplement
aviation_aerospace,e6167feda8b609ca,aviation_aerospace,local_hard_negative,local_hard_negative,893287,"Four American college students were attacked with acid Sunday at a train station in Marseilles, southern France, a spokeswoman for the Prefecture of Police of Bouches-du-Rhône said.",transport_and_defense_confounders,train station,,hard_negative,yes,high,nearby_confounder,,annotation_source=auto_supplement; sampled_from_bucket=local_hard_negative,auto_supplement
aviation_aerospace,9fe2f60f7de68bd7,aviation_aerospace,local_hard_negative,local_hard_negative,1451771,"Godzilla was recently recognized as a citizen of Shinjuku ward, home to the busiest railway station in the world.",transport_and_defense_confounders,railway,,hard_negative,yes,high,nearby_confounder,,annotation_source=auto_supplement; sampled_from_bucket=local_hard_negative,auto_supplement
aviation_aerospace,f0867c20cc57cb99,aviation_aerospace,local_hard_negative,local_hard_negative,553191,"The hotels were not the target, just the train station.",transport_and_defense_confounders,train station,,hard_negative,yes,high,nearby_confounder,,annotation_source=auto_supplement; sampled_from_bucket=local_hard_negative,auto_supplement
aviation_aerospace,e2b3ec8ce1b3a57c,aviation_aerospace,local_hard_negative,local_hard_negative,1020111,"Seven blocks to the east of the train station is the shore of Lake Michigan, which rolls and crashes past the horizon, reminding us, with its winds and spray, that we are on the edge of something vast.",transport_and_defense_confounders,train station,,hard_negative,yes,high,nearby_confounder,,annotation_source=auto_supplement; sampled_from_bucket=local_hard_negative,auto_supplement
aviation_aerospace,faebfbd9de3e492a,aviation_aerospace,local_hard_negative,local_hard_negative,1408736,"Located between the Dublin-Galway main railway line and Galway Bay and only accessible from the sea or over an uncontrolled level crossing, Murrough House on 20 acres of land was purchased by GMIT in 2003 for €4 million.",transport_and_defense_confounders,railway,,hard_negative,yes,high,nearby_confounder,,annotation_source=auto_supplement; sampled_from_bucket=local_hard_negative,auto_supplement
aviation_aerospace,035eefa04ba618bd,aviation_aerospace,local_hard_negative,local_hard_negative,1807055,"10am Met with the owner of a fair trade shop 'Today is a good day', great to see so many other fair trade shops, such as Rewind and Hadhi

9.30am Heading to the fashion district of the city

8am The breakfast room at Radisson Blu Astrid Hotel has wonderful views of Astrid Sqaure & the magnificent 19th-century Antwerp train station.",transport_and_defense_confounders,train station,,hard_negative,yes,high,nearby_confounder,,annotation_source=auto_supplement; sampled_from_bucket=local_hard_negative,auto_supplement
aviation_aerospace,b6f39033b8ea2dc1,aviation_aerospace,local_hard_negative,local_hard_negative,845679,Excess production capacity is deadly to an automaker: It's a fixed cost that isn't generating revenue.,transport_and_defense_confounders,automaker,,hard_negative,yes,high,nearby_confounder,,annotation_source=auto_supplement; sampled_from_bucket=local_hard_negative,auto_supplement
aviation_aerospace,12328da07a1687ef,aviation_aerospace,local_hard_negative,local_hard_negative,114765,"It isn’t just automotive talent that Tesla is scouting in Australia either, as the electric automaker sponsored Web Directions, a two-day web developer conference.",transport_and_defense_confounders,automaker,,hard_negative,yes,high,nearby_confounder,,annotation_source=auto_supplement; sampled_from_bucket=local_hard_negative,auto_supplement
aviation_aerospace,ab270999299c3127,aviation_aerospace,local_hard_negative,local_hard_negative,1666006,"Four very sensitive surveillance cameras are positioned at the entrance to, say, a sports stadium or train station.",transport_and_defense_confounders,train station,,hard_negative,yes,high,nearby_confounder,,annotation_source=auto_supplement; sampled_from_bucket=local_hard_negative,auto_supplement
aviation_aerospace,edbd5605da03d4da,aviation_aerospace,local_hard_negative,local_hard_negative,892682,"Gordon Brown and Alistair Darling had argued that renationalisation would cost the government at least £22 billion, on top of the costs of putting the railway companies’ debts in the balance books.",transport_and_defense_confounders,railway,,hard_negative,yes,high,nearby_confounder,,annotation_source=auto_supplement; sampled_from_bucket=local_hard_negative,auto_supplement
aviation_aerospace,85c38546bf3c9e5c,aviation_aerospace,local_hard_negative,local_hard_negative,25825,"In the decade of the 1840s, a railroad-building boom was in progress, and Tyndall's land surveying experience was valuable and in demand by the railway companies.",transport_and_defense_confounders,railway,,hard_negative,yes,high,nearby_confounder,,annotation_source=auto_supplement; sampled_from_bucket=local_hard_negative,auto_supplement
aviation_aerospace,6e4c46c7c547d0c1,aviation_aerospace,local_hard_negative,local_hard_negative,375465,"“We have intensified inspection in check posts and railway stations,” he added.",transport_and_defense_confounders,railway,,hard_negative,yes,high,nearby_confounder,,annotation_source=auto_supplement; sampled_from_bucket=local_hard_negative,auto_supplement
aviation_aerospace,35702e8257d9d732,aviation_aerospace,local_hard_negative,local_hard_negative,1159094,"Metropolitan Police 2,716 10,908 13,624 City "" 194 698 892 Railway men, carriers, omnibus-drivers, corn and timber porters, and those in whose work physique tells most, are all largely drawn from the country.",transport_and_defense_confounders,railway,,hard_negative,yes,high,nearby_confounder,,annotation_source=auto_supplement; sampled_from_bucket=local_hard_negative,auto_supplement
aviation_aerospace,0c6c78e4f5de482c,aviation_aerospace,local_hard_negative,local_hard_negative,249180,"It is unlikely now to persuade those countries to change their existing railways, He said, but the high-speed rail he envisions along the new route would connect seamlessly to China's network and other regions.",transport_and_defense_confounders,high-speed rail,,hard_negative,yes,high,nearby_confounder,,annotation_source=auto_supplement; sampled_from_bucket=local_hard_negative,auto_supplement
aviation_aerospace,b344933516d1df0f,aviation_aerospace,local_hard_negative,local_hard_negative,1210754,The joint note issued by police RPF and railway officials indicated that the removal was done peacefully.,transport_and_defense_confounders,railway,,hard_negative,yes,high,nearby_confounder,,annotation_source=auto_supplement; sampled_from_bucket=local_hard_negative,auto_supplement
aviation_aerospace,14d8e9990bddaece,aviation_aerospace,local_hard_negative,local_hard_negative,1524470,"[8][9]

Royal Gorge Railroad War [ edit ]

The first documented evidence of Mather's career occurred in 1879, when he was recruited by Bat Masterson to serve in a posse to enforce the claims of the Atchison, Topeka and Santa Fe Railway during the Royal Gorge Railroad War.",transport_and_defense_confounders,railway,,hard_negative,yes,high,nearby_confounder,,annotation_source=auto_supplement; sampled_from_bucket=local_hard_negative,auto_supplement
aviation_aerospace,5748c643b3970e70,aviation_aerospace,local_hard_negative,local_hard_negative,308189,"The decision which was taken on a representation made by a lawyer will include the facility for reservations and cancellations, both online as well offline.The Delhi-based lawyer had made the representation after the Delhi High Court in February had asked him to approach the Railway Ministry while disposing of his petition.",transport_and_defense_confounders,railway,,hard_negative,yes,high,nearby_confounder,,annotation_source=auto_supplement; sampled_from_bucket=local_hard_negative,auto_supplement
aviation_aerospace,0c8a2f4880925fae,aviation_aerospace,local_hard_negative,local_hard_negative,1697328,"[14] To operate the Trans-Siberian railroad, the Russian Railway Service Corps was formed of US personnel.",transport_and_defense_confounders,railway,,hard_negative,yes,high,nearby_confounder,,annotation_source=auto_supplement; sampled_from_bucket=local_hard_negative,auto_supplement
aviation_aerospace,812a90f7238f2281,aviation_aerospace,local_hard_negative,local_hard_negative,654391,"Flowers and a note reading ""One doesn't beat women, not even with flowers"" were laid down in front of the Cologne Cathedral, near the main railway station Thursday in Germany.",transport_and_defense_confounders,railway,,hard_negative,yes,high,nearby_confounder,,annotation_source=auto_supplement; sampled_from_bucket=local_hard_negative,auto_supplement
aviation_aerospace,01ce75f77d8729fe,aviation_aerospace,local_hard_negative,local_hard_negative,497485,"“Since it is they who destroyed, let them pay for reconstruction.”

Ali Ihsan Goker, who teaches at Bilecik University in Turkey, tweeted recently, “Treblinka will be ready soon; [we are] constructing the railway to transport Jews at the moment.”

And the report notes that Bulent Yildirim, the leader of a pro-terror organization called IHH, said it was “increasingly difficult to restrain” the young members of the group “from attacking Jews.”

An alarming rise in anti-Semitism in Turkey has been noted by the U.S. State Department’s special envoy for combating anti-Semitism, Ira Forman, the Jerusalem Post reported.",transport_and_defense_confounders,railway,,hard_negative,yes,high,nearby_confounder,,annotation_source=auto_supplement; sampled_from_bucket=local_hard_negative,auto_supplement
aviation_aerospace,a3611cbaa6c9a092,aviation_aerospace,local_hard_negative,local_hard_negative,271202,"The automaker built almost 70,000 993s in its five-year production run from 1993-1998.",transport_and_defense_confounders,automaker,,hard_negative,yes,high,nearby_confounder,,annotation_source=auto_supplement; sampled_from_bucket=local_hard_negative,auto_supplement
aviation_aerospace,f97932797bda7fce,aviation_aerospace,local_hard_negative,local_hard_negative,665109,Captains have priority over the rest of the crewmen when it comes to sailing a naval vessel.,transport_and_defense_confounders,naval vessel,,hard_negative,yes,high,nearby_confounder,,annotation_source=auto_supplement; sampled_from_bucket=local_hard_negative,auto_supplement
aviation_aerospace,f62ecd7e9df91264,aviation_aerospace,local_hard_negative,local_hard_negative,109761,"What the additional inches in the wheelbase don't do, however, is add more rear-seat legroom or trunk space – the 2014 Mazda3's 35.8 inches in the back seat equals the Honda Civic but is well shy of some vehicles in its class, namely the VW Jetta and Toyota Corolla , while its 12.5 cubic feet of truck space again about matches that of the Civic and Corolla but falls short of the Chevy Cruze and Jetta Stepping inside the new Mazda3 reveals that the Japanese automaker has been hard at work in an attempt to draw ahead of its peers on both the design and technology fronts.",transport_and_defense_confounders,automaker,,hard_negative,yes,high,nearby_confounder,,annotation_source=auto_supplement; sampled_from_bucket=local_hard_negative,auto_supplement
aviation_aerospace,9204436fd8180ca2,aviation_aerospace,local_hard_negative,local_hard_negative,1989269,Apple struck a deal with Swiss railway operator SBB earlier this month that allows the Cupertino company to continue using its iconic railway clock design for the clock app on the iPad.,transport_and_defense_confounders,railway,,hard_negative,yes,high,nearby_confounder,,annotation_source=auto_supplement; sampled_from_bucket=local_hard_negative,auto_supplement
aviation_aerospace,cc4a190801aff455,aviation_aerospace,local_hard_negative,local_hard_negative,1765385,"Minister Israel Katz approved a plan on Tuesday to extend a high-speed rail line under construction between Tel Aviv and Jerusalem into the Jewish Quarter of the Old City and build a station next to the Western Wall, a statement said.",transport_and_defense_confounders,high-speed rail,,hard_negative,yes,high,nearby_confounder,,annotation_source=auto_supplement; sampled_from_bucket=local_hard_negative,auto_supplement
aviation_aerospace,851e532b2cea1fb7,aviation_aerospace,local_hard_negative,local_hard_negative,2004300,"For other ships with the same name, see MS Fernglen

Fernglen shortly after launch in 1929 History Name: Fernglen (1929–1934)

(1929–1934) Sandhamn (1934–1939)

(1934–1939) Sinfra (1939–1943) Namesake: Sandhamn, Sweden

Sinfra, Ivory Coast Owner: A/S Glittre (1929–1934)

Rederi A/B Jamaica (1934–1939)

Cie Generale de Nav a Vapeur Cyprien

Fabre (1939–42)

German government (1942–1943) Operator: Mittelmeer Reederei GmbH (1942–1943) Port of registry:

Germany (1942–1943) Route: Fern Line (1929–1934) Builder: Akers Mekaniske Verksted, Oslo, Norway Yard number: 434 Launched: 15 May 1929 Completed: July 1929 Out of service: 19 October 1943 Identification: Code letters:

LHKB (1930–34)

SEVA (1934–39)

Status: Sunk by air attack General characteristics Tonnage: As built:

4,444 GRT

2,669 NRT

8,190 DWT

3,992 tons under deck

After 1934:

4,470 GRT

2,577 NRT

3,979 tons under deck Length: 117.4 m (385 ft) Beam: 16.7 m (55 ft) Depth: 7 metres (23 ft) Decks: 2 Installed power: 624 nominal horsepower Propulsion: 2 6-cylinder 4S.C.SA diesel engines, twin screw propellers Speed: 12.5 knots (23.2 km/h)

Sinfra was a cargo ship built in 1929 as Fernglen by Akers Mekaniske Verksted in Oslo, Norway, for a Norwegian shipping company.",transport_and_defense_confounders,cargo ship,,hard_negative,yes,high,nearby_confounder,,annotation_source=auto_supplement; sampled_from_bucket=local_hard_negative,auto_supplement
aviation_aerospace,967b0105b1f76a43,aviation_aerospace,local_hard_negative,local_hard_negative,553179,A MAJOR train station outside Disneyland Paris was evacuated after a suspect package was found.,transport_and_defense_confounders,train station,,hard_negative,yes,high,nearby_confounder,,annotation_source=auto_supplement; sampled_from_bucket=local_hard_negative,auto_supplement
aviation_aerospace,738ed6bfea91b9f9,aviation_aerospace,local_hard_negative,local_hard_negative,1313977,He has well-informed ideas about using high-speed rail to bring exurban workers to urban jobs.,transport_and_defense_confounders,high-speed rail,,hard_negative,yes,high,nearby_confounder,,annotation_source=auto_supplement; sampled_from_bucket=local_hard_negative,auto_supplement
aviation_aerospace,18dbfe4c4ead1f8a,aviation_aerospace,local_hard_negative,local_hard_negative,1759005,"Secondarily, the trains put another strain on any running of Paris-Roubaix: the men’s event already traverses over a dozen railway crossings.",transport_and_defense_confounders,railway,,hard_negative,yes,high,nearby_confounder,,annotation_source=auto_supplement; sampled_from_bucket=local_hard_negative,auto_supplement
aviation_aerospace,77177240bef408c2,aviation_aerospace,local_hard_negative,local_hard_negative,1571248,"Lee-Lee left Wuhan not only for the fear of being raped, but for lack of money, went to Shanghai at the age of 29 and at the train station, she told her daughters that she would be back.",transport_and_defense_confounders,train station,,hard_negative,yes,high,nearby_confounder,,annotation_source=auto_supplement; sampled_from_bucket=local_hard_negative,auto_supplement
aviation_aerospace,3677038a7c1b4bdb,aviation_aerospace,local_hard_negative,local_hard_negative,1364957,"“We are now poised to move forward and break ground next year,” Jeff Morales, CEO of the California High-Speed Rail Authority, said in a statement, adding that the project would invest billions of dollars in local and regional rail systems.",transport_and_defense_confounders,high-speed rail,,hard_negative,yes,high,nearby_confounder,,annotation_source=auto_supplement; sampled_from_bucket=local_hard_negative,auto_supplement
aviation_aerospace,0fcc76ecefd3b1d0,aviation_aerospace,local_hard_negative,local_hard_negative,249176,"The northeast-southwest line would be complementary to the existing railway network in central Asian nations, which mostly run southeast to northwest toward Moscow, He said.",transport_and_defense_confounders,railway,,hard_negative,yes,high,nearby_confounder,,annotation_source=auto_supplement; sampled_from_bucket=local_hard_negative,auto_supplement
aviation_aerospace,d5cc017f20719143,aviation_aerospace,local_hard_negative,local_hard_negative,621797,"While I waited for my contact outside the railway station, a freight train clanked past bearing a seemingly infinite number of new Peugeots.",transport_and_defense_confounders,railway,,hard_negative,yes,high,nearby_confounder,,annotation_source=auto_supplement; sampled_from_bucket=local_hard_negative,auto_supplement
aviation_aerospace,078a8e56787b54aa,aviation_aerospace,local_hard_negative,local_hard_negative,1053321,"NRCan said its information on the web only covered carbon dioxide emissions and fuel consumption, not the “smog-forming"" fumes that got the German automaker into trouble.",transport_and_defense_confounders,automaker,,hard_negative,yes,high,nearby_confounder,,annotation_source=auto_supplement; sampled_from_bucket=local_hard_negative,auto_supplement
aviation_aerospace,6704aa58fc850530,aviation_aerospace,local_hard_negative,local_hard_negative,1226276,"The number of crimes committed against women in trains were 85 in 2010, according to Railway Ministry data.",transport_and_defense_confounders,railway,,hard_negative,yes,high,nearby_confounder,,annotation_source=auto_supplement; sampled_from_bucket=local_hard_negative,auto_supplement
aviation_aerospace,2026e2c062152c23,aviation_aerospace,local_hard_negative,local_hard_negative,459759,"[5] As it was being published serially for the first time, some readers believed that the journey was actually taking place – bets were placed, and some railway companies and ship liner companies lobbied Verne to appear in the book.",transport_and_defense_confounders,railway,,hard_negative,yes,high,nearby_confounder,,annotation_source=auto_supplement; sampled_from_bucket=local_hard_negative,auto_supplement
aviation_aerospace,58a90614460f336f,aviation_aerospace,local_hard_negative,local_hard_negative,151904,"The story begins on New Year's Eve, when groups of men standing outside the central train station in the German city of Cologne began harassing and mugging women, groping and sexually assaulting many in the process.",transport_and_defense_confounders,train station,,hard_negative,yes,high,nearby_confounder,,annotation_source=auto_supplement; sampled_from_bucket=local_hard_negative,auto_supplement
aviation_aerospace,87fe679a1f7871a5,aviation_aerospace,local_hard_negative,local_hard_negative,132629,"According to the contract, the automaker will invest at least $9 billion in U.S. facilities through 2019.",transport_and_defense_confounders,automaker,,hard_negative,yes,high,nearby_confounder,,annotation_source=auto_supplement; sampled_from_bucket=local_hard_negative,auto_supplement
aviation_aerospace,1a9846c62697e1d8,aviation_aerospace,local_hard_negative,local_hard_negative,1993585,"That’s why in 2014, in addition to proposed pipeline expansions to enhance delivery — Kinder Morgan’s controversial proposal would boost throughput from about 300,000 barrels a day to nearly 500,000 — there were a total of 27 railway loading terminals across the three Prairie provinces that were either in service or planned.",transport_and_defense_confounders,railway,,hard_negative,yes,high,nearby_confounder,,annotation_source=auto_supplement; sampled_from_bucket=local_hard_negative,auto_supplement
aviation_aerospace,fcbe990f17dd17ad,aviation_aerospace,local_hard_negative,local_hard_negative,1223830,"In an interoffice memo the automaker gave to the EPA recently, one Ford executive said: “The area used as a dumpsite for many years is leaching into a public water supply and represents a contingent liability.”

In another document, a second Ford executive blamed O’Connor for getting the company in trouble in Ringwood: “This stream became definitely polluted as a result of paint and other refuse finding its way into the water course.”

Ford officials decided O’Connor had to go.",transport_and_defense_confounders,automaker,,hard_negative,yes,high,nearby_confounder,,annotation_source=auto_supplement; sampled_from_bucket=local_hard_negative,auto_supplement
aviation_aerospace,2a16227281ec2140,aviation_aerospace,local_hard_negative,local_hard_negative,382113,The state-owned China Communications Construction Co Ltd is undertaking the construction of what will be Malaysia’s longest railway line yet.,transport_and_defense_confounders,railway,,hard_negative,yes,high,nearby_confounder,,annotation_source=auto_supplement; sampled_from_bucket=local_hard_negative,auto_supplement
aviation_aerospace,ec8758f380b39955,aviation_aerospace,local_hard_negative,local_hard_negative,1160658,"Career after the war [ edit ]

She became very active in public life and politics, and was particularly involved in grand speculative schemes around mining and railway building, as well as being involved in journalism and writing.",transport_and_defense_confounders,railway,,hard_negative,yes,high,nearby_confounder,,annotation_source=auto_supplement; sampled_from_bucket=local_hard_negative,auto_supplement
aviation_aerospace,bec71a3b1eb0cf97,aviation_aerospace,local_hard_negative,local_hard_negative,664600,Romania is being left behind like an old wagon in an abandoned train station.,transport_and_defense_confounders,train station,,hard_negative,yes,high,nearby_confounder,,annotation_source=auto_supplement; sampled_from_bucket=local_hard_negative,auto_supplement
aviation_aerospace,666642a9fb6cd100,aviation_aerospace,local_hard_negative,local_hard_negative,1697303,"Also, 50,000 man Czechoslovak Legion, fighting on the side of the Allied Powers, was now behind enemy lines, and was attempting to fight its way out through the east to Vladivostok along the Bolshevik-held Trans-Siberian Railway.",transport_and_defense_confounders,railway,,hard_negative,yes,high,nearby_confounder,,annotation_source=auto_supplement; sampled_from_bucket=local_hard_negative,auto_supplement
aviation_aerospace,80c252d740b5fe77,aviation_aerospace,local_hard_negative,local_hard_negative,1228762,"""Come with me, Fujimoto,"" the man said, and together they went to a bare-bones hotel near the Sakudaira train station.",transport_and_defense_confounders,train station,,hard_negative,yes,high,nearby_confounder,,annotation_source=auto_supplement; sampled_from_bucket=local_hard_negative,auto_supplement
aviation_aerospace,38cc9ab267c2c392,aviation_aerospace,local_hard_negative,local_hard_negative,1403160,"Contemporary Family Platform House

The new contemporary family platform house construction features a metallic cantilevered roof which resembles a platform of a train station.",transport_and_defense_confounders,train station,,hard_negative,yes,high,nearby_confounder,,annotation_source=auto_supplement; sampled_from_bucket=local_hard_negative,auto_supplement
aviation_aerospace,e34a10dfca2d79d4,aviation_aerospace,local_hard_negative,local_hard_negative,1442972,"Continuing forward, O'Leary confronted a second barricade, also armed with a machine gun 60 yards (55 m) further on and again mounted the railway embankment, to avoid the marshy ground on either side.",transport_and_defense_confounders,railway,,hard_negative,yes,high,nearby_confounder,,annotation_source=auto_supplement; sampled_from_bucket=local_hard_negative,auto_supplement
aviation_aerospace,2d07ce86c16c90b6,aviation_aerospace,local_hard_negative,local_hard_negative,538990,"If your time-traveling PCs want to build, uh, PCs in ancient Rome then they had better start out by figuring out how to mine the rare earths needed, how to construct the electronics needed, how to get a reliable power grid up… or else they can just hijack a cargo ship full of laptops and the USS John F Kennedy.",transport_and_defense_confounders,cargo ship,,hard_negative,yes,high,nearby_confounder,,annotation_source=auto_supplement; sampled_from_bucket=local_hard_negative,auto_supplement
aviation_aerospace,e27e50e5f5b40c93,aviation_aerospace,local_hard_negative,local_hard_negative,2004317,Olsen & Co. cargo ship Borgå undergoing maintenance in the neighbouring floating dry dock at Akers Mekaniske Verksted.,transport_and_defense_confounders,cargo ship,,hard_negative,yes,high,nearby_confounder,,annotation_source=auto_supplement; sampled_from_bucket=local_hard_negative,auto_supplement
aviation_aerospace,f7d9159ac70d1749,aviation_aerospace,local_hard_negative,local_hard_negative,993919,They also complain that a promised railway station (on an existing line already built and paid for) has not been provided.,transport_and_defense_confounders,railway,,hard_negative,yes,high,nearby_confounder,,annotation_source=auto_supplement; sampled_from_bucket=local_hard_negative,auto_supplement
aviation_aerospace,c57cb7fc6585979f,aviation_aerospace,local_hard_negative,local_hard_negative,1141171,"For more information on the SteamRanger Heritage Railway, visit www.steamranger.org.au or call 1300 655 991.",transport_and_defense_confounders,railway,,hard_negative,yes,high,nearby_confounder,,annotation_source=auto_supplement; sampled_from_bucket=local_hard_negative,auto_supplement
aviation_aerospace,010871f99b3eb680,aviation_aerospace,local_hard_negative,local_hard_negative,1744416,The incident occurred at the B-level of the train station in the centre of Frankfurt.,transport_and_defense_confounders,train station,,hard_negative,yes,high,nearby_confounder,,annotation_source=auto_supplement; sampled_from_bucket=local_hard_negative,auto_supplement
aviation_aerospace,6662242a7d7674fa,aviation_aerospace,local_hard_negative,local_hard_negative,892634,The Adam Smith Institute argue that the railway network is not truly privatised at all.,transport_and_defense_confounders,railway,,hard_negative,yes,high,nearby_confounder,,annotation_source=auto_supplement; sampled_from_bucket=local_hard_negative,auto_supplement
aviation_aerospace,98bd9bb922e5c315,aviation_aerospace,local_hard_negative,local_hard_negative,892671,"In the area I live, major railway line closures took place in the late 1990s.",transport_and_defense_confounders,railway,,hard_negative,yes,high,nearby_confounder,,annotation_source=auto_supplement; sampled_from_bucket=local_hard_negative,auto_supplement
aviation_aerospace,a92487854e0c5281,aviation_aerospace,local_hard_negative,local_hard_negative,824340,"Via StockBoardAsset.com,

Police in Rome evicted 100s of refugees that had occupied Piazza Independenza just one block from the country’s main train station.",transport_and_defense_confounders,train station,,hard_negative,yes,high,nearby_confounder,,annotation_source=auto_supplement; sampled_from_bucket=local_hard_negative,auto_supplement
aviation_aerospace,f84211ff9fea07a0,aviation_aerospace,local_hard_negative,local_hard_negative,1380887,"The railways have also given instructions for modification in software for issuing platform ticket with new rate through ticket vending machines at stations.Interestingly, the divisional railway managers (DRMs) have been delegated powers to increase the rate of platform tickets beyond Rs10 to regulate rush of passengers during specific requirements like melas and rallies under intimation to the Railway Board ATVMs: In another development, the Railway Board has asked railway officials to make concerted efforts to proliferate automatic ticket vending machines (ATVMs) and to educate passengers about the features of ATVMs.Video showing the demo of passengers using ATVMs should also be shown on the CCTVs installed on the platform so as to educate passengers on this aspect.“No serving employees should be allowed to act as facilitator and services of any such facilitators should be discontinued with immediate effect,” said a circular issued on Tuesday.CRIS will take necessary steps to examine the feasibility of making ATVMs more user-friendly so as to encourage the passengers to buy tickets by themselves.The issue regarding extension of the scheme of facilitators has been examined in consultation with finance directorate of ministry of railways and it has been decided to continue with the scheme of facilitators up to March 31, 2016.",transport_and_defense_confounders,railway,,hard_negative,yes,high,nearby_confounder,,annotation_source=auto_supplement; sampled_from_bucket=local_hard_negative,auto_supplement
aviation_aerospace,f656e952002c6977,aviation_aerospace,local_hard_negative,local_hard_negative,1969528,"He felt emboldened by reports that during a March meeting on infrastructure (which included Elon Musk), Trump expressed interest in both high-speed rail and the hyperloop.",transport_and_defense_confounders,high-speed rail,,hard_negative,yes,high,nearby_confounder,,annotation_source=auto_supplement; sampled_from_bucket=local_hard_negative,auto_supplement
aviation_aerospace,4d2d4500f6f8833f,aviation_aerospace,local_hard_negative,local_hard_negative,1226287,"Currently, 1,275 trains are being escorted by Railway Protection Force (RPF) daily on an average in addition to 2,220 trains escorted by Government Railway Police (GRP).",transport_and_defense_confounders,railway,,hard_negative,yes,high,nearby_confounder,,annotation_source=auto_supplement; sampled_from_bucket=local_hard_negative,auto_supplement
aviation_aerospace,c85c9c26e9a745ec,aviation_aerospace,local_hard_negative,local_hard_negative,1931498,Its efficiency is 5% compared with 23% for the Diesel-electric railway.,transport_and_defense_confounders,railway,,hard_negative,yes,high,nearby_confounder,,annotation_source=auto_supplement; sampled_from_bucket=local_hard_negative,auto_supplement
aviation_aerospace,62c4b3ae670d4699,aviation_aerospace,local_hard_negative,local_hard_negative,950244,The railway was soon to become the demarcation line of the border separating the new states of Turkey and Syria.,transport_and_defense_confounders,railway,,hard_negative,yes,high,nearby_confounder,,annotation_source=auto_supplement; sampled_from_bucket=local_hard_negative,auto_supplement
aviation_aerospace,fb44d814b962c448,aviation_aerospace,local_hard_negative,local_hard_negative,1549444,It regularly operates former New Zealand Goverment Railway and ex industrial steam and diesel locomotives along a restored section of the Wellington to Upper Hutt railway that was bypassed in 1954.,transport_and_defense_confounders,railway,,hard_negative,yes,high,nearby_confounder,,annotation_source=auto_supplement; sampled_from_bucket=local_hard_negative,auto_supplement
aviation_aerospace,389eeec343703b8b,aviation_aerospace,local_hard_negative,local_hard_negative,734559,"It was declared an officially preserved railway in 1992, carrying about 40,000 passengers per year at the time.",transport_and_defense_confounders,railway,,hard_negative,yes,high,nearby_confounder,,annotation_source=auto_supplement; sampled_from_bucket=local_hard_negative,auto_supplement
aviation_aerospace,d7ec76dd3661b013,aviation_aerospace,local_hard_negative,local_hard_negative,1950921,"Following a fire at the city’s old train station, there was a rush to open the new eighteen-floor terminal, which was still in the midst of construction.",transport_and_defense_confounders,train station,,hard_negative,yes,high,nearby_confounder,,annotation_source=auto_supplement; sampled_from_bucket=local_hard_negative,auto_supplement
aviation_aerospace,ab6a69b72b6ebfcf,aviation_aerospace,local_hard_negative,local_hard_negative,568909,"China is already financing several major infrastructure projects estimated to total more than $9bn, including improved ports, airports and railway lines to landlocked Ethiopia, for which Djibouti is a lifeline port.",transport_and_defense_confounders,railway,,hard_negative,yes,high,nearby_confounder,,annotation_source=auto_supplement; sampled_from_bucket=local_hard_negative,auto_supplement
aviation_aerospace,f588ab02eec5115a,aviation_aerospace,local_hard_negative,local_hard_negative,1761966,"Ferrari is the latest automaker to retire the clutch pedal, a move that will probably seem like a gut punch to fans of stick shifts, but isn’t too surprising given the low sales of manuals in Ferraris and other high-end performance cars over the past few years.",transport_and_defense_confounders,automaker,,hard_negative,yes,high,nearby_confounder,,annotation_source=auto_supplement; sampled_from_bucket=local_hard_negative,auto_supplement
aviation_aerospace,063a89fd81981c9d,aviation_aerospace,local_hard_negative,local_hard_negative,382093,"According to the Executive Summary of the Environmental Impact Assessment (EIA) report on the ECRL project, the line is described as “an electrified single track railway line built on a double track formation”.",transport_and_defense_confounders,railway,,hard_negative,yes,high,nearby_confounder,,annotation_source=auto_supplement; sampled_from_bucket=local_hard_negative,auto_supplement
aviation_aerospace,d8fbdc5134363ea9,aviation_aerospace,local_hard_negative,local_hard_negative,18687,"[7] A 30 ft (10 m) storm surge impacted the shore, demolishing structures as large as an elevated railway.",transport_and_defense_confounders,railway,,hard_negative,yes,high,nearby_confounder,,annotation_source=auto_supplement; sampled_from_bucket=local_hard_negative,auto_supplement
aviation_aerospace,0dfe78ac69486424,aviation_aerospace,local_hard_negative,local_hard_negative,1819780,Bangalore City railway station was the first in the country to have its own Wi-Fi network for passengers which was commissioned in October.,transport_and_defense_confounders,railway,,hard_negative,yes,high,nearby_confounder,,annotation_source=auto_supplement; sampled_from_bucket=local_hard_negative,auto_supplement
aviation_aerospace,54ae39390b0744fc,aviation_aerospace,local_hard_negative,local_hard_negative,774209,They were raped and then dumped at the Bhatinda railway station in Punjab.,transport_and_defense_confounders,railway,,hard_negative,yes,high,nearby_confounder,,annotation_source=auto_supplement; sampled_from_bucket=local_hard_negative,auto_supplement
aviation_aerospace,fa9e734d4f89d06f,aviation_aerospace,local_hard_negative,local_hard_negative,1299282,"By Andrew Miller

The Nagoya District Court has ruled that the family of a man with dementia who entered a railway line and consequently died after being hit by a train must pay compensation to the Japan Railway (JR) Group.",transport_and_defense_confounders,railway,,hard_negative,yes,high,nearby_confounder,,annotation_source=auto_supplement; sampled_from_bucket=local_hard_negative,auto_supplement
aviation_aerospace,bb6f951d2e7f5391,aviation_aerospace,local_hard_negative,local_hard_negative,1547155,"In 2014, close to 1,200 marquees were put up on Mumbai’s roads and pavements, including spaces near bus stops, railway stations and even hospitals.Now, despite a court ruling that clearly disallows marquees from setting up in the path of vehicular and pedestrian traffic, several organisers claim they intend to celebrate the festival exactly as they always have.On June 24, in response to a Public Interest Litigation by a Thane-based doctor, the High Court had ruled that while granting permissions to Ganesh pandals, the civic body must prioritise citizens’ right to roads that are in a “reasonable condition”.Soon, an appeal was filed against the court’s decision, but it did not come from pandal owners.",transport_and_defense_confounders,railway,,hard_negative,yes,high,nearby_confounder,,annotation_source=auto_supplement; sampled_from_bucket=local_hard_negative,auto_supplement
aviation_aerospace,9eedbc1290949843,aviation_aerospace,local_hard_negative,local_hard_negative,1641785,"The state Department of Motor Vehicles recently sent a warning letter to Tesla Motors CEO Elon Musk, contending that the automaker’s “referral program” violates California laws.",transport_and_defense_confounders,automaker,,hard_negative,yes,high,nearby_confounder,,annotation_source=auto_supplement; sampled_from_bucket=local_hard_negative,auto_supplement
aviation_aerospace,cf48a66384c3821d,aviation_aerospace,local_hard_negative,local_hard_negative,208295,"The rail sector is monopolized by China Railway, which is controlled by the Ministry of Railways and there is wide variation in services provided.",transport_and_defense_confounders,railway,,hard_negative,yes,high,nearby_confounder,,annotation_source=auto_supplement; sampled_from_bucket=local_hard_negative,auto_supplement
aviation_aerospace,f64d568f87eb872e,aviation_aerospace,local_hard_negative,local_hard_negative,1188283,Valenzuela’s grandfather worked on the railway in the United States.,transport_and_defense_confounders,railway,,hard_negative,yes,high,nearby_confounder,,annotation_source=auto_supplement; sampled_from_bucket=local_hard_negative,auto_supplement
aviation_aerospace,db9fcad1144a73c8,aviation_aerospace,local_hard_negative,local_hard_negative,360299,"“I saw him with my own eyes, I did not need any more proof,” said Mukesh Agarawal, a 52-year-old man who ran a food court at the station and was shot at by Kasab at the train station.",transport_and_defense_confounders,train station,,hard_negative,yes,high,nearby_confounder,,annotation_source=auto_supplement; sampled_from_bucket=local_hard_negative,auto_supplement
aviation_aerospace,21e215356b16e925,aviation_aerospace,local_hard_negative,local_hard_negative,1993564,"In addition, more than 600,000 barrels a day were transported by railway tank car in 2014.",transport_and_defense_confounders,railway,,hard_negative,yes,high,nearby_confounder,,annotation_source=auto_supplement; sampled_from_bucket=local_hard_negative,auto_supplement
aviation_aerospace,90e1a3bd517af931,aviation_aerospace,local_hard_negative,local_hard_negative,1110496,"The main line of the nation's 40,800-kilometre (25,400 mi) railway network runs from Alexandria to Aswan and is operated by Egyptian National Railways.",transport_and_defense_confounders,railway,,hard_negative,yes,high,nearby_confounder,,annotation_source=auto_supplement; sampled_from_bucket=local_hard_negative,auto_supplement
aviation_aerospace,eb0e2894bb477941,aviation_aerospace,local_hard_negative,local_hard_negative,387076,"It’s clear that the economic diplomacy of China, as of Russia and her Eurasian Economic Union group of countries, is very much about realization of advanced high-speed rail, ports, energy infrastructure weaving together a vast new market that, within less than a decade at present pace, will overshadow any economic potentials in the debt-bloated economically stagnant OECD countries of the EU and North America.",transport_and_defense_confounders,high-speed rail,,hard_negative,yes,high,nearby_confounder,,annotation_source=auto_supplement; sampled_from_bucket=local_hard_negative,auto_supplement
aviation_aerospace,02dfae4b908ed5e8,aviation_aerospace,local_hard_negative,local_hard_negative,2015699,The German automaker’s “wait or drive” campaign tried to reach Model 3 reservation holders on the same points as the Nissan ad – the wait and the deposit.,transport_and_defense_confounders,automaker,,hard_negative,yes,high,nearby_confounder,,annotation_source=auto_supplement; sampled_from_bucket=local_hard_negative,auto_supplement
aviation_aerospace,07caa3f402cafbd5,aviation_aerospace,local_hard_negative,local_hard_negative,1529563,"While proposing, CM Fadnavis mentioned that Shiv Sena demanded long back to change the name of Elphinstone Road railway station.Apart from renaming the Elphinstone Road, CM has also proposed renaming of two other places, Chhatrapati Shivaji Terminus railway station to Chhatrapati Shivaji Maharaj Terminus and Chhatrapati Shivaji International Airport to Chhatrapati Shivaji Maharaj International Airport.",transport_and_defense_confounders,railway,,hard_negative,yes,high,nearby_confounder,,annotation_source=auto_supplement; sampled_from_bucket=local_hard_negative,auto_supplement
aviation_aerospace,e7e45eaefc70d02e,aviation_aerospace,local_hard_negative,local_hard_negative,1757054,The Sydney coach terminal is adjacent to Sydney Central train station in the City South.,transport_and_defense_confounders,train station,,hard_negative,yes,high,nearby_confounder,,annotation_source=auto_supplement; sampled_from_bucket=local_hard_negative,auto_supplement
aviation_aerospace,959a638e8f247cd2,aviation_aerospace,local_hard_negative,local_hard_negative,1735556,"Often families would be separated and there were cases when parents, children, or spouses voluntarily reported to the train station to be deported with their captured relatives.",transport_and_defense_confounders,train station,,hard_negative,yes,high,nearby_confounder,,annotation_source=auto_supplement; sampled_from_bucket=local_hard_negative,auto_supplement
aviation_aerospace,e53297f0babfe9df,aviation_aerospace,local_hard_negative,local_hard_negative,1864273,Mumbai: Stocks of most of the companies that derive substantial revenues from operations related to the railways crashed by as much as 8.8% on Thursday as market players were disappointed by the absence of specific details in the Railway Budget about the projects the ministry will undertake during the fiscal 2016-17.,transport_and_defense_confounders,railway,,hard_negative,yes,high,nearby_confounder,,annotation_source=auto_supplement; sampled_from_bucket=local_hard_negative,auto_supplement
aviation_aerospace,6fd02af8bbed6599,aviation_aerospace,local_hard_negative,local_hard_negative,916717,"3 KILLED, 14 INJURED,

AS LOW-FLYING PAIR

DROP MANY MISSILES

Historic Church, Great Railway Stations

and Bourse Aimed at by 2 Airmen

in Bold Daylight Attack.",transport_and_defense_confounders,railway,,hard_negative,yes,high,nearby_confounder,,annotation_source=auto_supplement; sampled_from_bucket=local_hard_negative,auto_supplement
aviation_aerospace,f85ac1ededf0c41b,aviation_aerospace,local_hard_negative,local_hard_negative,1425976,"• One way £17, trainprovence.com

Belgrade to Bar, Serbia and Montenegro

Connecting the Serbian capital with the seaport of Bar in Montenegro is a stunning railway line that’s well known to train buffs but barely heard of among regular travellers.",transport_and_defense_confounders,railway,,hard_negative,yes,high,nearby_confounder,,annotation_source=auto_supplement; sampled_from_bucket=local_hard_negative,auto_supplement
aviation_aerospace,090837cdc477c579,aviation_aerospace,local_hard_negative,local_hard_negative,1640795,Passersby captured mobile phone videos of the physically challenged man being thrashed by Railway Police Force personnel.,transport_and_defense_confounders,railway,,hard_negative,yes,high,nearby_confounder,,annotation_source=auto_supplement; sampled_from_bucket=local_hard_negative,auto_supplement
aviation_aerospace,f61c868194cd1096,aviation_aerospace,local_hard_negative,local_hard_negative,1757643,"King Street, Newtown, centred on the railway station, has a constantly changing selection of good value restaurants, pubs, cafes and bars.",transport_and_defense_confounders,railway,,hard_negative,yes,high,nearby_confounder,,annotation_source=auto_supplement; sampled_from_bucket=local_hard_negative,auto_supplement
aviation_aerospace,39474fec45585004,aviation_aerospace,local_hard_negative,local_hard_negative,169572,The project is about a 15-minute walk from the Radburn NJ Transit train station.,transport_and_defense_confounders,train station,,hard_negative,yes,high,nearby_confounder,,annotation_source=auto_supplement; sampled_from_bucket=local_hard_negative,auto_supplement
aviation_aerospace,335b5af69ac96fe2,aviation_aerospace,local_hard_negative,local_hard_negative,25828,"Recalling this decision later, he wrote: ""the desire to grow intellectually did not forsake me; and, when railway work slackened, I accepted in 1847 a post as master in Queenwood College.",transport_and_defense_confounders,railway,,hard_negative,yes,high,nearby_confounder,,annotation_source=auto_supplement; sampled_from_bucket=local_hard_negative,auto_supplement
aviation_aerospace,2ce7e36609301e28,aviation_aerospace,local_hard_negative,local_hard_negative,290161,"After a stop inside the jaw-dropping Central Terminal, a former train station that has benefitted from a slow but impressive stabilization effort by a non-profit organization, we arrived at a nearby urban farm.",transport_and_defense_confounders,train station,,hard_negative,yes,high,nearby_confounder,,annotation_source=auto_supplement; sampled_from_bucket=local_hard_negative,auto_supplement
aviation_aerospace,6629b2e7cd6db9f2,aviation_aerospace,local_hard_negative,local_hard_negative,1640552,"GM and its Chevrolet fleet of cars will become United’s jersey sponsor after the 2013-14 season, but the Mirror reports that the automaker wants to start the partnership one year ahead of schedule and make Ronaldo the global face of the Chevrolet brand.",transport_and_defense_confounders,automaker,,hard_negative,yes,high,nearby_confounder,,annotation_source=auto_supplement; sampled_from_bucket=local_hard_negative,auto_supplement
aviation_aerospace,d8228e4031d42855,aviation_aerospace,local_hard_negative,local_hard_negative,1293910,"Audi recently became the first automaker to offer Traffic Light Information as a fully integrated feature available on selected new vehicles including Audi A4, Q7, and A4 Allroad models.",transport_and_defense_confounders,automaker,,hard_negative,yes,high,nearby_confounder,,annotation_source=auto_supplement; sampled_from_bucket=local_hard_negative,auto_supplement
aviation_aerospace,5d2aa864f8be064c,aviation_aerospace,local_hard_negative,local_hard_negative,895339,One of the five devices found at the Elizabeth train station exploded while a bomb squad robot tried to disarm it.,transport_and_defense_confounders,train station,,hard_negative,yes,high,nearby_confounder,,annotation_source=auto_supplement; sampled_from_bucket=local_hard_negative,auto_supplement
aviation_aerospace,cea8c36811c94130,aviation_aerospace,local_hard_negative,local_hard_negative,896404,"Modi, in particular, worked from childhood hawking tea in railway stations.",transport_and_defense_confounders,railway,,hard_negative,yes,high,nearby_confounder,,annotation_source=auto_supplement; sampled_from_bucket=local_hard_negative,auto_supplement
aviation_aerospace,c6d12b9fb2192b93,aviation_aerospace,local_hard_negative,local_hard_negative,358167,"7, New Delhi railway station.",transport_and_defense_confounders,railway,,hard_negative,yes,high,nearby_confounder,,annotation_source=auto_supplement; sampled_from_bucket=local_hard_negative,auto_supplement
aviation_aerospace,45a12af44ed6823f,aviation_aerospace,local_hard_negative,local_hard_negative,1298747,"Although other automakers, including Fiat Chrysler and Toyota, said their plants had not been touched, the Venezuelan government's assault on the world's third-largest automaker suggests the country is getting bolder as its economic circumstances deteriorate.",transport_and_defense_confounders,automaker,,hard_negative,yes,high,nearby_confounder,,annotation_source=auto_supplement; sampled_from_bucket=local_hard_negative,auto_supplement
aviation_aerospace,c5a58bde20c2fc66,aviation_aerospace,local_hard_negative,local_hard_negative,1132543,"Later this year, General Motors will be the first automaker to launch V2V capability on the 2017 Cadillac CTS and other automakers including Toyota, Honda and BMW are all bullish on V2X technology.",transport_and_defense_confounders,automaker,,hard_negative,yes,high,nearby_confounder,,annotation_source=auto_supplement; sampled_from_bucket=local_hard_negative,auto_supplement
aviation_aerospace,98ca1833a104bf58,aviation_aerospace,local_hard_negative,local_hard_negative,1171019,"The German automaker is using NVIDIA Quadro GPUs to craft a virtual showroom that lets you build custom configurations of any Audi model, and experience them in a number of environments.",transport_and_defense_confounders,automaker,,hard_negative,yes,high,nearby_confounder,,annotation_source=auto_supplement; sampled_from_bucket=local_hard_negative,auto_supplement
aviation_aerospace,a2678d065a82d146,aviation_aerospace,local_hard_negative,local_hard_negative,1020242,"“The only way to opt out of a neighbourhood is to move out.”

But this does not seem to hold true of the thin sliver of Rogers Park bordering the lake, where many of our white neighbours drive in and out and do not walk down Howard to the train station, do not visit the corner store for milk or beer, do not buy vegetables in the little markets, do not, as one neighbour admitted to me, even park further inland than one block from the lake, no matter how heavily the lake shore is parked up or how long it takes to find a parking space.",transport_and_defense_confounders,train station,,hard_negative,yes,high,nearby_confounder,,annotation_source=auto_supplement; sampled_from_bucket=local_hard_negative,auto_supplement
aviation_aerospace,eaec94df9a25a558,aviation_aerospace,local_hard_negative,local_hard_negative,459779,"In 1871 appeared Around the World by Steam, via Pacific Railway, published by the Union Pacific Railroad Company, and an Around the World in A Hundred and Twenty Days by Edmond Planchut.",transport_and_defense_confounders,railway,,hard_negative,yes,high,nearby_confounder,,annotation_source=auto_supplement; sampled_from_bucket=local_hard_negative,auto_supplement
aviation_aerospace,c50bc008eb8e1dad,aviation_aerospace,local_hard_negative,local_hard_negative,109757,"While it's never a good thing to say that one car looks like a copy of another, the good news is that the styling cues that make up the automaker's latest philosophy – such as the chrome-underlined five-point fascia and muscular fenders and haunches – arguably work better on the 3 than on any of its forebears.",transport_and_defense_confounders,automaker,,hard_negative,yes,high,nearby_confounder,,annotation_source=auto_supplement; sampled_from_bucket=local_hard_negative,auto_supplement
aviation_aerospace,48bb8ae4085a85f6,aviation_aerospace,local_hard_negative,local_hard_negative,1792104,"ADVERTISEMENT

“Our efforts to secure a strategic alliance or partnership are continuing in earnest, but unfortunately we have reached a point where a significant reduction in our workforce has become necessary,” the struggling California-based automaker said in a statement, according to Bloomberg.",transport_and_defense_confounders,automaker,,hard_negative,yes,high,nearby_confounder,,annotation_source=auto_supplement; sampled_from_bucket=local_hard_negative,auto_supplement
aviation_aerospace,3bb243977d8c3710,aviation_aerospace,local_hard_negative,local_hard_negative,724305,"You stood on that cargo ship with

Cousteau eating an American pie.",transport_and_defense_confounders,cargo ship,,hard_negative,yes,high,nearby_confounder,,annotation_source=auto_supplement; sampled_from_bucket=local_hard_negative,auto_supplement
aviation_aerospace,dcc795b3ad412ced,aviation_aerospace,local_hard_negative,local_hard_negative,206166,"All these new high-speed rail links, runways and flyovers ignore massive structural problems of poverty and inequality.",transport_and_defense_confounders,high-speed rail,,hard_negative,yes,high,nearby_confounder,,annotation_source=auto_supplement; sampled_from_bucket=local_hard_negative,auto_supplement
aviation_aerospace,7dc7a9f52a229c02,aviation_aerospace,local_hard_negative,local_hard_negative,1505471,"The incident embroiled Toyota in controversy just months after the 55-year-old Hamp was appointed to the role as the automaker's global communications chief, the first woman to fill that role.",transport_and_defense_confounders,automaker,,hard_negative,yes,high,nearby_confounder,,annotation_source=auto_supplement; sampled_from_bucket=local_hard_negative,auto_supplement
aviation_aerospace,d734b2a37fcfd6f1,aviation_aerospace,local_hard_negative,local_hard_negative,1642910,"It was not clear if the man, who complained to Hizzoner over conditions in the city’s shelters, had been booted from the train station.",transport_and_defense_confounders,train station,,hard_negative,yes,high,nearby_confounder,,annotation_source=auto_supplement; sampled_from_bucket=local_hard_negative,auto_supplement
aviation_aerospace,5942242b2f4de904,aviation_aerospace,local_hard_negative,local_hard_negative,797000,"GM's $5-billion share repurchase agreement: The automaker, under pressure from a group of hedge funds, agreed to buy back $5 billion in shares in move that benefits Wall Street investors.",transport_and_defense_confounders,automaker,,hard_negative,yes,high,nearby_confounder,,annotation_source=auto_supplement; sampled_from_bucket=local_hard_negative,auto_supplement
aviation_aerospace,fa33f8beb19bd15c,aviation_aerospace,local_hard_negative,local_hard_negative,1273827,"GETTY NUKE TRAIN: Vladimir Putin's Russia is rolling out mobile high speed railway missile launchers

“The wagons carrying the recently tested missiles resemble a freight refrigerator car for instance” Victor Murakhovsky The Barguzin nuke trains are described as “undetectable” and will be ready to strike at a moments notice on the dawn of World War 3.",transport_and_defense_confounders,railway,,hard_negative,yes,high,nearby_confounder,,annotation_source=auto_supplement; sampled_from_bucket=local_hard_negative,auto_supplement
aviation_aerospace,ac0c9c8726ff8324,aviation_aerospace,local_hard_negative,local_hard_negative,1807076,"7.30am Left home to get to London St Pancras International Train station to catch the 08.27 Eurostar to Brussels Midi station

The Adventure Begins....

For more information about InterRailing in Europe, and to book your own InterRail adventure, see Rail Europe's comprehensive InterRail section.",transport_and_defense_confounders,train station,,hard_negative,yes,high,nearby_confounder,,annotation_source=auto_supplement; sampled_from_bucket=local_hard_negative,auto_supplement
aviation_aerospace,e5cfe086a2701556,aviation_aerospace,local_hard_negative,local_hard_negative,358191,"He ran away and for six months lived it rough on New Delhi railway station before being rescued by Salaam Baalak Trust, an NGO that works with street children.",transport_and_defense_confounders,railway,,hard_negative,yes,high,nearby_confounder,,annotation_source=auto_supplement; sampled_from_bucket=local_hard_negative,auto_supplement
aviation_aerospace,fe7ec7415052722f,aviation_aerospace,local_hard_negative,local_hard_negative,106737,"The marathon had created some crazy traffic...But it made it quite beautiful!I kind of like the out of focus one!This is St. Anthony's church:Like everything in Portugal, it has to have some tiles!The tiles depict various scenes of Portuguese history:This is the Sao Bento train station in Portugal, named after the saint who brought Japanese cuisine to Oporto.",transport_and_defense_confounders,train station,,hard_negative,yes,high,nearby_confounder,,annotation_source=auto_supplement; sampled_from_bucket=local_hard_negative,auto_supplement
aviation_aerospace,4da8f75db4263261,aviation_aerospace,local_hard_negative,local_hard_negative,1376330,"It was all too evident to the Japanese which way the wind was blowing and they saw they would have to act soon before it reached gale force when the remaining incomplete section of the Trans-Siberian Railway, around Irkutsk, was finished.",transport_and_defense_confounders,railway,,hard_negative,yes,high,nearby_confounder,,annotation_source=auto_supplement; sampled_from_bucket=local_hard_negative,auto_supplement
aviation_aerospace,136b76d103d99944,aviation_aerospace,local_hard_negative,local_hard_negative,1131523,"Up to 2,000 people stranded in Serbia in -16C temperatures with no water or sanitation, warn Médecins Sans Frontières

A freezing and squalid Belgrade railway depot where up to 2,000 people are seeking shelter from the bitter Serbian winter risks becoming a “new Calais” for refugees and migrants abandoned by European authorities, the humanitarian group Médecins Sans Frontières has warned.",transport_and_defense_confounders,railway,,hard_negative,yes,high,nearby_confounder,,annotation_source=auto_supplement; sampled_from_bucket=local_hard_negative,auto_supplement
aviation_aerospace,0efab39015c61062,aviation_aerospace,local_hard_negative,local_hard_negative,215398,"Railway statistics hide the truth

“Last year, according to the Office for National Statistics, Shippea Hill was the least used railway station in Britain – only 12 people travelled from the station,” said Vicki.",transport_and_defense_confounders,railway,,hard_negative,yes,high,nearby_confounder,,annotation_source=auto_supplement; sampled_from_bucket=local_hard_negative,auto_supplement
aviation_aerospace,5f9552a344caf7b2,aviation_aerospace,local_hard_negative,local_hard_negative,892577,"Meanwhile, groups on both the left and right, not least the Adam Smith Institute, whose ideas inspired the 1990s privatisation of British Rail, universally accept that Britain’s railway privatisation has been a disaster, even though they disagree sharply about the way forward.",transport_and_defense_confounders,railway,,hard_negative,yes,high,nearby_confounder,,annotation_source=auto_supplement; sampled_from_bucket=local_hard_negative,auto_supplement
aviation_aerospace,f9a13a4e5ed4d0d4,aviation_aerospace,local_hard_negative,local_hard_negative,939684,"According to the police, Mobin had killed 40-year-old Madhu and dumped his body in a field, and Varghese Ouseph, 28, alias Linto, who had helped Mobin in the first murder was killed two months later and his body dumped on the railway track.",transport_and_defense_confounders,railway,,hard_negative,yes,high,nearby_confounder,,annotation_source=auto_supplement; sampled_from_bucket=local_hard_negative,auto_supplement
aviation_aerospace,51cae62e185b62b8,aviation_aerospace,local_hard_negative,local_hard_negative,1024938,"[10]

The Jingguang Railway, a major artery from Beijing to Guangzhou, was cut for 18 days, as were other crucial communications lines.",transport_and_defense_confounders,railway,,hard_negative,yes,high,nearby_confounder,,annotation_source=auto_supplement; sampled_from_bucket=local_hard_negative,auto_supplement
aviation_aerospace,2c8360a30c132045,aviation_aerospace,local_hard_negative,local_hard_negative,1447599,Beautiful Railway Bridge of the Silvery Tay!,transport_and_defense_confounders,railway,,hard_negative,yes,high,nearby_confounder,,annotation_source=auto_supplement; sampled_from_bucket=local_hard_negative,auto_supplement
aviation_aerospace,9b8b2ca262abcaf5,aviation_aerospace,local_hard_negative,local_hard_negative,645168,"In Beijing, many of the legation women turned out to watch the procession from the Beijing Railway Station to the Forbidden City, and for the first time, commoners were permitted to watch as well.",transport_and_defense_confounders,railway,,hard_negative,yes,high,nearby_confounder,,annotation_source=auto_supplement; sampled_from_bucket=local_hard_negative,auto_supplement
aviation_aerospace,000febaaf841aac3,aviation_aerospace,local_hard_negative,local_hard_negative,1447601,"After the original bridge collapsed, a new one was built, providing the opportunity for another poem, which begins:

An Address to the New Tay Bridge

""BEAUTIFUL new railway bridge of the Silvery Tay, With your strong brick piers and buttresses in so grand array, And your thirteen central girders, which seem to my eye Strong enough all windy storms to defy.""",transport_and_defense_confounders,railway,,hard_negative,yes,high,nearby_confounder,,annotation_source=auto_supplement; sampled_from_bucket=local_hard_negative,auto_supplement
aviation_aerospace,157586b8d06130c2,aviation_aerospace,local_hard_negative,local_hard_negative,990969,"NEW DELHI: An across-the-board increase in railway fares is unlikely to be announced in the Railway Budget on Thursday, with Railway Minister Suresh Prabhu set to rely on higher support from the main Budget, joint ventures with the private sector and soft financing from other countries to put the financially derailed organisation back on track.As Prabhu, whose appointment as railway minister last November triggered hopes of radical change in a ministry long regarded as a fount of populist thinking, prepares for what arguably will be the biggest day in his ministerial career so far on February 26, sources have told ET that the fare hike option had all but been junked for now and the overall thrust would be incremental.“An across-the-board hike is unlikely since passenger growth has been negative and even freight has not grown as per expectations,” one official involved with the budget-making process told ET.",transport_and_defense_confounders,railway,,hard_negative,yes,high,nearby_confounder,,annotation_source=auto_supplement; sampled_from_bucket=local_hard_negative,auto_supplement
aviation_aerospace,ec54def071fcd54b,aviation_aerospace,local_hard_negative,local_hard_negative,1559023,"In criminal prosecutions the accused shall have the right to appear and defend in person, or by counsel, to demand the nature and cause of the accusation against him, to have a copy thereof, to testify in his own behalf, to meet the witnesses against him face to face, to have compulsory process to compel the attendance of witnesses in his own behalf, to have a speedy public trial by an impartial jury of the county in which the offense is charged to have been committed and the right to appeal in all cases: Provided, The route traversed by any railway coach, train or public conveyance, and the water traversed by any boat shall be criminal districts; and the jurisdiction of all public offenses committed on any such railway car, coach, train, boat or other public conveyance, or at any station or depot upon such route, shall be in any county through which the said car, coach, train, boat or other public conveyance may pass during the trip or voyage, or in which the trip or voyage may begin or terminate.",transport_and_defense_confounders,railway,,hard_negative,yes,high,nearby_confounder,,annotation_source=auto_supplement; sampled_from_bucket=local_hard_negative,auto_supplement
aviation_aerospace,a5706eef1493625f,aviation_aerospace,local_hard_negative,local_hard_negative,109777,"It was also interesting to note that a hydraulic steering setup wasn't even considered as the automaker simply ""cannot afford to waste fuel"" by eschewing an electronic steering system.Wheels check in at 16 inches in diameter in base trim, and enlarge to 18 inches when moving up to higher-end models.",transport_and_defense_confounders,automaker,,hard_negative,yes,high,nearby_confounder,,annotation_source=auto_supplement; sampled_from_bucket=local_hard_negative,auto_supplement
aviation_aerospace,2a73d16e72247337,aviation_aerospace,local_hard_negative,local_hard_negative,19658,"On top of that, the book contains over 200,000 words detailing literally everything and anything you need to know about the Italian automaker.",transport_and_defense_confounders,automaker,,hard_negative,yes,high,nearby_confounder,,annotation_source=auto_supplement; sampled_from_bucket=local_hard_negative,auto_supplement
aviation_aerospace,d32b09bf67f75428,aviation_aerospace,local_hard_negative,local_hard_negative,1960495,"We expect full implementation of Uralvagonzavod's plans to supply railway vehicles to Azerbaijan, Krasnoe Sormovo's plans to build and deliver two tankers for the Azerbaijani State Caspian Sea Shipping Company, as well as plans to launch joint pharmaceutical production with the participation of the Russian R-Pharm group of companies.",transport_and_defense_confounders,railway,,hard_negative,yes,high,nearby_confounder,,annotation_source=auto_supplement; sampled_from_bucket=local_hard_negative,auto_supplement
aviation_aerospace,d99ca8bae11681d4,aviation_aerospace,local_hard_negative,local_hard_negative,1210721,"Advertising

Sources said the Delhi government is seeking legal opinion on filing a criminal case against railway authorities.",transport_and_defense_confounders,railway,,hard_negative,yes,high,nearby_confounder,,annotation_source=auto_supplement; sampled_from_bucket=local_hard_negative,auto_supplement
aviation_aerospace,fb77e688484f7308,aviation_aerospace,local_hard_negative,local_hard_negative,1594094,"The search giant in an emailed statement on Friday said that it will expand the free public Wi-Fi network to 100 of the busiest railway stations in India by the end of this year, and eventually expand to 400 railway stations.",transport_and_defense_confounders,railway,,hard_negative,yes,high,nearby_confounder,,annotation_source=auto_supplement; sampled_from_bucket=local_hard_negative,auto_supplement
aviation_aerospace,732910cb13a80b84,aviation_aerospace,local_hard_negative,local_hard_negative,1796071,"It included replica trenches and dugouts, railway lines, roads, and accurate contours of the surrounding terrain.",transport_and_defense_confounders,railway,,hard_negative,yes,high,nearby_confounder,,annotation_source=auto_supplement; sampled_from_bucket=local_hard_negative,auto_supplement
aviation_aerospace,8a62211993f7afb7,aviation_aerospace,local_hard_negative,local_hard_negative,892599,"Incredibly, privatisation has not even reduced the dependency of the railway network on government subsidies.",transport_and_defense_confounders,railway,,hard_negative,yes,high,nearby_confounder,,annotation_source=auto_supplement; sampled_from_bucket=local_hard_negative,auto_supplement
aviation_aerospace,d2375aad61e54bca,aviation_aerospace,local_hard_negative,local_hard_negative,249188,Other experts cautioned that an Asian railway link has been under discussion for a long time and has not materialized mainly because of various geopolitical concerns of the countries alone the route.,transport_and_defense_confounders,railway,,hard_negative,yes,high,nearby_confounder,,annotation_source=auto_supplement; sampled_from_bucket=local_hard_negative,auto_supplement
aviation_aerospace,20e8109e2b5936cc,aviation_aerospace,local_hard_negative,local_hard_negative,943475,"If you live in a city, travel home from the railway station on foot rather than take a bus.",transport_and_defense_confounders,railway,,hard_negative,yes,high,nearby_confounder,,annotation_source=auto_supplement; sampled_from_bucket=local_hard_negative,auto_supplement
aviation_aerospace,4a5c92a4a64707dd,aviation_aerospace,local_hard_negative,local_hard_negative,953211,"Describing the actions of the man who left her at the train station she told the sheriff: ""It certainly wasn't chivalrous.""",transport_and_defense_confounders,train station,,hard_negative,yes,high,nearby_confounder,,annotation_source=auto_supplement; sampled_from_bucket=local_hard_negative,auto_supplement
aviation_aerospace,51be4af51c820b36,aviation_aerospace,local_hard_negative,local_hard_negative,1187808,"MBDA Missile Systems has adapted the well known Brimstone missile to specifically target fast attack craft while being fired from a naval vessel, officials said Wednesday at the Paris Air Show.",transport_and_defense_confounders,naval vessel,,hard_negative,yes,high,nearby_confounder,,annotation_source=auto_supplement; sampled_from_bucket=local_hard_negative,auto_supplement
aviation_aerospace,eeacd75c1d9f1118,aviation_aerospace,local_hard_negative,local_hard_negative,707119,"But automatic exiting for freeways, automatic lane changes, the ability to overtake a slow or stopped vehicle and stop at red lights without driver involvement are all new systems the automaker will begin testing on Japan's roads.",transport_and_defense_confounders,automaker,,hard_negative,yes,high,nearby_confounder,,annotation_source=auto_supplement; sampled_from_bucket=local_hard_negative,auto_supplement
aviation_aerospace,808e0c2cabb6aca5,aviation_aerospace,local_hard_negative,local_hard_negative,1244457,"Also, on Friday, May 17, there will be a reception and ribbon cutting for new signage at the West Side of the train station.",transport_and_defense_confounders,train station,,hard_negative,yes,high,nearby_confounder,,annotation_source=auto_supplement; sampled_from_bucket=local_hard_negative,auto_supplement
aviation_aerospace,3d1a9319d62b90fc,aviation_aerospace,local_hard_negative,local_hard_negative,1833879,"Invasion: One of the spiders found on a crate aboard the cargo ship MV Altavia

‘When you get this many from this many various sizes, it's definitely an infestation,’ said Department of Agriculture director Joseph Torres.",transport_and_defense_confounders,cargo ship,,hard_negative,yes,high,nearby_confounder,,annotation_source=auto_supplement; sampled_from_bucket=local_hard_negative,auto_supplement
aviation_aerospace,ea70933c02121aed,aviation_aerospace,local_hard_negative,local_hard_negative,1171045,"With its Ford Immersive VR Environment (FiVE) capability — driven by two top-of-the-line NVIDIA Quadro M6000 cards — the automaker can evaluate vehicle prototypes in real time, in full scale and in context.",transport_and_defense_confounders,automaker,,hard_negative,yes,high,nearby_confounder,,annotation_source=auto_supplement; sampled_from_bucket=local_hard_negative,auto_supplement
aviation_aerospace,5ce243b72c6f9049,aviation_aerospace,local_hard_negative,local_hard_negative,670115,Porsche is taking that form a step further by make its list into a video -- the first in what appears to be a new series for the automaker.,transport_and_defense_confounders,automaker,,hard_negative,yes,high,nearby_confounder,,annotation_source=auto_supplement; sampled_from_bucket=local_hard_negative,auto_supplement
aviation_aerospace,4dc5892f174efd1d,aviation_aerospace,local_hard_negative,local_hard_negative,1924750,"In fact, when a “community” is connected by railway to commerce and central transportation, it spontaneously changes into a cooperative.",transport_and_defense_confounders,railway,,hard_negative,yes,high,nearby_confounder,,annotation_source=auto_supplement; sampled_from_bucket=local_hard_negative,auto_supplement
aviation_aerospace,5a7ec60ad0a4f7db,aviation_aerospace,local_hard_negative,local_hard_negative,1803505,The automaker has focused on developing solid-state and Li-air batteries.,transport_and_defense_confounders,automaker,,hard_negative,yes,high,nearby_confounder,,annotation_source=auto_supplement; sampled_from_bucket=local_hard_negative,auto_supplement
aviation_aerospace,a3513fb335f7f4b7,aviation_aerospace,local_hard_negative,local_hard_negative,339126,Companies like Canadian Pacific Railway Ltd. continued their slow head-office exodus.,transport_and_defense_confounders,railway,,hard_negative,yes,high,nearby_confounder,,annotation_source=auto_supplement; sampled_from_bucket=local_hard_negative,auto_supplement
aviation_aerospace,4e0bec41fdc52539,aviation_aerospace,local_hard_negative,local_hard_negative,2004598,"The National Intelligence Service told a parliamentary committee meeting that the North unsuccessfully tried to hack into the railway control system and computer networks of financial institutions in South Korea, according to the office of lawmaker Joo Ho-young who attended the private meeting.",transport_and_defense_confounders,railway,,hard_negative,yes,high,nearby_confounder,,annotation_source=auto_supplement; sampled_from_bucket=local_hard_negative,auto_supplement
aviation_aerospace,26c2212e21fbba84,aviation_aerospace,local_hard_negative,local_hard_negative,1892204,"Eventually, he started following a set of train tracks that led to a train station that ""reflected the same image"" that was in his memories.",transport_and_defense_confounders,train station,,hard_negative,yes,high,nearby_confounder,,annotation_source=auto_supplement; sampled_from_bucket=local_hard_negative,auto_supplement
aviation_aerospace,5d0a6d66345bb98b,aviation_aerospace,local_hard_negative,local_hard_negative,591440,"“She died before people found her … The child wasn’t injured,” railway police officer Anil Marawi said.",transport_and_defense_confounders,railway,,hard_negative,yes,high,nearby_confounder,,annotation_source=auto_supplement; sampled_from_bucket=local_hard_negative,auto_supplement
aviation_aerospace,806b78766e10e237,aviation_aerospace,local_hard_negative,local_hard_negative,341669,"The conductor and the sole passenger on the railway's second train, which was descending the mountain in the same tunnel from above the burning carriage, also died of smoke inhalation.",transport_and_defense_confounders,railway,,hard_negative,yes,high,nearby_confounder,,annotation_source=auto_supplement; sampled_from_bucket=local_hard_negative,auto_supplement
aviation_aerospace,64d207fbb7a46deb,aviation_aerospace,local_hard_negative,local_hard_negative,858617,"Police officers survey the area in front of the main train station and the Cathedral in Cologne, Germany, where dozens of apparently coordinated sexual assaults occurred on New Year's Eve.",transport_and_defense_confounders,train station,,hard_negative,yes,high,nearby_confounder,,annotation_source=auto_supplement; sampled_from_bucket=local_hard_negative,auto_supplement
aviation_aerospace,e72a6bcd2004d166,aviation_aerospace,local_hard_negative,local_hard_negative,1706693,"When I drove out from the Azerbaijan capital, Baku, to the Azeri side of the front near Stepanakert, there was a Second World War-vintage railway carriage converted into a hospital where surgeons were hacking off limbs in appalling conditions.",transport_and_defense_confounders,railway,,hard_negative,yes,high,nearby_confounder,,annotation_source=auto_supplement; sampled_from_bucket=local_hard_negative,auto_supplement
aviation_aerospace,99c52c1c4a90ab62,aviation_aerospace,local_hard_negative,local_hard_negative,92211,"By offering AppLink to any automaker or Tier 1 supplier (the folks who build the hardware) and providing a universal API and SDK, Ford expands an app’s footprint across the industry and brings more developers into the Ford fold.",transport_and_defense_confounders,automaker,,hard_negative,yes,high,nearby_confounder,,annotation_source=auto_supplement; sampled_from_bucket=local_hard_negative,auto_supplement
aviation_aerospace,497ec71dc5c0fb3f,aviation_aerospace,local_hard_negative,local_hard_negative,939556,"EPA 12/13 Counter demonstrators hold up a sign reading ""Against sexism, against racism"" as they protest against a demonstration of the islamophobic movement PEGIDA at the train station in Cologne, Germany, on January 9, 2016.",transport_and_defense_confounders,train station,,hard_negative,yes,high,nearby_confounder,,annotation_source=auto_supplement; sampled_from_bucket=local_hard_negative,auto_supplement
aviation_aerospace,9698031c5ed4fdc0,aviation_aerospace,local_hard_negative,local_hard_negative,244645,"- Carroll Quigley, CFR member, mentor to Bill Clinton, from 'Tragedy And Hope'

Anon136

Offline

Activity: 1652

Merit: 1206

LegendaryActivity: 1652Merit: 1206 Re: [ANN] Bitcoin on Blueseed, the international waters startup ship May 09, 2013, 12:42:45 AM #17 Quote from: MoonShadow on May 08, 2013, 11:21:27 PM Blueseed will be no worse, nor better, protected from unidentifiable attacks than any other naval vessel in international waters.",transport_and_defense_confounders,naval vessel,,hard_negative,yes,high,nearby_confounder,,annotation_source=auto_supplement; sampled_from_bucket=local_hard_negative,auto_supplement
aviation_aerospace,a7b534063d2c0f3a,aviation_aerospace,local_hard_negative,local_hard_negative,1556562,"As railway maintenance goes, laying down ballast is a pretty routine procedure.",transport_and_defense_confounders,railway,,hard_negative,yes,high,nearby_confounder,,annotation_source=auto_supplement; sampled_from_bucket=local_hard_negative,auto_supplement
aviation_aerospace,87d62ae30b8b63e2,aviation_aerospace,local_hard_negative,local_hard_negative,892658,Closing unprofitable rail lines could also prove to be harmful for the overall railway network and economy.,transport_and_defense_confounders,railway,,hard_negative,yes,high,nearby_confounder,,annotation_source=auto_supplement; sampled_from_bucket=local_hard_negative,auto_supplement
aviation_aerospace,aaaea8f47f5b0093,aviation_aerospace,local_hard_negative,local_hard_negative,1711510,"After almost a decade of being neck deep in work, the Mumbai Railway Vikas Corporation (MRVC) has suddenly found itself in a position where there is nothing in the pipeline once its current projects get completed.",transport_and_defense_confounders,railway,,hard_negative,yes,high,nearby_confounder,,annotation_source=auto_supplement; sampled_from_bucket=local_hard_negative,auto_supplement
aviation_aerospace,9cdd9f76b62da1e0,japan,positive,medium_negative,90327,"“Japan has a bad history of intervening in continental affairs, and I think there’s consensus to not do it again,” he said.",country_anchor,japan,japan,medium_negative,yes,high,topical_but_not_primary,,annotation_source=auto_supplement; sampled_from_bucket=medium_negative,auto_supplement
aviation_aerospace,47fa624c5e3be2be,crypto_blockchain,positive,medium_negative,160412,"While I personally believe Bitcoin can survive its internal turmoil, I could be wrong.",protocol_anchor,bitcoin,crypto_blockchain,medium_negative,yes,high,topical_but_not_primary,,annotation_source=auto_supplement; sampled_from_bucket=medium_negative,auto_supplement
aviation_aerospace,c5aa91d070b343b3,crypto_blockchain,positive,medium_negative,12828,Sidechains have been the source of increased excitement in the Bitcoin community over the past year due to the belief that this new technology will allow an endless number of features to be integrated into the Bitcoin protocol.,protocol_anchor,bitcoin,crypto_blockchain,medium_negative,yes,high,topical_but_not_primary,,annotation_source=auto_supplement; sampled_from_bucket=medium_negative,auto_supplement
aviation_aerospace,265d8ef39f4b4199,japan,positive,medium_negative,9605,"As a teacher, this comes up a lot, but Keiko in particular noted that English’s role in Japan is often restricted to unique wording/phrasing that only makes sense to Japanese.",country_anchor,japan;japanese,japan,medium_negative,yes,high,topical_but_not_primary,,annotation_source=auto_supplement; sampled_from_bucket=medium_negative,auto_supplement
aviation_aerospace,4b93023c824cc3bf,japan,positive,medium_negative,79745,"The Cat Returns Blu-ray will include subtitles in Japanese, English, French, German, Korean, Cantonese, and Mandarin, as well as audio tracks in Japanese, English, French, German, Korean, Cantonese, and Mandarin.",country_anchor,japanese,japan,medium_negative,yes,high,topical_but_not_primary,,annotation_source=auto_supplement; sampled_from_bucket=medium_negative,auto_supplement
aviation_aerospace,ea6d6da9c03868e8,crypto_blockchain,positive,medium_negative,61081,Merchants just need to key in their wallet address and shoppers will be able to pay for their purchases with Bitcoin.,market_and_wallet;protocol_anchor,bitcoin;wallet,crypto_blockchain,medium_negative,yes,high,topical_but_not_primary,,annotation_source=auto_supplement; sampled_from_bucket=medium_negative,auto_supplement
aviation_aerospace,4ca1771c2c849865,crypto_blockchain,positive,medium_negative,180749,"So, you’ve officially joined the blockchain revolution?",protocol_anchor,blockchain,crypto_blockchain,medium_negative,yes,high,topical_but_not_primary,,annotation_source=auto_supplement; sampled_from_bucket=medium_negative,auto_supplement
aviation_aerospace,99f97141e956ad65,japan,positive,medium_negative,98960,"While Japanese reviews on Amazon are known for being a bit more harsh than their western counterparts, an average score of 1.4 stars is still pretty low for any title, let alone a Mobile Suit Gundam game, which usually gets at least 3 or 4 stars on average.",country_anchor,japanese,japan,medium_negative,yes,high,topical_but_not_primary,,annotation_source=auto_supplement; sampled_from_bucket=medium_negative,auto_supplement
aviation_aerospace,85233599f556bd56,japan,positive,medium_negative,33525,"Strained ties

The issue has long been a source of friction between Seoul and Tokyo, with South Korea previously accussing Japanese leaders of repeatedly failing to properly atone for wartime atrocities.",country_anchor,japanese;tokyo,japan,medium_negative,yes,high,topical_but_not_primary,,annotation_source=auto_supplement; sampled_from_bucket=medium_negative,auto_supplement
aviation_aerospace,ab1f461b6750b2c4,crypto_blockchain,positive,medium_negative,199320,"He told CoinDesk:

“[Bitcoin] Core is refusing to do anything in the short term that will actually increase capacity.",protocol_anchor,bitcoin,crypto_blockchain,medium_negative,yes,high,topical_but_not_primary,,annotation_source=auto_supplement; sampled_from_bucket=medium_negative,auto_supplement
aviation_aerospace,d86da5507a6b2793,crypto_blockchain,positive,medium_negative,199285,"“I’m somewhat disappointed that all of the feedback given by folks who’ve worked on the bitcoin protocol was completely ignored,” he said in the DCG chat group.",protocol_anchor,bitcoin,crypto_blockchain,medium_negative,yes,high,topical_but_not_primary,,annotation_source=auto_supplement; sampled_from_bucket=medium_negative,auto_supplement
aviation_aerospace,ff76b435588cb725,crypto_blockchain,positive,medium_negative,55079,"Watts worries that policymakers and regulators, in looking to protect the public from all of the bad outcomes we might anticipate today, could “end up stifling the myriad (as yet) unimaginable capabilities that could potentially change the world for the better.”

His concluding recommendation is that American industry groups, policymakers and regulators should collaborate and consider whether the United States should be the country that provides the most supportive environment for Bitcoin-related innovation.",protocol_anchor,bitcoin,crypto_blockchain,medium_negative,yes,high,topical_but_not_primary,,annotation_source=auto_supplement; sampled_from_bucket=medium_negative,auto_supplement
aviation_aerospace,ce25c3e5a4e892b5,japan,positive,medium_negative,90319,"Failing to find it and fearing the wrath of Qin, Xu took refuge in Japan instead.",country_anchor,japan,japan,medium_negative,yes,high,topical_but_not_primary,,annotation_source=auto_supplement; sampled_from_bucket=medium_negative,auto_supplement
aviation_aerospace,e1245a081d0cb2b6,japan,positive,medium_negative,28284,Car From Japan will send emails calls to contact the winners.,country_anchor,japan,japan,medium_negative,yes,high,topical_but_not_primary,,annotation_source=auto_supplement; sampled_from_bucket=medium_negative,auto_supplement
aviation_aerospace,78da766d61c7de01,japan,positive,medium_negative,84477,"“We are under consultation with a limited number of staff in the European publishing business and will be able to confirm decisions regarding any potential redundancies in the coming weeks,""

Sega had long been making a good deal of their revenue from their Japanese arcades or pachinko business.",country_anchor,japanese,japan,medium_negative,yes,high,topical_but_not_primary,,annotation_source=auto_supplement; sampled_from_bucket=medium_negative,auto_supplement
aviation_aerospace,4c1fe6c9afdf70ee,japan,positive,medium_negative,9668,"However, Keiko really brought up what may be the truest sentiment: if Japanese players don’t care about the international scene, it has more to do with their language ability than anything else.",country_anchor,japanese,japan,medium_negative,yes,high,topical_but_not_primary,,annotation_source=auto_supplement; sampled_from_bucket=medium_negative,auto_supplement
aviation_aerospace,7a53e830c8c70e35,japan,positive,medium_negative,74791,Todai alumni are distinctively successful in Japanese industries.,country_anchor,japanese,japan,medium_negative,yes,high,topical_but_not_primary,,annotation_source=auto_supplement; sampled_from_bucket=medium_negative,auto_supplement
aviation_aerospace,431181ae04ed5800,japan,positive,medium_negative,83356,"Officials in Colorado also <a href=""http://denver.cbslocal.com/2011/04/03/colorado-snowpack-sampled-following-japan-nuclear-disaster/"" target=""_hplink"">tested snowpack for traces of radiation</a>.",country_anchor,japan,japan,medium_negative,yes,high,topical_but_not_primary,,annotation_source=auto_supplement; sampled_from_bucket=medium_negative,auto_supplement
aviation_aerospace,de81a387beb12f30,crypto_blockchain,positive,medium_negative,95632,It seems easier to think of a market cap Bitcoin could reach as oppose to following the price.,protocol_anchor,bitcoin,crypto_blockchain,medium_negative,yes,high,topical_but_not_primary,,annotation_source=auto_supplement; sampled_from_bucket=medium_negative,auto_supplement
aviation_aerospace,1753790ca300a719,japan,positive,medium_negative,9609,"Add in the fact that foreign products are even more niche, so it’s more difficult to find translated fan sites of foreign games if you’re a Japanese player.",country_anchor,japanese,japan,medium_negative,yes,high,topical_but_not_primary,,annotation_source=auto_supplement; sampled_from_bucket=medium_negative,auto_supplement
aviation_aerospace,466e00c77e261def,crypto_blockchain,positive,medium_negative,79918,I think that Bitcoin is really a store of money.,protocol_anchor,bitcoin,crypto_blockchain,medium_negative,yes,high,topical_but_not_primary,,annotation_source=auto_supplement; sampled_from_bucket=medium_negative,auto_supplement
aviation_aerospace,b7c1e68abaa8546b,crypto_blockchain,positive,medium_negative,97849,"Though these additional payment methods aren’t available in the current implementation of the Amazon Wallet application, the company is known to have broader ambitions aimed at establishing itself as a payments competitor to the likes of PayPal or Google Wallet – especially in terms of peer-to-peer (person-to-person) payments, as well as an alternative to Square and others, where the Kindle tablet would serve as a merchant’s point-of-sale.",market_and_wallet,wallet,crypto_blockchain,medium_negative,yes,high,topical_but_not_primary,,annotation_source=auto_supplement; sampled_from_bucket=medium_negative,auto_supplement
aviation_aerospace,c7478ba783d5ce54,crypto_blockchain,positive,medium_negative,61083,"“There are numbers of growing merchants who are accepting Bitcoin as a payment method, thus following in their footsteps, we have become the first-ever marketplace in Malaysia to have integrated a Bitcoin wallet into our system,” Arsyan claimed.",market_and_wallet;protocol_anchor,bitcoin;wallet,crypto_blockchain,medium_negative,yes,high,topical_but_not_primary,,annotation_source=auto_supplement; sampled_from_bucket=medium_negative,auto_supplement
aviation_aerospace,17fe959f8a843876,japan,positive,medium_negative,113805,Instructions are available here.Q: Are the rewards that ship to Japan and ship internationally different?A: No.,country_anchor,japan,japan,medium_negative,yes,high,topical_but_not_primary,,annotation_source=auto_supplement; sampled_from_bucket=medium_negative,auto_supplement
aviation_aerospace,cd6276cc6120885b,japan,positive,medium_negative,24491,"Even before the disaster, Japan's economy was shaky.",country_anchor,japan,japan,medium_negative,yes,high,topical_but_not_primary,,annotation_source=auto_supplement; sampled_from_bucket=medium_negative,auto_supplement
aviation_aerospace,b10e892e3a8c5280,crypto_blockchain,positive,medium_negative,137621,"If there existed some particular application for which blockchain technology is massively superior to anything else for a significant portion of the infrastructure of modern society, then people would be loudly talking about it already.",protocol_anchor,blockchain,crypto_blockchain,medium_negative,yes,high,topical_but_not_primary,,annotation_source=auto_supplement; sampled_from_bucket=medium_negative,auto_supplement
aviation_aerospace,0bd22bcccf55b136,crypto_blockchain,positive,medium_negative,79669,"Trust Keys: The minting rate increases the longer a node secures the blockchain, incentivizing nodes to actively stake.",protocol_anchor,blockchain,crypto_blockchain,medium_negative,yes,high,topical_but_not_primary,,annotation_source=auto_supplement; sampled_from_bucket=medium_negative,auto_supplement
aviation_aerospace,d4fd8e373fcf944f,crypto_blockchain,positive,medium_negative,122265,"It was only a matter of time before Bitcoin made its way into dance music, and it’s no big surprise that it’s forward-thinking label Monstercat carrying the torch in support.",protocol_anchor,bitcoin,crypto_blockchain,medium_negative,yes,high,topical_but_not_primary,,annotation_source=auto_supplement; sampled_from_bucket=medium_negative,auto_supplement
aviation_aerospace,0d95433ada5ef938,japan,positive,medium_negative,9653,"When taken online, where people can be anonymous and resort to trash talking, which I often saw between Japanese and Korean players on their shared Darkfall server, this tradition breaks down.",country_anchor,japanese,japan,medium_negative,yes,high,topical_but_not_primary,,annotation_source=auto_supplement; sampled_from_bucket=medium_negative,auto_supplement
aviation_aerospace,4612bdc51a7fa708,crypto_blockchain,positive,medium_negative,117967,"Bitcoin News for the Week of 07/21/14

It’s time for another weekly recap of top headlines and bitcoin news from around the world, where we trim the fat and bring you all the important stuff about bitcoin each week.",protocol_anchor,bitcoin,crypto_blockchain,medium_negative,yes,high,topical_but_not_primary,,annotation_source=auto_supplement; sampled_from_bucket=medium_negative,auto_supplement
aviation_aerospace,ae761760b2594d2f,japan,positive,medium_negative,90024,"(MORE: Why South Korea Is in an Uproar over Intelligence Sharing with Japan)

The islands are located in the gulf between the two countries — known as the Sea of Japan by Japanese and the East Sea by South Koreans — and are about the same distance from each.",country_anchor,japan;japanese,japan,medium_negative,yes,high,topical_but_not_primary,,annotation_source=auto_supplement; sampled_from_bucket=medium_negative,auto_supplement
aviation_aerospace,6303c2421a07bc5e,crypto_blockchain,positive,medium_negative,95627,This has led to mass speculation of just how successful Bitcoin can be.,protocol_anchor,bitcoin,crypto_blockchain,medium_negative,yes,high,topical_but_not_primary,,annotation_source=auto_supplement; sampled_from_bucket=medium_negative,auto_supplement
aviation_aerospace,dd05e8d3d19c06a8,crypto_blockchain,positive,medium_negative,11400,"It’s another form of currency to me.”

Bitcoin expert Graham Williams said more and more people are getting into using Bitcoin as the number of retailers who accept the online currency rises.",protocol_anchor,bitcoin,crypto_blockchain,medium_negative,yes,high,topical_but_not_primary,,annotation_source=auto_supplement; sampled_from_bucket=medium_negative,auto_supplement
aviation_aerospace,dd56bb6518c6edef,crypto_blockchain,positive,medium_negative,135555,"“It’s different to other currencies in that there’s a fixed amount of it, not like gold or fiat currency … so it’s always going to have that deflationary aspect, rather than the inflationary aspect.”

Speaking to local media, Mr. Alexiuc described bitcoin as “a better form of currency… because it’s not issued or controlled by the government.",protocol_anchor,bitcoin,crypto_blockchain,medium_negative,yes,high,topical_but_not_primary,,annotation_source=auto_supplement; sampled_from_bucket=medium_negative,auto_supplement
aviation_aerospace,996da27e6eeef5e5,crypto_blockchain,positive,medium_negative,180067,"He said that micropayments and small trade scenarios where two parties are engaging in a barter-like transaction will be a comfy fit for cryptocurrency, but added that as the bitcoin market evolves, it will start to find further ways to engage that were previously not thought of.",protocol_anchor,bitcoin,crypto_blockchain,medium_negative,yes,high,topical_but_not_primary,,annotation_source=auto_supplement; sampled_from_bucket=medium_negative,auto_supplement
aviation_aerospace,3901b3958166a8e9,crypto_blockchain,positive,medium_negative,15982,"Despite the frenetic growth of investment in Ethereum this year, Byzantium is part of a package of improvements to the protocol that has been in development since 2015.",protocol_anchor,ethereum,crypto_blockchain,medium_negative,yes,high,topical_but_not_primary,,annotation_source=auto_supplement; sampled_from_bucket=medium_negative,auto_supplement
aviation_aerospace,289cd376d5450ef3,japan,positive,medium_negative,58755,"Sogo Ishii - Japan (1982)

This is Sogo Ishii's greatest work!!",country_anchor,japan,japan,medium_negative,yes,high,topical_but_not_primary,,annotation_source=auto_supplement; sampled_from_bucket=medium_negative,auto_supplement
aviation_aerospace,afba72dea426b213,crypto_blockchain,positive,medium_negative,55071,"Overwhelming regulatory supervision of Bitcoin is happening much too soon, only six years into the development of Bitcoin and “a long way away from the time it has typically taken for new technologies to achieve mass adoption in the past.”

In fact, Bitcoin is still very far from mass adoption, and represents but a very small fraction of the global economy.",protocol_anchor,bitcoin,crypto_blockchain,medium_negative,yes,high,topical_but_not_primary,,annotation_source=auto_supplement; sampled_from_bucket=medium_negative,auto_supplement
aviation_aerospace,596690bfe9cbca41,japan,positive,medium_negative,87093,"The nuclear energy industry in Japan relies on unskilled and uneducated daily workers, and even now the country will not invite foreign experts to help with the Fukushima cleanup due to national pride, Alex Kerr, an expert on Japan, told RT.",country_anchor,japan,japan,medium_negative,yes,high,topical_but_not_primary,,annotation_source=auto_supplement; sampled_from_bucket=medium_negative,auto_supplement
aviation_aerospace,75edcdd904e28565,crypto_blockchain,positive,medium_negative,177711,"The Monetary Authority of the country also published a report on the Ubin state program, which actually transfers the gross settlement system to blockchain.",protocol_anchor,blockchain,crypto_blockchain,medium_negative,yes,high,topical_but_not_primary,,annotation_source=auto_supplement; sampled_from_bucket=medium_negative,auto_supplement
aviation_aerospace,c8fa55f63c6d57e6,crypto_blockchain,positive,medium_negative,159348,"CME Group, the leading global exchange for options and futures trading, is the latest entrant into offering derivatives for Bitcoin.",protocol_anchor,bitcoin,crypto_blockchain,medium_negative,yes,high,topical_but_not_primary,,annotation_source=auto_supplement; sampled_from_bucket=medium_negative,auto_supplement
aviation_aerospace,314a2b6e10ce3707,crypto_blockchain,positive,medium_negative,180077,Ryan believes that with further uptake bitcoin and blockchain technology will require regulation.,protocol_anchor,bitcoin;blockchain,crypto_blockchain,medium_negative,yes,high,topical_but_not_primary,,annotation_source=auto_supplement; sampled_from_bucket=medium_negative,auto_supplement
aviation_aerospace,4a4ff5a71c958f89,japan,positive,medium_negative,74772,"[19]

Research [ edit ]

The University of Tokyo is considered a top research institution of Japan.",country_anchor,japan;tokyo,japan,medium_negative,yes,high,topical_but_not_primary,,annotation_source=auto_supplement; sampled_from_bucket=medium_negative,auto_supplement
aviation_aerospace,b9502209050d7c34,crypto_blockchain,positive,medium_negative,160410,"With all the Bitcoin drama going on, it's easy to get distracted from what is important.",protocol_anchor,bitcoin,crypto_blockchain,medium_negative,yes,high,topical_but_not_primary,,annotation_source=auto_supplement; sampled_from_bucket=medium_negative,auto_supplement
aviation_aerospace,4925f3f4a022d091,crypto_blockchain,positive,medium_negative,79543,"Bitcoin BTCUSD, +0.26% has gone from under $1,000 at the start of the year to nearly $20,000; it last traded at $15,281.29, down 7.1% on the day.",protocol_anchor,bitcoin,crypto_blockchain,medium_negative,yes,high,topical_but_not_primary,,annotation_source=auto_supplement; sampled_from_bucket=medium_negative,auto_supplement
aviation_aerospace,b4a83bf301e30d15,crypto_blockchain,positive,medium_negative,127062,"In fact, I wouldn’t be surprised if part of the reason for the surge was that people on the fringe of the Bitcoin world before these events drank a ton of “Koolaid’ (either by being at the events or following them online) and decided they were feeling more confident about it.",protocol_anchor,bitcoin,crypto_blockchain,medium_negative,yes,high,topical_but_not_primary,,annotation_source=auto_supplement; sampled_from_bucket=medium_negative,auto_supplement
aviation_aerospace,e4a951d30198f10f,japan,positive,medium_negative,90207,"Their leader, Colonel Light, demanded that Rebel Pepper leave Japan with them; when he refused, they threatened to push him off a balcony.",country_anchor,japan,japan,medium_negative,yes,high,topical_but_not_primary,,annotation_source=auto_supplement; sampled_from_bucket=medium_negative,auto_supplement
aviation_aerospace,871e15fe1f313fe4,crypto_blockchain,positive,medium_negative,115886,"Kent was unable to get out of the frame unscathed as Cody Nulph and Blake Logan each laced RBI singles through the left side of the infield, staking the Tigers to a 2-0 advantage.",market_and_wallet,staking,crypto_blockchain,medium_negative,yes,high,topical_but_not_primary,,annotation_source=auto_supplement; sampled_from_bucket=medium_negative,auto_supplement
aviation_aerospace,5c0ec3f137739a05,japan,positive,medium_negative,110389,What I have people observe is derived from the Japanese Vajrayana paradigm: self = mental image + mental talk + body.,country_anchor,japanese,japan,medium_negative,yes,high,topical_but_not_primary,,annotation_source=auto_supplement; sampled_from_bucket=medium_negative,auto_supplement
aviation_aerospace,9e7fd19049329e2c,crypto_blockchain,positive,medium_negative,137712,"Note that blockchain-based identity, particularly with Ethereum's contract model, makes all of this very easy to program: in the name registry, register your name and point it at a contract, and have that contract maintain the current main key and backup keys associated with the identity as well as the logic for updating them over time.",protocol_anchor,blockchain;ethereum,crypto_blockchain,medium_negative,yes,high,topical_but_not_primary,,annotation_source=auto_supplement; sampled_from_bucket=medium_negative,auto_supplement
aviation_aerospace,f7e80d91205dada1,crypto_blockchain,positive,medium_negative,180086,"""We're committed to ensuring the largest possible number of users benefit from bitcoin, without eroding these fundamental values.""",protocol_anchor,bitcoin,crypto_blockchain,medium_negative,yes,high,topical_but_not_primary,,annotation_source=auto_supplement; sampled_from_bucket=medium_negative,auto_supplement
aviation_aerospace,4557c19dbd5a8d1d,crypto_blockchain,positive,medium_negative,55068,"“Yet there is a critical question that is hanging over Bitcoin, potentially slowing the pace of innovation, and adoption, i.e., how will Bitcoin be regulated​?”

Watts argues that global policymakers and regulators should consider giving Bitcoin more time to develop before insisting on regulation.",protocol_anchor,bitcoin,crypto_blockchain,medium_negative,yes,high,topical_but_not_primary,,annotation_source=auto_supplement; sampled_from_bucket=medium_negative,auto_supplement
aviation_aerospace,6d9d026935fc04a7,crypto_blockchain,positive,medium_negative,159366,"Bitcoin, however, with its innovative blockchain technology, entirely eliminates the need for a central bank by providing a way to safely transfer money directly from one individual to another.",protocol_anchor,bitcoin;blockchain,crypto_blockchain,medium_negative,yes,high,topical_but_not_primary,,annotation_source=auto_supplement; sampled_from_bucket=medium_negative,auto_supplement
aviation_aerospace,50e14043340ed918,japan,positive,medium_negative,90310,"Besides donations, he has a contract to draw cartoons for the Japanese edition of Newsweek and for Shincho 45, a magazine affiliated with one of Japan’s oldest publishing houses.",country_anchor,japan;japanese,japan,medium_negative,yes,high,topical_but_not_primary,,annotation_source=auto_supplement; sampled_from_bucket=medium_negative,auto_supplement
aviation_aerospace,486185c71081f465,crypto_blockchain,positive,medium_negative,209029,"Tim Draper, founding partner of Draper Fisher Jurvetson, a prominent Silicon Valley venture capital fund, believes that bitcoin might one day be the preeminent store of value for investors.",protocol_anchor,bitcoin,crypto_blockchain,medium_negative,yes,high,topical_but_not_primary,,annotation_source=auto_supplement; sampled_from_bucket=medium_negative,auto_supplement
aviation_aerospace,37dbac28f20f193c,japan,positive,medium_negative,27970,"Apple will add all iPhone 4 models, the late 2010 13-inch MacBook Air, third-generation AirPort Extreme, and mid 2009 AirPort Time Capsule to its vintage and obsolete products list starting October 31, according to Japanese website Mac Otakara Apple products on the vintage and obsolete list are no longer eligible for hardware service, beyond a few exceptions.",country_anchor,japanese,japan,medium_negative,yes,high,topical_but_not_primary,,annotation_source=auto_supplement; sampled_from_bucket=medium_negative,auto_supplement
aviation_aerospace,c448d20c146a051a,crypto_blockchain,positive,medium_negative,159351,"Disruption Of The Status Quo Will Continue

Technologies like Uber, Airbnb and Alibaba have disrupted major industries almost overnight, and Bitcoin is poised to do the same with the monetary system.",protocol_anchor,bitcoin,crypto_blockchain,medium_negative,yes,high,topical_but_not_primary,,annotation_source=auto_supplement; sampled_from_bucket=medium_negative,auto_supplement
aviation_aerospace,4b16a61ad554a39f,crypto_blockchain,positive,medium_negative,60044,The ‘ANX Vault’ app now includes the all-important send and receive functions vital to any bitcoin wallet.,market_and_wallet;protocol_anchor,bitcoin;wallet,crypto_blockchain,medium_negative,yes,high,topical_but_not_primary,,annotation_source=auto_supplement; sampled_from_bucket=medium_negative,auto_supplement
aviation_aerospace,e649f9f5a98e1f07,japan,positive,medium_negative,33526,"Tens of thousands of women from around Asia, many of them Korean, were sent to front-line military brothels to provide sex to Japanese soldiers.",country_anchor,japanese,japan,medium_negative,yes,high,topical_but_not_primary,,annotation_source=auto_supplement; sampled_from_bucket=medium_negative,auto_supplement
aviation_aerospace,4e54d13ec9fe11f4,crypto_blockchain,positive,medium_negative,74174,"The Lightning Network, which is a generalized network of payment channels that enables instant bitcoin transactions with practically no fees, could be live as soon as this summer.",protocol_anchor,bitcoin,crypto_blockchain,medium_negative,yes,high,topical_but_not_primary,,annotation_source=auto_supplement; sampled_from_bucket=medium_negative,auto_supplement
aviation_aerospace,2c9b85acbd2e604f,crypto_blockchain,positive,medium_negative,186435,"“We’re playing within existing guidleines,” said Stephens, “but offering something new.”

Walking the Blockchain Walk

Launched in 2013, Blockchain Capital’s initial fund was the first venture capital fund dedicated to the Bitcoin and blockchain ecosystem.",protocol_anchor,bitcoin;blockchain,crypto_blockchain,medium_negative,yes,high,topical_but_not_primary,,annotation_source=auto_supplement; sampled_from_bucket=medium_negative,auto_supplement
aviation_aerospace,970e6d94cd67baf3,crypto_blockchain,positive,medium_negative,199290,"Still, he noted that the activation of SegWit as part of the deal would be unlikely to win over Bitcoin Core developers.",protocol_anchor,bitcoin,crypto_blockchain,medium_negative,yes,high,topical_but_not_primary,,annotation_source=auto_supplement; sampled_from_bucket=medium_negative,auto_supplement
aviation_aerospace,e51f3eeaf0bb0ed2,crypto_blockchain,positive,medium_negative,199348,"“One will be worth more than the other, and the one that is smaller won’t be enough for miners to run profitably.”

While the ethereum blockchain underwent a split, commentators remarked that the unique design of bitcoin – it takes longer for the difficulty to reset, for example – means that this might not happen the same way.",protocol_anchor,bitcoin;blockchain;ethereum,crypto_blockchain,medium_negative,yes,high,topical_but_not_primary,,annotation_source=auto_supplement; sampled_from_bucket=medium_negative,auto_supplement
aviation_aerospace,3e57ae4ca8afd7a1,crypto_blockchain,positive,medium_negative,199259,"First, it lowered the barrier for the activation of Segregated Witness, the long-stalled proposal put forward by Bitcoin Core developers in December 2015, to 80% of the network’s mining power.",market_and_wallet;protocol_anchor,bitcoin;mining,crypto_blockchain,medium_negative,yes,high,topical_but_not_primary,,annotation_source=auto_supplement; sampled_from_bucket=medium_negative,auto_supplement
aviation_aerospace,0cc258b89e47cb31,japan,positive,medium_negative,106940,"Takashima, aged 64, told police he started paying for sex when he was dispatched to a Japanese school in Manila in 1988, Jiji said.",country_anchor,japanese,japan,medium_negative,yes,high,topical_but_not_primary,,annotation_source=auto_supplement; sampled_from_bucket=medium_negative,auto_supplement
aviation_aerospace,ca6bb2483d876528,japan,positive,medium_negative,33529,"The US sees North Korea as a key rival in the south east Asian region and hopes to benefit from the strengthening of ties between its two allies, South Korea and Japan.",country_anchor,japan,japan,medium_negative,yes,high,topical_but_not_primary,,annotation_source=auto_supplement; sampled_from_bucket=medium_negative,auto_supplement
aviation_aerospace,74793f920d19f33e,crypto_blockchain,positive,medium_negative,34138,"6:50pm (10 minutes):

RUBIX (http://rubixbydeloitte.com/): Blockchain Implementations - Method in the Madness ILIANA ORIS VALIENTE (https://www.linkedin.com/in/ilianaorisvaliente), CPA, CA, CBP | Co-Founder, Rubix by Deloitte | Blockchain Strategist

7:00pm (30 minutes):

Power of Decentralization

TOUFI SALIBA (https://www.linkedin.com/in/touficsaliba), Co-authored fully-decentralized Blockchain protocol, cofounded ToDa Foundation, 6 blockchain companies, had 3 exits in the past, expecting 2 in near future.",protocol_anchor,blockchain,crypto_blockchain,medium_negative,yes,high,topical_but_not_primary,,annotation_source=auto_supplement; sampled_from_bucket=medium_negative,auto_supplement
aviation_aerospace,7cf75d9023f60ec1,japan,positive,medium_negative,75852,"Scientists trace the isotopes to Japan because they are products of nuclear fission—iodine-131, xenon-133, and cesium-137.",country_anchor,japan,japan,medium_negative,yes,high,topical_but_not_primary,,annotation_source=auto_supplement; sampled_from_bucket=medium_negative,auto_supplement
aviation_aerospace,068ca3e7dfcb1d82,japan,positive,medium_negative,32949,"More traditional menswear nerd culture began to converge with hype culture, a digital consumer market obsessed with the latest and greatest obscure Japanese brands and anything emblazoned with labels from cult brands like A Bathing Ape, Supreme or Stüssy.",country_anchor,japanese,japan,medium_negative,yes,high,topical_but_not_primary,,annotation_source=auto_supplement; sampled_from_bucket=medium_negative,auto_supplement
aviation_aerospace,3c620628023b0e89,crypto_blockchain,positive,medium_negative,199287,"Others commented on the somewhat messy sociology behind the positioning, given that bitcoin users have been so firmly entrenched along partisan lines – with those supporting so-called “off-chain scaling” solutions on one, and those backing “on-chain scaling” solutions that would increase the hard-coded block size on the other.",ecosystem_entities;protocol_anchor,bitcoin;on-chain,crypto_blockchain,medium_negative,yes,high,topical_but_not_primary,,annotation_source=auto_supplement; sampled_from_bucket=medium_negative,auto_supplement
aviation_aerospace,74f1136355d67685,japan,positive,medium_negative,80595,"Another statuette would be an appropriate way for the Academy to wish the Japanese virtuoso a fond, well-deserved farewell.",country_anchor,japanese,japan,medium_negative,yes,high,topical_but_not_primary,,annotation_source=auto_supplement; sampled_from_bucket=medium_negative,auto_supplement
aviation_aerospace,7b77e17e41f86ab2,japan,positive,medium_negative,53783,"When the war ended, when some Australian ex-prisoners were attempting to lynch their Japanese captors, MacCarthy locked the Japanese guards in a cell and threw the key into the sea.",country_anchor,japanese,japan,medium_negative,yes,high,topical_but_not_primary,,annotation_source=auto_supplement; sampled_from_bucket=medium_negative,auto_supplement
aviation_aerospace,e1cac3ad594a4319,crypto_blockchain,positive,medium_negative,160420,"Its fees are much lower than Bitcoin's and DASH has an interesting governance structure that really sets it apart from many of the ""me-too"" cryptocurrencies out there vying for Bitcoin's #1 position.",protocol_anchor,bitcoin,crypto_blockchain,medium_negative,yes,high,topical_but_not_primary,,annotation_source=auto_supplement; sampled_from_bucket=medium_negative,auto_supplement
aviation_aerospace,e643a31b04f79dc0,japan,positive,medium_negative,74792,"According to the Weekly Economist's 2010 rankings, graduates from Todai have the 12th best employment rate in 400 major companies in Japan.",country_anchor,japan,japan,medium_negative,yes,high,topical_but_not_primary,,annotation_source=auto_supplement; sampled_from_bucket=medium_negative,auto_supplement
aviation_aerospace,a964ad62f9119bd0,japan,positive,medium_negative,9604,"Japanese people must be able to speak English like the rest of the world despite being an island nation no where near an English speaking country…

English Only

Despite having to learn it for at least six years, Japanese people really don’t speak English.",country_anchor,japanese,japan,medium_negative,yes,high,topical_but_not_primary,,annotation_source=auto_supplement; sampled_from_bucket=medium_negative,auto_supplement
aviation_aerospace,a0314e1cbee58dfc,crypto_blockchain,positive,medium_negative,117987,"Gliph iOS Messaging App Reinstates Bitcoin Functionality

Privacy-focused messaging app Gliph once again supports bitcoin functionality in its newest iOS release.",protocol_anchor,bitcoin,crypto_blockchain,medium_negative,yes,high,topical_but_not_primary,,annotation_source=auto_supplement; sampled_from_bucket=medium_negative,auto_supplement
aviation_aerospace,73fc26c9db1b45ba,japan,positive,medium_negative,110374,"The abbot had warned me that part of the old-fashioned way involved certain ascetic practices derived not from Buddhism, but from the shamanic tradition of Shinto, Japan’s pre-Buddhist tribal religion.",country_anchor,japan,japan,medium_negative,yes,high,topical_but_not_primary,,annotation_source=auto_supplement; sampled_from_bucket=medium_negative,auto_supplement
aviation_aerospace,3dbe71c388986a8b,crypto_blockchain,positive,medium_negative,11391,"“I believe in Bitcoin, I really do,” the 30-year-old told CTV News.",protocol_anchor,bitcoin,crypto_blockchain,medium_negative,yes,high,topical_but_not_primary,,annotation_source=auto_supplement; sampled_from_bucket=medium_negative,auto_supplement
aviation_aerospace,f8d6ae39f4abd4a0,crypto_blockchain,positive,medium_negative,61080,"Betting on Bitcoin

As part of the team’s efforts to evolve and innovate, Ked.ai now accepts bitcoins as a payment option, enabling its merchants to integrate a Bitcoin wallet into their shops easily.",market_and_wallet;protocol_anchor,bitcoin;wallet,crypto_blockchain,medium_negative,yes,high,topical_but_not_primary,,annotation_source=auto_supplement; sampled_from_bucket=medium_negative,auto_supplement
aviation_aerospace,e56e3c72aca27426,crypto_blockchain,positive,medium_negative,61102,"Bitcoin-mining malware on the rise in APAC: Trend Micro

The Silk Road arrests, and why users should be worried

Developing online payment systems that protect consumers

For more technology news and the latest updates, follow us on Twitter, LinkedIn or Like us on Facebook.",market_and_wallet;protocol_anchor,bitcoin;mining,crypto_blockchain,medium_negative,yes,high,topical_but_not_primary,,annotation_source=auto_supplement; sampled_from_bucket=medium_negative,auto_supplement
aviation_aerospace,05acddc4f4240bd7,crypto_blockchain,positive,medium_negative,186426,"Blockchain Capital, a venture capital firm that invests in blockchain technology companies, in collaboration with digital finance investment bank Argon Group, is about to issue its own Ethereum-based digital tokens called BCAP.",protocol_anchor,blockchain;ethereum,crypto_blockchain,medium_negative,yes,high,topical_but_not_primary,,annotation_source=auto_supplement; sampled_from_bucket=medium_negative,auto_supplement
aviation_aerospace,410b2c62f872cfbe,japan,positive,medium_negative,101489,"That advice made the Japanese, with whom the U.S. has a military defense treaty, none too happy.",country_anchor,japanese,japan,medium_negative,yes,high,topical_but_not_primary,,annotation_source=auto_supplement; sampled_from_bucket=medium_negative,auto_supplement
aviation_aerospace,88631128ae8986b4,japan,positive,medium_negative,9618,"This is a universal issue, not a Japanese issue, and one reason why importing and raw media is uncommon at best for the general population.",country_anchor,japanese,japan,medium_negative,yes,high,topical_but_not_primary,,annotation_source=auto_supplement; sampled_from_bucket=medium_negative,auto_supplement
aviation_aerospace,d3e102ad36c6e189,japan,positive,medium_negative,108701,(Main Activities by Tokyo Residents) Do not move unnecessarily or too early and try to remain at your workplace or current location after confirming safety.,country_anchor,tokyo,japan,medium_negative,yes,high,topical_but_not_primary,,annotation_source=auto_supplement; sampled_from_bucket=medium_negative,auto_supplement
aviation_aerospace,ce69a85f8ed77d71,japan,positive,medium_negative,67744,"In the same league are Greece, Ireland, Portugal, Belgium, Spain, Italy, England and above all Japan, which is more than 200% and growing exponentially.",country_anchor,japan,japan,medium_negative,yes,high,topical_but_not_primary,,annotation_source=auto_supplement; sampled_from_bucket=medium_negative,auto_supplement
aviation_aerospace,beeaa156116b7f7c,crypto_blockchain,positive,medium_negative,160523,The Indian government announced the likelihood of a regulatory framework for Bitcoin being implemented by as early as May.,protocol_anchor,bitcoin,crypto_blockchain,medium_negative,yes,high,topical_but_not_primary,,annotation_source=auto_supplement; sampled_from_bucket=medium_negative,auto_supplement
aviation_aerospace,1e8f836ce74bc351,crypto_blockchain,positive,medium_negative,79913,"What’s really interesting now is that Bitcoin, as a currency, is scarce and follows the same kind of logic than gold, but on the other side, we have the blockchain, that is like an ancient recording system.",protocol_anchor,bitcoin;blockchain,crypto_blockchain,medium_negative,yes,high,topical_but_not_primary,,annotation_source=auto_supplement; sampled_from_bucket=medium_negative,auto_supplement
aviation_aerospace,1dfae04b50149fea,crypto_blockchain,positive,medium_negative,55060,"Jon Watts, director of enterprise services at Deloitte, has weighed in on Bitcoin regulatory issues with clear and cogent arguments.",protocol_anchor,bitcoin,crypto_blockchain,medium_negative,yes,high,topical_but_not_primary,,annotation_source=auto_supplement; sampled_from_bucket=medium_negative,auto_supplement
aviation_aerospace,85ada28db0d776fd,crypto_blockchain,positive,medium_negative,198850,"BENGALURU: Flipkart is taking a step again into the payments business with the launch of its digital wallet , which could help it cut significant costs related to handling cash on product returns, in addition to offering users a new payment method.The launch of Flipkart Money comes at a time when online wallet providers Paytm Freecharge and MobiKwik are raking up millions of users, enticing them with cashbacks and discounts.",market_and_wallet,wallet,crypto_blockchain,medium_negative,yes,high,topical_but_not_primary,,annotation_source=auto_supplement; sampled_from_bucket=medium_negative,auto_supplement
aviation_aerospace,13709cb1c9003526,crypto_blockchain,positive,medium_negative,203032,"Retailers know that a tempting smell can be the fastest way to a shopper's wallet, and studies confirm that people spend more when the scent of a store triggers positive associations.",market_and_wallet,wallet,crypto_blockchain,medium_negative,yes,high,topical_but_not_primary,,annotation_source=auto_supplement; sampled_from_bucket=medium_negative,auto_supplement
aviation_aerospace,c485dc6b042bfe14,japan,positive,medium_negative,60474,"Japan's Nikkei 225 finished a wild day down 7.9 per cent, its biggest loss since the global financial crisis in 2008.",country_anchor,japan,japan,medium_negative,yes,high,topical_but_not_primary,,annotation_source=auto_supplement; sampled_from_bucket=medium_negative,auto_supplement
aviation_aerospace,62e28f67e6a01f4e,crypto_blockchain,positive,medium_negative,117981,"“Bitcoin Is The Truth,” Says Rap Genius Founder Mahbod Moghadam

Mahbod Moghadam is a co-founder of Genius and the author of Genius Inc, and recently discussed bitcoin as he is a fan and has a lot of positive things to say about the digital currency.",protocol_anchor,bitcoin,crypto_blockchain,medium_negative,yes,high,topical_but_not_primary,,annotation_source=auto_supplement; sampled_from_bucket=medium_negative,auto_supplement
aviation_aerospace,297300da03913dc7,crypto_blockchain,positive,medium_negative,12831,The idea is that this early version allows the community to test out the concept without making any changes to Bitcoin Core.,protocol_anchor,bitcoin,crypto_blockchain,medium_negative,yes,high,topical_but_not_primary,,annotation_source=auto_supplement; sampled_from_bucket=medium_negative,auto_supplement
aviation_aerospace,517894e08e1ae970,japan,positive,medium_negative,87109,"Because the entire system of management of TEPCO, in fact the entire nuclear energy in Japan, has been to rely on unskilled, uneducated, non-specialist daily workers, guys that are picked up from the streets and are paid a daily wage, some of them didn’t even realize they were going to a radioactive area.",country_anchor,japan,japan,medium_negative,yes,high,topical_but_not_primary,,annotation_source=auto_supplement; sampled_from_bucket=medium_negative,auto_supplement
aviation_aerospace,532fe28978003bcd,crypto_blockchain,positive,medium_negative,143912,So I am going to explain these so anyone can understand them and thus understand why Bitcoin actually needs bad news not good news for probable further immediate price increases.,protocol_anchor,bitcoin,crypto_blockchain,medium_negative,yes,high,topical_but_not_primary,,annotation_source=auto_supplement; sampled_from_bucket=medium_negative,auto_supplement
aviation_aerospace,743eac5fb678383b,japan,positive,medium_negative,74745,"For the restaurant chain, see Todai (restaurant)

Coordinates:

The University of Tokyo (東京大学, Tōkyō daigaku), abbreviated as Todai (東大, Tōdai)[3] or UTokyo,[4] is a public research university located in Bunkyo, Tokyo, Japan.",country_anchor,japan;tokyo,japan,medium_negative,yes,high,topical_but_not_primary,,annotation_source=auto_supplement; sampled_from_bucket=medium_negative,auto_supplement
aviation_aerospace,90e57658f310ddc8,japan,positive,medium_negative,106614,"I would still be doing music but no support, no tour, nothing I’m doing now,” said Choi, who ended his Southeast Asia and Australia tour in July and performed in both Korea and Japan in December.",country_anchor,japan,japan,medium_negative,yes,high,topical_but_not_primary,,annotation_source=auto_supplement; sampled_from_bucket=medium_negative,auto_supplement
aviation_aerospace,4f96a02be9c1e1e9,japan,positive,medium_negative,53784,MacCarthy was the senior Allied serviceman in Japan at the Japanese surrender.,country_anchor,japan;japanese,japan,medium_negative,yes,high,topical_but_not_primary,,annotation_source=auto_supplement; sampled_from_bucket=medium_negative,auto_supplement
aviation_aerospace,b0d7e4338aa8bf3a,crypto_blockchain,positive,medium_negative,77408,"Alternatively, watch the technical overview presentation that I recently gave at Coinbase Code School.",ecosystem_entities,coinbase,crypto_blockchain,medium_negative,yes,high,topical_but_not_primary,,annotation_source=auto_supplement; sampled_from_bucket=medium_negative,auto_supplement
aviation_aerospace,7d5a87ce729cf29f,crypto_blockchain,positive,medium_negative,186440,"These include Bitfury, BitGo, BitPesa, BlockCypher, Blockstream, Chain, Coinbase, Gem, GoCoin, itBit, PeerNova, Ripple, Wave and Xapo, among other blockchain technology leaders.",ecosystem_entities;protocol_anchor,blockchain;coinbase,crypto_blockchain,medium_negative,yes,high,topical_but_not_primary,,annotation_source=auto_supplement; sampled_from_bucket=medium_negative,auto_supplement
aviation_aerospace,8f23fd82bdbe925c,japan,positive,medium_negative,9615,This is perhaps why Blizzard needed Square-Enix’s help releasing the game in Japan.,country_anchor,japan,japan,medium_negative,yes,high,topical_but_not_primary,,annotation_source=auto_supplement; sampled_from_bucket=medium_negative,auto_supplement
aviation_aerospace,24d561db7647425d,japan,positive,medium_negative,118088,"In June, Putin was planning to welcome the leaders of the G8, a club of western powers (plus Japan), in the Russian resort city of Sochi.",country_anchor,japan,japan,medium_negative,yes,high,topical_but_not_primary,,annotation_source=auto_supplement; sampled_from_bucket=medium_negative,auto_supplement
aviation_aerospace,4bad63a572c24641,japan,positive,medium_negative,85585,"Canadians rate themselves as less direct in their conversations if the reference group is other Canadians rather than Japanese, and for Japanese it’s the opposite.",country_anchor,japanese,japan,medium_negative,yes,high,topical_but_not_primary,,annotation_source=auto_supplement; sampled_from_bucket=medium_negative,auto_supplement
aviation_aerospace,6e13a111dac0bb89,japan,positive,medium_negative,10624,"This is ""strong style,"" the notorious Japanese approach to pro-wrestling, now available with English commentary on AXS, a channel I had no idea existed.",country_anchor,japanese,japan,medium_negative,yes,high,topical_but_not_primary,,annotation_source=auto_supplement; sampled_from_bucket=medium_negative,auto_supplement
aviation_aerospace,10033caefdbd17a0,crypto_blockchain,positive,medium_negative,180075,The bitcoin cryptocurrency has been tied up in controversy since its involvement with the now-closed online black marketplace Silk Road.,protocol_anchor,bitcoin,crypto_blockchain,medium_negative,yes,high,topical_but_not_primary,,annotation_source=auto_supplement; sampled_from_bucket=medium_negative,auto_supplement
aviation_aerospace,0b0323828a456137,japan,positive,medium_negative,74765,"According to the Japan Times, the university had 1,282 professors in February 2012.",country_anchor,japan,japan,medium_negative,yes,high,topical_but_not_primary,,annotation_source=auto_supplement; sampled_from_bucket=medium_negative,auto_supplement
aviation_aerospace,94467f511b83804e,japan,positive,medium_negative,24489,"As of May, the crisis cost the company production of

550,000 vehicles in Japan and another 350,000 overseas.",country_anchor,japan,japan,medium_negative,yes,high,topical_but_not_primary,,annotation_source=auto_supplement; sampled_from_bucket=medium_negative,auto_supplement
aviation_aerospace,735d1fbf29603c5c,crypto_blockchain,positive,medium_negative,95635,How does the Bitcoin Price Calculator work?,protocol_anchor,bitcoin,crypto_blockchain,medium_negative,yes,high,topical_but_not_primary,,annotation_source=auto_supplement; sampled_from_bucket=medium_negative,auto_supplement
aviation_aerospace,a88dd58c130ac845,crypto_blockchain,positive,medium_negative,180087,The letter was published ahead of two bitcoin scaling workshops -- one in Montreal and the second in Hong Kong -- that were aimed at collaboratively reaching the best outcome for scaling and securing the cryptocurrency.,protocol_anchor,bitcoin,crypto_blockchain,medium_negative,yes,high,topical_but_not_primary,,annotation_source=auto_supplement; sampled_from_bucket=medium_negative,auto_supplement
aviation_aerospace,ea74ca666e9df20e,crypto_blockchain,positive,medium_negative,180065,The cryptocurrency bitcoin requires blockchain technology to operate.,protocol_anchor,bitcoin;blockchain,crypto_blockchain,medium_negative,yes,high,topical_but_not_primary,,annotation_source=auto_supplement; sampled_from_bucket=medium_negative,auto_supplement
aviation_aerospace,b944473b8ca1f56a,crypto_blockchain,positive,medium_negative,159326,"As the founder and COO of the first and largest cryptocurrency retirement program in the U.S., I’m seeing enormous demand from individuals and experiencing Bitcoin’s dramatic growth in price and adoption firsthand.",protocol_anchor,bitcoin,crypto_blockchain,medium_negative,yes,high,topical_but_not_primary,,annotation_source=auto_supplement; sampled_from_bucket=medium_negative,auto_supplement
aviation_aerospace,c5acde1bbdf951f6,japan,positive,medium_negative,9599,"Last time, we discussed the issues facing the Japanese online gamer.",country_anchor,japanese,japan,medium_negative,yes,high,topical_but_not_primary,,annotation_source=auto_supplement; sampled_from_bucket=medium_negative,auto_supplement
aviation_aerospace,a9d5d05f22f9b50c,crypto_blockchain,positive,medium_negative,97602,"“We didn’t even have minimum guidelines” back in 2014, when the bitcoin exchange Mt.",protocol_anchor,bitcoin,crypto_blockchain,medium_negative,yes,high,topical_but_not_primary,,annotation_source=auto_supplement; sampled_from_bucket=medium_negative,auto_supplement
aviation_aerospace,8360f5dfd1eace73,crypto_blockchain,positive,medium_negative,180801,You can simply transfer your ownership onto the blockchain where your future control of your crypto is guaranteed.,protocol_anchor,blockchain,crypto_blockchain,medium_negative,yes,high,topical_but_not_primary,,annotation_source=auto_supplement; sampled_from_bucket=medium_negative,auto_supplement
aviation_aerospace,84afe202032d3e99,japan,positive,medium_negative,18253,"RR: I sang karaoke in Japan, but they didn't have the right song.",country_anchor,japan,japan,medium_negative,yes,high,topical_but_not_primary,,annotation_source=auto_supplement; sampled_from_bucket=medium_negative,auto_supplement
aviation_aerospace,e70d7af723b85211,japan,positive,medium_negative,70131,"Part male wish fulfillment, part martial arts movie, and part gonzo anything-goes entertainment as only the Japanese film industry could dream up, Wolf Guy is a bizarre piece of work.",country_anchor,japanese,japan,medium_negative,yes,high,topical_but_not_primary,,annotation_source=auto_supplement; sampled_from_bucket=medium_negative,auto_supplement
aviation_aerospace,3e7bc452a231f5bf,crypto_blockchain,positive,medium_negative,199344,"In remarks, Digital Currency Group CEO Barry Silbert acknowledged that different users of the bitcoin network could go separate ways as a result of the deal, though he stated his belief that this outcome was increasingly likely before the meeting and proposal.",protocol_anchor,bitcoin,crypto_blockchain,medium_negative,yes,high,topical_but_not_primary,,annotation_source=auto_supplement; sampled_from_bucket=medium_negative,auto_supplement
aviation_aerospace,b94e4eb55dd2e91b,crypto_blockchain,positive,medium_negative,160417,"One of those competitors that libertarian cryptocurrency enthusiasts in NH have been using recently instead of Bitcoin is DASH, or ""Digital Cash"".",protocol_anchor,bitcoin,crypto_blockchain,medium_negative,yes,high,topical_but_not_primary,,annotation_source=auto_supplement; sampled_from_bucket=medium_negative,auto_supplement
aviation_aerospace,c64227ea85c4484e,japan,positive,medium_negative,74771,"[18] Eduniversal ranked Japanese business schools, and the Faculty of Economics in Todai is placed 4th in Japan (111th in the world).",country_anchor,japan;japanese,japan,medium_negative,yes,high,topical_but_not_primary,,annotation_source=auto_supplement; sampled_from_bucket=medium_negative,auto_supplement
aviation_aerospace,8bef84e5c74531eb,crypto_blockchain,positive,medium_negative,11392,"“I think that cash is on its way out, cash is very devalued and Bitcoin is the future.”

The crypto-currency is an electronic way for people to pay each other or retailers for goods and services either over the internet or a mobile network.",protocol_anchor,bitcoin,crypto_blockchain,medium_negative,yes,high,topical_but_not_primary,,annotation_source=auto_supplement; sampled_from_bucket=medium_negative,auto_supplement
aviation_aerospace,c172195f36324ebd,crypto_blockchain,positive,medium_negative,26074,"Bitcoin Could Be ‘Real Money’ in Japan

In an interesting development, Japan’s financial regulators are reportedly considering treating virtual currencies such as bitcoin equivalent to real money, a move that would strengthen the mechanism of consumer protection and pave a way for growth in the virtual economy.",protocol_anchor,bitcoin,crypto_blockchain,medium_negative,yes,high,topical_but_not_primary,,annotation_source=auto_supplement; sampled_from_bucket=medium_negative,auto_supplement
aviation_aerospace,0d02e90872dadab1,crypto_blockchain,positive,medium_negative,123905,"Dog Recovered, Three Arrested After Four-on-one Attack

Around 11:15pm on May 9, four suspects — three men aged 20, 21, and 33 and a 22-year-old female — approached a 21-year old woman near the intersection of Eddy and Taylor streets, attacked her and stole her dog, cell phone, wallet and money.",market_and_wallet,wallet,crypto_blockchain,medium_negative,yes,high,topical_but_not_primary,,annotation_source=auto_supplement; sampled_from_bucket=medium_negative,auto_supplement
aviation_aerospace,c2097511ecceb267,crypto_blockchain,positive,medium_negative,133301,"Afterwards, some attended a Liberty Meetup in Nashua, but I had to run — I had a date at Street — a Portsmouth restaurant that now accepts bitcoin!",protocol_anchor,bitcoin,crypto_blockchain,medium_negative,yes,high,topical_but_not_primary,,annotation_source=auto_supplement; sampled_from_bucket=medium_negative,auto_supplement
aviation_aerospace,8ef636bf85259802,crypto_blockchain,positive,medium_negative,97843,"However, the current implementation of the new “Amazon Wallet” application is fairly barebones – it doesn’t yet support mobile payments or the ability to store credit cards or debit cards.",market_and_wallet,wallet,crypto_blockchain,medium_negative,yes,high,topical_but_not_primary,,annotation_source=auto_supplement; sampled_from_bucket=medium_negative,auto_supplement
aviation_aerospace,dbb91c8ca26a7cd1,crypto_blockchain,positive,medium_negative,137627,"Now, however, that is much less the case, and marginal opportunities in blockchain technology are not nearly such easy grabs.",protocol_anchor,blockchain,crypto_blockchain,medium_negative,yes,high,topical_but_not_primary,,annotation_source=auto_supplement; sampled_from_bucket=medium_negative,auto_supplement
aviation_aerospace,519a91cf969bdb61,crypto_blockchain,positive,medium_negative,180079,The Linux Foundation partnered with financial and tech giants last month in a bid to advance the blockchain technology.,protocol_anchor,blockchain,crypto_blockchain,medium_negative,yes,high,topical_but_not_primary,,annotation_source=auto_supplement; sampled_from_bucket=medium_negative,auto_supplement
aviation_aerospace,de05449e81b2959d,japan,positive,medium_negative,16191,There is more lung disease and more deaths from it than in Europe and older people report more arthritis and other limitations on their activity than in Europe or Japan.,country_anchor,japan,japan,medium_negative,yes,high,topical_but_not_primary,,annotation_source=auto_supplement; sampled_from_bucket=medium_negative,auto_supplement
aviation_aerospace,61c1fd6eb7044a76,japan,positive,medium_negative,90275,"As the Japanese protesters walked by Rebel, who proudly and somewhat shyly held up his cartoon, some took photos and some flashed him the thumbs-up sign.",country_anchor,japanese,japan,medium_negative,yes,high,topical_but_not_primary,,annotation_source=auto_supplement; sampled_from_bucket=medium_negative,auto_supplement
aviation_aerospace,1329fe3529a0c86a,japan,positive,medium_negative,110603,"The game will be localized and published by Aksys, a publisher with a proud lineage of bringing niche Japanese titles to western players.",country_anchor,japanese,japan,medium_negative,yes,high,topical_but_not_primary,,annotation_source=auto_supplement; sampled_from_bucket=medium_negative,auto_supplement
aviation_aerospace,80441052bc0d750f,crypto_blockchain,positive,medium_negative,205907,"— Vertcoin (@Vertcoin) May 7, 2017

In activating Lightning Network (LN) transactions, Vertcoin becomes the only cryptocurrency other than pioneers SysCoin to embrace the full benefits of an upgrade the Bitcoin community is still debating.",protocol_anchor,bitcoin,crypto_blockchain,medium_negative,yes,high,topical_but_not_primary,,annotation_source=auto_supplement; sampled_from_bucket=medium_negative,auto_supplement
aviation_aerospace,f8d00bb8a997f0c0,crypto_blockchain,positive,medium_negative,79671,"Nexus Proof of Holding: Nexuss Proof of Holding system is based upon the Peercoin protocol, completely recoded and redesigned from scratch, utilizing an efficiency threshold, trust keys, and logarithmic weights to create the fairest and most stable staking system to date.",market_and_wallet,staking,crypto_blockchain,medium_negative,yes,high,topical_but_not_primary,,annotation_source=auto_supplement; sampled_from_bucket=medium_negative,auto_supplement
aviation_aerospace,375d2e147b5f671b,crypto_blockchain,positive,medium_negative,135561,"“I choose to make a point that bitcoin has real-world application — you can do things with it.”

Mr. Larkin describes the majority cryptocurrency adopters as fitting into one of two camps: those who wish to “get-rich-quick,” and the “true bitcoiners” who value the utility of cryptocurrency.",protocol_anchor,bitcoin,crypto_blockchain,medium_negative,yes,high,topical_but_not_primary,,annotation_source=auto_supplement; sampled_from_bucket=medium_negative,auto_supplement
aviation_aerospace,0354398983f9044c,japan,positive,medium_negative,93142,And Japan is today one of the foremost nations in the world.,country_anchor,japan,japan,medium_negative,yes,high,topical_but_not_primary,,annotation_source=auto_supplement; sampled_from_bucket=medium_negative,auto_supplement
aviation_aerospace,acd43ed05884a4d6,japan,positive,medium_negative,18041,TOKYO — He was celebrated as a prolific musical genius whose compositions appeared in popular video games and the competition routine of a top figure skater in the coming Sochi Olympics.,country_anchor,tokyo,japan,medium_negative,yes,high,topical_but_not_primary,,annotation_source=auto_supplement; sampled_from_bucket=medium_negative,auto_supplement
aviation_aerospace,2a91f7826e1f8904,crypto_blockchain,positive,medium_negative,16975,"After hinting at it a few weeks ago when Braintree enabled Bitcoin-based transactions for PayPal developers, the company is now enabling Bitcoin across the PayPal network for merchants of digital goods.",protocol_anchor,bitcoin,crypto_blockchain,medium_negative,yes,high,topical_but_not_primary,,annotation_source=auto_supplement; sampled_from_bucket=medium_negative,auto_supplement
aviation_aerospace,e84c7c23f6e1f7d1,japan,positive,medium_negative,110321,"Several months after I arrived at Mount Koya, the center of Shingon Buddhism in Japan, eventually, I was assigned to teach some of the young monks English.",country_anchor,japan,japan,medium_negative,yes,high,topical_but_not_primary,,annotation_source=auto_supplement; sampled_from_bucket=medium_negative,auto_supplement
aviation_aerospace,52640aa2c41e3227,crypto_blockchain,positive,medium_negative,54280,"CEX.IO is a bitcoin exchange based in London, where users can buy and sell bitcoins using their online platform.",protocol_anchor,bitcoin,crypto_blockchain,medium_negative,yes,high,topical_but_not_primary,,annotation_source=auto_supplement; sampled_from_bucket=medium_negative,auto_supplement
aviation_aerospace,2c58809b3e220561,crypto_blockchain,positive,medium_negative,54278,"It’s now possible to withdraw funds directly to your credit card on CEX.IO

Announced today on the CEX.IO blog, users of the bitcoin exchange can now make withdrawals of fiat currencies directly to their payment cards; Visa and Mastercard are currently accepted on their site.",protocol_anchor,bitcoin,crypto_blockchain,medium_negative,yes,high,topical_but_not_primary,,annotation_source=auto_supplement; sampled_from_bucket=medium_negative,auto_supplement
aviation_aerospace,dd489ed6bd9418ed,crypto_blockchain,positive,medium_negative,180084,"""The bitcoin developer community is dedicated to the future of bitcoin, looks after the health of the network, strives for the highest standards of performance, and works to keep bitcoin secure on behalf of everyone,"" said the letter.",protocol_anchor,bitcoin,crypto_blockchain,medium_negative,yes,high,topical_but_not_primary,,annotation_source=auto_supplement; sampled_from_bucket=medium_negative,auto_supplement
aviation_aerospace,8a567f96d6f258ee,crypto_blockchain,positive,medium_negative,60613,To use bitcoin you need to download software that lets you access the blockchain and get an online wallet.,market_and_wallet;protocol_anchor,bitcoin;blockchain;wallet,crypto_blockchain,medium_negative,yes,high,topical_but_not_primary,,annotation_source=auto_supplement; sampled_from_bucket=medium_negative,auto_supplement
aviation_aerospace,24688ede28f76492,japan,positive,medium_negative,74749,It is among the top type of the select Japanese universities assigned additional funding under the MEXT's Top Global University Project to enhance Japan's global educational competitiveness.,country_anchor,japan;japanese,japan,medium_negative,yes,high,topical_but_not_primary,,annotation_source=auto_supplement; sampled_from_bucket=medium_negative,auto_supplement
aviation_aerospace,78e1cc82b92cf082,japan,positive,medium_negative,61795,"[172] The United States developed the first nuclear weapons and used them on Japan in the cities of Hiroshima and Nagasaki; causing the Japanese to surrender on September 2, ending World War II.",country_anchor,japan;japanese,japan,medium_negative,yes,high,topical_but_not_primary,,annotation_source=auto_supplement; sampled_from_bucket=medium_negative,auto_supplement
aviation_aerospace,6cab9f0abfb28d8e,crypto_blockchain,positive,medium_negative,159372,"Today, sites like Coinbase.com have made Bitcoin easy to use and accessible to the masses.",ecosystem_entities;protocol_anchor,bitcoin;coinbase,crypto_blockchain,medium_negative,yes,high,topical_but_not_primary,,annotation_source=auto_supplement; sampled_from_bucket=medium_negative,auto_supplement
aviation_aerospace,1206edf6e5954c8b,japan,positive,medium_negative,31295,"In 1944, Captain Wally A. Gayda, of the USAAF Air Transport Command, reportedly used a BAR to return fire against a Japanese Army Nakajima fighter that had attacked his C-46 cargo plane over the Hump in Burma.",country_anchor,japanese,japan,medium_negative,yes,high,topical_but_not_primary,,annotation_source=auto_supplement; sampled_from_bucket=medium_negative,auto_supplement
aviation_aerospace,1db0fc686066323c,japan,positive,medium_negative,97410,"Previous to that, he defended the dropping of nuke bombs on Japan.",country_anchor,japan,japan,medium_negative,yes,high,topical_but_not_primary,,annotation_source=auto_supplement; sampled_from_bucket=medium_negative,auto_supplement
aviation_aerospace,c7874ed273e10571,crypto_blockchain,positive,medium_negative,135558,"$1 million sounds like a lot but compared to how many bills get paid in Australia every day it’s a drop in the bucket.”

Some Bitcoiners Are Regularly Transacting With Cryptocurrency

David Larkin, a 32-year-old Melbourne IT worker who uses Living Room of Satoshi to pay his bills, told media of his decision to eschew speculation in favor of using bitcoin to conduct many of his day-to-day transactions.",protocol_anchor,bitcoin,crypto_blockchain,medium_negative,yes,high,topical_but_not_primary,,annotation_source=auto_supplement; sampled_from_bucket=medium_negative,auto_supplement
aviation_aerospace,754c660aed7755d7,crypto_blockchain,positive,medium_negative,79881,"This is not an idea Bitcoin brought into the world, it has existed for some time.",protocol_anchor,bitcoin,crypto_blockchain,medium_negative,yes,high,topical_but_not_primary,,annotation_source=auto_supplement; sampled_from_bucket=medium_negative,auto_supplement
aviation_aerospace,284c82b867e0f995,japan,positive,medium_negative,39957,"Nine cities — Glasgow in the UK, Hanover and Mannheim in Germany, Ghent in Belgium, Hamamatsu in Japan, Brazzaville in the Republic of Congo, Bogota in Columbia, Seville in Spain and Bologna in Italy — are a part of the UNESCO chain.",country_anchor,japan,japan,medium_negative,yes,high,topical_but_not_primary,,annotation_source=auto_supplement; sampled_from_bucket=medium_negative,auto_supplement
aviation_aerospace,953f048dd991035f,crypto_blockchain,positive,medium_negative,199356,Bitcoin might be good as it is right now.,protocol_anchor,bitcoin,crypto_blockchain,medium_negative,yes,high,topical_but_not_primary,,annotation_source=auto_supplement; sampled_from_bucket=medium_negative,auto_supplement
aviation_aerospace,0c59bd7ddda9b946,crypto_blockchain,positive,medium_negative,79649,"Nexus still seeks to help carry on Satoshis dream of decentralization, and as such continues to work on improving the Blockchain protocol.",protocol_anchor,blockchain,crypto_blockchain,medium_negative,yes,high,topical_but_not_primary,,annotation_source=auto_supplement; sampled_from_bucket=medium_negative,auto_supplement
aviation_aerospace,f3f3b72e50b93a16,crypto_blockchain,positive,medium_negative,180790,"It is, in fact, the very problem that the blockchain itself solves.",protocol_anchor,blockchain,crypto_blockchain,medium_negative,yes,high,topical_but_not_primary,,annotation_source=auto_supplement; sampled_from_bucket=medium_negative,auto_supplement
aviation_aerospace,4a892a1205311366,japan,positive,medium_negative,87115,"I think it’s very difficult for Japan to do that for reasons of national pride and also because as soon as you bring the outsiders it upsets the thing they call a “nuclear village,” that’s a term we use in Japan for the scientists, the academics, the bureaucrats, the politicians and the contractors, operators in these cozy interrelated situations when anyone who comes in from outside and demands some kind of openness and professionalism will upset that nice situation.",country_anchor,japan,japan,medium_negative,yes,high,topical_but_not_primary,,annotation_source=auto_supplement; sampled_from_bucket=medium_negative,auto_supplement
aviation_aerospace,97aabbc910acbf1c,japan,positive,medium_negative,28286,Further details for receiving the prize will be provided to winners directly by Car From Japan.,country_anchor,japan,japan,medium_negative,yes,high,topical_but_not_primary,,annotation_source=auto_supplement; sampled_from_bucket=medium_negative,auto_supplement
aviation_aerospace,b7eb30d2e20201a3,japan,positive,medium_negative,74815,"[73]

Former prime minister Kiichi Miyazawa ordered Japanese government agencies to reduce the rate of employees who had attended the university's law faculty to below 50 percent due to concerns about diversity in the bureaucracy.",country_anchor;government_and_policy,japanese;japanese government;prime minister,japan,medium_negative,yes,high,topical_but_not_primary,,annotation_source=auto_supplement; sampled_from_bucket=medium_negative,auto_supplement
aviation_aerospace,3d3fbbcf7fe9a62a,japan,positive,medium_negative,53601,"Thus, capitalists keep getting the higher profits that motivate their relocation out of Western Europe, North America and Japan.",country_anchor,japan,japan,medium_negative,yes,high,topical_but_not_primary,,annotation_source=auto_supplement; sampled_from_bucket=medium_negative,auto_supplement
aviation_aerospace,74da5c8d232244cb,japan,positive,medium_negative,5181,"Read more: Canada’s decision to decline TPP agreement shouldn’t have been a surprise: Trudeau

Article Continued Below

Thomas Walkom: Why Justin Trudeau will eventually join the new Trans-Pacific Partnership Five things to know about the Trans-Pacific Partnership Flavio Volpe and Jerry Dias both say the Liberals need to go slow to undo the potential damage done to their sector when the previous Conservative government agreed to concessions in the original TPP that would have given Japanese carmakers an unfair advantage in the Canadian market.",country_anchor,japanese,japan,medium_negative,yes,high,topical_but_not_primary,,annotation_source=auto_supplement; sampled_from_bucket=medium_negative,auto_supplement
aviation_aerospace,a1e90d1077492c5a,japan,positive,medium_negative,16025,"(But Sony apparently could use lessons in central banking: As in real-world Japan, price deflation has hit the market for Norrathian goods.)",country_anchor,japan,japan,medium_negative,yes,high,topical_but_not_primary,,annotation_source=auto_supplement; sampled_from_bucket=medium_negative,auto_supplement
aviation_aerospace,e5acdb3b26d3c7db,japan,positive,medium_negative,84487,"Eurogamer also managed to get a quote about part of the restructuring process from the long-running software (and formerly hardware) publisher, who commented about any future reductions in job redundancy, saying...Sega had long been making a good deal of their revenue from their Japanese arcades or pachinko business.",country_anchor,japanese,japan,medium_negative,yes,high,topical_but_not_primary,,annotation_source=auto_supplement; sampled_from_bucket=medium_negative,auto_supplement
aviation_aerospace,da0a66326cc61d5b,crypto_blockchain,positive,medium_negative,117983,Here’s a closer look at some of the top Bitcoin wallets available to users on mobile and desktop platforms right now.,protocol_anchor,bitcoin,crypto_blockchain,medium_negative,yes,high,topical_but_not_primary,,annotation_source=auto_supplement; sampled_from_bucket=medium_negative,auto_supplement
aviation_aerospace,b1dff42d4c47bc4f,crypto_blockchain,positive,medium_negative,79866,How was Bitcoin capturing so much attention in this moment in the history of money.,protocol_anchor,bitcoin,crypto_blockchain,medium_negative,yes,high,topical_but_not_primary,,annotation_source=auto_supplement; sampled_from_bucket=medium_negative,auto_supplement
aviation_aerospace,037ba4aa0adf3ecb,crypto_blockchain,positive,medium_negative,160522,"To begin with, the Philippines and Japan legalized Bitcoin and its businesses in their respective regions.",protocol_anchor,bitcoin,crypto_blockchain,medium_negative,yes,high,topical_but_not_primary,,annotation_source=auto_supplement; sampled_from_bucket=medium_negative,auto_supplement
aviation_aerospace,11faa33bfed29554,crypto_blockchain,positive,medium_negative,54291,Staying competitive with other exchanges has become a top priority for many bitcoin companies.,protocol_anchor,bitcoin,crypto_blockchain,medium_negative,yes,high,topical_but_not_primary,,annotation_source=auto_supplement; sampled_from_bucket=medium_negative,auto_supplement
aviation_aerospace,ad220045df7706bc,japan,positive,medium_negative,90017,"YONHAP / EPA South Korean swimmers are headed to the islets known as Dokdo in South Korea and Takeshima in Japan, and which are claimed by both countries, on Aug. 14, 2012

* UPDATE: South Korean media report that the team of swimmers reached the islands at 7:30 a.m. Wednesday — six and a half hours ahead of schedule.",country_anchor,japan,japan,medium_negative,yes,high,topical_but_not_primary,,annotation_source=auto_supplement; sampled_from_bucket=medium_negative,auto_supplement
aviation_aerospace,2f6a25a4557bca95,crypto_blockchain,positive,medium_negative,160520,"The growth of Ethereum can be attributed to the formation of the Enterprise Ethereum Alliance and its growing development community participated by large-scale corporations, organizations and businesses.",protocol_anchor,ethereum,crypto_blockchain,medium_negative,yes,high,topical_but_not_primary,,annotation_source=auto_supplement; sampled_from_bucket=medium_negative,auto_supplement
aviation_aerospace,e1f391e451b7d9fa,crypto_blockchain,positive,medium_negative,143909,"It comes down to a few key parameters and effects that some economists have a hard time getting their head around in reference to Cryptocurrency I will explain both :

Mining for production – the means and the technology.",market_and_wallet,mining,crypto_blockchain,medium_negative,yes,high,topical_but_not_primary,,annotation_source=auto_supplement; sampled_from_bucket=medium_negative,auto_supplement
aviation_aerospace,84b2570adab64b22,japan,positive,medium_negative,53570,"This report clearly exposes the immense costs of a globalizing capitalism for the wage-earning majorities in Western Europe, North America and Japan.",country_anchor,japan,japan,medium_negative,yes,high,topical_but_not_primary,,annotation_source=auto_supplement; sampled_from_bucket=medium_negative,auto_supplement
aviation_aerospace,0abec403c37e5dff,crypto_blockchain,positive,medium_negative,54284,"To make a withdrawal, follow these steps:

Go to your CEX.IO wallet and click “withdraw”.",market_and_wallet,wallet,crypto_blockchain,medium_negative,yes,high,topical_but_not_primary,,annotation_source=auto_supplement; sampled_from_bucket=medium_negative,auto_supplement
aviation_aerospace,c07f2deb7d33b7c8,crypto_blockchain,positive,medium_negative,160515,"By outperforming the US dollar by almost 50 percent, Bitcoin surpassed the growth of the Mexican Peso, Silver, Gold and Russian Ruble to become the best performing currency so far in 2017.",protocol_anchor,bitcoin,crypto_blockchain,medium_negative,yes,high,topical_but_not_primary,,annotation_source=auto_supplement; sampled_from_bucket=medium_negative,auto_supplement
aviation_aerospace,8473222d60625c7c,crypto_blockchain,positive,medium_negative,42395,"Hileman, who last week gave a lecture to the Bank of England on the risks of bitcoin and other cryptocurrencies, also flagged the risk of the whole market collapsing entirely.",protocol_anchor,bitcoin,crypto_blockchain,medium_negative,yes,high,topical_but_not_primary,,annotation_source=auto_supplement; sampled_from_bucket=medium_negative,auto_supplement
aviation_aerospace,99a4b8ace41ca2ea,japan,positive,medium_negative,29004,"""[70] Following the European leg, the group did a show in New York City, at the Windows on the World, for KROQ radio contest-winners, and then at the Big Day Out festival in Australia following several Japanese tour dates.",country_anchor,japanese,japan,medium_negative,yes,high,topical_but_not_primary,,annotation_source=auto_supplement; sampled_from_bucket=medium_negative,auto_supplement
aviation_aerospace,3940a578e4bd16d8,crypto_blockchain,positive,medium_negative,16985,"A few weeks ago at TechCrunch Disrupt, Braintree CEO Bill Ready said that it was adding Bitcoin as a payment to its SDK.",protocol_anchor,bitcoin,crypto_blockchain,medium_negative,yes,high,topical_but_not_primary,,annotation_source=auto_supplement; sampled_from_bucket=medium_negative,auto_supplement
aviation_aerospace,b53ba91493153f38,crypto_blockchain,positive,medium_negative,216654,"The group, which asks for ransoms between 0.1 and 1 Bitcoin has made 6.89700196 Bitcoin, which is about $6,220.",protocol_anchor,bitcoin,crypto_blockchain,medium_negative,yes,high,topical_but_not_primary,,annotation_source=auto_supplement; sampled_from_bucket=medium_negative,auto_supplement
aviation_aerospace,f42fad08ba71e2d1,crypto_blockchain,positive,medium_negative,127071,"And, 75 percent of it is in Ether versus 25 percent Bitcoin.",protocol_anchor,bitcoin,crypto_blockchain,medium_negative,yes,high,topical_but_not_primary,,annotation_source=auto_supplement; sampled_from_bucket=medium_negative,auto_supplement
aviation_aerospace,8b44843dcc81a657,japan,positive,medium_negative,49424,"To fill this gap in the market with some prickly cuteness, a hedgehog-themed cafe has opened in Roppongi District, Tokyo.",country_anchor,tokyo,japan,medium_negative,yes,high,topical_but_not_primary,,annotation_source=auto_supplement; sampled_from_bucket=medium_negative,auto_supplement
aviation_aerospace,977f58feb3179509,crypto_blockchain,positive,medium_negative,199349,"Even if miners with spare hardware were to support a fork, Peter Rizun, developer for the alternative bitcoin implementation Bitcoin Unlimited, expressed his doubts that two chains could continue.",protocol_anchor,bitcoin,crypto_blockchain,medium_negative,yes,high,topical_but_not_primary,,annotation_source=auto_supplement; sampled_from_bucket=medium_negative,auto_supplement
aviation_aerospace,46b04c802417ba79,japan,positive,medium_negative,9686,"There’s a big difference between making doushinji (games made for fun more than profit) and being an indie developer trying to make a living, and the latter are quite rare in Japan, though I was lucky enough to meet some.",country_anchor,japan,japan,medium_negative,yes,high,topical_but_not_primary,,annotation_source=auto_supplement; sampled_from_bucket=medium_negative,auto_supplement
aviation_aerospace,c95ce89f33271451,japan,positive,medium_negative,9659,"Internationally, however, there are still issues the Japanese gamer must deal with.",country_anchor,japanese,japan,medium_negative,yes,high,topical_but_not_primary,,annotation_source=auto_supplement; sampled_from_bucket=medium_negative,auto_supplement
aviation_aerospace,236b99d8d0a93c29,japan,positive,medium_negative,51264,You’ve always been a big fan of Japan day game.,country_anchor,japan,japan,medium_negative,yes,high,topical_but_not_primary,,annotation_source=auto_supplement; sampled_from_bucket=medium_negative,auto_supplement
aviation_aerospace,2395a810ebed8eb0,japan,positive,medium_negative,43469,"On a summer afternoon, herds of elderly tourists—American, Japanese, British—wander between the gift shops and sip lagers at pavement cafés beneath the gothic town hall.",country_anchor,japanese,japan,medium_negative,yes,high,topical_but_not_primary,,annotation_source=auto_supplement; sampled_from_bucket=medium_negative,auto_supplement
aviation_aerospace,d80d94688886e414,crypto_blockchain,positive,medium_negative,42404,"“Who is to say it doesn’t reach $100,000?”

In some emerging markets, bitcoin had hit well over $10,000 previously.",protocol_anchor,bitcoin,crypto_blockchain,medium_negative,yes,high,topical_but_not_primary,,annotation_source=auto_supplement; sampled_from_bucket=medium_negative,auto_supplement
aviation_aerospace,df6a69eba5c27819,crypto_blockchain,positive,medium_negative,160430,"Hopefully we'll see the DASH option (and possibly other cryptocurrencies like Ether) expand out to include the Keene and Concord Bitcoin Vending Machines, but for now that's not possible until Lamassu, the manufacturer of those machines, adds other coins as a possible option for vendors.",protocol_anchor,bitcoin,crypto_blockchain,medium_negative,yes,high,topical_but_not_primary,,annotation_source=auto_supplement; sampled_from_bucket=medium_negative,auto_supplement
aviation_aerospace,892bfd97fdad98a6,crypto_blockchain,positive,medium_negative,56529,Please note that the contribution is calculated based on the CFI held in your wallet — the numbers below are just examples at specific CFI holding levels.,market_and_wallet,wallet,crypto_blockchain,medium_negative,yes,high,topical_but_not_primary,,annotation_source=auto_supplement; sampled_from_bucket=medium_negative,auto_supplement
aviation_aerospace,928bf7bc011f9fae,japan,positive,medium_negative,22697,"If the group had been able to get the virus back to its laboratory, it would have then faced the challenge of reproducing the Ebola virus with enough volume to be used in a large-scale biological warfare attack, similar to its failed attacks on Tokyo and other Japanese cities in which the group sprayed thousands of gallons of botulinum toxin and Anthrax spores.",country_anchor,japanese;tokyo,japan,medium_negative,yes,high,topical_but_not_primary,,annotation_source=auto_supplement; sampled_from_bucket=medium_negative,auto_supplement
aviation_aerospace,866bdad94f7354d6,crypto_blockchain,positive,medium_negative,199315,Bitcoin’s been in this deadlock for two years.,protocol_anchor,bitcoin,crypto_blockchain,medium_negative,yes,high,topical_but_not_primary,,annotation_source=auto_supplement; sampled_from_bucket=medium_negative,auto_supplement
aviation_aerospace,964b1f0a507fe7ac,japan,positive,medium_negative,90019,"Tensions are rising once again over the tiny islands, known as Dokdo in South Korea and Takeshima in Japan, and claimed by both countries, with the latest spat coming at a bizarre intersection of pop culture, sports and politics.",country_anchor,japan,japan,medium_negative,yes,high,topical_but_not_primary,,annotation_source=auto_supplement; sampled_from_bucket=medium_negative,auto_supplement
aviation_aerospace,edc9a30478e37482,crypto_blockchain,positive,medium_negative,209031,"I expect that to change.”

Draper suggests that currently, bitcoin is far too speculative an investment for it to be a store of value.",protocol_anchor,bitcoin,crypto_blockchain,medium_negative,yes,high,topical_but_not_primary,,annotation_source=auto_supplement; sampled_from_bucket=medium_negative,auto_supplement
aviation_aerospace,76a3cadf7b22deaa,japan,positive,medium_negative,111621,"For Gillespie, the man who made MGM’s “Leo the Lion” roar, it was his first of 12 nominations for special effects, including three wins for Thirty Seconds Over Tokyo (1944), Green Dolphin Street (1947) and Ben-Hur (1959).",country_anchor,tokyo,japan,medium_negative,yes,high,topical_but_not_primary,,annotation_source=auto_supplement; sampled_from_bucket=medium_negative,auto_supplement
aviation_aerospace,58eb90cc6f170f37,crypto_blockchain,positive,medium_negative,137626,"In both cases the need was clear and the potential economic surplus was very high - before Bitcoin, you would have no choice but to buy the drugs in person and donate to Wikileaks by cash-in-the-mail, and so Bitcoin provided a massive convenience gain and thus the opportunity was snatched up almost instantly.",protocol_anchor,bitcoin,crypto_blockchain,medium_negative,yes,high,topical_but_not_primary,,annotation_source=auto_supplement; sampled_from_bucket=medium_negative,auto_supplement
aviation_aerospace,3fb4a3ca66d65b29,crypto_blockchain,positive,medium_negative,12829,"There are still a few people out there who believe sidechains are nothing more than vaporware, but the sidechains concept has an experienced team of Bitcoin Core developers behind it, not to mention a startup, Blockstream, that announced a $21 million round of funding late last year.",protocol_anchor,bitcoin,crypto_blockchain,medium_negative,yes,high,topical_but_not_primary,,annotation_source=auto_supplement; sampled_from_bucket=medium_negative,auto_supplement
aviation_aerospace,2ed14ab3fef77eed,japan,positive,medium_negative,87814,"Two Tokyo-based designers were commissioned to design a webpage that shows off Firefox 3.5's support for the feature, but you can also see @font-face in action for yourself if you have a recent version of Safari or the latest beta of Opera.",country_anchor,tokyo,japan,medium_negative,yes,high,topical_but_not_primary,,annotation_source=auto_supplement; sampled_from_bucket=medium_negative,auto_supplement
aviation_aerospace,44e7f8cc6b01b417,crypto_blockchain,positive,medium_negative,60611,"Bitcoin

Bitcoin is internet money, which unlike normal money is not controlled by banks or governments.",protocol_anchor,bitcoin,crypto_blockchain,medium_negative,yes,high,topical_but_not_primary,,annotation_source=auto_supplement; sampled_from_bucket=medium_negative,auto_supplement
aviation_aerospace,e3ecc7e4bf29d0b7,crypto_blockchain,positive,medium_negative,79652,"Nexus: Under the hood

Decentralized Decentralization

Consensus

Trust-based Proof-of-Holding

Security

Scalability

Spaced-Based Blockchain

Specifications

Nexus improves upon the Bitcoin protocol:

Current features:

3 consensus channels: Every channel reinforces the others to prevent 51% attacks on one channel, forcing attacker across multiple channels.",protocol_anchor,bitcoin;blockchain,crypto_blockchain,medium_negative,yes,high,topical_but_not_primary,,annotation_source=auto_supplement; sampled_from_bucket=medium_negative,auto_supplement
aviation_aerospace,bc91943940bd40fd,japan,positive,medium_negative,90253,Japanese citizenship is extremely difficult for foreigners to get; Zhao only received a passport in 2008.,country_anchor,japanese,japan,medium_negative,yes,high,topical_but_not_primary,,annotation_source=auto_supplement; sampled_from_bucket=medium_negative,auto_supplement
aviation_aerospace,f79ef588ba7246dc,crypto_blockchain,positive,medium_negative,124770,"(New York)

Interior Department Says It Can’t Explain Zinke’s Private Jet Use Because of Obama (The Hive)

How Morgan Stanley Outdid Goldman in Old Commodities Rivalry (Bloomberg)

Bitcoin Adds $41 Billion to Market Cap in 6 Days as It Hits All-Time High of $7,998 (CNBC)

SkyBridge Boss Grouses Over Sale Approval Delay (Reuters)

A French Challenge to Gundlach’s “Disaster” Bond Theory (Bloomberg)

Ohio Supreme Court justice says he’s been intimate with “50 very attractive females,” including one in a hayloft (USA Today",protocol_anchor,bitcoin,crypto_blockchain,medium_negative,yes,high,topical_but_not_primary,,annotation_source=auto_supplement; sampled_from_bucket=medium_negative,auto_supplement
aviation_aerospace,6cf61d7cd7dd6e67,japan,positive,medium_negative,90341,"On June 24, the same day he wrote about his Japan nightmare, Rebel tweeted a cartoon he drew in support of Atena Farghadani, an Iranian artist sentenced to more than 12 years in prison, in part for a cartoon she drew depicting members of Iranian parliament as animals.",country_anchor,japan,japan,medium_negative,yes,high,topical_but_not_primary,,annotation_source=auto_supplement; sampled_from_bucket=medium_negative,auto_supplement
aviation_aerospace,38364b5ff23b9678,japan,positive,medium_negative,75845,"""We continue to expect similar reports from state agencies and others across the nation given the nature and duration of the Japanese nuclear incident.""",country_anchor,japanese,japan,medium_negative,yes,high,topical_but_not_primary,,annotation_source=auto_supplement; sampled_from_bucket=medium_negative,auto_supplement
aviation_aerospace,431cf5fe255a7f81,japan,positive,medium_negative,90297,"“As far as I know, the Japanese policy on asylum and refugee seekers is a really harsh one,” Kanae Doi, Japan director for Human Rights Watch, told me.",country_anchor,japan;japanese,japan,medium_negative,yes,high,topical_but_not_primary,,annotation_source=auto_supplement; sampled_from_bucket=medium_negative,auto_supplement
aviation_aerospace,308492c6aa88c640,japan,positive,medium_negative,107456,"The Indomitable Great Saiyaman"" and it is scheduled to air on Sunday, Jan. 15 on Fuji TV at 9 a.m. Japan time.",country_anchor,japan,japan,medium_negative,yes,high,topical_but_not_primary,,annotation_source=auto_supplement; sampled_from_bucket=medium_negative,auto_supplement
aviation_aerospace,9eb7f866700331ce,japan,positive,medium_negative,61790,"On December 7, 1941, the Empire of Japan launched a surprise attack on Pearl Harbor, prompting the United States to join the Allies against the Axis powers.",country_anchor,japan,japan,medium_negative,yes,high,topical_but_not_primary,,annotation_source=auto_supplement; sampled_from_bucket=medium_negative,auto_supplement
aviation_aerospace,729632d4a509dc19,crypto_blockchain,positive,medium_negative,159332,"In April 2017, Bitcoin officially became a method of payment in Japan.",protocol_anchor,bitcoin,crypto_blockchain,medium_negative,yes,high,topical_but_not_primary,,annotation_source=auto_supplement; sampled_from_bucket=medium_negative,auto_supplement
aviation_aerospace,5de6b3089c8694b4,crypto_blockchain,positive,medium_negative,117972,"Though it was perhaps the major announcements by Blockchain, the Chamber of Digital Commerce and OKCoin, as well as discussion of New York’s new bitcoin regulation that reverberated most widely online, the conference itself was focused on engendering community spirit.",protocol_anchor,bitcoin;blockchain,crypto_blockchain,medium_negative,yes,high,topical_but_not_primary,,annotation_source=auto_supplement; sampled_from_bucket=medium_negative,auto_supplement
aviation_aerospace,4b1e1e84f8ec35d7,crypto_blockchain,positive,medium_negative,206136,The faux snake skin look is perfect for keeping PETA and your wallet happy.,market_and_wallet,wallet,crypto_blockchain,medium_negative,yes,high,topical_but_not_primary,,annotation_source=auto_supplement; sampled_from_bucket=medium_negative,auto_supplement
aviation_aerospace,556d3b3cba1126f6,japan,positive,medium_negative,24247,"It is true that I hit him.”

The pair remain in police custody, and now face the possibility of having to downgrade from convenience store sweets to the subpar desserts served by the Japanese penal system’s correctional facilities.",country_anchor,japanese,japan,medium_negative,yes,high,topical_but_not_primary,,annotation_source=auto_supplement; sampled_from_bucket=medium_negative,auto_supplement
aviation_aerospace,10e1a594b01fe4ce,japan,positive,medium_negative,9654,It’s no wonder the Japanese players would prefer to stick with people they know!,country_anchor,japanese,japan,medium_negative,yes,high,topical_but_not_primary,,annotation_source=auto_supplement; sampled_from_bucket=medium_negative,auto_supplement
aviation_aerospace,5ef0f69a74cd8264,crypto_blockchain,positive,medium_negative,127104,"Jeremy Epstein is CEO of Never Stop Marketing and currently works with startups in the blockchain and decentralization space, including OB1/OpenBazaar, Internet of People, and Storj.",protocol_anchor,blockchain,crypto_blockchain,medium_negative,yes,high,topical_but_not_primary,,annotation_source=auto_supplement; sampled_from_bucket=medium_negative,auto_supplement
aviation_aerospace,bb3d03276df9e980,crypto_blockchain,positive,medium_negative,12843,"Bitcoin BIP community consensus is focussed on security and tends to prioritize new features by utility to the community.”

What to Do in the Meantime

For now, the low-trust, federated peg model can be used as a test ground for sidechains.",protocol_anchor,bitcoin,crypto_blockchain,medium_negative,yes,high,topical_but_not_primary,,annotation_source=auto_supplement; sampled_from_bucket=medium_negative,auto_supplement
aviation_aerospace,da68c5d31b64f946,crypto_blockchain,positive,medium_negative,61094,"“Some economic experts might be able determine what Bitcoin’s future is going to look like, so you might want to listen to them as well.",protocol_anchor,bitcoin,crypto_blockchain,medium_negative,yes,high,topical_but_not_primary,,annotation_source=auto_supplement; sampled_from_bucket=medium_negative,auto_supplement
aviation_aerospace,0e424e61e5089879,japan,positive,medium_negative,106938,"Yuhei Takashima had meticulously catalogued nearly 150,000 photographs of his exploits over a 27-year period in around 400 separate albums

Published 5:32 PM, April 08, 2015

TOKYO, Japan – A former school principal who allegedly paid for sex with 12,000 women while in the Philippines has been arrested in Japan, over claims at least one of them was as young as 13, media reported Wednesday, April 8.",country_anchor,japan;tokyo,japan,medium_negative,yes,high,topical_but_not_primary,,annotation_source=auto_supplement; sampled_from_bucket=medium_negative,auto_supplement
aviation_aerospace,b28083c5c34a775c,crypto_blockchain,positive,medium_negative,137613,"One of the questions that has perhaps been central to my own research in blockchain technology is: ultimately, what is it even useful for?",protocol_anchor,blockchain,crypto_blockchain,medium_negative,yes,high,topical_but_not_primary,,annotation_source=auto_supplement; sampled_from_bucket=medium_negative,auto_supplement
aviation_aerospace,92388e0a2ec48ded,japan,positive,medium_negative,48083,"In a two-part episode in the 2011 first season, his story takes place in feudal Japan, when Hanzo Hasashi is the leader of the Shirai Ryu and a family man training his young son, Jubei, in combat, much to his wife's disapproval.",country_anchor,japan,japan,medium_negative,yes,high,topical_but_not_primary,,annotation_source=auto_supplement; sampled_from_bucket=medium_negative,auto_supplement
aviation_aerospace,8dd49b3278283a79,crypto_blockchain,positive,medium_negative,127072,These guys (18-25 ish and 98 percent male) were too late for Bitcoin but got in on the Ethereum ground floor.,protocol_anchor,bitcoin;ethereum,crypto_blockchain,medium_negative,yes,high,topical_but_not_primary,,annotation_source=auto_supplement; sampled_from_bucket=medium_negative,auto_supplement
aviation_aerospace,1dd4d342b62d0785,crypto_blockchain,positive,medium_negative,159327,"Bitcoin had a record-breaking year in 2017, taking a volatile growth course from $900 at the start of the year to $6,300 by October.",protocol_anchor,bitcoin,crypto_blockchain,medium_negative,yes,high,topical_but_not_primary,,annotation_source=auto_supplement; sampled_from_bucket=medium_negative,auto_supplement
aviation_aerospace,a53a34685b810580,crypto_blockchain,positive,medium_negative,79533,"One of these “opportunities” involves “a London-based FCA regulated, institutional provider of FX services that is building multiple blockchain and digital crypto currency technology solutions for global financial markets.”

The company added that it “does not have an agreement with any of these entities for a transaction and there is no assurance that a definitive agreement with these, or any other entity, will be entered into or ultimately consummated.”

Long Island Iced Tea’s most recent investor presentation, released on Oct. 5, made no mention of blockchain or any upcoming change in focus.",protocol_anchor,blockchain,crypto_blockchain,medium_negative,yes,high,topical_but_not_primary,,annotation_source=auto_supplement; sampled_from_bucket=medium_negative,auto_supplement
aviation_aerospace,fd92174491f49888,crypto_blockchain,positive,medium_negative,199260,"Second, it stated that the undersigned businesses would agree to activate software that would upgrade bitcoin’s block size to 2MB via a process known as a hard fork.",protocol_anchor,bitcoin,crypto_blockchain,medium_negative,yes,high,topical_but_not_primary,,annotation_source=auto_supplement; sampled_from_bucket=medium_negative,auto_supplement
aviation_aerospace,ee60e433019666ed,crypto_blockchain,positive,medium_negative,11387,"CTV British Columbia

A Vancouver woman is selling her used Volkswagen in exchange for the trendy new online currency known as Bitcoin.",protocol_anchor,bitcoin,crypto_blockchain,medium_negative,yes,high,topical_but_not_primary,,annotation_source=auto_supplement; sampled_from_bucket=medium_negative,auto_supplement
aviation_aerospace,1195a457ca6b2cda,japan,positive,medium_negative,19513,"Yakitori Alley in Yurakucho, Under the JR Yamanote Tracks I previously wrote about a couple of other places in the Yurakucho area and mentioned Yakitori, the classic Japanese dish of grilled meat or...

Candy and Snacks From Japan February 2019 Over the last couple of months I ordered some food and snacks from Hobbylink, Candysan, and Jbox, and also picked up stuff from local Asian ...

UHA Mikakuto Croquette, Cheeza, and other Japanese Snacks (Beer Optional) Savoury Japanese snacks like traditional sembei rice crackers are really good.",country_anchor,japan;japanese,japan,medium_negative,yes,high,topical_but_not_primary,,annotation_source=auto_supplement; sampled_from_bucket=medium_negative,auto_supplement
aviation_aerospace,babf1fa3a465ca29,crypto_blockchain,positive,medium_negative,117982,"Moghadam went on to say, “If you are using Bitcoin, you are making the world a better place.”

Top 5 Bitcoin Wallets in 2014

As with most forms of money, there are many different ways in which you can store your bitcoins.",protocol_anchor,bitcoin,crypto_blockchain,medium_negative,yes,high,topical_but_not_primary,,annotation_source=auto_supplement; sampled_from_bucket=medium_negative,auto_supplement
aviation_aerospace,330dc73833d7e171,crypto_blockchain,positive,medium_negative,180063,"What they need to do is probably redefine their business model on how they use this technology because ultimately even if blockchain technology is utilised, but the same business models are held, we haven't really progressed.",protocol_anchor,blockchain,crypto_blockchain,medium_negative,yes,high,topical_but_not_primary,,annotation_source=auto_supplement; sampled_from_bucket=medium_negative,auto_supplement
aviation_aerospace,e60cf98e07d7a9b7,crypto_blockchain,positive,medium_negative,16979,"They decided to go with a handful of launch partners instead of a single one, as PayPal’s Braintree did with Coinbase earlier this month.",ecosystem_entities,coinbase,crypto_blockchain,medium_negative,yes,high,topical_but_not_primary,,annotation_source=auto_supplement; sampled_from_bucket=medium_negative,auto_supplement
aviation_aerospace,334b7c51f3f7f12e,crypto_blockchain,positive,medium_negative,79679,Trust Network: Using Trust Keys and more sophistication in Checkpoints will create a Trust Network in which nodes will be given the opportunity to vote on checkpoints and blocks to agree on set blockchain.,protocol_anchor,blockchain,crypto_blockchain,medium_negative,yes,high,topical_but_not_primary,,annotation_source=auto_supplement; sampled_from_bucket=medium_negative,auto_supplement
aviation_aerospace,2d57ef4cae3b91d6,crypto_blockchain,positive,medium_negative,26064,Here are some recent developments on bitcoin and the blockchain from around the world.,protocol_anchor,bitcoin;blockchain,crypto_blockchain,medium_negative,yes,high,topical_but_not_primary,,annotation_source=auto_supplement; sampled_from_bucket=medium_negative,auto_supplement
aviation_aerospace,42cc5f29f1c85d88,japan,positive,medium_negative,80696,He then pitched three seasons in Japan.,country_anchor,japan,japan,medium_negative,yes,high,topical_but_not_primary,,annotation_source=auto_supplement; sampled_from_bucket=medium_negative,auto_supplement
aviation_aerospace,20e33f7298882eda,japan,positive,medium_negative,90256,"Instead, he has a Japanese ID card, which allows him to function domestically.",country_anchor,japanese,japan,medium_negative,yes,high,topical_but_not_primary,,annotation_source=auto_supplement; sampled_from_bucket=medium_negative,auto_supplement
aviation_aerospace,be1ae2b37fa4abb0,crypto_blockchain,positive,medium_negative,79525,"US:LTEA on Thursday said it was rebranding to become Long Blockchain Corp., and that it was “shifting its primary corporate focus towards the exploration of and investment in opportunities that leverage the benefits of blockchain technology.”

The stock nearly quadruped at its peak of the session.",protocol_anchor,blockchain,crypto_blockchain,medium_negative,yes,high,topical_but_not_primary,,annotation_source=auto_supplement; sampled_from_bucket=medium_negative,auto_supplement
aviation_aerospace,b244045390feac13,japan,positive,medium_negative,97605,The Japan Cryptocurrency Business Association reckons that approximately 18 companies are in the process of planning to apply for a license.,country_anchor,japan,japan,medium_negative,yes,high,topical_but_not_primary,,annotation_source=auto_supplement; sampled_from_bucket=medium_negative,auto_supplement
aviation_aerospace,ad2d667d9c09953e,japan,positive,medium_negative,22068,"The band subsequently did a tour of Europe, the US, Australia and Japan.",country_anchor,japan,japan,medium_negative,yes,high,topical_but_not_primary,,annotation_source=auto_supplement; sampled_from_bucket=medium_negative,auto_supplement
aviation_aerospace,a5b941cae8959ccc,crypto_blockchain,positive,medium_negative,79920,Bitcoin is money for digital goldbugs.,protocol_anchor,bitcoin,crypto_blockchain,medium_negative,yes,high,topical_but_not_primary,,annotation_source=auto_supplement; sampled_from_bucket=medium_negative,auto_supplement
aviation_aerospace,a7b204110e217a65,crypto_blockchain,positive,medium_negative,180805,I strongly suggest that you get a hardware wallet to protect your crypto.,market_and_wallet,wallet,crypto_blockchain,medium_negative,yes,high,topical_but_not_primary,,annotation_source=auto_supplement; sampled_from_bucket=medium_negative,auto_supplement
aviation_aerospace,e06a0308f3542b31,crypto_blockchain,positive,medium_negative,159337,Rumors that Amazon will soon begin accepting Bitcoin are persistent.,protocol_anchor,bitcoin,crypto_blockchain,medium_negative,yes,high,topical_but_not_primary,,annotation_source=auto_supplement; sampled_from_bucket=medium_negative,auto_supplement
aviation_aerospace,50f97b84f531e975,crypto_blockchain,positive,medium_negative,199270,"According to those involved, the process by which the measure would be approved involves miners augmenting coinbase transactions in new bitcoin blocks to signal their support, as soft forks are usually deployed.",ecosystem_entities;protocol_anchor,bitcoin;coinbase,crypto_blockchain,medium_negative,yes,high,topical_but_not_primary,,annotation_source=auto_supplement; sampled_from_bucket=medium_negative,auto_supplement
aviation_aerospace,1d08d683b9674c7e,japan,positive,medium_negative,40719,"75 Good The Disappearance of Hatsune Miku Review Guidelines While a bit inconsistent with translation and pacing, The Disappearance of Hatsune Miku is a poignant and heartwarming light novel that explores Japan’s virtual pop superstar in a surprisingly human way.",country_anchor,japan,japan,medium_negative,yes,high,topical_but_not_primary,,annotation_source=auto_supplement; sampled_from_bucket=medium_negative,auto_supplement
aviation_aerospace,f405ace72be9cee2,crypto_blockchain,positive,medium_negative,152607,"According to admissions made in connection with his guilty plea, Bridges admitted to using a private key to access a digital wallet belonging to the U.S. government, and subsequently transferring the bitcoin to other digital wallets at other bitcoin exchanges to which only he had access.",market_and_wallet;protocol_anchor,bitcoin;wallet,crypto_blockchain,medium_negative,yes,high,topical_but_not_primary,,annotation_source=auto_supplement; sampled_from_bucket=medium_negative,auto_supplement
aviation_aerospace,c753920d95e2e433,japan,positive,medium_negative,65256,"Even Peru, where piracy is virtually unheard of, saw an attack this year on a Japanese fishing trawler by a gang of criminals calling itself the “pirates of the sea.” Overall, the first nine months of this year saw 352 attacks — a record level.",country_anchor,japanese,japan,medium_negative,yes,high,topical_but_not_primary,,annotation_source=auto_supplement; sampled_from_bucket=medium_negative,auto_supplement
aviation_aerospace,e00a78c602dad8a0,japan,positive,medium_negative,7731,"But, and this is key, in the US zones tend to be exclusive but in Japan the zones limit the maximum nuisance in a zone.",country_anchor,japan,japan,medium_negative,yes,high,topical_but_not_primary,,annotation_source=auto_supplement; sampled_from_bucket=medium_negative,auto_supplement
aviation_aerospace,bc23a366a8eb74e8,crypto_blockchain,positive,medium_negative,42402,But even Dimon and others who say bitcoin represents a bubble - now the consensus view among mainstream investors - do not deny its price rise could still have further to go.,protocol_anchor,bitcoin,crypto_blockchain,medium_negative,yes,high,topical_but_not_primary,,annotation_source=auto_supplement; sampled_from_bucket=medium_negative,auto_supplement
aviation_aerospace,6ae49473b62ac6e0,japan,positive,medium_negative,83654,"Shining Resonance Re:frain announced for PS4 [Update 2]

Remastered release due out on March 29 in Japan.",country_anchor,japan,japan,medium_negative,yes,high,topical_but_not_primary,,annotation_source=auto_supplement; sampled_from_bucket=medium_negative,auto_supplement
aviation_aerospace,1c247ded9b8ffd3a,japan,positive,medium_negative,33519,"""Japan and South Korea will welcome a new era,"" Abe told reporters after speaking by phone with South Korean President Park Geun-Hye.",country_anchor,japan,japan,medium_negative,yes,high,topical_but_not_primary,,annotation_source=auto_supplement; sampled_from_bucket=medium_negative,auto_supplement
aviation_aerospace,30d011f6a2bf9e31,crypto_blockchain,positive,medium_negative,148543,"But president Michael Murphy figured a local premier was in order, given that he lives in a suburb where so many businesses embrace Bitcoin.",protocol_anchor,bitcoin,crypto_blockchain,medium_negative,yes,high,topical_but_not_primary,,annotation_source=auto_supplement; sampled_from_bucket=medium_negative,auto_supplement
aviation_aerospace,8510e0e2c8bf043c,crypto_blockchain,positive,medium_negative,199262,"The company wrote:

“We are also committed to the research and development of technical mechanisms to improve signaling in the bitcoin community, as well as to put in place communication tools, in order to more closely coordinate with ecosystem participants in the design, integration, and deployment of safe solutions that increase bitcoin capacity.”

Abra, Bitclub Network, Bitcoin.com, BitFury, Bitmain, BitPay, Blockchain, Bloq, Circle, RSK Labs and Xapo are said to be providing technical and engineering support to prepare for the upgrades, though their commitment was not further detailed.",protocol_anchor,bitcoin;blockchain,crypto_blockchain,medium_negative,yes,high,topical_but_not_primary,,annotation_source=auto_supplement; sampled_from_bucket=medium_negative,auto_supplement
aviation_aerospace,a2894eb16bf91709,crypto_blockchain,positive,medium_negative,160425,"Now, NH's top Bitcoin Vending Machine, the Manchester ""General Bytes"" unit at Murphy's Taproom has also added DASH, making New Hampshire the #1 state for DASH Vending Machines per capita with one DVM per 0.67 million population compared to Oregon's one per 1.3 million, and Florida's one per 2.25 million.",protocol_anchor,bitcoin,crypto_blockchain,medium_negative,yes,high,topical_but_not_primary,,annotation_source=auto_supplement; sampled_from_bucket=medium_negative,auto_supplement
aviation_aerospace,2ae724a0319877af,japan,positive,medium_negative,80603,"And despite all the controversy involving war history and contemporary Japanese politics, that might be the most important hurdle The Wind Rises has to overcome at the Oscars this year: the fact that it’s an animated film for mature audiences in a category that skews pre-adolescent.",country_anchor,japanese,japan,medium_negative,yes,high,topical_but_not_primary,,annotation_source=auto_supplement; sampled_from_bucket=medium_negative,auto_supplement
aviation_aerospace,05f06137845e20bb,japan,positive,medium_negative,72275,"But within about two hours after the quake struck, the Japanese agency reported there were no such warnings or advisories still in effect.",country_anchor,japanese,japan,medium_negative,yes,high,topical_but_not_primary,,annotation_source=auto_supplement; sampled_from_bucket=medium_negative,auto_supplement
aviation_aerospace,c65d237e3a801124,japan,positive,medium_negative,7740,"Meanwhile, Japanese zoning gives much more flexibility to builders, private promoters but also school boards and the cities themselves.",country_anchor,japanese,japan,medium_negative,yes,high,topical_but_not_primary,,annotation_source=auto_supplement; sampled_from_bucket=medium_negative,auto_supplement
aviation_aerospace,d9cd8b9beacd8bbe,japan,positive,medium_negative,24494,"'Instant evaporation'

Japanese companies increasingly relied on exports to drive growth and offset the persistently lackluster demand at home.",country_anchor;economy_and_society,japanese;japanese companies,japan,medium_negative,yes,high,topical_but_not_primary,,annotation_source=auto_supplement; sampled_from_bucket=medium_negative,auto_supplement
aviation_aerospace,a8af8a567623a621,japan,positive,medium_negative,90227,(Rebel and his girlfriend had been officially married several months before in Tokyo.),country_anchor,tokyo,japan,medium_negative,yes,high,topical_but_not_primary,,annotation_source=auto_supplement; sampled_from_bucket=medium_negative,auto_supplement
aviation_aerospace,8961694d252bd250,crypto_blockchain,positive,medium_negative,34136,"6:40pm (10 minutes):

BlockGeeks (http://blockgeeks.com/): Share & Grow Knowledge Around Blockchain Technology

AMEER ROSIC (http://www.ameerrosic.com/), Co-founder, Blockgeeks.",protocol_anchor,blockchain,crypto_blockchain,medium_negative,yes,high,topical_but_not_primary,,annotation_source=auto_supplement; sampled_from_bucket=medium_negative,auto_supplement
aviation_aerospace,2bb0e3ce239004fa,crypto_blockchain,positive,medium_negative,79532,"In a press release, it wrote it is “dedicated to becoming a significant participant in the evolution of blockchain technology that creates long term value for its shareholders and the global community by investing in and developing businesses that are ‘on-chain’.”

It added that “blockchain technology is fundamentally changing the way people and businesses transact, and the company will strive to be at the forefront of this dynamic industry, actively pursuing opportunities.”

The press release also linked to a corporate website, where the company wrote it was “already in the preliminary stages of evaluating specific opportunities involving blockchain technology,” including potential partnership, investments, or acquisitions.",ecosystem_entities;protocol_anchor,blockchain;on-chain,crypto_blockchain,medium_negative,yes,high,topical_but_not_primary,,annotation_source=auto_supplement; sampled_from_bucket=medium_negative,auto_supplement
aviation_aerospace,e48a83c625991b00,japan,positive,medium_negative,88371,"Japanese Egg & Garlic Fried Rice

Ingredients:

Method:

South Indian egg curry

Ingredients:

Method:

Egg & celery salad

Ingredients:

Method:

Sweet cours

Caramel custard

Ingredients:

Method:

Get egg-ed!",country_anchor,japanese,japan,medium_negative,yes,high,topical_but_not_primary,,annotation_source=auto_supplement; sampled_from_bucket=medium_negative,auto_supplement
aviation_aerospace,9a420359e121b81f,crypto_blockchain,positive,medium_negative,117989,"BitPay uses Bitcoin to Sponsor Georgia Tech Athletics, Unveils Facebook App

BitPay, a Bitcoin startup company founded in 2011 and a pioneer in business solutions for the digital currency, recently announced its affiliation to the Georgia Institute of Technology’s Athletic Association.",protocol_anchor,bitcoin,crypto_blockchain,medium_negative,yes,high,topical_but_not_primary,,annotation_source=auto_supplement; sampled_from_bucket=medium_negative,auto_supplement
aviation_aerospace,4e4ee72cfc624b40,japan,positive,medium_negative,9661,"People who played the original Final Fantasy 11 would also mention how the Japanese players sometimes seemed clannish, though I’ve also witnessed genuine random acts of kindness towards non-Japanese as well.",country_anchor,japanese,japan,medium_negative,yes,high,topical_but_not_primary,,annotation_source=auto_supplement; sampled_from_bucket=medium_negative,auto_supplement
aviation_aerospace,13a3b8509498908f,japan,positive,medium_negative,58751,"Yoshitaro Nomura - Japan (1974)

I was a fan of Seicho Matsumoto as well; I saw this film after reading his original novel.",country_anchor,japan,japan,medium_negative,yes,high,topical_but_not_primary,,annotation_source=auto_supplement; sampled_from_bucket=medium_negative,auto_supplement
aviation_aerospace,627b830fdd7df478,crypto_blockchain,positive,medium_negative,95631,The Bitcoin Price Calculator allows you to check what the price would be should these predictions come true.,protocol_anchor,bitcoin,crypto_blockchain,medium_negative,yes,high,topical_but_not_primary,,annotation_source=auto_supplement; sampled_from_bucket=medium_negative,auto_supplement
aviation_aerospace,4c4326c874147c51,crypto_blockchain,positive,medium_negative,135547,"Also Read: Australian Bitcoin Adoption Increases Following Regulatory Amendments

Using Bitcoin to Conduct Bill Payments

Despite bitcoin’s recent price surge triggering widespread use of the cryptocurrency as a speculative instrument, one Australian company is reporting increased usage of bitcoin as a means of payment.",protocol_anchor,bitcoin,crypto_blockchain,medium_negative,yes,high,topical_but_not_primary,,annotation_source=auto_supplement; sampled_from_bucket=medium_negative,auto_supplement
aviation_aerospace,5ecceef3ec363b14,crypto_blockchain,positive,medium_negative,127056,I just spent four days at two of the most important conferences in the emerging blockchain/crypto-currency space.,protocol_anchor,blockchain,crypto_blockchain,medium_negative,yes,high,topical_but_not_primary,,annotation_source=auto_supplement; sampled_from_bucket=medium_negative,auto_supplement
aviation_aerospace,4b215be2b2b57c18,crypto_blockchain,positive,medium_negative,15984,“Metropolis is a planned Ethereum development phase that includes two hard forks: Byzantium and Constantinople.,protocol_anchor,ethereum,crypto_blockchain,medium_negative,yes,high,topical_but_not_primary,,annotation_source=auto_supplement; sampled_from_bucket=medium_negative,auto_supplement
aviation_aerospace,4ea40313f97e5335,crypto_blockchain,positive,medium_negative,74185,"In another recent interview with Bitcoin Magazine, Bitcoin Core contributor and Ciphrex CEO Eric Lombrozo claimed a feature-complete pull request for Segregated Witness should be made available this month (April 2016).",protocol_anchor,bitcoin,crypto_blockchain,medium_negative,yes,high,topical_but_not_primary,,annotation_source=auto_supplement; sampled_from_bucket=medium_negative,auto_supplement
aviation_aerospace,768861f11eda90b1,japan,positive,medium_negative,85699,"I signed up to be staff counsel on the National Lawyers Guild Military Law Project in Okinawa, Japan.",country_anchor,japan,japan,medium_negative,yes,high,topical_but_not_primary,,annotation_source=auto_supplement; sampled_from_bucket=medium_negative,auto_supplement
aviation_aerospace,fddae67e59dc51a7,japan,positive,medium_negative,90270,Thousands of people were marching against Prime Minister Shinzo Abe’s moves to expand the scope of Japan’s military activity.,country_anchor;government_and_policy,japan;prime minister,japan,medium_negative,yes,high,topical_but_not_primary,,annotation_source=auto_supplement; sampled_from_bucket=medium_negative,auto_supplement
aviation_aerospace,7b7bf3de1b7ea43e,crypto_blockchain,positive,medium_negative,148544,"Local Bitcoin consultant Nikhil Chand, who encourage the businesses to do so, is promoting the event.",protocol_anchor,bitcoin,crypto_blockchain,medium_negative,yes,high,topical_but_not_primary,,annotation_source=auto_supplement; sampled_from_bucket=medium_negative,auto_supplement
aviation_aerospace,d0e000b4fac18a20,crypto_blockchain,positive,medium_negative,12833,"Although the timeframe for a real two-way peg is unclear, there seems to be a general path for this new functionality to make its way into Bitcoin.",protocol_anchor,bitcoin,crypto_blockchain,medium_negative,yes,high,topical_but_not_primary,,annotation_source=auto_supplement; sampled_from_bucket=medium_negative,auto_supplement
aviation_aerospace,63473cfc0fa4b6fb,japan,positive,medium_negative,61042,"Think Tanks in Their Fight for Influence >> Qatar Crisis Explained: What Just Happened and Why It Messes Up Trump's Iran and ISIS Plans (And there's an Israeli connection) >> Palestinians confirm: Top Hamas officials have left Qatar at country's request

Qatar is the world's biggest exporter of liquefied natural gas, while Japan is the largest importer, taking in about one-third of global shipments.",country_anchor,japan,japan,medium_negative,yes,high,topical_but_not_primary,,annotation_source=auto_supplement; sampled_from_bucket=medium_negative,auto_supplement
aviation_aerospace,770f6cb84aab5d92,crypto_blockchain,positive,medium_negative,137723,"The case of reputation is interesting because it combines together multiple benefits of the blockchain as a platform:

Its use as a data store for identity

Its use as a data store for reputational records

Inter-application interoperability (ratings tied to proof of payment, ability for any algorithm to work over the same underlying set of data, etc)

A guarantee that the underlying data will be portable going into the future (companies may voluntarily provide a reputation certificate in an exportable format, but they have no way to pre-commit to continuing to have that functionality going into the future)

The use of a decentralized platform more generally to guarantee that the reputation wasn't manipulated at the point of calculation

Now, for all of these benefits, there are substitutes: we can trust Visa and Mastercard to provide cryptographically signed receipts that a particular transaction took place, we can store reputational records on archive.org, we can have servers talk to each other, we can have private companies specify in their terms of service that they agree to be nice, and so forth.",protocol_anchor,blockchain,crypto_blockchain,medium_negative,yes,high,topical_but_not_primary,,annotation_source=auto_supplement; sampled_from_bucket=medium_negative,auto_supplement
aviation_aerospace,389001c3aff209eb,crypto_blockchain,positive,medium_negative,79851,"When Bitcoin came along, I was in the middle of a study about mobile phones and money in sub-Saharan Africa.",protocol_anchor,bitcoin,crypto_blockchain,medium_negative,yes,high,topical_but_not_primary,,annotation_source=auto_supplement; sampled_from_bucket=medium_negative,auto_supplement
aviation_aerospace,b0d32d3a6f72b074,japan,positive,medium_negative,28281,"Details:

Potential winners will be chosen and contacted via email by Car From Japan with instructions on how to choose & receive their prize.",country_anchor,japan,japan,medium_negative,yes,high,topical_but_not_primary,,annotation_source=auto_supplement; sampled_from_bucket=medium_negative,auto_supplement
aviation_aerospace,a5c666b696160456,crypto_blockchain,positive,medium_negative,15666,"In his backpack, one he hadn’t used since college, he put two liters of water, a number of snacks like trail mix and protein bars, a first aid kit from the bathroom, his wallet, and his laptop, which was now full of charge and loaded down with every resource he’d thought to cram it with.",market_and_wallet,wallet,crypto_blockchain,medium_negative,yes,high,topical_but_not_primary,,annotation_source=auto_supplement; sampled_from_bucket=medium_negative,auto_supplement
aviation_aerospace,9a522538e1a10e69,japan,positive,medium_negative,4119,"Gunmen are holding vessels from Japan, Malaysia, Thailand, Nigeria, Germany and Iran.",country_anchor,japan,japan,medium_negative,yes,high,topical_but_not_primary,,annotation_source=auto_supplement; sampled_from_bucket=medium_negative,auto_supplement
aviation_aerospace,da729da1d000175b,crypto_blockchain,positive,medium_negative,119573,Users say $12 million in Bitcoin has also vanished.,protocol_anchor,bitcoin,crypto_blockchain,medium_negative,yes,high,topical_but_not_primary,,annotation_source=auto_supplement; sampled_from_bucket=medium_negative,auto_supplement
aviation_aerospace,30eecadab8e245fe,crypto_blockchain,positive,medium_negative,160429,"Given the uncertainty of what could happen with Bitcoin in the coming weeks, it makes sense to rebrand Shire BTC Vending, which launched back in 2014 as part of the Shire Free Church, as Shire Crypto Vending.",protocol_anchor,bitcoin,crypto_blockchain,medium_negative,yes,high,topical_but_not_primary,,annotation_source=auto_supplement; sampled_from_bucket=medium_negative,auto_supplement
aviation_aerospace,ab86512b15f834a5,crypto_blockchain,positive,medium_negative,42400,"On Wednesday, a source with knowledge of the matter said Nasdaq Inc (NDAQ.O) plans to launch a futures contract based on bitcoin in 2018.",protocol_anchor,bitcoin,crypto_blockchain,medium_negative,yes,high,topical_but_not_primary,,annotation_source=auto_supplement; sampled_from_bucket=medium_negative,auto_supplement
aviation_aerospace,1eb5dd325345f209,crypto_blockchain,positive,medium_negative,11404,"Because Bitcoin isn’t backed by a mint, transactions are not subject to the same regulations as other currencies.",protocol_anchor,bitcoin,crypto_blockchain,medium_negative,yes,high,topical_but_not_primary,,annotation_source=auto_supplement; sampled_from_bucket=medium_negative,auto_supplement
aviation_aerospace,a0925340ac59afc0,japan,positive,medium_negative,28273,"Here is more

Prizes:

Potential winners will be chosen by Car From Japan and contacted personally via email on December, 2015.",country_anchor,japan,japan,medium_negative,yes,high,topical_but_not_primary,,annotation_source=auto_supplement; sampled_from_bucket=medium_negative,auto_supplement
aviation_aerospace,48186099c096c92d,crypto_blockchain,positive,medium_negative,34129,"-------

AGENDA:

6:00pm (15 minutes):

Networking

6:15pm (5 minutes):

Brief Intro: Bitcoin & Blockchain

SUNNY RAY (http://www.sunny-ray.com), Unocoin (http://unocoin.com) Co-founder & President

6:20pm (10 minutes):

Cryptiv (https://cryptiv.com/): Enterprise Blockchain Wallet Systems

MAT CYBULA (https://www.linkedin.com/in/matcybula), Cryptiv CEO & Co-founder

Mat's talk will be about the various blockchains being used today and how companies must approach security in a world of blockchain.",market_and_wallet;protocol_anchor,bitcoin;blockchain;wallet,crypto_blockchain,medium_negative,yes,high,topical_but_not_primary,,annotation_source=auto_supplement; sampled_from_bucket=medium_negative,auto_supplement
aviation_aerospace,8ec8c5fe46aea7fd,japan,positive,medium_negative,74767,"[11]

In the fall of 2012 and for the first time, the University of Tokyo started two undergraduate programs entirely taught in English and geared toward international students — Programs in English at Komaba (PEAK) — the International Program on Japan in East Asia and the International Program on Environmental Sciences.",country_anchor,japan;tokyo,japan,medium_negative,yes,high,topical_but_not_primary,,annotation_source=auto_supplement; sampled_from_bucket=medium_negative,auto_supplement
aviation_aerospace,b876845527de8104,japan,positive,medium_negative,53563,"Capitalism no longer delivers a rising standard of living in the regions where it began and developed first: Western Europe, North America and Japan, says Richard Wolff.",country_anchor,japan,japan,medium_negative,yes,high,topical_but_not_primary,,annotation_source=auto_supplement; sampled_from_bucket=medium_negative,auto_supplement
aviation_aerospace,e2fec722d0dc18b4,crypto_blockchain,positive,medium_negative,180058,Ryan believes one cannot dispute the soundness of blockchain technology but said its success lies within the uptake.,protocol_anchor,blockchain,crypto_blockchain,medium_negative,yes,high,topical_but_not_primary,,annotation_source=auto_supplement; sampled_from_bucket=medium_negative,auto_supplement
aviation_aerospace,a3cc0de9994d4d52,japan,positive,medium_negative,53778,The Japanese assumed that MacCarthy must be a close blood relative of the American commander.,country_anchor,japanese,japan,medium_negative,yes,high,topical_but_not_primary,,annotation_source=auto_supplement; sampled_from_bucket=medium_negative,auto_supplement
aviation_aerospace,ec7aef1ac460fa24,japan,positive,medium_negative,58747,"Yasuzo Masumura - Japan (1971)

This is based on Akiyuki Nosaka's novel.",country_anchor,japan,japan,medium_negative,yes,high,topical_but_not_primary,,annotation_source=auto_supplement; sampled_from_bucket=medium_negative,auto_supplement
aviation_aerospace,9281f4a4dd6cd561,japan,positive,medium_negative,32452,"Europe's Vita sales have looked more like Japan's, falling behind even the PSP and well behind the newer 3DS in the region last year.",country_anchor,japan,japan,medium_negative,yes,high,topical_but_not_primary,,annotation_source=auto_supplement; sampled_from_bucket=medium_negative,auto_supplement
aviation_aerospace,ed672c7201f8ca44,crypto_blockchain,positive,medium_negative,117978,"[Blockchain illustration by CoinTelegraph.com](https://blog.blockchain.com/content/images/2014/07/theblockchain.jpg)](https://blog.blockchain.com/content/images/2014/07/theblockchain.jpg)

[What is the Blockchain?",protocol_anchor,blockchain,crypto_blockchain,medium_negative,yes,high,topical_but_not_primary,,annotation_source=auto_supplement; sampled_from_bucket=medium_negative,auto_supplement
aviation_aerospace,fc7956870f11f2f4,japan,positive,medium_negative,114813,"In fact, some of us spent a lot of time burrowing through these obscure blogs, hoping to find and obtain rare vinyl rips and mindblowing '70s Japanese prog.",country_anchor,japanese,japan,medium_negative,yes,high,topical_but_not_primary,,annotation_source=auto_supplement; sampled_from_bucket=medium_negative,auto_supplement
aviation_aerospace,403e6d3a84425575,crypto_blockchain,positive,medium_negative,199293,"Bitcoin miner Chandler Guo noted his belief that, if anything, the compromise is perhaps more out of necessity given frustration over the stagnation of the technology’s development, and that in the end, there are perhaps no winners.",protocol_anchor,bitcoin,crypto_blockchain,medium_negative,yes,high,topical_but_not_primary,,annotation_source=auto_supplement; sampled_from_bucket=medium_negative,auto_supplement
aviation_aerospace,cd0eaab561f087d2,crypto_blockchain,positive,medium_negative,159336,"Bitcoin has seen a 55% increase in transaction volume in 2017, along with 30,000 new wallets created daily.",protocol_anchor,bitcoin,crypto_blockchain,medium_negative,yes,high,topical_but_not_primary,,annotation_source=auto_supplement; sampled_from_bucket=medium_negative,auto_supplement
aviation_aerospace,8ffe113d55bda03f,crypto_blockchain,positive,medium_negative,172669,"The initial audience of OpenBazaar is primarily made up of tech savvy individuals, Bitcoin addicts and independent creators (artists, designers, musicians, authors, homemade food & drink producers, gamers, entertainers, hand-crafters, ex-eBayers and so on).",protocol_anchor,bitcoin,crypto_blockchain,medium_negative,yes,high,topical_but_not_primary,,annotation_source=auto_supplement; sampled_from_bucket=medium_negative,auto_supplement
aviation_aerospace,4a547c0e8f9081f6,crypto_blockchain,positive,medium_negative,79879,Bitcoin reflects one of them.,protocol_anchor,bitcoin,crypto_blockchain,medium_negative,yes,high,topical_but_not_primary,,annotation_source=auto_supplement; sampled_from_bucket=medium_negative,auto_supplement
aviation_aerospace,a3483e45c35bd1cf,crypto_blockchain,positive,medium_negative,77413,"That’s right, we will distribute ZRX using our fully-functional and thoroughly audited smart contracts running on the Ethereum mainnet.",protocol_anchor,ethereum,crypto_blockchain,medium_negative,yes,high,topical_but_not_primary,,annotation_source=auto_supplement; sampled_from_bucket=medium_negative,auto_supplement
aviation_aerospace,eb0f282586118bc8,crypto_blockchain,positive,medium_negative,111319,One person even suggested that there could be a peer economy currency — maybe Bitcoin.,protocol_anchor,bitcoin,crypto_blockchain,medium_negative,yes,high,topical_but_not_primary,,annotation_source=auto_supplement; sampled_from_bucket=medium_negative,auto_supplement
aviation_aerospace,7d1c7f78e44df143,crypto_blockchain,positive,medium_negative,143913,"Bitcoin is an effective monopoly of production But the monopoly can’t be maintained indefinitely this causes a “catch 22” or “Paradox”

The fact that very few people and corporations control the production of Bitcoins into the market in effect means that Bitcoin is Price controlled.",protocol_anchor,bitcoin,crypto_blockchain,medium_negative,yes,high,topical_but_not_primary,,annotation_source=auto_supplement; sampled_from_bucket=medium_negative,auto_supplement
aviation_aerospace,1c3561c85b354541,japan,positive,medium_negative,90228,"He found a position as a visiting scholar at Saitama University, north of Tokyo.",country_anchor,tokyo,japan,medium_negative,yes,high,topical_but_not_primary,,annotation_source=auto_supplement; sampled_from_bucket=medium_negative,auto_supplement
aviation_aerospace,f683ceb68889792b,crypto_blockchain,positive,medium_negative,97598,"Also, an accomodative stance toward the cryptocurrency in Japan has also favored bulls in the market, with bitcoin given legal payment status on April 1.",protocol_anchor,bitcoin,crypto_blockchain,medium_negative,yes,high,topical_but_not_primary,,annotation_source=auto_supplement; sampled_from_bucket=medium_negative,auto_supplement
aviation_aerospace,674391d0a0080935,japan,positive,medium_negative,24242,"It’s unclear whether he first tried to speak to the couple in Japanese, or why he gestured for them to leave the store instead of pay for their ice cream.",country_anchor,japanese,japan,medium_negative,yes,high,topical_but_not_primary,,annotation_source=auto_supplement; sampled_from_bucket=medium_negative,auto_supplement
aviation_aerospace,52f1b6ea32bf61e8,crypto_blockchain,positive,medium_negative,159374,"Major retailers like Overstock and Expedia have also begun accepting it as payment, and countries across the world have begun opening up exchanges and accepting bitcoin as an official currency.",protocol_anchor,bitcoin,crypto_blockchain,medium_negative,yes,high,topical_but_not_primary,,annotation_source=auto_supplement; sampled_from_bucket=medium_negative,auto_supplement
aviation_aerospace,8cb9a6e42fa16684,crypto_blockchain,positive,medium_negative,39866,"If you like what I've posted, mine for me on whatever algo you like on www.zpool.ca for a minute using my bitcoin address: 1BJJYPRcRPzTEfByCwkeJ8SCBcrnGD1nhL

eaglejam

Offline

Activity: 7

Merit: 0

NewbieActivity: 7Merit: 0 Re: [ANN][Pool][Profit-Switch][Optional Auto-Exchange per Coin][Vardiff] ~ Hashcows December 24, 2013, 07:38:46 PM #1812

What is even more scary is they got by the 4-digit PIN that is MANDATORY to set.",protocol_anchor,bitcoin,crypto_blockchain,medium_negative,yes,high,topical_but_not_primary,,annotation_source=auto_supplement; sampled_from_bucket=medium_negative,auto_supplement
aviation_aerospace,06be9e992153136e,japan,positive,medium_negative,53774,After being initial rescued by a Japanese Destroyer the crew then started to throw rescued prisoners overboard and the remaining prisoners on the destroyer jumped back into the ocean and clambered back on the wreckage.,country_anchor,japanese,japan,medium_negative,yes,high,topical_but_not_primary,,annotation_source=auto_supplement; sampled_from_bucket=medium_negative,auto_supplement
aviation_aerospace,94b8dddd9dd28dda,crypto_blockchain,positive,medium_negative,123886,"Daylight Mugging On Mission Street

Two men said to be between 25 and 35 approached a 23-year-old man from behind near the intersection of Mission and 8th streets at 3:00pm on May 16, struck him, and stole his wallet.",market_and_wallet,wallet,crypto_blockchain,medium_negative,yes,high,topical_but_not_primary,,annotation_source=auto_supplement; sampled_from_bucket=medium_negative,auto_supplement
aviation_aerospace,a380b401406deda3,crypto_blockchain,positive,medium_negative,79539,surged nearly 200% after it said it would change its name to On-Line Blockchain PLC.,protocol_anchor,blockchain,crypto_blockchain,medium_negative,yes,high,topical_but_not_primary,,annotation_source=auto_supplement; sampled_from_bucket=medium_negative,auto_supplement
aviation_aerospace,3a40ea00d631f1ba,crypto_blockchain,positive,medium_negative,152608,"As part of his plea, Bridges agreed to turn over the stolen bitcoin to U.S. agents.",protocol_anchor,bitcoin,crypto_blockchain,medium_negative,yes,high,topical_but_not_primary,,annotation_source=auto_supplement; sampled_from_bucket=medium_negative,auto_supplement
aviation_aerospace,7d03c214381a0e50,japan,positive,medium_negative,16899,"Holds are good in such plays as the UK (-9%), Israel (-9%), Australia (-13%), Sweden (-28%), Mexico (-29%), Argentina (-30%), the Netherlands (-31%), Japan (-43%) and Germany (-45%).",country_anchor,japan,japan,medium_negative,yes,high,topical_but_not_primary,,annotation_source=auto_supplement; sampled_from_bucket=medium_negative,auto_supplement
aviation_aerospace,c3774c0519d7a292,crypto_blockchain,positive,medium_negative,205934,"We should not be deploying soft forks that are unlikely to activate.”

Closer collaboration between Bitcoin Core contributors and the worldwide bitcoin mining community appears to have led to a more efficient model of governance in 2016, but we’ll have to see how the BIP 9 rollouts of CHECKSEQUENCYVERIFY and Segregated Witness do over the next few weeks and months.",market_and_wallet;protocol_anchor,bitcoin;mining,crypto_blockchain,medium_negative,yes,high,topical_but_not_primary,,annotation_source=auto_supplement; sampled_from_bucket=medium_negative,auto_supplement
aviation_aerospace,070992d24c2b5e70,crypto_blockchain,positive,medium_negative,79916,So Bitcoin the commodity-money is more like a chimera of money?,protocol_anchor,bitcoin,crypto_blockchain,medium_negative,yes,high,topical_but_not_primary,,annotation_source=auto_supplement; sampled_from_bucket=medium_negative,auto_supplement
aviation_aerospace,f175c94b90182bea,japan,positive,medium_negative,43894,"Emperor Konoe (近衛天皇, Konoe-tennō, June 16, 1139 – August 22, 1155) was the 76th emperor of Japan,[1] according to the traditional order of succession.",country_anchor,japan,japan,medium_negative,yes,high,topical_but_not_primary,,annotation_source=auto_supplement; sampled_from_bucket=medium_negative,auto_supplement
aviation_aerospace,f6f3ab4838560388,crypto_blockchain,positive,medium_negative,159371,"Bitcoin’s Accessibility Will Dramatically Increase

When Bitcoin first launched, it was solely a peer-to-peer currency system, and it took an industrious and tech-savvy person to figure out the process of buying Bitcoin and storing it safely.",protocol_anchor,bitcoin,crypto_blockchain,medium_negative,yes,high,topical_but_not_primary,,annotation_source=auto_supplement; sampled_from_bucket=medium_negative,auto_supplement
aviation_aerospace,4d7a9068d4e52880,crypto_blockchain,positive,medium_negative,117980,"By using this database, every user has the ability to uncover what amount in Bitcoin has ever belonged to a specific address at a specific timeframe.",protocol_anchor,bitcoin,crypto_blockchain,medium_negative,yes,high,topical_but_not_primary,,annotation_source=auto_supplement; sampled_from_bucket=medium_negative,auto_supplement
aviation_aerospace,b8d64478fece5bd7,crypto_blockchain,positive,medium_negative,118787,So if you are into miniature yo-yos then you need to get your wallet ready for the launch of the Executive yo-yo Kickstarter tomorrow!,market_and_wallet,wallet,crypto_blockchain,medium_negative,yes,high,topical_but_not_primary,,annotation_source=auto_supplement; sampled_from_bucket=medium_negative,auto_supplement
aviation_aerospace,9b3818f074c303c1,japan,positive,medium_negative,49432,"In Japan, these prickly beasts are particularly popular as tiny companions.",country_anchor,japan,japan,medium_negative,yes,high,topical_but_not_primary,,annotation_source=auto_supplement; sampled_from_bucket=medium_negative,auto_supplement
aviation_aerospace,372cbd582a938bb5,crypto_blockchain,positive,medium_negative,26081,"Other than finance, blockchain is being applied to politics.",protocol_anchor,blockchain,crypto_blockchain,medium_negative,yes,high,topical_but_not_primary,,annotation_source=auto_supplement; sampled_from_bucket=medium_negative,auto_supplement
aviation_aerospace,0394455d0343ec49,crypto_blockchain,positive,medium_negative,42392,"(For a graphic on Bitcoin price rockets, click reut.rs/2zPekGm)

London-based Blockchain.info, one of the biggest global bitcoin wallet-providers, told Reuters on Wednesday that it had added a record number of new users on Tuesday, with more than 100,000 customers signing up, taking the total number to more than 19 million.",market_and_wallet;protocol_anchor,bitcoin;blockchain;wallet,crypto_blockchain,medium_negative,yes,high,topical_but_not_primary,,annotation_source=auto_supplement; sampled_from_bucket=medium_negative,auto_supplement
aviation_aerospace,2b1c5a02149ddef9,japan,positive,medium_negative,22702,Aum Shinrikyo operatives were given a great deal of operational freedom until their plans were discovered after the 1995 sarin attacks on the Tokyo subway.,country_anchor,tokyo,japan,medium_negative,yes,high,topical_but_not_primary,,annotation_source=auto_supplement; sampled_from_bucket=medium_negative,auto_supplement
aviation_aerospace,caf70fdfbea6832d,japan,positive,medium_negative,58744,"Akira Kurosawa - Japan (1961)

One of my favorite Kurosawa films, along with High and Low and Seven Samurai.",country_anchor,japan,japan,medium_negative,yes,high,topical_but_not_primary,,annotation_source=auto_supplement; sampled_from_bucket=medium_negative,auto_supplement
aviation_aerospace,31e73a747b93001b,crypto_blockchain,positive,medium_negative,42390,Bitcoin’s rapid ascent has led to countless warnings that it has reached bubble territory.,protocol_anchor,bitcoin,crypto_blockchain,medium_negative,yes,high,topical_but_not_primary,,annotation_source=auto_supplement; sampled_from_bucket=medium_negative,auto_supplement
aviation_aerospace,0f08e17201d7ce60,crypto_blockchain,positive,medium_negative,180813,"Oh, and, welcome to the point of – the blockchain revolution.",protocol_anchor,blockchain,crypto_blockchain,medium_negative,yes,high,topical_but_not_primary,,annotation_source=auto_supplement; sampled_from_bucket=medium_negative,auto_supplement
aviation_aerospace,e6af77dc412b33e7,japan,positive,medium_negative,108698,"What to do to alleviate commuter distress

When the Great East Japan Earthquake occurred on March 11, 2011, more than five million commuters had difficulty in returning home due to shutdown of many railways in the areas around Tokyo.",country_anchor,japan;tokyo,japan,medium_negative,yes,high,topical_but_not_primary,,annotation_source=auto_supplement; sampled_from_bucket=medium_negative,auto_supplement
aviation_aerospace,4c732b08fff48b89,crypto_blockchain,positive,medium_negative,199324,"As a wallet operator, its customers and the company itself have been feeling the strain of the higher transaction fees, and it’s due to an upgrade that they have no control over.",market_and_wallet,wallet,crypto_blockchain,medium_negative,yes,high,topical_but_not_primary,,annotation_source=auto_supplement; sampled_from_bucket=medium_negative,auto_supplement
aviation_aerospace,91a0903225107952,japan,positive,medium_negative,33517,"Japan's Prime Minister Shinzo Abe has heralded a ""new era"" in Japanese - South Korean relations after the two countries reached a landmark deal on the issue of wartime sex slaves.",country_anchor;government_and_policy,japan;japanese;prime minister,japan,medium_negative,yes,high,topical_but_not_primary,,annotation_source=auto_supplement; sampled_from_bucket=medium_negative,auto_supplement
aviation_aerospace,9849f1ea4940552c,japan,positive,medium_negative,10590,"Illustrations by Ben Passmore

You probably aren't getting into heaven if you enjoy watching New Japan Pro Wrestling.",country_anchor,japan,japan,medium_negative,yes,high,topical_but_not_primary,,annotation_source=auto_supplement; sampled_from_bucket=medium_negative,auto_supplement
aviation_aerospace,aa5c4deb3658a96f,japan,positive,medium_negative,9665,"Mathieu, on the other hand, noted that Japanese players often have different styles.",country_anchor,japanese,japan,medium_negative,yes,high,topical_but_not_primary,,annotation_source=auto_supplement; sampled_from_bucket=medium_negative,auto_supplement
aviation_aerospace,548010b69ebc4227,soccer,positive,background_negative,158665,It also houses players in fighting games and FIFA.,league_anchor,fifa,soccer,background_negative,yes,high,clean_background_control,,annotation_source=auto_supplement; sampled_from_bucket=background_negative,auto_supplement
aviation_aerospace,523d5815c8399698,combat_sports,positive,background_negative,385914,"But it could be argued that prolonged abstinence from wanking could be detrimental to a man’s health, unless he was a star football player or a boxing champion, in which case it is believed that, um, preserving the fluids could lead to enhanced physical performance on the field or in the boxing ring.",promotion_anchor,boxing,combat_sports,background_negative,yes,high,clean_background_control,,annotation_source=auto_supplement; sampled_from_bucket=background_negative,auto_supplement
aviation_aerospace,a808ced166c4dd08,mlb_baseball,positive,background_negative,563252,"Hide Caption 2 of 19 Photos: Mars Opportunity and Spirit rovers While traversing on and around the ancient volcanic feature called Home Plate, Spirit took many images of finely layered and more frothy looking volcanic rocks.",baseball_jargon,home plate,mlb_baseball,background_negative,yes,high,clean_background_control,,annotation_source=auto_supplement; sampled_from_bucket=background_negative,auto_supplement
aviation_aerospace,36093df8b582ca68,combat_sports,positive,background_negative,248360,"Somehow the entire scene didn't devolve into a brawl, because as you know sometimes these things happen in MMA.",promotion_anchor,mma,combat_sports,background_negative,yes,high,clean_background_control,,annotation_source=auto_supplement; sampled_from_bucket=background_negative,auto_supplement
aviation_aerospace,8f9891724e396795,combat_sports,positive,background_negative,335458,Werdum beat Fedor and earned the title shot against Overeem -- whether he wants it or not.,training_and_matchmaking,title shot,combat_sports,background_negative,yes,high,clean_background_control,,annotation_source=auto_supplement; sampled_from_bucket=background_negative,auto_supplement
aviation_aerospace,ba48cd4c422e1c59,combat_sports,positive,background_negative,49542,"The UFC organization also licenses over 100 UFC GYM® locations, and owns UFC.TV® (offering live event broadcasts and video on-demand around the world), UFC FIT® (an in-home fitness and nutrition program), UFC Magazine, and has a videogame franchise with EA SPORTS, UFC Fight Club®, UFC Fan Expo®, UFC branded apparel, DVDs and Blu-rays and Topps Trading Cards.",promotion_anchor,ufc,combat_sports,background_negative,yes,high,clean_background_control,,annotation_source=auto_supplement; sampled_from_bucket=background_negative,auto_supplement
aviation_aerospace,2eff6ee264833ef2,soccer,positive,background_negative,219430,"He was a striker, number 10 in the team, scoring a record 64 goals in 52 matches.",soccer_jargon,striker,soccer,background_negative,yes,high,clean_background_control,,annotation_source=auto_supplement; sampled_from_bucket=background_negative,auto_supplement
aviation_aerospace,e0959a81cf8bf4ba,combat_sports,positive,background_negative,148554,"But the main event comes on July 28 and 29, when the park will celebrate 200 years of Russians in America with a heritage festival expected to draw up to 3,000 people.",fighter_entities,main event,combat_sports,background_negative,yes,high,clean_background_control,,annotation_source=auto_supplement; sampled_from_bucket=background_negative,auto_supplement
aviation_aerospace,9f27c3976ad77290,mlb_baseball,positive,background_negative,787978,"Like when ex-Sydney FC striker Mark Janko scored six consecutive goals last season, Howe announced that he had equalled Besart Berisha’s A-League record from 2012, and was one game away from equalling the national league record, set by Damian Mori in 1994-95 for Adelaide City.",league_anchor,national league,mlb_baseball,background_negative,yes,high,clean_background_control,,annotation_source=auto_supplement; sampled_from_bucket=background_negative,auto_supplement
aviation_aerospace,e284473fc581f47c,soccer,positive,background_negative,88219,"Midfielder Rasmus Schuller (thigh), defender Marc Burch (groin), defender Thomas de Villardi (Achilles) and Ramirez (hamstring) all trained separately.",soccer_jargon,midfielder,soccer,background_negative,yes,high,clean_background_control,,annotation_source=auto_supplement; sampled_from_bucket=background_negative,auto_supplement
aviation_aerospace,87d820fe8c9fab7f,mlb_baseball,positive,background_negative,36632,"Offensively, the Tribe can overwhelm teams with a .296 batting average entering the weekend.",baseball_jargon,batting average,mlb_baseball,background_negative,yes,high,clean_background_control,,annotation_source=auto_supplement; sampled_from_bucket=background_negative,auto_supplement
aviation_aerospace,7af3a9ee579d4f32,mlb_baseball,positive,background_negative,415239,"Curt Flood (1968)

AP Photo

With Mickey Lolich and Bob Gibson locked in a scoreless duel in the seventh inning of Game 7, the Cardinals' center fielder -- a seven-time Gold Glove winner -- misjudged Jim Northrup's deep flyball, which sailed over his head for a two-run triple as the Tigers won the game and series.",baseball_jargon,inning,mlb_baseball,background_negative,yes,high,clean_background_control,,annotation_source=auto_supplement; sampled_from_bucket=background_negative,auto_supplement
aviation_aerospace,9a6cc1820d1f3c58,soccer,positive,background_negative,216985,Kevin De Bruyne has been speaking to German magazine SportBIld about his future and has been quite frank about his aims to play for a huge club like Manchester United.,club_entities,manchester united,soccer,background_negative,yes,high,clean_background_control,,annotation_source=auto_supplement; sampled_from_bucket=background_negative,auto_supplement
aviation_aerospace,d5d40fa9a8d7a378,mlb_baseball,positive,background_negative,541089,Iglesias makes diving stop: The Tigers' defense picked up Verlander with two highlight plays in the fifth inning to strand Jimmy Rollins on third with the potential go-ahead run.,baseball_jargon,inning,mlb_baseball,background_negative,yes,high,clean_background_control,,annotation_source=auto_supplement; sampled_from_bucket=background_negative,auto_supplement
aviation_aerospace,27a22ce5191a97b5,soccer,positive,background_negative,88123,"Photo

If you watch the Champions League quarterfinals Tuesday and Wednesday, you will hear soccer fans in their full-throated glory.",league_anchor,champions league;soccer,soccer,background_negative,yes,high,clean_background_control,,annotation_source=auto_supplement; sampled_from_bucket=background_negative,auto_supplement
aviation_aerospace,7ae6736837fabf71,mlb_baseball,positive,background_negative,134704,"Richard Urena, SS - A left-handed hitting shortstop from the Dominican, Urena hit .296/.381/.403 and swiped 9 bags in the Dominican summer league.",baseball_jargon,shortstop,mlb_baseball,background_negative,yes,high,clean_background_control,,annotation_source=auto_supplement; sampled_from_bucket=background_negative,auto_supplement
aviation_aerospace,06619ad6ef566826,soccer,positive,background_negative,60091,"The striker can be seen protesting with a steward who, along with a colleague and officials, has a City fan pinned to the floor.",soccer_jargon,striker,soccer,background_negative,yes,high,clean_background_control,,annotation_source=auto_supplement; sampled_from_bucket=background_negative,auto_supplement
aviation_aerospace,33bfcdd08edd9314,soccer,positive,background_negative,115196,The Milanese club paid €36m to Monaco for the midfielder’s services two years ago but his time at the San Siro has been underwhelming.,soccer_jargon,midfielder,soccer,background_negative,yes,high,clean_background_control,,annotation_source=auto_supplement; sampled_from_bucket=background_negative,auto_supplement
aviation_aerospace,e99978fae23b6579,mlb_baseball,positive,background_negative,959189,"The Illini had six hits in the inning, including a two-run double from Ben Troike that gave Illinois the lead.",baseball_jargon,inning,mlb_baseball,background_negative,yes,high,clean_background_control,,annotation_source=auto_supplement; sampled_from_bucket=background_negative,auto_supplement
aviation_aerospace,eee32443220ec96c,combat_sports,positive,background_negative,267311,"The three hours were:

8 p.m.: 3.36 million viewers

9 p.m.: 3.33 million viewers

10 p.m.: 3.12 million viewers

Dancing with the Stars' final Monday night show of the season featuring UFC's Paige VanZant in the final three contestants did 12.34 million viewers.",promotion_anchor,ufc,combat_sports,background_negative,yes,high,clean_background_control,,annotation_source=auto_supplement; sampled_from_bucket=background_negative,auto_supplement
aviation_aerospace,f5130086924a10fe,mlb_baseball,positive,background_negative,542741,They began the month 3 1/2 games behind the St. Louis Cardinals for the second National League wild-card spot.,league_anchor,national league,mlb_baseball,background_negative,yes,high,clean_background_control,,annotation_source=auto_supplement; sampled_from_bucket=background_negative,auto_supplement
aviation_aerospace,ba3e9cafc20b437f,mlb_baseball,positive,background_negative,49181,"Thanks to the good folks over at Kenlu, we now have great pictures of the Nike Zoom Lebron V shoes in the special New York Yankees makeup.",team_entities,new york yankees,mlb_baseball,background_negative,yes,high,clean_background_control,,annotation_source=auto_supplement; sampled_from_bucket=background_negative,auto_supplement
aviation_aerospace,d8fad4655d8fe63c,mlb_baseball,positive,background_negative,645820,"NRG Esports — which has professional teams and players competing in Overwatch, Counter-Strike: Global Offensive, Hearthstone, Super Smash Bros., Rocket League and more — was founded by Sacramento Kings co-owners Andy Miller and Mark Mastrov, and has big name investors like four-time NBA champion Shaquille O'Neal and MLB stars/World Series champions Alex Rodriguez and Jimmy Rollins.",league_anchor,world series,mlb_baseball,background_negative,yes,high,clean_background_control,,annotation_source=auto_supplement; sampled_from_bucket=background_negative,auto_supplement
aviation_aerospace,ab5c38a1ef01aeae,combat_sports,positive,background_negative,171175,"Another fighter who’s made waves in the 185-pound weight class is Souza (20-3 MMA, 3-0 UFC).",promotion_anchor,mma;ufc,combat_sports,background_negative,yes,high,clean_background_control,,annotation_source=auto_supplement; sampled_from_bucket=background_negative,auto_supplement
aviation_aerospace,bf5b48410f2d12b2,mlb_baseball,positive,background_negative,137440,"Lobster Poutine Stak – Boston Red Sox

Lobster at a ballpark?",team_entities,boston red sox,mlb_baseball,background_negative,yes,high,clean_background_control,,annotation_source=auto_supplement; sampled_from_bucket=background_negative,auto_supplement
aviation_aerospace,4d8b825fe388ac92,mlb_baseball,positive,background_negative,547525,"The Cubs’ magic number to guarantee a better record than the Nationals is technically four, but since the Cubs hold a 5-2 advantage in the season series with Washington, they only have to tie the Nationals to guarantee home-field advantage in both rounds of the National League playoffs.",league_anchor,national league,mlb_baseball,background_negative,yes,high,clean_background_control,,annotation_source=auto_supplement; sampled_from_bucket=background_negative,auto_supplement
aviation_aerospace,165d89869df7c7f6,mlb_baseball,positive,background_negative,826094,Wrigley also became the majority owner of the Chicago Cubs in 1921.,team_entities,chicago cubs,mlb_baseball,background_negative,yes,high,clean_background_control,,annotation_source=auto_supplement; sampled_from_bucket=background_negative,auto_supplement
aviation_aerospace,6d9ffa94022ba870,mlb_baseball,positive,background_negative,84122,"Dirty Cheaters Save Major League Baseball

The ensuing years brought us another pivotal point in the demonization history of steroids: the infamous baseball strike.",league_anchor,major league baseball,mlb_baseball,background_negative,yes,high,clean_background_control,,annotation_source=auto_supplement; sampled_from_bucket=background_negative,auto_supplement
aviation_aerospace,fac8cc761e965bbf,combat_sports,positive,background_negative,49539,UFC programming is broadcast in 129 countries and territories to nearly 800 million TV households worldwide in 28 different languages.,promotion_anchor,ufc,combat_sports,background_negative,yes,high,clean_background_control,,annotation_source=auto_supplement; sampled_from_bucket=background_negative,auto_supplement
aviation_aerospace,f9690a11ce499046,soccer,positive,background_negative,212115,"Redfearn was Leeds caretaker manager three times before taking the job permanently last season

Uwe Rosler will be in charge of Leeds United for the forthcoming Championship season

'I would like to wish Uwe Rosler and his staff and players every success for next season and beyond so that Leeds can (get) back to the Premier League very soon

'Last, but not least, I wish to thank the fans for their unstinting support both during my time at the Academy and whilst in charge of the first team.",league_anchor,premier league,soccer,background_negative,yes,high,clean_background_control,,annotation_source=auto_supplement; sampled_from_bucket=background_negative,auto_supplement
aviation_aerospace,7d61e2744bf39eef,soccer,positive,background_negative,85313,"Check out Coral's current enhanced odds offers

Where to Bet on Premier League

The Premier League is one of the most exciting leagues to bet on.",league_anchor,premier league,soccer,background_negative,yes,high,clean_background_control,,annotation_source=auto_supplement; sampled_from_bucket=background_negative,auto_supplement
aviation_aerospace,d62c0a153a7628a3,mlb_baseball,positive,background_negative,735734,"3 prospect in all of baseball, at shortstop and Miguel Andujar at the hot corner, as well as a starting rotation comprised of left-hander Justus Sheffield (No.",baseball_jargon,shortstop,mlb_baseball,background_negative,yes,high,clean_background_control,,annotation_source=auto_supplement; sampled_from_bucket=background_negative,auto_supplement
aviation_aerospace,5944895f1c6724bd,mlb_baseball,positive,background_negative,642672,"Baseball broadcast

His pushing the matter is mirrored by New York Yankees announcer Phil Rizzuto broadcasting a portion of a baseball game that serves as a metaphor for his attempts to achieve his goal, accompanied by funk instrumentation and the two characters talking in the two individual left and right channels.",team_entities,new york yankees,mlb_baseball,background_negative,yes,high,clean_background_control,,annotation_source=auto_supplement; sampled_from_bucket=background_negative,auto_supplement
aviation_aerospace,9d32b925a60d6cdd,mlb_baseball,positive,background_negative,39117,Josh McLain smacked the first of the inning on an 0-2 pitch over the left field wall.,baseball_jargon,inning,mlb_baseball,background_negative,yes,high,clean_background_control,,annotation_source=auto_supplement; sampled_from_bucket=background_negative,auto_supplement
aviation_aerospace,a6032809c66d8938,soccer,positive,background_negative,224620,"Get the biggest Liverpool FC stories by email Subscribe Thank you for subscribing We have more newsletters Show me See our privacy notice Could not subscribe, try again later Invalid Email

Jurgen Klopp insisted Divock Origi was ideally suited to facing Borussia Dortmund after the young Liverpool striker shone in the 1-1 draw at the Westfalenstadion.",club_entities;soccer_jargon,liverpool;striker,soccer,background_negative,yes,high,clean_background_control,,annotation_source=auto_supplement; sampled_from_bucket=background_negative,auto_supplement
aviation_aerospace,4b8178bc422b768b,mlb_baseball,positive,background_negative,927516,"San Francisco Giants coach Hensley Meulens, Los Angeles Dodgers coach Chris Woodward, ESPN broadcaster Aaron Boone, former Cleveland and Seattle manager Eric Wedge and Yankees bench coach Rob Thomson are among the candidates reportedly under consideration.",team_entities,los angeles dodgers,mlb_baseball,background_negative,yes,high,clean_background_control,,annotation_source=auto_supplement; sampled_from_bucket=background_negative,auto_supplement
aviation_aerospace,55c6658e9ac5be19,mlb_baseball,positive,background_negative,867427,"In 2009, Artie Harris, a family friend and longtime scout, helped him land an internship in the Los Angeles Dodgers’ baseball operations department and, after a holding a number of positions with the Boston Red Sox, Sanders worked his way up to director, amateur scouting for the Toronto Blue Jays, a position he was named to on Sept. 29.",team_entities,boston red sox;los angeles dodgers,mlb_baseball,background_negative,yes,high,clean_background_control,,annotation_source=auto_supplement; sampled_from_bucket=background_negative,auto_supplement
aviation_aerospace,a521dace8acff738,combat_sports,positive,background_negative,47822,"After the first two UFC shows of the year, the talk was about close decisions and controversial judging.",promotion_anchor,ufc,combat_sports,background_negative,yes,high,clean_background_control,,annotation_source=auto_supplement; sampled_from_bucket=background_negative,auto_supplement
aviation_aerospace,636c55fed1a80252,mlb_baseball,positive,background_negative,755609,"Perhaps he can exceed his historic 2015 season, when he led the National League in homers (42), on-base percentage (.460), slugging percentage (.649), OPS (1.109) and WAR (9.9), and won the NL Most Valuable Player award unanimously.",league_anchor,national league,mlb_baseball,background_negative,yes,high,clean_background_control,,annotation_source=auto_supplement; sampled_from_bucket=background_negative,auto_supplement
aviation_aerospace,c4d5cd37addd974c,soccer,positive,background_negative,142826,"Unlike those inexcusable situations of sexism and his infamous ""gay fans should refrain from sexual activities in Qatar"" quote, this time he gave quite the explanation for why he's not the one to blame for the lack of female representation in the soccer body.",league_anchor,soccer,soccer,background_negative,yes,high,clean_background_control,,annotation_source=auto_supplement; sampled_from_bucket=background_negative,auto_supplement
aviation_aerospace,ffd4835fcb2d4809,combat_sports,positive,background_negative,187192,"… I felt real naked with just the vest that I had.”

In the above video, Fowlkes explains how the UFC’s quick retribution simply made the matter worse and further compounded criticism of the Reebok deal.",promotion_anchor,ufc,combat_sports,background_negative,yes,high,clean_background_control,,annotation_source=auto_supplement; sampled_from_bucket=background_negative,auto_supplement
aviation_aerospace,1a57cf14f46706a1,mlb_baseball,positive,background_negative,637846,Inge was hurt Saturday on a diving stop in the seventh inning.,baseball_jargon,inning,mlb_baseball,background_negative,yes,high,clean_background_control,,annotation_source=auto_supplement; sampled_from_bucket=background_negative,auto_supplement
aviation_aerospace,bc630c9476da866f,soccer,positive,background_negative,129357,Manchester United (6th) and Chelsea (8th) also spend more than the Gunners.,club_entities,manchester united,soccer,background_negative,yes,high,clean_background_control,,annotation_source=auto_supplement; sampled_from_bucket=background_negative,auto_supplement
aviation_aerospace,757fe0a05f5b2944,soccer,positive,background_negative,224841,"Aleksandr Kokorin”s stalled career springs to mind, although the Zenit striker is finally not only achieving his potential but impressively surpassing it both domestically and in Europe.",soccer_jargon,striker,soccer,background_negative,yes,high,clean_background_control,,annotation_source=auto_supplement; sampled_from_bucket=background_negative,auto_supplement
aviation_aerospace,7ca1d81fc1e38c40,mlb_baseball,positive,background_negative,597438,"Less than 24 hours later, the Blue Jays collaborated with Major League Baseball on the question of discipline and suspended Pillar for two games.",league_anchor,major league baseball,mlb_baseball,background_negative,yes,high,clean_background_control,,annotation_source=auto_supplement; sampled_from_bucket=background_negative,auto_supplement
aviation_aerospace,297a34bce6fa5489,combat_sports,positive,background_negative,47846,"But when Northcutt tapped to an arm triangle while holding half guard, a move that is rarely if ever a submission on the major league stage, and in a fight where he never looked in serious trouble, it opened up real questions.",training_and_matchmaking,submission,combat_sports,background_negative,yes,high,clean_background_control,,annotation_source=auto_supplement; sampled_from_bucket=background_negative,auto_supplement
aviation_aerospace,292ebecdf9a6b35c,combat_sports,positive,background_negative,324641,"This video clip, for example, contains one current UFC fighter and at least two other prospects who have a strong chance of eventually fighting in the UFC:

Products of this system are beginning to pop up more and more on lists of Combat Sambo champions as well.",promotion_anchor,ufc,combat_sports,background_negative,yes,high,clean_background_control,,annotation_source=auto_supplement; sampled_from_bucket=background_negative,auto_supplement
aviation_aerospace,6fe7bcdf7ffc477a,mlb_baseball,positive,background_negative,65117,"He came home to Chicago a few days before the 1945 World Series began, and he hopped a streetcar to Wrigley Field on the morning of game six, looking for tickets.",league_anchor,world series,mlb_baseball,background_negative,yes,high,clean_background_control,,annotation_source=auto_supplement; sampled_from_bucket=background_negative,auto_supplement
aviation_aerospace,9fe73459ba5d7f87,soccer,positive,background_negative,151253,"Valencia, Jones, Marouane Fellaini and Michael Carrick also missed the 4-1 Champions League win over CSKA Moscow on Wednesday, while Anthony Martial was forced off in the second half.",league_anchor,champions league,soccer,background_negative,yes,high,clean_background_control,,annotation_source=auto_supplement; sampled_from_bucket=background_negative,auto_supplement
aviation_aerospace,5f087af66b52cfb4,combat_sports,positive,background_negative,349941,"Overeem handily led the field at UFC on FOX 17, scoring a $542,857 payday for an upset win over Junior dos Santos in the final fight of the Dutchman's Zuffa contract, according to figures released to MMA Fighting on Monday by the Florida Department of Business and Professional Regulation.",promotion_anchor,mma;ufc,combat_sports,background_negative,yes,high,clean_background_control,,annotation_source=auto_supplement; sampled_from_bucket=background_negative,auto_supplement
aviation_aerospace,ecc2c650e86732d1,soccer,positive,background_negative,173423,"Jackie was captain of the soccer team, tall, thin, peppy and blonde—everything I was not.",league_anchor,soccer,soccer,background_negative,yes,high,clean_background_control,,annotation_source=auto_supplement; sampled_from_bucket=background_negative,auto_supplement
aviation_aerospace,d72112978a402d28,combat_sports,positive,background_negative,324643,"Given their strong base in freestyle wrestling and/or Judo, it makes perfect sense that fighters from the North Caucasus would do well in Sambo competition, and that accomplished practitioners of Sambo would translate well to full-blown MMA competition.",promotion_anchor,mma,combat_sports,background_negative,yes,high,clean_background_control,,annotation_source=auto_supplement; sampled_from_bucket=background_negative,auto_supplement
aviation_aerospace,17caf3cc88a0f0ea,mlb_baseball,positive,background_negative,985602,Consider the situation last spring with Major League Baseball.,league_anchor,major league baseball,mlb_baseball,background_negative,yes,high,clean_background_control,,annotation_source=auto_supplement; sampled_from_bucket=background_negative,auto_supplement
aviation_aerospace,0f8d6ce90e153fe6,soccer,positive,background_negative,161109,"According to a local media industry source, the National Communications Commission, the nation’s media regulator, could be an obstacle to the new soccer offerings, along with the need for collaborating with a local partner to negotiate financial and rights agreements.",league_anchor,soccer,soccer,background_negative,yes,high,clean_background_control,,annotation_source=auto_supplement; sampled_from_bucket=background_negative,auto_supplement
aviation_aerospace,72a3140c6fd30322,soccer,positive,background_negative,28041,Non-payment of wages has been a festering sore for Spanish soccer for many years.,league_anchor,soccer,soccer,background_negative,yes,high,clean_background_control,,annotation_source=auto_supplement; sampled_from_bucket=background_negative,auto_supplement
aviation_aerospace,de8b8acdd3be06ae,mlb_baseball,positive,background_negative,871196,"Untermeyer later became chairman of the Anti-Nazi league, American Jewish Committee and American League of Jewish Patriots.",league_anchor,american league,mlb_baseball,background_negative,yes,high,clean_background_control,,annotation_source=auto_supplement; sampled_from_bucket=background_negative,auto_supplement
aviation_aerospace,7517c6e51dc35359,combat_sports,positive,background_negative,176818,"""I was thrilled when Malki Kawa called me to discuss TEAMGAT expanding to include MMA athletes and signing Jon Jones as our first,"" Mark Post, Vice President of GAT, stated.",promotion_anchor,mma,combat_sports,background_negative,yes,high,clean_background_control,,annotation_source=auto_supplement; sampled_from_bucket=background_negative,auto_supplement
aviation_aerospace,8012d63b83a0cfcf,mlb_baseball,positive,background_negative,419676,"In the sixth inning, Scooter Gennett came to the plate and took a two-seamer, then whiffed on a slider.",baseball_jargon,inning,mlb_baseball,background_negative,yes,high,clean_background_control,,annotation_source=auto_supplement; sampled_from_bucket=background_negative,auto_supplement
aviation_aerospace,32ff0d0be1e0f307,mlb_baseball,positive,background_negative,811204,"Talk about the atmosphere surrounding the trial, and whether Major League Baseball was actually on trial.",league_anchor,major league baseball,mlb_baseball,background_negative,yes,high,clean_background_control,,annotation_source=auto_supplement; sampled_from_bucket=background_negative,auto_supplement
aviation_aerospace,7f36ca730ba9d789,soccer,positive,background_negative,22543,"With the second game at BMO Field, will TFC look to play shutdown soccer away, or aim to secure an advantage to take home?",league_anchor,soccer,soccer,background_negative,yes,high,clean_background_control,,annotation_source=auto_supplement; sampled_from_bucket=background_negative,auto_supplement
aviation_aerospace,d66111b8d2273a8f,combat_sports,positive,background_negative,56567,"I already know there’s going to be that one person out there, surrounded in their cluttered room of MMA memorabilia that will comment on this article stating he/she actually knew everything that was disclosed in this 8-part YouTube video series.",promotion_anchor,mma,combat_sports,background_negative,yes,high,clean_background_control,,annotation_source=auto_supplement; sampled_from_bucket=background_negative,auto_supplement
aviation_aerospace,59cfa71d991d0490,mlb_baseball,positive,background_negative,97103,"Jones became the youngest player ever to hit a home run in the World Series, and was also only the second player ever to hit a home run in his first two at bats in the fall classic.",league_anchor,world series,mlb_baseball,background_negative,yes,high,clean_background_control,,annotation_source=auto_supplement; sampled_from_bucket=background_negative,auto_supplement
aviation_aerospace,6c8f20d3f18e6866,soccer,positive,background_negative,157589,"Another former Navy athlete, Joseph Greenspan, who plays for the Colorado Rapids in Major League Soccer, was released from active duty after one year and will serve in the reserves while playing.",league_anchor,soccer,soccer,background_negative,yes,high,clean_background_control,,annotation_source=auto_supplement; sampled_from_bucket=background_negative,auto_supplement
aviation_aerospace,e55c04d8199f29d7,mlb_baseball,positive,background_negative,589134,"Peoria, AZ – November 10, 2017

Michael Chavis, 3B, Boston Red Sox

MLB.com 92/100 and 2nd overall in the Red Sox organization

Chavis came into 2017 with 25 professional HR, slugging .396, in 873 at bats.",team_entities,boston red sox,mlb_baseball,background_negative,yes,high,clean_background_control,,annotation_source=auto_supplement; sampled_from_bucket=background_negative,auto_supplement
aviation_aerospace,8976d0d14dcde84c,soccer,positive,background_negative,32021,"Riyad Mahrez has had a part in a league-high 25 Premier League goals this season (14 goals, 11 assists).",league_anchor,premier league,soccer,background_negative,yes,high,clean_background_control,,annotation_source=auto_supplement; sampled_from_bucket=background_negative,auto_supplement
aviation_aerospace,b370d426f5d35d2f,combat_sports,positive,background_negative,59401,"UFC officials have flirted with the idea of Carano returning from a five-year absence and a Hollywood hiatus to get an immediate shot at UFC women’s bantamweight champion Ronda Rousey (9-0 MMA, 3-0 UFC), assuming she gets by the durable and crafty Alexis Davis (16-5 MMA, 3-0 UFC) at UFC 175.",promotion_anchor,mma;ufc,combat_sports,background_negative,yes,high,clean_background_control,,annotation_source=auto_supplement; sampled_from_bucket=background_negative,auto_supplement
aviation_aerospace,24da4c710cbea1b0,mlb_baseball,positive,background_negative,246825,"They lost to the White Sox in the World Series in six games, in one of the greatest upsets in World Series history, but rebounded to win back-to-back titles in 1907 and 1908.",league_anchor,world series,mlb_baseball,background_negative,yes,high,clean_background_control,,annotation_source=auto_supplement; sampled_from_bucket=background_negative,auto_supplement
aviation_aerospace,d915a011ad77622f,mlb_baseball,positive,background_negative,898496,"However, Scherzer has proved to be nearly unhittable against right-handed batters, holding them to a microscopic .119 batting average and a .369 OPS.",baseball_jargon,batting average,mlb_baseball,background_negative,yes,high,clean_background_control,,annotation_source=auto_supplement; sampled_from_bucket=background_negative,auto_supplement
aviation_aerospace,76a7b8f0ceda71fd,mlb_baseball,positive,background_negative,118912,"Major league baseball is trending toward pitchers -- especially relievers -- with big velocity, and while the Twins may appear far behind the curve based on the above finding, they're certainly not ignorant to this reality.",league_anchor,major league baseball,mlb_baseball,background_negative,yes,high,clean_background_control,,annotation_source=auto_supplement; sampled_from_bucket=background_negative,auto_supplement
aviation_aerospace,5e0869004c5e1724,mlb_baseball,positive,background_negative,125447,"The Texas Rangers and Los Angeles Dodgers have emerged over the weekend as the likely favorites to trade for Philadelphia Phillies ace Cole Hamels, multiple sources said.",team_entities,los angeles dodgers,mlb_baseball,background_negative,yes,high,clean_background_control,,annotation_source=auto_supplement; sampled_from_bucket=background_negative,auto_supplement
aviation_aerospace,ad0b1a3fc57e64e6,combat_sports,positive,background_negative,462377,He won the silver medal at the Ahmednagar Boxing Championship barely after entering his teens.,promotion_anchor,boxing,combat_sports,background_negative,yes,high,clean_background_control,,annotation_source=auto_supplement; sampled_from_bucket=background_negative,auto_supplement
aviation_aerospace,fa69e704add372fc,mlb_baseball,positive,background_negative,744800,"In the late 1980s, the World Series returned to television as ESPN took over broadcasting.",league_anchor,world series,mlb_baseball,background_negative,yes,high,clean_background_control,,annotation_source=auto_supplement; sampled_from_bucket=background_negative,auto_supplement
aviation_aerospace,199bf78a7c1f1ff5,combat_sports,positive,background_negative,442407,"He lost all three bouts, two by submission and one by split decision, ending his run with MMA for the present time.",promotion_anchor;training_and_matchmaking,mma;submission,combat_sports,background_negative,yes,high,clean_background_control,,annotation_source=auto_supplement; sampled_from_bucket=background_negative,auto_supplement
aviation_aerospace,c73d283da826345b,combat_sports,positive,background_negative,187184,"Duran, who has long worked corners for both MMA and boxing events, has been outspoken of Reebok’s new cutmen uniforms, both in form and function, as well as the loss of sponsorship revenue that resulted from them.",promotion_anchor,boxing;mma,combat_sports,background_negative,yes,high,clean_background_control,,annotation_source=auto_supplement; sampled_from_bucket=background_negative,auto_supplement
aviation_aerospace,179830ceb2f797eb,mlb_baseball,positive,background_negative,562528,"But if those three years when he was runner-up, with those 832 strikeout/19 walk numbers, he hadn’t been matched up with Johnson and Santana and had three Cy Youngs and three World Series rings in a seven year period would have landed him in Cooperstown years ago.",league_anchor,world series,mlb_baseball,background_negative,yes,high,clean_background_control,,annotation_source=auto_supplement; sampled_from_bucket=background_negative,auto_supplement
aviation_aerospace,a1af69c34ab42615,mlb_baseball,positive,background_negative,36616,"Third baseman Grant Clyde, who's hitting .291 with four homers and 24 RBIs has been solid lately, while shortstop Trea Turner leads the way with a .376 batting average, six homers, 40 RBIs, and of course, 24 stolen bases in 30 attempts.",baseball_jargon,batting average;shortstop,mlb_baseball,background_negative,yes,high,clean_background_control,,annotation_source=auto_supplement; sampled_from_bucket=background_negative,auto_supplement
aviation_aerospace,884d927220cce806,soccer,positive,background_negative,172155,The Arsenal midfielder has enjoyed an outstanding first season in English football scoring 16 goals and providing eight assists for his team-mates in 35 appearances.,club_entities;soccer_jargon,arsenal;midfielder,soccer,background_negative,yes,high,clean_background_control,,annotation_source=auto_supplement; sampled_from_bucket=background_negative,auto_supplement
aviation_aerospace,0a7d8b9b6578bb04,mlb_baseball,positive,background_negative,36611,"N.C. State's starting rotation has been kind of a revolving door this season, but keep an eye on imposing left-handed pitcher Carlos Rodon, who was up to 93 in the ninth inning last weekend against North Carolina, and had his usual devastating 83-85 slider working extremely well, particularly in on right-handed hitters.",baseball_jargon,inning,mlb_baseball,background_negative,yes,high,clean_background_control,,annotation_source=auto_supplement; sampled_from_bucket=background_negative,auto_supplement
aviation_aerospace,270a36a9d8b29326,combat_sports,positive,background_negative,241909,"With Bisping primarily being a striker, it’s safe to assume St-Pierre is working with Shields, who last found in July under the PFL banner, to sharpen his wrestling and grappling for UFC 217.",promotion_anchor,ufc,combat_sports,background_negative,yes,high,clean_background_control,,annotation_source=auto_supplement; sampled_from_bucket=background_negative,auto_supplement
aviation_aerospace,bb1bd70ef4b934b8,mlb_baseball,positive,background_negative,347120,"Probably because the American League began using the DH in 1973 but pitchers still had to hit in the All-Star Game (unless they were pinch-hit for, as they often were).",league_anchor,american league,mlb_baseball,background_negative,yes,high,clean_background_control,,annotation_source=auto_supplement; sampled_from_bucket=background_negative,auto_supplement
aviation_aerospace,ae32b826f8f2e3e4,mlb_baseball,positive,background_negative,730397,"[1]

On June 10, the Reds were playing the first place St. Louis Cardinals at Crosley Field and trailing 13–0 in the ninth inning when Manager Bill McKechnie called on Nuxhall to enter the game.",baseball_jargon,inning,mlb_baseball,background_negative,yes,high,clean_background_control,,annotation_source=auto_supplement; sampled_from_bucket=background_negative,auto_supplement
aviation_aerospace,673a62c74583b2aa,soccer,positive,background_negative,1017,"Adams has represented the United States at a number of youth international levels, including time with the U.S. U-17 residency program, and as part of the 2015 FIFA Under-17 World Cup roster.",league_anchor,fifa,soccer,background_negative,yes,high,clean_background_control,,annotation_source=auto_supplement; sampled_from_bucket=background_negative,auto_supplement
aviation_aerospace,5983dcba982ab5f8,combat_sports,positive,background_negative,324607,"In rural areas, such as the Tsumadinsky District from which UFC lightweight Khabib Nurmagomedov hails, unemployment is as high as a shocking eighty percent.",promotion_anchor,ufc,combat_sports,background_negative,yes,high,clean_background_control,,annotation_source=auto_supplement; sampled_from_bucket=background_negative,auto_supplement
aviation_aerospace,fbb168a63b223ce2,combat_sports,positive,background_negative,66255,"The event, which airs on pay-per-view from Las Vegas’ MGM Grand Garden Arena, features the heavily anticipated grudge match between light-heavyweight champion Jon Jones (20-1 MMA, 14-1 UFC) and Daniel Cormier (15-0 MMA, 4-0 UFC).",fighter_entities;promotion_anchor,heavyweight;mma;pay-per-view;ufc,combat_sports,background_negative,yes,high,clean_background_control,,annotation_source=auto_supplement; sampled_from_bucket=background_negative,auto_supplement
aviation_aerospace,72d4a3ca928c0e6c,soccer,positive,background_negative,173440,The former Arsenal striker will present the live football phone-in show with Kelly Cates on Sundays.,club_entities;soccer_jargon,arsenal;striker,soccer,background_negative,yes,high,clean_background_control,,annotation_source=auto_supplement; sampled_from_bucket=background_negative,auto_supplement
aviation_aerospace,7e0ae45ce2dd1528,mlb_baseball,positive,background_negative,160845,"“I’m [freaking] 74 years old.”

74 or not, Jamie Moyer pitched a clean eighth inning on June 22.",baseball_jargon,inning,mlb_baseball,background_negative,yes,high,clean_background_control,,annotation_source=auto_supplement; sampled_from_bucket=background_negative,auto_supplement
aviation_aerospace,cd2f0d97253e03df,soccer,positive,background_negative,69544,"ORIGINAL STORY 27th June 2016: The FIFA community reckons it's exposed a ""chemistry glitch"" that proves a long-running theory about Ultimate Team handicapping.",league_anchor,fifa,soccer,background_negative,yes,high,clean_background_control,,annotation_source=auto_supplement; sampled_from_bucket=background_negative,auto_supplement
aviation_aerospace,fd25019b2a51a561,mlb_baseball,positive,background_negative,347109,"Here's the deal: If you're a student of All-Star Game history, you probably know that the National League won the 1964 game when Johnny Callison of the Phillies hit a walk-off homer in the bottom of the ninth.",league_anchor,national league,mlb_baseball,background_negative,yes,high,clean_background_control,,annotation_source=auto_supplement; sampled_from_bucket=background_negative,auto_supplement
aviation_aerospace,5d8d1f5c4ab2845f,soccer,positive,background_negative,142836,He can be praised for being honest and candid about the challenge but it's far too late in his 16th year as FIFA president to applaud him for merely recognizing the problem.,league_anchor,fifa,soccer,background_negative,yes,high,clean_background_control,,annotation_source=auto_supplement; sampled_from_bucket=background_negative,auto_supplement
aviation_aerospace,cc58faf935722f9d,mlb_baseball,positive,background_negative,428760,"The family of Jared Kushner, the president*'s son-in-law and chief Middle East troubleshooter, was seeking to buy the Miami Marlins baseball team from Jeffrey Loria, one of the towering villains in professional sports, famous for yanking the Expos out of Montreal, blackjacking stadium revenues out of the taxpayers of south Florida, and assembling World Series champions only to sell them off for parts.",league_anchor,world series,mlb_baseball,background_negative,yes,high,clean_background_control,,annotation_source=auto_supplement; sampled_from_bucket=background_negative,auto_supplement
aviation_aerospace,73dcf331b7b4cec0,mlb_baseball,positive,background_negative,102653,"Arias doesn't field better than the average shortstop, he doesn't run better than the average position player, and he certainly doesn't throw or hit better than the average shortstop.",baseball_jargon,shortstop,mlb_baseball,background_negative,yes,high,clean_background_control,,annotation_source=auto_supplement; sampled_from_bucket=background_negative,auto_supplement
aviation_aerospace,0894cf00d92e81fc,mlb_baseball,positive,background_negative,253572,"“Just Buster’s presence,” explained Evans, “the fact Ohtani saw him play on TV and in the World Series, and there he is getting a chance to meet him.",league_anchor,world series,mlb_baseball,background_negative,yes,high,clean_background_control,,annotation_source=auto_supplement; sampled_from_bucket=background_negative,auto_supplement
aviation_aerospace,181e87d00cf04121,combat_sports,positive,background_negative,380758,"The cars run heats and semifinals in order to set the field for the 10-car main event, which makes for a fast-paced race day.",fighter_entities,main event,combat_sports,background_negative,yes,high,clean_background_control,,annotation_source=auto_supplement; sampled_from_bucket=background_negative,auto_supplement
aviation_aerospace,d71ce9d70d98e303,mlb_baseball,positive,background_negative,787982,"Last season, when Wellington Phoenix’s Fijian striker Roy Krishna went on a goal-scoring spree, Hill wondered if he was on track to become the highest scoring Pacific Islander in the national league.",league_anchor,national league,mlb_baseball,background_negative,yes,high,clean_background_control,,annotation_source=auto_supplement; sampled_from_bucket=background_negative,auto_supplement
aviation_aerospace,742af371ad1b73f9,combat_sports,positive,background_negative,324576,"Ali Bagautinov will be the first fighter from the North Caucasus, but certainly not the last, to fight for a UFC title when he faces flyweight kingpin Demetrious Johnson on Saturday night.",promotion_anchor,ufc,combat_sports,background_negative,yes,high,clean_background_control,,annotation_source=auto_supplement; sampled_from_bucket=background_negative,auto_supplement
aviation_aerospace,c680c012590a2970,mlb_baseball,positive,background_negative,316821,"Legend has it that the Powers That Be in MLB introduced a so-called lively ball in 1920, hoping to produce a crop of exciting new home-run hitters to distract the public from the recent scandal of the Chicago “Black Sox,” who had fixed the 1919 World Series.",league_anchor,world series,mlb_baseball,background_negative,yes,high,clean_background_control,,annotation_source=auto_supplement; sampled_from_bucket=background_negative,auto_supplement
aviation_aerospace,70876f45df98a5ae,mlb_baseball,positive,background_negative,790407,I’m going to drop some honesty here: I started writing this when the A’s were winning in the eighth inning.,baseball_jargon,inning,mlb_baseball,background_negative,yes,high,clean_background_control,,annotation_source=auto_supplement; sampled_from_bucket=background_negative,auto_supplement
aviation_aerospace,9bf974c576dff980,soccer,positive,background_negative,8691,"Premier Futsal - whose president is ex-Real Madrid and Barcelona midfielder Figo - is the latest franchise-based sporting competition in India, following the Indian Premier League, Indian Super League and Premier Badminton League.",club_entities;league_anchor;soccer_jargon,barcelona;midfielder;premier league;real madrid,soccer,background_negative,yes,high,clean_background_control,,annotation_source=auto_supplement; sampled_from_bucket=background_negative,auto_supplement
aviation_aerospace,55c7bd0516c84e73,mlb_baseball,positive,background_negative,1067280,"Over those five years, he created the popular sports anthology series SportsWorld and served as Executive Producer of NBC coverage of the Super Bowl, World Series.",league_anchor,world series,mlb_baseball,background_negative,yes,high,clean_background_control,,annotation_source=auto_supplement; sampled_from_bucket=background_negative,auto_supplement
aviation_aerospace,69dda47895a448fd,soccer,positive,background_negative,142837,His responsibilities lay beyond just accepting that there's an institutionalized gender bias in FIFA's participating countries.,league_anchor,fifa,soccer,background_negative,yes,high,clean_background_control,,annotation_source=auto_supplement; sampled_from_bucket=background_negative,auto_supplement
aviation_aerospace,7e9931f76fc17040,combat_sports,positive,background_negative,187185,"“It’s pretty generic,” Duran recently told MMAjunkie Radio after UFC 189 earlier this month.",promotion_anchor,ufc,combat_sports,background_negative,yes,high,clean_background_control,,annotation_source=auto_supplement; sampled_from_bucket=background_negative,auto_supplement
aviation_aerospace,4d99c1295531afa9,mlb_baseball,positive,background_negative,167678,"Leading off an inning, I feel like maybe my concentration is not there.",baseball_jargon,inning,mlb_baseball,background_negative,yes,high,clean_background_control,,annotation_source=auto_supplement; sampled_from_bucket=background_negative,auto_supplement
aviation_aerospace,6395bb894a04b25c,mlb_baseball,positive,background_negative,541095,"Video: CWS@DET: McCann fields bunt barehanded, gets the out

Lapse in control: Quintana could have escaped a tough fifth-inning situation after retiring Victor Martinez on a foul popup to Abreu with the bases loaded and one out.",baseball_jargon,inning,mlb_baseball,background_negative,yes,high,clean_background_control,,annotation_source=auto_supplement; sampled_from_bucket=background_negative,auto_supplement
aviation_aerospace,d86fe80c520bd8ec,soccer,positive,background_negative,161314,"When the country is this poor, you need better policies than income splitting, or more tax deductions for transit or soccer.",league_anchor,soccer,soccer,background_negative,yes,high,clean_background_control,,annotation_source=auto_supplement; sampled_from_bucket=background_negative,auto_supplement
aviation_aerospace,823d68f527f8b51b,combat_sports,positive,background_negative,433955,"That being said his current deal, which came into effect for his last fight with Shogun Rua is a marked improvement on the $70,000 to show + $70,000 to win which he received for his title winning performance against Rashad Evans at UFC 98 in May.",promotion_anchor,ufc,combat_sports,background_negative,yes,high,clean_background_control,,annotation_source=auto_supplement; sampled_from_bucket=background_negative,auto_supplement
aviation_aerospace,624e95777414df60,combat_sports,positive,background_negative,433979,We can’t say for sure though due to his salary at UFC 103 not being released to the public.,promotion_anchor,ufc,combat_sports,background_negative,yes,high,clean_background_control,,annotation_source=auto_supplement; sampled_from_bucket=background_negative,auto_supplement
aviation_aerospace,af74242c0763882a,combat_sports,positive,background_negative,2803,"“He was one of the nicest people I have ever known and over the years we did shows together and became great friends.”

The former heavyweight boxing champion Frank Bruno tweeted: “Saddened to hear this, what a great guy.",promotion_anchor,boxing;heavyweight,combat_sports,background_negative,yes,high,clean_background_control,,annotation_source=auto_supplement; sampled_from_bucket=background_negative,auto_supplement
aviation_aerospace,59677066af7418a3,soccer,positive,background_negative,85287,The current Premier League Champions are Manchester City.,league_anchor,premier league,soccer,background_negative,yes,high,clean_background_control,,annotation_source=auto_supplement; sampled_from_bucket=background_negative,auto_supplement
aviation_aerospace,3f75dad78f084aa7,combat_sports,positive,background_negative,352048,"“I’m thinking about it.”

St. Pierre said that his relationship with White and the UFC is still on good terms.",promotion_anchor,ufc,combat_sports,background_negative,yes,high,clean_background_control,,annotation_source=auto_supplement; sampled_from_bucket=background_negative,auto_supplement
aviation_aerospace,65a80ad382d37a19,mlb_baseball,positive,background_negative,534808,"He tied for the team lead in home runs (27) and RBI (90), and is a finalist for the National League Gold Glove Award at third base.",league_anchor,national league,mlb_baseball,background_negative,yes,high,clean_background_control,,annotation_source=auto_supplement; sampled_from_bucket=background_negative,auto_supplement
aviation_aerospace,b58695dd1e34e10f,combat_sports,positive,background_negative,219751,"[9] He won his MMA debut on October 6, 2012, defeating Vince Lucero via TKO in the first round.",promotion_anchor,mma,combat_sports,background_negative,yes,high,clean_background_control,,annotation_source=auto_supplement; sampled_from_bucket=background_negative,auto_supplement
aviation_aerospace,3450c93a7c1ca2cd,mlb_baseball,positive,background_negative,950701,"WP: Brad Peacock (1-0), LP: Mike Pelfrey (7-12)”

Truth be told, the crowd at Yankee Stadium last night didn’t look all that different than a crowd at a Major League Baseball game normally might—lots of dudes in logo-ed t-shirts and caps, drinking beer, cheering lustily for the goings-on down below.",league_anchor,major league baseball,mlb_baseball,background_negative,yes,high,clean_background_control,,annotation_source=auto_supplement; sampled_from_bucket=background_negative,auto_supplement
aviation_aerospace,aab3f483b8560e98,mlb_baseball,positive,background_negative,712172,"I’ve been waiting for 10 years and I never made it before, now I made it.”

—

David Price settled into the familiar spot in the centre of the clubhouse where every game’s starting pitcher delivers their post-game interview.",baseball_jargon,starting pitcher,mlb_baseball,background_negative,yes,high,clean_background_control,,annotation_source=auto_supplement; sampled_from_bucket=background_negative,auto_supplement
aviation_aerospace,f14f2d29a67a5634,mlb_baseball,positive,background_negative,555934,"That blueprint could manifest itself in multiple ways: Capitalizing on off days to skip Harvey and keep the rest of the starting rotation on normal rest, or calling up a minor leaguer for a spot start in Harvey’s place, or limiting Harvey to some five-inning starts throughout the season, or just giving him a two-week breather.",baseball_jargon,inning,mlb_baseball,background_negative,yes,high,clean_background_control,,annotation_source=auto_supplement; sampled_from_bucket=background_negative,auto_supplement
aviation_aerospace,a4a6a62d7f03352e,soccer,positive,background_negative,219094,"Exit Theatre Mode

While Konami has had its fair share of issues these past few months with the cancelation of Silent Hills and its deteriorating relationship with Metal Gear Solid creator Hideo Kojima, its gaming division is still its most profitable arm, thanks to Pro Evolution Soccer 15 and a new mobile baseball game called Jikkyou Pawafuru Puroyakyu, which amassed a whopping eight million downloads in its first four months.",league_anchor,soccer,soccer,background_negative,yes,high,clean_background_control,,annotation_source=auto_supplement; sampled_from_bucket=background_negative,auto_supplement
aviation_aerospace,009ceac197e9657d,combat_sports,positive,background_negative,59397,"Despite one budding women’s division in the UFC and a second on the way, three of the most-talked-about female fighters in the sport don’t fight in the octagon.",fighter_entities;promotion_anchor,octagon;ufc,combat_sports,background_negative,yes,high,clean_background_control,,annotation_source=auto_supplement; sampled_from_bucket=background_negative,auto_supplement
aviation_aerospace,7dc590604d245666,combat_sports,positive,background_negative,324644,"They tend to be particularly skilled at combining punches with takedowns and striking on the ground, skills that only exist in Sambo and MMA itself.",promotion_anchor,mma,combat_sports,background_negative,yes,high,clean_background_control,,annotation_source=auto_supplement; sampled_from_bucket=background_negative,auto_supplement
aviation_aerospace,122a8cffba292133,combat_sports,positive,background_negative,460210,"If Aldo can come to terms with the UFC, the Nova Uniao product is likely to face top-ranked Max Holloway in his next bout.",promotion_anchor,ufc,combat_sports,background_negative,yes,high,clean_background_control,,annotation_source=auto_supplement; sampled_from_bucket=background_negative,auto_supplement
aviation_aerospace,148c07b625f9f062,soccer,positive,background_negative,161105,"An affiliate of al-Jazeera Media Networks, beIN Sport will also broadcast games from Italy’s Serie A, France’s Ligue 1, the FA Cup, US Major League Soccer and other major soccer tournaments.",league_anchor,serie a;soccer,soccer,background_negative,yes,high,clean_background_control,,annotation_source=auto_supplement; sampled_from_bucket=background_negative,auto_supplement
aviation_aerospace,3c4c1a7c837531ef,combat_sports,positive,background_negative,74557,I just hope that the rest of the pay-per-view doesn’t spoil the whole night.,fighter_entities,pay-per-view,combat_sports,background_negative,yes,high,clean_background_control,,annotation_source=auto_supplement; sampled_from_bucket=background_negative,auto_supplement
aviation_aerospace,659dd699cd50586f,soccer,positive,background_negative,25296,Sterling did not suffer any injuries in the alleged attack and he went on to start and score twice – his 14th and 15th goals of an extraordinary season – in City’s 4-1 victory over Tottenham as Pep Guardiola’s side moved 14 points clear at the top of the Premier League.,league_anchor,premier league,soccer,background_negative,yes,high,clean_background_control,,annotation_source=auto_supplement; sampled_from_bucket=background_negative,auto_supplement
aviation_aerospace,79c6ec9cd1e83f2e,mlb_baseball,positive,background_negative,197029,"This year, he’s doing something you’ll almost never see in a starting pitcher: Throw one pitch almost every time.",baseball_jargon,starting pitcher,mlb_baseball,background_negative,yes,high,clean_background_control,,annotation_source=auto_supplement; sampled_from_bucket=background_negative,auto_supplement
aviation_aerospace,9e3ade229b7f0efe,mlb_baseball,positive,background_negative,547528,"The New York Mets lost 5-4 to the Atlanta Braves on Tuesday night at Citi Field, and the San Francisco Giants and St. Louis Cardinals both picked up victories, thus causing all three teams to hold identical 80-71 records on the year.",team_entities,atlanta braves;new york mets,mlb_baseball,background_negative,yes,high,clean_background_control,,annotation_source=auto_supplement; sampled_from_bucket=background_negative,auto_supplement
aviation_aerospace,86604a149e8dd2c2,mlb_baseball,positive,background_negative,37032,"pic.twitter.com/0OWPE5aMEe — Jeff Passan (@JeffPassan) June 20, 2017

The Chicago Cubs first baseman went out of his way to plow into Hedges in an attempt to knock the ball loose.",team_entities,chicago cubs,mlb_baseball,background_negative,yes,high,clean_background_control,,annotation_source=auto_supplement; sampled_from_bucket=background_negative,auto_supplement
aviation_aerospace,50417287093e6772,soccer,positive,background_negative,78104,"""Also, we always have a business plan for every situation: one for the Champions League, one for the Europa League and one in case we don't qualify for either, which obviously wouldn't be good.",league_anchor,champions league,soccer,background_negative,yes,high,clean_background_control,,annotation_source=auto_supplement; sampled_from_bucket=background_negative,auto_supplement
aviation_aerospace,0f1e78c2b5bae3cd,mlb_baseball,positive,background_negative,698591,Kris Bryant hit two more home runs yesterday for the Chicago Cubs during the Will Ferrell extravaganza.,team_entities,chicago cubs,mlb_baseball,background_negative,yes,high,clean_background_control,,annotation_source=auto_supplement; sampled_from_bucket=background_negative,auto_supplement
aviation_aerospace,ee7044c6d42722c2,mlb_baseball,positive,background_negative,898502,"The following players are on the National League bench: Cincinnati Reds first baseman Joey Votto (tied for the NL lead in home runs), Arizona Diamondbacks first baseman Paul Goldschmidt (third in the NL in OPS), Los Angeles Dodgers first baseman/outfielder Cody Bellinger (25 home runs in just 70 games) and Los Angeles Dodgers third baseman Justin Turner (.377 batting average).",baseball_jargon;league_anchor;team_entities,batting average;los angeles dodgers;national league,mlb_baseball,background_negative,yes,high,clean_background_control,,annotation_source=auto_supplement; sampled_from_bucket=background_negative,auto_supplement
aviation_aerospace,cb91edb49f9f2e51,mlb_baseball,positive,background_negative,158661,"In May, Tempo Storm owner Andrey ""Reynad"" Yanyuk spoke on his Twitch livestream about a failed deal between North American League Championship Series Team Impulse to purchase their spot, claiming that the owner of Impulse raised the price to nearly $1.5 million during the last minute of the deal.",league_anchor,american league,mlb_baseball,background_negative,yes,high,clean_background_control,,annotation_source=auto_supplement; sampled_from_bucket=background_negative,auto_supplement
aviation_aerospace,fca2bd88039883fe,mlb_baseball,positive,background_negative,65112,"Now, an Elgin man who attended the 1945 World Series is hoping a GoFundMe campaign can get him to another one.",league_anchor,world series,mlb_baseball,background_negative,yes,high,clean_background_control,,annotation_source=auto_supplement; sampled_from_bucket=background_negative,auto_supplement
aviation_aerospace,63fb68884933a689,combat_sports,positive,background_negative,349942,"Overeem knocked out dos Santos ($400,000) with a vicious second-round volley of strikes in the night's heavyweight co-main event, which took place Dec. 19 and aired live on FOX.",fighter_entities;promotion_anchor,heavyweight;main event,combat_sports,background_negative,yes,high,clean_background_control,,annotation_source=auto_supplement; sampled_from_bucket=background_negative,auto_supplement
aviation_aerospace,4ec5c06de1bd0fe8,combat_sports,positive,background_negative,328681,"Edgar doesn’t know if telling the UFC brass he’s ready and deserving of another title fight will make a difference, but he’s positive he’ll be ready if and when it comes.",promotion_anchor,title fight;ufc,combat_sports,background_negative,yes,high,clean_background_control,,annotation_source=auto_supplement; sampled_from_bucket=background_negative,auto_supplement
aviation_aerospace,2c82a685122eb5f5,combat_sports,positive,background_negative,392552,"[61] On February 28, Makabe failed to claim the GHC Heavyweight Championship from Takashi Sugiura at Budokan Hall.",promotion_anchor,heavyweight,combat_sports,background_negative,yes,high,clean_background_control,,annotation_source=auto_supplement; sampled_from_bucket=background_negative,auto_supplement
aviation_aerospace,2f40c9935974a5b4,mlb_baseball,positive,background_negative,780142,"And I would like to think that Mexico City or some place in Mexico would be another possibility.”

[PAST STORY: New push to bring Major League Baseball to Charlotte]

Channel 9 reported on a Plaza Midwood man's social media campaign to bring Major League Baseball to Charlotte.",league_anchor,major league baseball,mlb_baseball,background_negative,yes,high,clean_background_control,,annotation_source=auto_supplement; sampled_from_bucket=background_negative,auto_supplement
aviation_aerospace,33e074ce0df1c4d0,combat_sports,positive,background_negative,229820,"The race that will decide if I go to the worlds this year in my main event is occurring on the 14/15th June, this weekend.",fighter_entities,main event,combat_sports,background_negative,yes,high,clean_background_control,,annotation_source=auto_supplement; sampled_from_bucket=background_negative,auto_supplement
aviation_aerospace,8d2026865f4d1039,mlb_baseball,positive,background_negative,446660,"• Yadier Molina went 0 for 3 with a strikeout, ending his seven-game hit streak in World Series play.",league_anchor,world series,mlb_baseball,background_negative,yes,high,clean_background_control,,annotation_source=auto_supplement; sampled_from_bucket=background_negative,auto_supplement
aviation_aerospace,874f70a2b04975a1,soccer,positive,background_negative,161107,"The move cannot come soon enough for soccer fans because with the Premier League kicking off on Saturday, there are currently no live matches being offered by local TV stations.",league_anchor,premier league;soccer,soccer,background_negative,yes,high,clean_background_control,,annotation_source=auto_supplement; sampled_from_bucket=background_negative,auto_supplement
aviation_aerospace,d64d9440b751750e,combat_sports,positive,background_negative,381034,UFC 221: Rockhold vs Romero Live Stream (Pay-per-view) TV.,fighter_entities;promotion_anchor,pay-per-view;ufc,combat_sports,background_negative,yes,high,clean_background_control,,annotation_source=auto_supplement; sampled_from_bucket=background_negative,auto_supplement
aviation_aerospace,7a9066f87ee04104,mlb_baseball,positive,background_negative,23667,"On the other hand, the Dodgers, San Francisco’s archrival in the National League West, spent $300 million.",league_anchor,national league,mlb_baseball,background_negative,yes,high,clean_background_control,,annotation_source=auto_supplement; sampled_from_bucket=background_negative,auto_supplement
aviation_aerospace,fdc7fa38903180e9,mlb_baseball,positive,background_negative,1012665,"Felipe Alou was hired Wednesday, NOV. 13, 2002 to manage the National League champion San Francisco Giants, returning to the team he played for in the 1950s and '60s.",league_anchor,national league,mlb_baseball,background_negative,yes,high,clean_background_control,,annotation_source=auto_supplement; sampled_from_bucket=background_negative,auto_supplement
aviation_aerospace,3bd21b48896414f6,soccer,positive,background_negative,116147,"He’s had little experience in Europe, let alone the Champions League, or at the top end of the table.",league_anchor,champions league,soccer,background_negative,yes,high,clean_background_control,,annotation_source=auto_supplement; sampled_from_bucket=background_negative,auto_supplement
aviation_aerospace,880697d6b84bae55,soccer,positive,background_negative,67446,"The 2016 All-American leads the California Collegiate Athletic Accosiation in goals and assists, while his eight-game winners are tied for the most in all of NCAA soccer.",league_anchor,soccer,soccer,background_negative,yes,high,clean_background_control,,annotation_source=auto_supplement; sampled_from_bucket=background_negative,auto_supplement
aviation_aerospace,b3553622df6422ba,combat_sports,positive,background_negative,433944,GSP is also one of the most marketable UFC stars which has also helped him to secure lucrative deals with mainstream brands like Gatorade and Under Armour that helps boost his overall income significantly.,promotion_anchor,ufc,combat_sports,background_negative,yes,high,clean_background_control,,annotation_source=auto_supplement; sampled_from_bucket=background_negative,auto_supplement
aviation_aerospace,9e0aaf71329cea7f,soccer,positive,background_negative,189308,"Now that every team in the United Soccer League has played at least one home game (and I have all the data points), here’s our first complete look at the attendance figures for the Division III league through the games of May 31:

Team G Total Average Median High Low Sacramento Republic FC 6 66,980 11,163 11,242 11,442 10,906 Louisville City FC 6 33,902 5,650 5,489 7,185 4,772 Tulsa Roughnecks FC 5 26,517 5,303 5,067 8,335 3,335 Rochester Rhinos 3 15,850 5,283 5,179 6,184 4,487 Saint Louis FC 5 24,154 4,831 4,994 5,280 4,096 Charleston Battery 6 24,649 4,108 4,253 5,455 3,026 OKC Energy FC 4 16,399 4,100 4,050 6,797 1,502 Arizona United SC 4 15,283 3,821 3,159 6,108 2,858 Portland Timbers 2 4 14,207 3,552 3,381 4,944 2,501 Richmond Kickers 6 18,833 3,139 3,059 4,683 1,632 Real Monarchs SLC 5 13,682 2,736 2,615 4,279 1,001 Austin Aztex 7 18,812 2,687 2,739 4,105 1,439 Wilmington Hammerheads FC 5 12,561 2,512 2,526 2,985 1,789 Colorado Springs Switchbacks FC 3 7,290 2,430 2,200 2,990 2,100 Harrisburg City Islanders 2 4,767 2,384 2,384 2,589 2,178 Seattle Sounders FC 2 5 11,823 2,365 2,304 2,951 2,043 Charlotte Independence 4 8,580 2,145 2,176 2,241 1,987 Vancouver Whitecaps FC 2 5 9,436 1,887 1,502 3,208 1,217 Pittsburgh Riverhounds 6 11,184 1,864 1,953 2,855 995 Orange County Blues FC 6 6,381 1,064 963 1,873 674 Toronto FC II 1 986 986 986 986 986 LA Galaxy II 8 7,240 905 845 1,352 533 New York Red Bulls II 8 4,736 592 503 1,028 355 FC Montreal 5 2,266 453 265 1,301 112 USL TOTAL 119 376,518 3,164 2,696 11,442 112

NOTES:",league_anchor,soccer,soccer,background_negative,yes,high,clean_background_control,,annotation_source=auto_supplement; sampled_from_bucket=background_negative,auto_supplement
aviation_aerospace,f1bf8fb637b1ebbe,soccer,positive,background_negative,67403,"Sitting at a perfect 12-0-2, the Lancers are fueled by one of DII soccer's best offenses, scoring 3.15 goals per match.",league_anchor,soccer,soccer,background_negative,yes,high,clean_background_control,,annotation_source=auto_supplement; sampled_from_bucket=background_negative,auto_supplement
aviation_aerospace,f4c348a164625454,mlb_baseball,positive,background_negative,246959,"The Cubs still have room to grow their payroll, and they still have talent left in the farm system, including 19-year-old shortstop Gleyber Torres and 24-year-old catcher Willson Contreras, who’s hitting .335/.428/.585 in Triple-A and could be the starter next season.",baseball_jargon,shortstop,mlb_baseball,background_negative,yes,high,clean_background_control,,annotation_source=auto_supplement; sampled_from_bucket=background_negative,auto_supplement
aviation_aerospace,a19935ff732d8c14,mlb_baseball,positive,background_negative,114220,"Leaving no merchandising stone unturned, Major League Baseball has authorized the use of team logos on a line of funeral caskets for people who want to carry their fandom unto eternity.",league_anchor,major league baseball,mlb_baseball,background_negative,yes,high,clean_background_control,,annotation_source=auto_supplement; sampled_from_bucket=background_negative,auto_supplement
aviation_aerospace,fd701528609122e3,soccer,positive,background_negative,69557,"FIFA players believe chemistry does in fact work for day one cards (normal versions of cards), but does not work properly for non-day one cards, even more expensive, better versions of the same day one cards.",league_anchor,fifa,soccer,background_negative,yes,high,clean_background_control,,annotation_source=auto_supplement; sampled_from_bucket=background_negative,auto_supplement
aviation_aerospace,07ecc8ed7ec79987,mlb_baseball,positive,background_negative,415254,"Livan Hernandez (2002)

AP Photo/Mark J. Terrill

Starting two games for the Giants, including Game 7, Hernandez lost both and never made it past the fourth inning in either one.",baseball_jargon,inning,mlb_baseball,background_negative,yes,high,clean_background_control,,annotation_source=auto_supplement; sampled_from_bucket=background_negative,auto_supplement
aviation_aerospace,054b1399d493ad23,mlb_baseball,positive,background_negative,446612,ST. LOUIS — The Cardinals have gone from being in control of the World Series two days ago to being on the brink of elimination after taking a 3-1 loss to the Red Sox in Game 5 Monday night.,league_anchor,world series,mlb_baseball,background_negative,yes,high,clean_background_control,,annotation_source=auto_supplement; sampled_from_bucket=background_negative,auto_supplement
aviation_aerospace,457c41525665fc75,mlb_baseball,positive,background_negative,479623,"BOSTON -- Boston Red Sox pitcher Alfredo Aceves, who had a dismal start in a 13-0 loss to the Oakland Athletics on Tuesday, was optioned to Triple-A Pawtucket on Wednesday.",team_entities,boston red sox,mlb_baseball,background_negative,yes,high,clean_background_control,,annotation_source=auto_supplement; sampled_from_bucket=background_negative,auto_supplement
aviation_aerospace,b2413a89239c20c1,combat_sports,positive,background_negative,18182,AG: Yours is the first fashion sponsorship anyone in MMA has ever gotten.,promotion_anchor,mma,combat_sports,background_negative,yes,high,clean_background_control,,annotation_source=auto_supplement; sampled_from_bucket=background_negative,auto_supplement
aviation_aerospace,633da87ee24dee91,combat_sports,positive,background_negative,433910,Salaries are not always disclosed after UFC events.,promotion_anchor,ufc,combat_sports,background_negative,yes,high,clean_background_control,,annotation_source=auto_supplement; sampled_from_bucket=background_negative,auto_supplement
aviation_aerospace,d442269fb746f520,mlb_baseball,positive,background_negative,326683,"With two outs in the bottom of the ninth, the Dodgers’ star rookie shortstop Corey Seager belted a home run to right field to tie the game.",baseball_jargon,shortstop,mlb_baseball,background_negative,yes,high,clean_background_control,,annotation_source=auto_supplement; sampled_from_bucket=background_negative,auto_supplement
aviation_aerospace,b12da7c6b73ca1f9,soccer,positive,background_negative,139910,"“I started getting into both soccer and hockey and playing at a competitive level, travelling quite a bit.",league_anchor,soccer,soccer,background_negative,yes,high,clean_background_control,,annotation_source=auto_supplement; sampled_from_bucket=background_negative,auto_supplement
aviation_aerospace,c397eb16e56a9ec4,soccer,positive,background_negative,99365,"[Carlo] Ancelotti had a contract signed [with Real Madrid] and Jürgen Klopp had also a contract [at Borussia Dortmund],” he said.",club_entities,real madrid,soccer,background_negative,yes,high,clean_background_control,,annotation_source=auto_supplement; sampled_from_bucket=background_negative,auto_supplement
aviation_aerospace,24aca93dc226283c,mlb_baseball,positive,background_negative,118921,"That turned out to be a good decision.Burdi quickly developed into one of the most dominant collegiate closers in the country, proving almost unhittable while averaging nearly two strikeouts per inning.",baseball_jargon,inning,mlb_baseball,background_negative,yes,high,clean_background_control,,annotation_source=auto_supplement; sampled_from_bucket=background_negative,auto_supplement
aviation_aerospace,16bd48fb4e1023a5,mlb_baseball,positive,background_negative,815262,"The OkCupid data found that the most talked about sporting event of both this year and last year was the Super Bowl, though the Cubs' 2016 World Series win definitely got people talking.",league_anchor,world series,mlb_baseball,background_negative,yes,high,clean_background_control,,annotation_source=auto_supplement; sampled_from_bucket=background_negative,auto_supplement
aviation_aerospace,6f815e974b6fdabe,soccer,positive,background_negative,38854,The 26-year-old midfielder joined Club Deportivo Olimpia in the Honduran national soccer league this year.,league_anchor;soccer_jargon,midfielder;soccer,soccer,background_negative,yes,high,clean_background_control,,annotation_source=auto_supplement; sampled_from_bucket=background_negative,auto_supplement
aviation_aerospace,c546ca9701a8c89b,soccer,positive,background_negative,95964,"Madrid took the lead after just 57 seconds when Gareth Bale spectacularly volleyed in from outside the area, the club’s fastest-ever goal in the Champions League.",league_anchor,champions league,soccer,background_negative,yes,high,clean_background_control,,annotation_source=auto_supplement; sampled_from_bucket=background_negative,auto_supplement
aviation_aerospace,0d1221144c7212e7,mlb_baseball,positive,background_negative,528385,He has done remarkable work with shoestring budgets and with the worst stadium by far in Major League Baseball.,league_anchor,major league baseball,mlb_baseball,background_negative,yes,high,clean_background_control,,annotation_source=auto_supplement; sampled_from_bucket=background_negative,auto_supplement
aviation_aerospace,e9bd27a347e4c95a,mlb_baseball,positive,background_negative,32985,Watch the video above and sound off below in the comments section with your thoughts on World Series ratings.,league_anchor,world series,mlb_baseball,background_negative,yes,high,clean_background_control,,annotation_source=auto_supplement; sampled_from_bucket=background_negative,auto_supplement
aviation_aerospace,605103ca42355302,combat_sports,positive,background_negative,497492,"Earlier in the week we had a chance to pay UFC welterweight Mike Pierce a visit at the Affliction Gym in Seal Beach, CA.",promotion_anchor,ufc,combat_sports,background_negative,yes,high,clean_background_control,,annotation_source=auto_supplement; sampled_from_bucket=background_negative,auto_supplement
aviation_aerospace,8081322b62a5889b,combat_sports,positive,background_negative,433921,"—

Brock Lesnar: $400,000 (no win bonus)

Currently The UFC’s biggest box office star, Brock Lesnar takes home a guaranteed $400,000 for each of his fights, win or lose.",promotion_anchor,ufc,combat_sports,background_negative,yes,high,clean_background_control,,annotation_source=auto_supplement; sampled_from_bucket=background_negative,auto_supplement
aviation_aerospace,c4ebd0851c59dfc1,soccer,positive,background_negative,50029,Greutner Fürth got their first taste of Bundesliga victory on Friday when Felix Klaus led his newly promoted team to a 1-0 away victory in the 67th minute.,club_entities,bundesliga,soccer,background_negative,yes,high,clean_background_control,,annotation_source=auto_supplement; sampled_from_bucket=background_negative,auto_supplement
aviation_aerospace,93c8cf9d1188532f,combat_sports,positive,background_negative,433962,Long time fighter in the UFC and Current lightweight champion BJ Penn is perhaps the most obvious name that didn’t make the top 12.,promotion_anchor,ufc,combat_sports,background_negative,yes,high,clean_background_control,,annotation_source=auto_supplement; sampled_from_bucket=background_negative,auto_supplement
aviation_aerospace,d39a7cdc988fd6dc,soccer,positive,background_negative,9522,"In addition, it still looks a risk not to sign a striker this month to relieve the burden on Olivier Giroud.",soccer_jargon,striker,soccer,background_negative,yes,high,clean_background_control,,annotation_source=auto_supplement; sampled_from_bucket=background_negative,auto_supplement
aviation_aerospace,49273b340638018d,soccer,positive,background_negative,148678,"Hans Erik, who said that the teenager has already visited Manchester United, Bayern Munich and Stuttgart, is making sure that all the attention does not get too much for Odegaard Jr. “We don’t have a timetable for him [to join a club abroad],” he told VG.",club_entities,manchester united,soccer,background_negative,yes,high,clean_background_control,,annotation_source=auto_supplement; sampled_from_bucket=background_negative,auto_supplement
aviation_aerospace,6abdf70dc3fdc1b4,combat_sports,positive,background_negative,241902,"Former UFC welterweight champion Georges St-Pierre is leaving no stone unturned in preparation for his UFC 217 title fight with Michael Bisping, and that includes bringing in former opponents to his training camp at Tristar Gym in Montreal.",promotion_anchor,title fight;ufc,combat_sports,background_negative,yes,high,clean_background_control,,annotation_source=auto_supplement; sampled_from_bucket=background_negative,auto_supplement
aviation_aerospace,10427409cc18c3d1,mlb_baseball,positive,background_negative,280434,On September 21st 2011 Team Dignitas ventured into the North American League of Legends scene by picking up an upcoming team called Rock Solid.,league_anchor,american league,mlb_baseball,background_negative,yes,high,clean_background_control,,annotation_source=auto_supplement; sampled_from_bucket=background_negative,auto_supplement
aviation_aerospace,1e4967785bdfde98,mlb_baseball,positive,background_negative,433298,"In New York, Drew would start off as a third baseman, but would also provide better insurance than Brendan Ryan as an everyday option at shortstop if 39-year-old Derek Jeter’s health does not hold up.",baseball_jargon,shortstop,mlb_baseball,background_negative,yes,high,clean_background_control,,annotation_source=auto_supplement; sampled_from_bucket=background_negative,auto_supplement
aviation_aerospace,877f79e8d52f7791,combat_sports,positive,background_negative,512682,"I'll make you dance next sparring we have!""",training_and_matchmaking,sparring,combat_sports,background_negative,yes,high,clean_background_control,,annotation_source=auto_supplement; sampled_from_bucket=background_negative,auto_supplement
aviation_aerospace,54c90f0d1564d3bd,mlb_baseball,positive,background_negative,1067288,"His company was also responsible for producing CART IndyCar World Series race telecasts, and golf, including PGA TOUR events, ""The Skins Game"", and Senior PGA TOUR broadcasts.",league_anchor,world series,mlb_baseball,background_negative,yes,high,clean_background_control,,annotation_source=auto_supplement; sampled_from_bucket=background_negative,auto_supplement
aviation_aerospace,5d8396a1ef9e2e5f,soccer,positive,background_negative,161129,"There was only one change from the 2014 leadership group, with superstar midfielder Nat Fyfe included for the first time, replacing Matt de Boer.",soccer_jargon,midfielder,soccer,background_negative,yes,high,clean_background_control,,annotation_source=auto_supplement; sampled_from_bucket=background_negative,auto_supplement
aviation_aerospace,e6ba8e7ef91d0160,mlb_baseball,positive,background_negative,22401,"Because Major League Baseball does not have a salary cap, mid-market teams such as the Indians are at a distinct disadvantage when it comes to signing free agents.",league_anchor,major league baseball,mlb_baseball,background_negative,yes,high,clean_background_control,,annotation_source=auto_supplement; sampled_from_bucket=background_negative,auto_supplement
aviation_aerospace,abc38a6406b446d7,combat_sports,positive,background_negative,90474,He obviously would appreciate a crack at the UFC.,promotion_anchor,ufc,combat_sports,background_negative,yes,high,clean_background_control,,annotation_source=auto_supplement; sampled_from_bucket=background_negative,auto_supplement
aviation_aerospace,1c89d497478a5290,combat_sports,positive,background_negative,342078,"Her legendary rivalry with UFC women’s bantamweight champion, Ronda Rousey, is one of the most infamous in UFC history and in today’s sports world, credited with bringing women’s MMA to the UFC, the sport’s premier promotion, and piquing national interest.",promotion_anchor,mma;ufc,combat_sports,background_negative,yes,high,clean_background_control,,annotation_source=auto_supplement; sampled_from_bucket=background_negative,auto_supplement
aviation_aerospace,0e2499819f19dd47,mlb_baseball,positive,background_negative,743447,"Jake Sanchez, who pitched in Double-A for Oakland last season, walked one batter and struck out one batter in the ninth inning to earn the save.",baseball_jargon,inning,mlb_baseball,background_negative,yes,high,clean_background_control,,annotation_source=auto_supplement; sampled_from_bucket=background_negative,auto_supplement
aviation_aerospace,358aca21c01b0cb9,soccer,positive,background_negative,67430,Will Roberts is the MEC Men's Soccer Offensive Player of the Week!,league_anchor,soccer,soccer,background_negative,yes,high,clean_background_control,,annotation_source=auto_supplement; sampled_from_bucket=background_negative,auto_supplement
aviation_aerospace,cecfb1884af63ecd,combat_sports,positive,background_negative,517960,"Their main event is Greek Week, a weeklong celebration of Greek life and team building games that take place each year in April.",fighter_entities,main event,combat_sports,background_negative,yes,high,clean_background_control,,annotation_source=auto_supplement; sampled_from_bucket=background_negative,auto_supplement
aviation_aerospace,43dd2a361446c6c0,mlb_baseball,positive,background_negative,646182,Add two points for each inning completed after the fourth.,baseball_jargon,inning,mlb_baseball,background_negative,yes,high,clean_background_control,,annotation_source=auto_supplement; sampled_from_bucket=background_negative,auto_supplement
aviation_aerospace,2ebc037ad964d011,mlb_baseball,positive,background_negative,831702,"With a 2-0 series lead and down 2-0 in the first inning of Game 3 on Sunday, the Cougars rallied to win 10-3 for the sweep.",baseball_jargon,inning,mlb_baseball,background_negative,yes,high,clean_background_control,,annotation_source=auto_supplement; sampled_from_bucket=background_negative,auto_supplement
aviation_aerospace,60757e16be1a2be1,mlb_baseball,positive,background_negative,118923,"In his junior year, he posted a 0.49 ERA while piling up 65 strikeouts in 37 innings and holding opponents to a .135 batting average.",baseball_jargon,batting average,mlb_baseball,background_negative,yes,high,clean_background_control,,annotation_source=auto_supplement; sampled_from_bucket=background_negative,auto_supplement
aviation_aerospace,e7f2983d521cdfec,mlb_baseball,positive,background_negative,334913,"Though soccer hasn't reached the NFL or Major League Baseball level in the United States, Gulati said it's making an impact.",league_anchor,major league baseball,mlb_baseball,background_negative,yes,high,clean_background_control,,annotation_source=auto_supplement; sampled_from_bucket=background_negative,auto_supplement
aviation_aerospace,e90f63440e193082,mlb_baseball,positive,background_negative,326681,Scully’s broadcast of the Los Angeles Dodgers’ last home game this season on Sept. 25 had a storybook quality that could have been scripted by Hollywood – or Heaven.,team_entities,los angeles dodgers,mlb_baseball,background_negative,yes,high,clean_background_control,,annotation_source=auto_supplement; sampled_from_bucket=background_negative,auto_supplement
aviation_aerospace,c905ca19e6232713,combat_sports,positive,background_negative,28340,Applications can be downloaded at http://2.images.spike.com/downloads/bellator/Bellator-Long-App.pdf and video submission sent to CastingBellator@gmail.com.,promotion_anchor;training_and_matchmaking,bellator;submission,combat_sports,background_negative,yes,high,clean_background_control,,annotation_source=auto_supplement; sampled_from_bucket=background_negative,auto_supplement
aviation_aerospace,18503f1fc06094be,soccer,positive,background_negative,85289,"Last Ten Premier League Winners

Last 10 Barclays Premier League Winners Season Club Goalscorer 2017/18 Manchester City Mohamed Salah (32) 2016/17 Chelsea FC Harry Kane (29) 2015/16 Leicester City Harry Kane (25) 2014/15 Chelsea FC Sergio Aguero (26) 2013/14 Manchester City Luis Suarez (31) 2012/13 Manchester United Robin Van Persie (26) 2011/12 Manchester City Robin van Persie (30) 2010/11 Manchester United Dimitar Berbatov (20) 2009/10 Chelsea FC Didier Drogba (29) 2008/09 Manchester United Nicolas Anelka (19)

Premier League Tipster Competition

bettingexpert is the world's fastest growing betting community.",club_entities;league_anchor,manchester united;premier league,soccer,background_negative,yes,high,clean_background_control,,annotation_source=auto_supplement; sampled_from_bucket=background_negative,auto_supplement
aviation_aerospace,6a15d915ccc66f80,combat_sports,positive,background_negative,547407,Drama reigned at the final Golden Gloves' tournament weigh-in after Oosthuizen arrived almost an hour late and then battled to make the super-middleweight limit at the first attempt.,fighter_entities,weigh-in,combat_sports,background_negative,yes,high,clean_background_control,,annotation_source=auto_supplement; sampled_from_bucket=background_negative,auto_supplement
aviation_aerospace,b8604956271b1bed,mlb_baseball,positive,background_negative,730483,"Facing George Kopacz, Nuxhall got the batter to hit a flyball for an out to end the inning.",baseball_jargon,inning,mlb_baseball,background_negative,yes,high,clean_background_control,,annotation_source=auto_supplement; sampled_from_bucket=background_negative,auto_supplement
aviation_aerospace,d3930d0234addc10,combat_sports,positive,background_negative,1802,"During this time, an interview form from a MMA website was sent with the contract.",promotion_anchor,mma,combat_sports,background_negative,yes,high,clean_background_control,,annotation_source=auto_supplement; sampled_from_bucket=background_negative,auto_supplement
aviation_aerospace,52781a5473f94ae4,mlb_baseball,positive,background_negative,575928,That alone becomes one of the best in the National League instantly.,league_anchor,national league,mlb_baseball,background_negative,yes,high,clean_background_control,,annotation_source=auto_supplement; sampled_from_bucket=background_negative,auto_supplement
aviation_aerospace,68366aed96eab419,mlb_baseball,positive,background_negative,1039599,"It’s become part of common internet prospect lingo to ask/comment on whether a prospect that plays shortstop in the minors can “stick at the position.” What this means is if he can project to be average to slightly below, or in other words, good enough to send out there on an everyday basis, assuming his bat is enough in combination with his defense to be one of the top 30 shortstops in the big leagues.",baseball_jargon,shortstop,mlb_baseball,background_negative,yes,high,clean_background_control,,annotation_source=auto_supplement; sampled_from_bucket=background_negative,auto_supplement
aviation_aerospace,679e2e57cde8260e,combat_sports,positive,background_negative,365569,"[12][13] For the 1970 Main Event, Moss was actually elected champion by his peers and received a silver cup as his prize.",fighter_entities,main event,combat_sports,background_negative,yes,high,clean_background_control,,annotation_source=auto_supplement; sampled_from_bucket=background_negative,auto_supplement
aviation_aerospace,4de1fe5a8e38af63,mlb_baseball,positive,background_negative,432363,"Baseball requires protective netting behind home plate, and some teams also use protective screens down the foul lines during batting practice.",baseball_jargon,home plate,mlb_baseball,background_negative,yes,high,clean_background_control,,annotation_source=auto_supplement; sampled_from_bucket=background_negative,auto_supplement
aviation_aerospace,d1996379c8cf2ee4,mlb_baseball,positive,background_negative,23578,"Joe Torre took the Yankees to two World Series in years his contract was up (and technically managed one of them, in 2001, after his contract was up).",league_anchor,world series,mlb_baseball,background_negative,yes,high,clean_background_control,,annotation_source=auto_supplement; sampled_from_bucket=background_negative,auto_supplement
aviation_aerospace,01a3e7515ade266f,mlb_baseball,positive,background_negative,921013,"I do believe the Boston Red Sox won a World Series, right?",league_anchor;team_entities,boston red sox;world series,mlb_baseball,background_negative,yes,high,clean_background_control,,annotation_source=auto_supplement; sampled_from_bucket=background_negative,auto_supplement
aviation_aerospace,d17e38a1a90e2ecb,mlb_baseball,positive,background_negative,148714,"Due to fan requests, Eckert announced that the Cy Young Award would be given out both in the American League and the National League.",league_anchor,american league;national league,mlb_baseball,background_negative,yes,high,clean_background_control,,annotation_source=auto_supplement; sampled_from_bucket=background_negative,auto_supplement
aviation_aerospace,e62b0f4028196f99,soccer,positive,background_negative,68160,"In that regard, the player's sale would also allow Paris Saint-Germain to conform to FFP themselves, while still signing transfer target Angel Di Maria from Real Madrid.",club_entities,real madrid,soccer,background_negative,yes,high,clean_background_control,,annotation_source=auto_supplement; sampled_from_bucket=background_negative,auto_supplement
aviation_aerospace,c7b24f5ce70541f0,combat_sports,positive,background_negative,433927,Couture spent a year in limbo due to a dispute with the UFC which appeared to partly revolve around his earnings.,promotion_anchor,ufc,combat_sports,background_negative,yes,high,clean_background_control,,annotation_source=auto_supplement; sampled_from_bucket=background_negative,auto_supplement
aviation_aerospace,550aa60c18f65117,combat_sports,positive,background_negative,200748,"Reebok brand president Matt O’Toole said his company’s exclusive $70-million arrangement, under which the uniform debuted in July, has “really exceeded our expectations.”

“You have some of the most iconic sports personalities today across all sports (in the UFC),” O’Toole said.",promotion_anchor,ufc,combat_sports,background_negative,yes,high,clean_background_control,,annotation_source=auto_supplement; sampled_from_bucket=background_negative,auto_supplement
aviation_aerospace,6ee2d492ab27c793,combat_sports,positive,background_negative,230598,"(In this regard, his performance in last year’s Prisoners offered a worthy warm-up to Nightcrawler’s main event.)",fighter_entities,main event,combat_sports,background_negative,yes,high,clean_background_control,,annotation_source=auto_supplement; sampled_from_bucket=background_negative,auto_supplement
aviation_aerospace,c945e41f685e3246,mlb_baseball,positive,background_negative,433274,"Two days after last season ended, New York Yankees general manager Brian Cashman said of getting his team’s payroll under $189 million to avoid Major League Baseball’s luxury tax, “It’s a goal, not a mandate.”

Cashman and owner Hal Steinbrenner repeated that sentiment throughout the early part of the offseason, as the Yankees signed Brian McCann, Jacoby Ellsbury and Carlos Beltran.",league_anchor;team_entities,major league baseball;new york yankees,mlb_baseball,background_negative,yes,high,clean_background_control,,annotation_source=auto_supplement; sampled_from_bucket=background_negative,auto_supplement
aviation_aerospace,3b36353206b36818,soccer,positive,background_negative,126825,"""Last season the average Premier League club received around £25m more in central broadcast distributions than they did in 2012-13, which helped fuel the record transfer window last summer.""",league_anchor;soccer_jargon,premier league;transfer window,soccer,background_negative,yes,high,clean_background_control,,annotation_source=auto_supplement; sampled_from_bucket=background_negative,auto_supplement
aviation_aerospace,a7bdad509b17d4aa,mlb_baseball,positive,background_negative,307911,"Hear the full interview:

[archiveorg Garbey width=640 height=30 frameborder=0 webkitallowfullscreen=true mozallowfullscreen=true]

—

Kyle Tait is in his sixth season as the radio voice of the Mississippi Braves, double-A affiliate of the Atlanta Braves.",team_entities,atlanta braves,mlb_baseball,background_negative,yes,high,clean_background_control,,annotation_source=auto_supplement; sampled_from_bucket=background_negative,auto_supplement
aviation_aerospace,f02a1287717343e5,soccer,positive,background_negative,126827,"Biggest signings by British clubs this summer Player From To Fee Alexis Sanchez Barcelona Arsenal £35m Diego Costa Atletico Madrid Chelsea £32m Cesc Fabregas Barcelona Chelsea £30m Ander Herrera Athletic Bilbao Manchester United £29m Luke Shaw Southampton Manchester United £27m Adam Lallana Southampton Liverpool £25m Lazar Markovic Benfica Liverpool £20m Filipe Luis Atletico Madrid Chelsea £15.8m Enner Valencia Pachuca West Ham £12m Fernando Porto Manchester City £12m

The transfer window so far has been dominated by big-money signings from foreign leagues.",club_entities;soccer_jargon,arsenal;barcelona;liverpool;manchester united;transfer window,soccer,background_negative,yes,high,clean_background_control,,annotation_source=auto_supplement; sampled_from_bucket=background_negative,auto_supplement
aviation_aerospace,02741e32110d9cb4,combat_sports,positive,background_negative,117455,"Neal heads Honda Yuasa Racing teammate Gordon Shedden by the smallest of margins in the title fight, just one point separating the pair, with Jason Plato 29 points behind in third.",promotion_anchor,title fight,combat_sports,background_negative,yes,high,clean_background_control,,annotation_source=auto_supplement; sampled_from_bucket=background_negative,auto_supplement
aviation_aerospace,1db8db09a6e0ad26,soccer,positive,background_negative,215476,"The early pressure had the Indy defence struggling and with 12 minutes gone, Ubiparipovic was brought down in the penalty area.",soccer_jargon,penalty area,soccer,background_negative,yes,high,clean_background_control,,annotation_source=auto_supplement; sampled_from_bucket=background_negative,auto_supplement
aviation_aerospace,b7ddf005f6cb60e2,soccer,positive,background_negative,120296,"[ RELATED: How things stand with 10 games left ]

The Spanish international striker turned down Liverpool and remained at Atletico to

“I was close to leaving Atletico,” Costa said.",club_entities;soccer_jargon,liverpool;striker,soccer,background_negative,yes,high,clean_background_control,,annotation_source=auto_supplement; sampled_from_bucket=background_negative,auto_supplement
aviation_aerospace,e217e60266a87eb2,mlb_baseball,positive,background_negative,318831,The MLB playoffs power couple to have your eyes on.,league_anchor,mlb playoffs,mlb_baseball,background_negative,yes,high,clean_background_control,,annotation_source=auto_supplement; sampled_from_bucket=background_negative,auto_supplement
aviation_aerospace,7e863aefb40fc367,soccer,positive,background_negative,63698,"MLS also had twice as many players earning a gross salary of 100,000 euros a week as Serie A did in 2016 – Kaka, Giovinco, Bradley, Lampard, Gerrard and Pirlo.",league_anchor,serie a,soccer,background_negative,yes,high,clean_background_control,,annotation_source=auto_supplement; sampled_from_bucket=background_negative,auto_supplement
aviation_aerospace,2ce3872935a63632,mlb_baseball,positive,background_negative,256539,"You'll learn to love Clark (well, assuming you win three World Series titles in the next 16 years).",league_anchor,world series,mlb_baseball,background_negative,yes,high,clean_background_control,,annotation_source=auto_supplement; sampled_from_bucket=background_negative,auto_supplement
aviation_aerospace,56a44a09bede1c8e,soccer,positive,background_negative,173561,Service girls soccer head coach Mark Cascolan -- a 1992 Bartlett graduate -- spoke with the head referee after the game.,league_anchor,soccer,soccer,background_negative,yes,high,clean_background_control,,annotation_source=auto_supplement; sampled_from_bucket=background_negative,auto_supplement
aviation_aerospace,c3483970ca7a2b3d,soccer,positive,background_negative,97870,"""He doesn't look out of place as a star of the Premier League - a league regarded as the hardest to play in with some of world's great players.",league_anchor,premier league,soccer,background_negative,yes,high,clean_background_control,,annotation_source=auto_supplement; sampled_from_bucket=background_negative,auto_supplement
