group,index,text,agg,val
target,0,"Rangers manager Mark Warburton, who has spoken of the importance of finding value for money in his transfer dealings, has targeted two more players before the deadline at the end of August.",mean,9.219263076782227
target,0,"Rangers manager Mark Warburton, who has spoken of the importance of finding value for money in his transfer dealings, has targeted two more players before the deadline at the end of August.",max,18.97978401184082
target,0,"Rangers manager Mark Warburton, who has spoken of the importance of finding value for money in his transfer dealings, has targeted two more players before the deadline at the end of August.",last,10.875289916992188
target,1,"At Fulham on Saturday, the 25 year-old will have to wait until an hour before kick-off until learning who will protect his goal against Martin Jol’s team.",mean,10.221211433410645
target,1,"At Fulham on Saturday, the 25 year-old will have to wait until an hour before kick-off until learning who will protect his goal against Martin Jol’s team.",max,18.184505462646484
target,1,"At Fulham on Saturday, the 25 year-old will have to wait until an hour before kick-off until learning who will protect his goal against Martin Jol’s team.",last,12.066182136535645
target,2,"West Brom, Newcastle and Bournemouth have been linked with the Scotland international this month.",mean,9.113082885742188
target,2,"West Brom, Newcastle and Bournemouth have been linked with the Scotland international this month.",max,16.911523818969727
target,2,"West Brom, Newcastle and Bournemouth have been linked with the Scotland international this month.",last,11.563455581665039
target,3,"Jermaine Beckford and Daniel Johnson netted in the 2-1 win at the Madejski Stadium, Johnson’s winner arriving a few seconds into stoppage-time.",mean,10.065497398376465
target,3,"Jermaine Beckford and Daniel Johnson netted in the 2-1 win at the Madejski Stadium, Johnson’s winner arriving a few seconds into stoppage-time.",max,19.80776023864746
target,3,"Jermaine Beckford and Daniel Johnson netted in the 2-1 win at the Madejski Stadium, Johnson’s winner arriving a few seconds into stoppage-time.",last,15.127888679504395
target,4,Newcastle still want another forward and a winger after signing Ciaran Clark and Mohamed Diame this week.,mean,10.654369354248047
target,4,Newcastle still want another forward and a winger after signing Ciaran Clark and Mohamed Diame this week.,max,16.094758987426758
target,4,Newcastle still want another forward and a winger after signing Ciaran Clark and Mohamed Diame this week.,last,8.461349487304688
target,5,"Wenger had wanted to take Wilshere off, due to the England midfielder's history of ankle problems, but the player was determined to play on.

'",mean,9.114457130432129
target,5,"Wenger had wanted to take Wilshere off, due to the England midfielder's history of ankle problems, but the player was determined to play on.

'",max,20.20100975036621
target,5,"Wenger had wanted to take Wilshere off, due to the England midfielder's history of ankle problems, but the player was determined to play on.

'",last,6.272228717803955
target,6,Roberto Firmino hasn’t scored or assisted in a month.,mean,9.10582447052002
target,6,Roberto Firmino hasn’t scored or assisted in a month.,max,24.141338348388672
target,6,Roberto Firmino hasn’t scored or assisted in a month.,last,10.026723861694336
target,7,"Alongside flying wingers Yannick Bolasie and Wilfried Zaha, the same front three that helped Palace to promotion two years ago are relishing being reunited under Pardew this term.",mean,9.836926460266113
target,7,"Alongside flying wingers Yannick Bolasie and Wilfried Zaha, the same front three that helped Palace to promotion two years ago are relishing being reunited under Pardew this term.",max,19.60257911682129
target,7,"Alongside flying wingers Yannick Bolasie and Wilfried Zaha, the same front three that helped Palace to promotion two years ago are relishing being reunited under Pardew this term.",last,13.487791061401367
target,8,"Arsenal have also been offered Emiliano Viviano, the Palermo and Italy goalkeeper, but Wenger has been impressed this season with the form of Wojciech Szczesny.",mean,10.124227523803711
target,8,"Arsenal have also been offered Emiliano Viviano, the Palermo and Italy goalkeeper, but Wenger has been impressed this season with the form of Wojciech Szczesny.",max,16.840425491333008
target,8,"Arsenal have also been offered Emiliano Viviano, the Palermo and Italy goalkeeper, but Wenger has been impressed this season with the form of Wojciech Szczesny.",last,8.569292068481445
target,9,"Victor Valdes, Jon Flanagan, Mamadou Sakho, Emre Can, Lazar Markovic, Adam Lallana, Mario Balotelli

Who knows what the future holds for the Reds in the transfer market.",mean,11.20606803894043
target,9,"Victor Valdes, Jon Flanagan, Mamadou Sakho, Emre Can, Lazar Markovic, Adam Lallana, Mario Balotelli

Who knows what the future holds for the Reds in the transfer market.",max,22.421184539794922
target,9,"Victor Valdes, Jon Flanagan, Mamadou Sakho, Emre Can, Lazar Markovic, Adam Lallana, Mario Balotelli

Who knows what the future holds for the Reds in the transfer market.",last,7.934881210327148
target,10,"Chelsea, for instance, made light work on the return of Nemanja Matic.",mean,10.816606521606445
target,10,"Chelsea, for instance, made light work on the return of Nemanja Matic.",max,20.564170837402344
target,10,"Chelsea, for instance, made light work on the return of Nemanja Matic.",last,11.570611953735352
target,11,"This year's summer signings included Federico Fazio, Benji Stambouli and Ben Davies, with the latter two struggling to get on the pitch while the former can barely stay on it having already picked up two red cards.",mean,10.8356351852417
target,11,"This year's summer signings included Federico Fazio, Benji Stambouli and Ben Davies, with the latter two struggling to get on the pitch while the former can barely stay on it having already picked up two red cards.",max,19.946460723876953
target,11,"This year's summer signings included Federico Fazio, Benji Stambouli and Ben Davies, with the latter two struggling to get on the pitch while the former can barely stay on it having already picked up two red cards.",last,14.527996063232422
target,12,Having so many United players in the squad can only help when you're making a debut.,mean,8.418405532836914
target,12,Having so many United players in the squad can only help when you're making a debut.,max,22.671287536621094
target,12,Having so many United players in the squad can only help when you're making a debut.,last,9.013611793518066
target,13,"Valencia, Jones, Marouane Fellaini and Michael Carrick also missed the 4-1 Champions League win over CSKA Moscow on Wednesday, while Anthony Martial was forced off in the second half.",mean,9.404961585998535
target,13,"Valencia, Jones, Marouane Fellaini and Michael Carrick also missed the 4-1 Champions League win over CSKA Moscow on Wednesday, while Anthony Martial was forced off in the second half.",max,18.02240562438965
target,13,"Valencia, Jones, Marouane Fellaini and Michael Carrick also missed the 4-1 Champions League win over CSKA Moscow on Wednesday, while Anthony Martial was forced off in the second half.",last,11.433917999267578
target,14,The striker – who specialised in not threatening the opponent’s goal during this summer’s tournament – has scored five goals in his last seven games for Brazilian club Fluminense.,mean,11.067460060119629
target,14,The striker – who specialised in not threatening the opponent’s goal during this summer’s tournament – has scored five goals in his last seven games for Brazilian club Fluminense.,max,24.233369827270508
target,14,The striker – who specialised in not threatening the opponent’s goal during this summer’s tournament – has scored five goals in his last seven games for Brazilian club Fluminense.,last,15.036726951599121
target,15,"The manager confirmed that summer signing Mario Lemina has been ruled out of the weekend's Premier League action, following an ankle injury sustained in training, with no time frame put on his return.",mean,9.522101402282715
target,15,"The manager confirmed that summer signing Mario Lemina has been ruled out of the weekend's Premier League action, following an ankle injury sustained in training, with no time frame put on his return.",max,23.028526306152344
target,15,"The manager confirmed that summer signing Mario Lemina has been ruled out of the weekend's Premier League action, following an ankle injury sustained in training, with no time frame put on his return.",last,11.709104537963867
target,16,"Wenger has made a habit of revealing the players he nearly signed, but this summer they must work proactively to secure their targets early in the window and give their squad as much time as possible to work together in pre-season.",mean,8.822040557861328
target,16,"Wenger has made a habit of revealing the players he nearly signed, but this summer they must work proactively to secure their targets early in the window and give their squad as much time as possible to work together in pre-season.",max,24.597129821777344
target,16,"Wenger has made a habit of revealing the players he nearly signed, but this summer they must work proactively to secure their targets early in the window and give their squad as much time as possible to work together in pre-season.",last,12.001749992370605
target,17,Former Barcelona forward Bojan Krkic impressed for the home side but they were unable to find an equaliser.,mean,11.601542472839355
target,17,Former Barcelona forward Bojan Krkic impressed for the home side but they were unable to find an equaliser.,max,18.877939224243164
target,17,Former Barcelona forward Bojan Krkic impressed for the home side but they were unable to find an equaliser.,last,13.635981559753418
target,18,"- Arsenal look set to edge out Everton for Norwegian defensive midfielder Sander Berge from Belgian club Genk, according to the Mirror.",mean,10.773505210876465
target,18,"- Arsenal look set to edge out Everton for Norwegian defensive midfielder Sander Berge from Belgian club Genk, according to the Mirror.",max,18.122432708740234
target,18,"- Arsenal look set to edge out Everton for Norwegian defensive midfielder Sander Berge from Belgian club Genk, according to the Mirror.",last,7.861332893371582
target,19,"The Leicester City players watched the match unfold at Jamie Vardy’s house, and Mahrez, who played an influential role in the club’s campaign, couldn’t hide his delight at watching Spurs stumble.",mean,9.14377212524414
target,19,"The Leicester City players watched the match unfold at Jamie Vardy’s house, and Mahrez, who played an influential role in the club’s campaign, couldn’t hide his delight at watching Spurs stumble.",max,20.46885871887207
target,19,"The Leicester City players watched the match unfold at Jamie Vardy’s house, and Mahrez, who played an influential role in the club’s campaign, couldn’t hide his delight at watching Spurs stumble.",last,6.532911777496338
target,20,"Tiote has hardly featured for United during two injury-hit seasons, and he just needs to play.",mean,11.508456230163574
target,20,"Tiote has hardly featured for United during two injury-hit seasons, and he just needs to play.",max,23.492395401000977
target,20,"Tiote has hardly featured for United during two injury-hit seasons, and he just needs to play.",last,9.256571769714355
target,21,"How they will play

Chelsea will look for goals from the off.",mean,9.83183479309082
target,21,"How they will play

Chelsea will look for goals from the off.",max,23.103313446044922
target,21,"How they will play

Chelsea will look for goals from the off.",last,16.251161575317383
target,22,"Wenger knows, the staff at the Club all know just how good this fella can be between the sticks… Wenger has persisted with him, and the last few games has paid dividends.",mean,8.006085395812988
target,22,"Wenger knows, the staff at the Club all know just how good this fella can be between the sticks… Wenger has persisted with him, and the last few games has paid dividends.",max,15.27821159362793
target,22,"Wenger knows, the staff at the Club all know just how good this fella can be between the sticks… Wenger has persisted with him, and the last few games has paid dividends.",last,9.36494255065918
target,23,"Alli says he is happy to be part of Pochettino's exciting young side who will finish runners-up

England star Alli has become hot property in under two seasons at the north London club

He has more than doubled the 10-goal haul of his first Spurs season, with 21 goals to his name in all competitions heading into the final league game of the season at Hull on Sunday.",mean,8.205242156982422
target,23,"Alli says he is happy to be part of Pochettino's exciting young side who will finish runners-up

England star Alli has become hot property in under two seasons at the north London club

He has more than doubled the 10-goal haul of his first Spurs season, with 21 goals to his name in all competitions heading into the final league game of the season at Hull on Sunday.",max,19.568273544311523
target,23,"Alli says he is happy to be part of Pochettino's exciting young side who will finish runners-up

England star Alli has become hot property in under two seasons at the north London club

He has more than doubled the 10-goal haul of his first Spurs season, with 21 goals to his name in all competitions heading into the final league game of the season at Hull on Sunday.",last,0.0
target,24,Ralph Hasenhuttl has taken RB Leipzig to the top of the table.,mean,5.755786418914795
target,24,Ralph Hasenhuttl has taken RB Leipzig to the top of the table.,max,17.404664993286133
target,24,Ralph Hasenhuttl has taken RB Leipzig to the top of the table.,last,7.4146270751953125
target,25,But Moyes may now be forced to face Premier League leaders Arsenal without a specialist right back if the youngster fails to respond to treatment this week.,mean,8.86481761932373
target,25,But Moyes may now be forced to face Premier League leaders Arsenal without a specialist right back if the youngster fails to respond to treatment this week.,max,17.40372085571289
target,25,But Moyes may now be forced to face Premier League leaders Arsenal without a specialist right back if the youngster fails to respond to treatment this week.,last,14.466487884521484
target,26,Januzaj hasn't featured much in the plans of Louis van Gaal yet and the school of thought seems to be to get him out on loan to gain some experience.,mean,10.015619277954102
target,26,Januzaj hasn't featured much in the plans of Louis van Gaal yet and the school of thought seems to be to get him out on loan to gain some experience.,max,20.311397552490234
target,26,Januzaj hasn't featured much in the plans of Louis van Gaal yet and the school of thought seems to be to get him out on loan to gain some experience.,last,9.719634056091309
target,27,"With West Ham at home against Hull, we won 1-0 and they hit the post four times.",mean,8.599632263183594
target,27,"With West Ham at home against Hull, we won 1-0 and they hit the post four times.",max,22.350921630859375
target,27,"With West Ham at home against Hull, we won 1-0 and they hit the post four times.",last,8.655492782592773
target,28,The standout feature of Arsenal’s comfortable 3-0 victory against Aston Villa was undoubtedly the slick combination play between Mesut Ozil and Danny Welbeck that resulted in two quick-fire goals.,mean,9.77657413482666
target,28,The standout feature of Arsenal’s comfortable 3-0 victory against Aston Villa was undoubtedly the slick combination play between Mesut Ozil and Danny Welbeck that resulted in two quick-fire goals.,max,21.19086265563965
target,28,The standout feature of Arsenal’s comfortable 3-0 victory against Aston Villa was undoubtedly the slick combination play between Mesut Ozil and Danny Welbeck that resulted in two quick-fire goals.,last,11.120790481567383
target,29,"The striker recently accepted that he isn’t up to full fitness yet, but said “as soon as I’m fit the goals will come”.",mean,7.519515037536621
target,29,"The striker recently accepted that he isn’t up to full fitness yet, but said “as soon as I’m fit the goals will come”.",max,24.576641082763672
target,29,"The striker recently accepted that he isn’t up to full fitness yet, but said “as soon as I’m fit the goals will come”.",last,7.915745258331299
target,30,"Kaboul plays a pass during Watford's Boxing Day clash with Crystal Palace at Vicarage Road

Tottenham arrive at Vicarage Road on the back of three straight wins and trying to break into the elite of English football, much as they were when Kaboul signed from Auxerre in 2007.",mean,8.714411735534668
target,30,"Kaboul plays a pass during Watford's Boxing Day clash with Crystal Palace at Vicarage Road

Tottenham arrive at Vicarage Road on the back of three straight wins and trying to break into the elite of English football, much as they were when Kaboul signed from Auxerre in 2007.",max,20.992652893066406
target,30,"Kaboul plays a pass during Watford's Boxing Day clash with Crystal Palace at Vicarage Road

Tottenham arrive at Vicarage Road on the back of three straight wins and trying to break into the elite of English football, much as they were when Kaboul signed from Auxerre in 2007.",last,11.235516548156738
target,31,"Defensive numbers make bad reading for Guardiola

Guardiola has seen his side concede three or more goals in back-to-back league games for the first time as a manager.",mean,7.120218276977539
target,31,"Defensive numbers make bad reading for Guardiola

Guardiola has seen his side concede three or more goals in back-to-back league games for the first time as a manager.",max,20.601837158203125
target,31,"Defensive numbers make bad reading for Guardiola

Guardiola has seen his side concede three or more goals in back-to-back league games for the first time as a manager.",last,0.0
target,32,"Fernández played some of his best football under Montella, and the new Rossoneri coach would surely welcome his former charge to Casa Milan with open arms.",mean,9.801719665527344
target,32,"Fernández played some of his best football under Montella, and the new Rossoneri coach would surely welcome his former charge to Casa Milan with open arms.",max,23.524078369140625
target,32,"Fernández played some of his best football under Montella, and the new Rossoneri coach would surely welcome his former charge to Casa Milan with open arms.",last,19.96231460571289
target,33,Equally impressive is how Klopp has inspired improved performance and consistency from the nucleus of the squad inherited.,mean,7.048776149749756
target,33,Equally impressive is how Klopp has inspired improved performance and consistency from the nucleus of the squad inherited.,max,19.74814224243164
target,33,Equally impressive is how Klopp has inspired improved performance and consistency from the nucleus of the squad inherited.,last,9.284444808959961
target,34,"With the Tottenham defence now in a right old state, Assou-Ekotto's dismal clearing header lands at the feet of Van Persie on the edge of the area.",mean,9.64838981628418
target,34,"With the Tottenham defence now in a right old state, Assou-Ekotto's dismal clearing header lands at the feet of Van Persie on the edge of the area.",max,18.780630111694336
target,34,"With the Tottenham defence now in a right old state, Assou-Ekotto's dismal clearing header lands at the feet of Van Persie on the edge of the area.",last,9.931195259094238
target,35,"Meanwhile, Roberto Mancini throws in the towel and admits van Persie won't be joining Manchester City after all.",mean,9.192192077636719
target,35,"Meanwhile, Roberto Mancini throws in the towel and admits van Persie won't be joining Manchester City after all.",max,25.230785369873047
target,35,"Meanwhile, Roberto Mancini throws in the towel and admits van Persie won't be joining Manchester City after all.",last,13.246280670166016
target,36,"Victory at Fir Park meant they ended a run of seven straight defeats, which cost former manager Paul Hartley his job.",mean,8.259061813354492
target,36,"Victory at Fir Park meant they ended a run of seven straight defeats, which cost former manager Paul Hartley his job.",max,17.049724578857422
target,36,"Victory at Fir Park meant they ended a run of seven straight defeats, which cost former manager Paul Hartley his job.",last,13.458467483520508
target,37,The 21-year-old midfielder’s claret and blue career has stalled after a series of serious injuries and he is currently battling a foot problem.,mean,8.309284210205078
target,37,The 21-year-old midfielder’s claret and blue career has stalled after a series of serious injuries and he is currently battling a foot problem.,max,21.68768310546875
target,37,The 21-year-old midfielder’s claret and blue career has stalled after a series of serious injuries and he is currently battling a foot problem.,last,10.822072982788086
target,38,Was replaced by Alli in the 66th minute but enjoyed a good game.,mean,10.236760139465332
target,38,Was replaced by Alli in the 66th minute but enjoyed a good game.,max,19.517269134521484
target,38,Was replaced by Alli in the 66th minute but enjoyed a good game.,last,14.426313400268555
target,39,"The same article in Sport suggests Dos Santos’ contract ends in 2015 and that Ibrahim Afellay, Cristian Tello, Isaac Cuena, Sergi Roberto and Oier Olazabal are also set to leave the club.",mean,9.974336624145508
target,39,"The same article in Sport suggests Dos Santos’ contract ends in 2015 and that Ibrahim Afellay, Cristian Tello, Isaac Cuena, Sergi Roberto and Oier Olazabal are also set to leave the club.",max,23.905384063720703
target,39,"The same article in Sport suggests Dos Santos’ contract ends in 2015 and that Ibrahim Afellay, Cristian Tello, Isaac Cuena, Sergi Roberto and Oier Olazabal are also set to leave the club.",last,9.731233596801758
target,40,Rodgers also signed Kolo Toure on a free and Skrtel’s future at Anfield is unclear.,mean,7.1485419273376465
target,40,Rodgers also signed Kolo Toure on a free and Skrtel’s future at Anfield is unclear.,max,20.494041442871094
target,40,Rodgers also signed Kolo Toure on a free and Skrtel’s future at Anfield is unclear.,last,7.563457012176514
target,41,"Still at 24, Henrikh Mkhitaryan has the ability to go onto bigger and better things in football.",mean,6.857004165649414
target,41,"Still at 24, Henrikh Mkhitaryan has the ability to go onto bigger and better things in football.",max,14.8961763381958
target,41,"Still at 24, Henrikh Mkhitaryan has the ability to go onto bigger and better things in football.",last,7.759097099304199
target,42,David Silva continued to amaze with a breathtaking assist for James Milner.,mean,12.495462417602539
target,42,David Silva continued to amaze with a breathtaking assist for James Milner.,max,19.81698989868164
target,42,David Silva continued to amaze with a breathtaking assist for James Milner.,last,10.738234519958496
target,43,Spurs forward Adebayor was at Villa's training ground last week for talks and a medical.,mean,5.292591571807861
target,43,Spurs forward Adebayor was at Villa's training ground last week for talks and a medical.,max,15.088531494140625
target,43,Spurs forward Adebayor was at Villa's training ground last week for talks and a medical.,last,0.0
target,44,"Tottenham and England international star Harry Kane insists he is ""110 per cent "" ready to play, in response to questions posed over possible fatigue, the Daily Star reports.",mean,5.509783744812012
target,44,"Tottenham and England international star Harry Kane insists he is ""110 per cent "" ready to play, in response to questions posed over possible fatigue, the Daily Star reports.",max,14.758138656616211
target,44,"Tottenham and England international star Harry Kane insists he is ""110 per cent "" ready to play, in response to questions posed over possible fatigue, the Daily Star reports.",last,10.118664741516113
target,45,And Jordi Cruyff reckons Goodison Park can be a key asset for Everton FC as they bid to make their mark on Europe next season.,mean,6.658639907836914
target,45,And Jordi Cruyff reckons Goodison Park can be a key asset for Everton FC as they bid to make their mark on Europe next season.,max,14.477716445922852
target,45,And Jordi Cruyff reckons Goodison Park can be a key asset for Everton FC as they bid to make their mark on Europe next season.,last,7.108614444732666
target,46,"Sherwood has guided Spurs to seven wins and two draws from his 10 Premier League games in charge, and last night’s 4-0 win at Newcastle – their widest margin of victory in the competition since defeating Aston Villa by the same score on Boxing Day 2012 – took them to within seven points of leaders Chelsea.",mean,8.184362411499023
target,46,"Sherwood has guided Spurs to seven wins and two draws from his 10 Premier League games in charge, and last night’s 4-0 win at Newcastle – their widest margin of victory in the competition since defeating Aston Villa by the same score on Boxing Day 2012 – took them to within seven points of leaders Chelsea.",max,19.834745407104492
target,46,"Sherwood has guided Spurs to seven wins and two draws from his 10 Premier League games in charge, and last night’s 4-0 win at Newcastle – their widest margin of victory in the competition since defeating Aston Villa by the same score on Boxing Day 2012 – took them to within seven points of leaders Chelsea.",last,5.448700904846191
target,47,"Danny Hylton, who scored Oxford's second at Griffin Park, was also on target in Saturday's 1-1 draw with Crawley

Brentford manager Marinus Dijkhuizen: ""It was an embarrassing performance from my team.",mean,8.293477058410645
target,47,"Danny Hylton, who scored Oxford's second at Griffin Park, was also on target in Saturday's 1-1 draw with Crawley

Brentford manager Marinus Dijkhuizen: ""It was an embarrassing performance from my team.",max,18.85431671142578
target,47,"Danny Hylton, who scored Oxford's second at Griffin Park, was also on target in Saturday's 1-1 draw with Crawley

Brentford manager Marinus Dijkhuizen: ""It was an embarrassing performance from my team.",last,0.0
target,48,It was no less than Welbeck and Arsenal deserved for a clinical attacking display that will give Wenger confidence that his side can progress from the group stage for the 17th successive season.,mean,7.296433448791504
target,48,It was no less than Welbeck and Arsenal deserved for a clinical attacking display that will give Wenger confidence that his side can progress from the group stage for the 17th successive season.,max,19.475229263305664
target,48,It was no less than Welbeck and Arsenal deserved for a clinical attacking display that will give Wenger confidence that his side can progress from the group stage for the 17th successive season.,last,10.700769424438477
target,49,Crouch had been bought from Queens Park Rangers in 2001 for £1.25m but stayed at Portsmouth for nine months before being sold a few days after Redknapp had changed jobs from director of football at Portsmouth to manager.,mean,8.040482521057129
target,49,Crouch had been bought from Queens Park Rangers in 2001 for £1.25m but stayed at Portsmouth for nine months before being sold a few days after Redknapp had changed jobs from director of football at Portsmouth to manager.,max,25.788490295410156
target,49,Crouch had been bought from Queens Park Rangers in 2001 for £1.25m but stayed at Portsmouth for nine months before being sold a few days after Redknapp had changed jobs from director of football at Portsmouth to manager.,last,4.738370895385742
target,50,"Manchester City, Liverpool and Chelsea have all made brilliant starts to the Premier League season but that is unlikely to stop any of those clubs trying to make new signings.",mean,5.094865322113037
target,50,"Manchester City, Liverpool and Chelsea have all made brilliant starts to the Premier League season but that is unlikely to stop any of those clubs trying to make new signings.",max,13.49540901184082
target,50,"Manchester City, Liverpool and Chelsea have all made brilliant starts to the Premier League season but that is unlikely to stop any of those clubs trying to make new signings.",last,0.0
target,51,"Clark, 25, and Okore, 22, have started the last four Premier League games due to calf injuries to Vlaar and Philippe Senderos, as well as Nathan Baker’s knee problem.",mean,9.430927276611328
target,51,"Clark, 25, and Okore, 22, have started the last four Premier League games due to calf injuries to Vlaar and Philippe Senderos, as well as Nathan Baker’s knee problem.",max,24.31064796447754
target,51,"Clark, 25, and Okore, 22, have started the last four Premier League games due to calf injuries to Vlaar and Philippe Senderos, as well as Nathan Baker’s knee problem.",last,11.798209190368652
target,52,Van der Vaart missed the 3-3 draw at Molineux and has not played since Spurs' 1-0 win in San Siro three weeks ago.,mean,9.872963905334473
target,52,Van der Vaart missed the 3-3 draw at Molineux and has not played since Spurs' 1-0 win in San Siro three weeks ago.,max,20.435638427734375
target,52,Van der Vaart missed the 3-3 draw at Molineux and has not played since Spurs' 1-0 win in San Siro three weeks ago.,last,9.428436279296875
target,53,"Bennett has had spells in the last couple of seasons on loan at Brighton and Sheffield Wednesday - both play-off participants in the previous campaign - and knows the Championship well from his time at Middlesbrough, too.",mean,5.535977363586426
target,53,"Bennett has had spells in the last couple of seasons on loan at Brighton and Sheffield Wednesday - both play-off participants in the previous campaign - and knows the Championship well from his time at Middlesbrough, too.",max,17.49417495727539
target,53,"Bennett has had spells in the last couple of seasons on loan at Brighton and Sheffield Wednesday - both play-off participants in the previous campaign - and knows the Championship well from his time at Middlesbrough, too.",last,6.797995567321777
target,54,"But before signing off from a highly successful 2014-15 campaign, Mourinho gave a warning shot to Chelsea’s young midfielder Ruben Loftus-Cheek, 19, which will likely ring loudly in his ears throughout the summer.",mean,6.563906192779541
target,54,"But before signing off from a highly successful 2014-15 campaign, Mourinho gave a warning shot to Chelsea’s young midfielder Ruben Loftus-Cheek, 19, which will likely ring loudly in his ears throughout the summer.",max,21.445785522460938
target,54,"But before signing off from a highly successful 2014-15 campaign, Mourinho gave a warning shot to Chelsea’s young midfielder Ruben Loftus-Cheek, 19, which will likely ring loudly in his ears throughout the summer.",last,14.178729057312012
target,55,"Elsewhere, new title favourites Manchester City were fired on their way to victory by Yaya Toure against an in-form Crystal Palace team that includes Mile Jedinak and Jason Puncheon.",mean,8.07663345336914
target,55,"Elsewhere, new title favourites Manchester City were fired on their way to victory by Yaya Toure against an in-form Crystal Palace team that includes Mile Jedinak and Jason Puncheon.",max,16.459428787231445
target,55,"Elsewhere, new title favourites Manchester City were fired on their way to victory by Yaya Toure against an in-form Crystal Palace team that includes Mile Jedinak and Jason Puncheon.",last,6.676942825317383
target,56,"Read more

Here was evidence that Tottenham’s players are listening to Pochettino.",mean,4.399231910705566
target,56,"Read more

Here was evidence that Tottenham’s players are listening to Pochettino.",max,17.921417236328125
target,56,"Read more

Here was evidence that Tottenham’s players are listening to Pochettino.",last,0.0
target,57,Fred Rutton made two changes from PSV’s previous league game.,mean,6.840867042541504
target,57,Fred Rutton made two changes from PSV’s previous league game.,max,15.446085929870605
target,57,Fred Rutton made two changes from PSV’s previous league game.,last,12.787835121154785
target,58,‘I saw Jimmy Floyd Hasselbaink fly!’ Gianfranco Zola hauls back his head in laughter as he recalls John Terry’s early days training with the Chelsea first team.,mean,5.25606107711792
target,58,‘I saw Jimmy Floyd Hasselbaink fly!’ Gianfranco Zola hauls back his head in laughter as he recalls John Terry’s early days training with the Chelsea first team.,max,13.989734649658203
target,58,‘I saw Jimmy Floyd Hasselbaink fly!’ Gianfranco Zola hauls back his head in laughter as he recalls John Terry’s early days training with the Chelsea first team.,last,11.440640449523926
target,59,"Ranieri promised players pizza for a clean sheet

Leicester City had a very good start of season, but for the first 2 months they always conceded at least one goal every match.",mean,7.592980861663818
target,59,"Ranieri promised players pizza for a clean sheet

Leicester City had a very good start of season, but for the first 2 months they always conceded at least one goal every match.",max,18.31954574584961
target,59,"Ranieri promised players pizza for a clean sheet

Leicester City had a very good start of season, but for the first 2 months they always conceded at least one goal every match.",last,0.0
target,60,"The Brazilian was smiling as he walked onto the pitch after the final whistle, and Klopp will hope that it is a tweak rather than pull.",mean,5.370574951171875
target,60,"The Brazilian was smiling as he walked onto the pitch after the final whistle, and Klopp will hope that it is a tweak rather than pull.",max,19.211563110351562
target,60,"The Brazilian was smiling as he walked onto the pitch after the final whistle, and Klopp will hope that it is a tweak rather than pull.",last,10.281220436096191
target,61,"""They boast the stellar transfer in Raheem Sterling and they arguably boast the bargain acquisition in Fabian Delph.""",mean,7.102626800537109
target,61,"""They boast the stellar transfer in Raheem Sterling and they arguably boast the bargain acquisition in Fabian Delph.""",max,19.48938751220703
target,61,"""They boast the stellar transfer in Raheem Sterling and they arguably boast the bargain acquisition in Fabian Delph.""",last,8.976442337036133
target,62,It said Guardiola has repeatedly highlighted that he does not have control over Bayern's transfer policy and discussed an ongoing row over the medical staff.,mean,6.015066146850586
target,62,It said Guardiola has repeatedly highlighted that he does not have control over Bayern's transfer policy and discussed an ongoing row over the medical staff.,max,23.17687225341797
target,62,It said Guardiola has repeatedly highlighted that he does not have control over Bayern's transfer policy and discussed an ongoing row over the medical staff.,last,6.173323154449463
target,63,"Similarly, Jurgen Klopp’s departure from Borussia Dortmund at the end of the season is likely to bring forward defender Mats Hummels’ decision to leave the Westfalenstadion and the Reds can snap up their target as soon as the Bundesliga relegation battle is decided.",mean,6.050247669219971
target,63,"Similarly, Jurgen Klopp’s departure from Borussia Dortmund at the end of the season is likely to bring forward defender Mats Hummels’ decision to leave the Westfalenstadion and the Reds can snap up their target as soon as the Bundesliga relegation battle is decided.",max,17.029794692993164
target,63,"Similarly, Jurgen Klopp’s departure from Borussia Dortmund at the end of the season is likely to bring forward defender Mats Hummels’ decision to leave the Westfalenstadion and the Reds can snap up their target as soon as the Bundesliga relegation battle is decided.",last,9.355249404907227
target,64,I also think Liverpool are waiting until they know they are guaranteed Champions League football so they can attract their top transfer targets and hopefully lure them into signing a deal with the Reds.,mean,6.103236198425293
target,64,I also think Liverpool are waiting until they know they are guaranteed Champions League football so they can attract their top transfer targets and hopefully lure them into signing a deal with the Reds.,max,16.470407485961914
target,64,I also think Liverpool are waiting until they know they are guaranteed Champions League football so they can attract their top transfer targets and hopefully lure them into signing a deal with the Reds.,last,7.966229438781738
target,65,"He is a skilful, creative attacking midfielder who turned down the advances of Bayern Munich and Chelsea as a younger boy and became the Europa League's youngest goalscorer at 17 years and 157 days when he grabbed his side's fifth in a 5-1 win over Astra Giurgiu.",mean,7.810235977172852
target,65,"He is a skilful, creative attacking midfielder who turned down the advances of Bayern Munich and Chelsea as a younger boy and became the Europa League's youngest goalscorer at 17 years and 157 days when he grabbed his side's fifth in a 5-1 win over Astra Giurgiu.",max,17.549104690551758
target,65,"He is a skilful, creative attacking midfielder who turned down the advances of Bayern Munich and Chelsea as a younger boy and became the Europa League's youngest goalscorer at 17 years and 157 days when he grabbed his side's fifth in a 5-1 win over Astra Giurgiu.",last,13.329142570495605
target,66,"Last year’s disastrous campaign means no European distractions, and the growth of Deulofeu and addition of Bolasie has made for a more dynamic attack.",mean,6.400611877441406
target,66,"Last year’s disastrous campaign means no European distractions, and the growth of Deulofeu and addition of Bolasie has made for a more dynamic attack.",max,21.25865936279297
target,66,"Last year’s disastrous campaign means no European distractions, and the growth of Deulofeu and addition of Bolasie has made for a more dynamic attack.",last,16.762712478637695
target,67,I think we've got the players to do the job (a bevvy of midfielders) but i'm still not sure Redknapp knows his 'best' team.,mean,5.12600564956665
target,67,I think we've got the players to do the job (a bevvy of midfielders) but i'm still not sure Redknapp knows his 'best' team.,max,14.617986679077148
target,67,I think we've got the players to do the job (a bevvy of midfielders) but i'm still not sure Redknapp knows his 'best' team.,last,0.0
target,68,“That’s the spirit that the gaffer has installed at Bolton for a while and that’s what we need to play for.,mean,4.086376667022705
target,68,“That’s the spirit that the gaffer has installed at Bolton for a while and that’s what we need to play for.,max,15.144182205200195
target,68,“That’s the spirit that the gaffer has installed at Bolton for a while and that’s what we need to play for.,last,6.825528144836426
target,69,"It is debatable whether Capello would have been quite so keen on new young players such as Smalling, Phil Jones and Danny Welbeck if the path had not been prepared by Ferguson at United, though that is not something England need to worry about.",mean,5.464993000030518
target,69,"It is debatable whether Capello would have been quite so keen on new young players such as Smalling, Phil Jones and Danny Welbeck if the path had not been prepared by Ferguson at United, though that is not something England need to worry about.",max,18.057355880737305
target,69,"It is debatable whether Capello would have been quite so keen on new young players such as Smalling, Phil Jones and Danny Welbeck if the path had not been prepared by Ferguson at United, though that is not something England need to worry about.",last,9.709938049316406
target,70,"Jonjo Shelvey (Swansea) +52

The former Liverpool Swan has been in top form recently.",mean,6.605691909790039
target,70,"Jonjo Shelvey (Swansea) +52

The former Liverpool Swan has been in top form recently.",max,24.951541900634766
target,70,"Jonjo Shelvey (Swansea) +52

The former Liverpool Swan has been in top form recently.",last,0.0
target,71,"Notable too was the level of communication among the defensive line and goalkeeper Mignolet, who clocked up a second clean sheet in three matches as pre-season concluded.",mean,6.439912796020508
target,71,"Notable too was the level of communication among the defensive line and goalkeeper Mignolet, who clocked up a second clean sheet in three matches as pre-season concluded.",max,20.208864212036133
target,71,"Notable too was the level of communication among the defensive line and goalkeeper Mignolet, who clocked up a second clean sheet in three matches as pre-season concluded.",last,15.996688842773438
target,72,"But, in reality, De Bruyne falls in with the majority of these transfers in that he is a considerable risk signing—something which makes Milner truly stand out.",mean,4.485009670257568
target,72,"But, in reality, De Bruyne falls in with the majority of these transfers in that he is a considerable risk signing—something which makes Milner truly stand out.",max,17.135940551757812
target,72,"But, in reality, De Bruyne falls in with the majority of these transfers in that he is a considerable risk signing—something which makes Milner truly stand out.",last,9.659528732299805
target,73,"Hide Caption 21 of 23 Photos: 2013 Ballon d'Or nominees Mesut Ozil – Mesut Ozil (Arsenal & Germany)

CNN rating: No chance

Ozil has delighted Arsenal fans since swapping Real Madrid for London in August, but the German needs to lead the Gunners to glory if he is to challenge for individual honors.",mean,3.697294235229492
target,73,"Hide Caption 21 of 23 Photos: 2013 Ballon d'Or nominees Mesut Ozil – Mesut Ozil (Arsenal & Germany)

CNN rating: No chance

Ozil has delighted Arsenal fans since swapping Real Madrid for London in August, but the German needs to lead the Gunners to glory if he is to challenge for individual honors.",max,14.571691513061523
target,73,"Hide Caption 21 of 23 Photos: 2013 Ballon d'Or nominees Mesut Ozil – Mesut Ozil (Arsenal & Germany)

CNN rating: No chance

Ozil has delighted Arsenal fans since swapping Real Madrid for London in August, but the German needs to lead the Gunners to glory if he is to challenge for individual honors.",last,0.0
target,74,"Steele, who has been invited to Carrington along with Steve McClaren by De Gea's new goalkeeping coach, Frans Hoek, concludes: 'I never had a doubt he would come good.",mean,3.7769112586975098
target,74,"Steele, who has been invited to Carrington along with Steve McClaren by De Gea's new goalkeeping coach, Frans Hoek, concludes: 'I never had a doubt he would come good.",max,13.169137954711914
target,74,"Steele, who has been invited to Carrington along with Steve McClaren by De Gea's new goalkeeping coach, Frans Hoek, concludes: 'I never had a doubt he would come good.",last,0.0
target,75,"The Brazilian’s departure to Paris Saint-Germain hasn’t had much of an effect on Barcelona’s strong start to the season, but in a match like this, where Atletico are so structured in defense, it allowed for Simeone’s side to double up on Busquets and Messi in ways they couldn’t last season due to having to man-mark and double mark Neymar.",mean,7.481136322021484
target,75,"The Brazilian’s departure to Paris Saint-Germain hasn’t had much of an effect on Barcelona’s strong start to the season, but in a match like this, where Atletico are so structured in defense, it allowed for Simeone’s side to double up on Busquets and Messi in ways they couldn’t last season due to having to man-mark and double mark Neymar.",max,21.393712997436523
target,75,"The Brazilian’s departure to Paris Saint-Germain hasn’t had much of an effect on Barcelona’s strong start to the season, but in a match like this, where Atletico are so structured in defense, it allowed for Simeone’s side to double up on Busquets and Messi in ways they couldn’t last season due to having to man-mark and double mark Neymar.",last,0.0
target,76,"Poveda went to Barca at the age of 12 after training with Arsenal for weeks, with the two clubs locked in a bitter battle for his services.",mean,6.678435802459717
target,76,"Poveda went to Barca at the age of 12 after training with Arsenal for weeks, with the two clubs locked in a bitter battle for his services.",max,15.850179672241211
target,76,"Poveda went to Barca at the age of 12 after training with Arsenal for weeks, with the two clubs locked in a bitter battle for his services.",last,5.717371940612793
target,77,"There is an issue with how quickly some supporters get on the players' backs, groaning when Aaron Ramsey misplaces a pass, for instance, or booing when Olivier Giroud misses chance after chance against Monaco.",mean,3.873157262802124
target,77,"There is an issue with how quickly some supporters get on the players' backs, groaning when Aaron Ramsey misplaces a pass, for instance, or booing when Olivier Giroud misses chance after chance against Monaco.",max,18.208906173706055
target,77,"There is an issue with how quickly some supporters get on the players' backs, groaning when Aaron Ramsey misplaces a pass, for instance, or booing when Olivier Giroud misses chance after chance against Monaco.",last,6.136295318603516
target,78,Lewis was also on board with the decision to part company with Harry Redknapp over two years ago.,mean,4.422482490539551
target,78,Lewis was also on board with the decision to part company with Harry Redknapp over two years ago.,max,17.844131469726562
target,78,Lewis was also on board with the decision to part company with Harry Redknapp over two years ago.,last,6.662472724914551
target,79,"Still there was some hope but when Heleno missed a penalty against Fluminese in their next game with the score at 2-2, Botafogo were doomed to a fourth successive runners-up spot.",mean,6.298075199127197
target,79,"Still there was some hope but when Heleno missed a penalty against Fluminese in their next game with the score at 2-2, Botafogo were doomed to a fourth successive runners-up spot.",max,17.715913772583008
target,79,"Still there was some hope but when Heleno missed a penalty against Fluminese in their next game with the score at 2-2, Botafogo were doomed to a fourth successive runners-up spot.",last,5.095722675323486
target,80,But Courtois became the laughing stock of the Red Devils’ camp earlier this week after grandpa Dieudonne appeared naked in a Belgian newspaper to talk about naturism.,mean,4.40817928314209
target,80,But Courtois became the laughing stock of the Red Devils’ camp earlier this week after grandpa Dieudonne appeared naked in a Belgian newspaper to talk about naturism.,max,18.07260513305664
target,80,But Courtois became the laughing stock of the Red Devils’ camp earlier this week after grandpa Dieudonne appeared naked in a Belgian newspaper to talk about naturism.,last,0.0
control,0,"But alongside the introduction of achievements and trophies, these new features do nothing to diminish BGE's appeal.",mean,0.0
control,0,"But alongside the introduction of achievements and trophies, these new features do nothing to diminish BGE's appeal.",max,0.0
control,0,"But alongside the introduction of achievements and trophies, these new features do nothing to diminish BGE's appeal.",last,0.0
control,1,We've got more newsletters we think you'll find interesting.,mean,0.0
control,1,We've got more newsletters we think you'll find interesting.,max,0.0
control,1,We've got more newsletters we think you'll find interesting.,last,0.0
control,2,Has ordered and completed a military strike against Syria but much we need all the latest anytime an abcnews.com.,mean,0.0
control,2,Has ordered and completed a military strike against Syria but much we need all the latest anytime an abcnews.com.,max,0.0
control,2,Has ordered and completed a military strike against Syria but much we need all the latest anytime an abcnews.com.,last,0.0
control,3,"Working memory assessment was performed using a verbal n-back task that used three loads of working memory (1-back, 2-back and 3-back) consistent with that previously reported in [20] .",mean,0.0
control,3,"Working memory assessment was performed using a verbal n-back task that used three loads of working memory (1-back, 2-back and 3-back) consistent with that previously reported in [20] .",max,0.0
control,3,"Working memory assessment was performed using a verbal n-back task that used three loads of working memory (1-back, 2-back and 3-back) consistent with that previously reported in [20] .",last,0.0
control,4,"Creation Scientists estimate that since the Earth is only ten-thousand years old, human beings were living among dinosaurs and had plenty of time to tame them.",mean,0.0
control,4,"Creation Scientists estimate that since the Earth is only ten-thousand years old, human beings were living among dinosaurs and had plenty of time to tame them.",max,0.0
control,4,"Creation Scientists estimate that since the Earth is only ten-thousand years old, human beings were living among dinosaurs and had plenty of time to tame them.",last,0.0
control,5,"Snow White – 16th Century Germany

The story was collected by the brothers Grimm in 1812, but its origins date back to about 250 years earlier, with some parts of it incorporated from outside of Europe from even earlier.",mean,0.0
control,5,"Snow White – 16th Century Germany

The story was collected by the brothers Grimm in 1812, but its origins date back to about 250 years earlier, with some parts of it incorporated from outside of Europe from even earlier.",max,0.0
control,5,"Snow White – 16th Century Germany

The story was collected by the brothers Grimm in 1812, but its origins date back to about 250 years earlier, with some parts of it incorporated from outside of Europe from even earlier.",last,0.0
control,6,"In this way, no genetic information would be lost and a difference in chromosomes would not disprove evolution.As it turns out, human chromosome 2 is a fusion of two chromosomes .",mean,0.0
control,6,"In this way, no genetic information would be lost and a difference in chromosomes would not disprove evolution.As it turns out, human chromosome 2 is a fusion of two chromosomes .",max,0.0
control,6,"In this way, no genetic information would be lost and a difference in chromosomes would not disprove evolution.As it turns out, human chromosome 2 is a fusion of two chromosomes .",last,0.0
control,7,"“Over 600 images are alleged,” the judge said in his reasoning behind denying a release.",mean,0.0
control,7,"“Over 600 images are alleged,” the judge said in his reasoning behind denying a release.",max,0.0
control,7,"“Over 600 images are alleged,” the judge said in his reasoning behind denying a release.",last,0.0
control,8,"Sarita’s Macaroni & Cheese

345 E 12th Street

New York, NY 10003

(212) 358-7912

After a breakup, the last thing you want to do is sit on a crowded street corner surrounded by smug couples trading bites of paella.",mean,0.0
control,8,"Sarita’s Macaroni & Cheese

345 E 12th Street

New York, NY 10003

(212) 358-7912

After a breakup, the last thing you want to do is sit on a crowded street corner surrounded by smug couples trading bites of paella.",max,0.0
control,8,"Sarita’s Macaroni & Cheese

345 E 12th Street

New York, NY 10003

(212) 358-7912

After a breakup, the last thing you want to do is sit on a crowded street corner surrounded by smug couples trading bites of paella.",last,0.0
control,9,"The migrant, who told his victim he would “break him into pieces” if he told anyone about the attack, escaped a custodial sentence entirely, with circuit judge Jonathan Bennett handing down a three-year rehabilitation order.",mean,0.0
control,9,"The migrant, who told his victim he would “break him into pieces” if he told anyone about the attack, escaped a custodial sentence entirely, with circuit judge Jonathan Bennett handing down a three-year rehabilitation order.",max,0.0
control,9,"The migrant, who told his victim he would “break him into pieces” if he told anyone about the attack, escaped a custodial sentence entirely, with circuit judge Jonathan Bennett handing down a three-year rehabilitation order.",last,0.0
control,10,"ATI has beaten NVIDIA out the DX11 gate by first adding support in the FirePro V8800, and soon afterward, releasing an entire lineup of DX11-compliant workstation boards.",mean,0.0
control,10,"ATI has beaten NVIDIA out the DX11 gate by first adding support in the FirePro V8800, and soon afterward, releasing an entire lineup of DX11-compliant workstation boards.",max,0.0
control,10,"ATI has beaten NVIDIA out the DX11 gate by first adding support in the FirePro V8800, and soon afterward, releasing an entire lineup of DX11-compliant workstation boards.",last,0.0
control,11,"Beyond drinking suds, there will be beers sports like the ""Masskrugstemmen"" (a stein-holding contest), delicious food vendors, and some great tunes spun over the PA.",mean,0.0
control,11,"Beyond drinking suds, there will be beers sports like the ""Masskrugstemmen"" (a stein-holding contest), delicious food vendors, and some great tunes spun over the PA.",max,0.0
control,11,"Beyond drinking suds, there will be beers sports like the ""Masskrugstemmen"" (a stein-holding contest), delicious food vendors, and some great tunes spun over the PA.",last,0.0
control,12,"Several of your sidekicks will not pull their own weight, thus making it harder to develop them.",mean,0.0
control,12,"Several of your sidekicks will not pull their own weight, thus making it harder to develop them.",max,0.0
control,12,"Several of your sidekicks will not pull their own weight, thus making it harder to develop them.",last,0.0
control,13,"Bond, rupee and, in turn, equity markets will also benefit from the RBI move.",mean,0.0
control,13,"Bond, rupee and, in turn, equity markets will also benefit from the RBI move.",max,0.0
control,13,"Bond, rupee and, in turn, equity markets will also benefit from the RBI move.",last,0.0
control,14,"That there’s some compassion for these animals.”

Meanwhile, the Oklahoma Alliance for Animals launched a Change.org petition demanding Mayor Washington only use a veterinarian for euthanasia.",mean,0.0
control,14,"That there’s some compassion for these animals.”

Meanwhile, the Oklahoma Alliance for Animals launched a Change.org petition demanding Mayor Washington only use a veterinarian for euthanasia.",max,0.0
control,14,"That there’s some compassion for these animals.”

Meanwhile, the Oklahoma Alliance for Animals launched a Change.org petition demanding Mayor Washington only use a veterinarian for euthanasia.",last,0.0
control,15,"""At the moment we do not have a title sponsor,"" he added.",mean,0.0
control,15,"""At the moment we do not have a title sponsor,"" he added.",max,0.0
control,15,"""At the moment we do not have a title sponsor,"" he added.",last,0.0
control,16,And we’re now left to painfully go through our markup and styles and create a set of classnames that are unique but general.,mean,0.0
control,16,And we’re now left to painfully go through our markup and styles and create a set of classnames that are unique but general.,max,0.0
control,16,And we’re now left to painfully go through our markup and styles and create a set of classnames that are unique but general.,last,0.0
control,17,"The 31-year-old is staying in the Mama Africa hotel with nearly a dozen other Somalis, all of whom are on 20-day visas that run out in less than two weeks.",mean,1.8355716466903687
control,17,"The 31-year-old is staying in the Mama Africa hotel with nearly a dozen other Somalis, all of whom are on 20-day visas that run out in less than two weeks.",max,16.876190185546875
control,17,"The 31-year-old is staying in the Mama Africa hotel with nearly a dozen other Somalis, all of whom are on 20-day visas that run out in less than two weeks.",last,0.0
control,18,"Q: Speaking of Whitney Houston, in 2008, it was reported that you were scheduled to record a duet with her.",mean,0.0
control,18,"Q: Speaking of Whitney Houston, in 2008, it was reported that you were scheduled to record a duet with her.",max,0.0
control,18,"Q: Speaking of Whitney Houston, in 2008, it was reported that you were scheduled to record a duet with her.",last,0.0
control,19,"In the agrarian regions where the free silver movement really took hold, ""producers vs. non-producers"" largely boiled down to ""farmers vs.",mean,0.0
control,19,"In the agrarian regions where the free silver movement really took hold, ""producers vs. non-producers"" largely boiled down to ""farmers vs.",max,0.0
control,19,"In the agrarian regions where the free silver movement really took hold, ""producers vs. non-producers"" largely boiled down to ""farmers vs.",last,0.0
control,20,Who argues that MFA grads write differently from their mainstream literary fiction peers?,mean,0.0
control,20,Who argues that MFA grads write differently from their mainstream literary fiction peers?,max,0.0
control,20,Who argues that MFA grads write differently from their mainstream literary fiction peers?,last,0.0
control,21,There is a group of people in America — it is predominantly composed of white people — that wants Latino immigrants kicked out of the country.,mean,0.0
control,21,There is a group of people in America — it is predominantly composed of white people — that wants Latino immigrants kicked out of the country.,max,0.0
control,21,There is a group of people in America — it is predominantly composed of white people — that wants Latino immigrants kicked out of the country.,last,0.0
control,22,"Israel, along with the Obama administration, opposed the upgrading and responded to it by announcements to build more than 4,000 homes in the West Bank and East Jerusalem, which the Palestinians see as a future capital.",mean,0.0
control,22,"Israel, along with the Obama administration, opposed the upgrading and responded to it by announcements to build more than 4,000 homes in the West Bank and East Jerusalem, which the Palestinians see as a future capital.",max,0.0
control,22,"Israel, along with the Obama administration, opposed the upgrading and responded to it by announcements to build more than 4,000 homes in the West Bank and East Jerusalem, which the Palestinians see as a future capital.",last,0.0
control,23,"Defensive Maneuvers ——————-

Could mefloquine really cause someone to commit an atrocious act like the murders Bales committed?",mean,0.0
control,23,"Defensive Maneuvers ——————-

Could mefloquine really cause someone to commit an atrocious act like the murders Bales committed?",max,0.0
control,23,"Defensive Maneuvers ——————-

Could mefloquine really cause someone to commit an atrocious act like the murders Bales committed?",last,0.0
control,24,"But as John Mauldin points out in his latest essay (http://advisorperspectives.com/commentaries/millennium_110512.php), in every market there are plenty of people who are willing to make seemingly low-expected-value bets, perhaps because they think they have better information or have analyzed it better or historical patterns no longer apply - or are simply letting emotion substitute for logic.",mean,0.0
control,24,"But as John Mauldin points out in his latest essay (http://advisorperspectives.com/commentaries/millennium_110512.php), in every market there are plenty of people who are willing to make seemingly low-expected-value bets, perhaps because they think they have better information or have analyzed it better or historical patterns no longer apply - or are simply letting emotion substitute for logic.",max,0.0
control,24,"But as John Mauldin points out in his latest essay (http://advisorperspectives.com/commentaries/millennium_110512.php), in every market there are plenty of people who are willing to make seemingly low-expected-value bets, perhaps because they think they have better information or have analyzed it better or historical patterns no longer apply - or are simply letting emotion substitute for logic.",last,0.0
control,25,I do not know who told Tino that he is the only one permitted to push and shove Aka.,mean,0.0
control,25,I do not know who told Tino that he is the only one permitted to push and shove Aka.,max,0.0
control,25,I do not know who told Tino that he is the only one permitted to push and shove Aka.,last,0.0
control,26,Dragic said he has no interest in a career in politics.,mean,0.0
control,26,Dragic said he has no interest in a career in politics.,max,0.0
control,26,Dragic said he has no interest in a career in politics.,last,0.0
control,27,We are not really a life in ourselves but a recipient of life.,mean,0.0
control,27,We are not really a life in ourselves but a recipient of life.,max,0.0
control,27,We are not really a life in ourselves but a recipient of life.,last,0.0
control,28,Richard has awakened a New York fighter that just won’t quit!,mean,0.0
control,28,Richard has awakened a New York fighter that just won’t quit!,max,0.0
control,28,Richard has awakened a New York fighter that just won’t quit!,last,0.0
control,29,Trax is a GPS device that parents can track from a smartphone app or the web.,mean,0.0
control,29,Trax is a GPS device that parents can track from a smartphone app or the web.,max,0.0
control,29,Trax is a GPS device that parents can track from a smartphone app or the web.,last,0.0
control,30,"In the latter, elector Barbara Lett-Simmons of the District of Columbia abstained from voting to highlight the District’s lack of congressional representation.",mean,0.0
control,30,"In the latter, elector Barbara Lett-Simmons of the District of Columbia abstained from voting to highlight the District’s lack of congressional representation.",max,0.0
control,30,"In the latter, elector Barbara Lett-Simmons of the District of Columbia abstained from voting to highlight the District’s lack of congressional representation.",last,0.0
control,31,Last week we ran a list of Coachella bands headed to Phoenix around the festival's dates.,mean,0.0
control,31,Last week we ran a list of Coachella bands headed to Phoenix around the festival's dates.,max,0.0
control,31,Last week we ran a list of Coachella bands headed to Phoenix around the festival's dates.,last,0.0
control,32,Subsequently the aircraft was cleared to taxi to the holding point of runway 04.,mean,0.0
control,32,Subsequently the aircraft was cleared to taxi to the holding point of runway 04.,max,0.0
control,32,Subsequently the aircraft was cleared to taxi to the holding point of runway 04.,last,0.0
control,33,"In fact, the high water mark for mass killings looks to have been achieved in the 1920s.",mean,0.0
control,33,"In fact, the high water mark for mass killings looks to have been achieved in the 1920s.",max,0.0
control,33,"In fact, the high water mark for mass killings looks to have been achieved in the 1920s.",last,0.0
control,34,"So we're cutting those out, we're cutting out clearly the trans fats that we all know to be the partially hydrogenated fats and oils.",mean,0.0
control,34,"So we're cutting those out, we're cutting out clearly the trans fats that we all know to be the partially hydrogenated fats and oils.",max,0.0
control,34,"So we're cutting those out, we're cutting out clearly the trans fats that we all know to be the partially hydrogenated fats and oils.",last,0.0
control,35,"Some nights, he'd have a game on the East Coast and then appear at a Kings game an hour or so later.",mean,0.0
control,35,"Some nights, he'd have a game on the East Coast and then appear at a Kings game an hour or so later.",max,0.0
control,35,"Some nights, he'd have a game on the East Coast and then appear at a Kings game an hour or so later.",last,0.0
control,36,1 Most awarded based on reviews tracked on sites techpowerup.com and www.realhardtechx.com.,mean,0.0
control,36,1 Most awarded based on reviews tracked on sites techpowerup.com and www.realhardtechx.com.,max,0.0
control,36,1 Most awarded based on reviews tracked on sites techpowerup.com and www.realhardtechx.com.,last,0.0
control,37,He’ll be playing pro next season after signing his ELC with the Leafs.,mean,0.0
control,37,He’ll be playing pro next season after signing his ELC with the Leafs.,max,0.0
control,37,He’ll be playing pro next season after signing his ELC with the Leafs.,last,0.0
control,38,"Filed Under: clinton email, email, foia, hillary clinton, jason leopold, print outs, state department",mean,0.0
control,38,"Filed Under: clinton email, email, foia, hillary clinton, jason leopold, print outs, state department",max,0.0
control,38,"Filed Under: clinton email, email, foia, hillary clinton, jason leopold, print outs, state department",last,0.0
control,39,"Full of us, full of our stuff.",mean,0.0
control,39,"Full of us, full of our stuff.",max,0.0
control,39,"Full of us, full of our stuff.",last,0.0
control,40,Lingamfelter’s first post about the hawk got more than 100 responses and each “Sonny and the Hawk update” has gotten a lot of attention.,mean,0.0
control,40,Lingamfelter’s first post about the hawk got more than 100 responses and each “Sonny and the Hawk update” has gotten a lot of attention.,max,0.0
control,40,Lingamfelter’s first post about the hawk got more than 100 responses and each “Sonny and the Hawk update” has gotten a lot of attention.,last,0.0
control,41,"Anatomy

These are some of the basic parts of the anatomy of typographic characters.",mean,0.0
control,41,"Anatomy

These are some of the basic parts of the anatomy of typographic characters.",max,0.0
control,41,"Anatomy

These are some of the basic parts of the anatomy of typographic characters.",last,0.0
control,42,"The street dudes in both men showed up that day, along with those personas of their respective corners.",mean,0.0
control,42,"The street dudes in both men showed up that day, along with those personas of their respective corners.",max,0.0
control,42,"The street dudes in both men showed up that day, along with those personas of their respective corners.",last,0.0
control,43,It also said new gas-fired generation is expensive as the massive expansion of Australia’s liquefied natural gas (LNG) export market forces local prices upwards.,mean,0.0
control,43,It also said new gas-fired generation is expensive as the massive expansion of Australia’s liquefied natural gas (LNG) export market forces local prices upwards.,max,0.0
control,43,It also said new gas-fired generation is expensive as the massive expansion of Australia’s liquefied natural gas (LNG) export market forces local prices upwards.,last,0.0
control,44,"However, in direct contradiction to the visual evidence you just witnessed, the East Haven Attorney Hugh Keefe responsible for representing the East Haven police department claimed the video was “clearly inconclusive.”

Keefe claimed that the video did not discredit the police report as Cari’s police report alleges that Father Manship fought with the officer when he tried to see what Father Manship was holding.",mean,0.0
control,44,"However, in direct contradiction to the visual evidence you just witnessed, the East Haven Attorney Hugh Keefe responsible for representing the East Haven police department claimed the video was “clearly inconclusive.”

Keefe claimed that the video did not discredit the police report as Cari’s police report alleges that Father Manship fought with the officer when he tried to see what Father Manship was holding.",max,0.0
control,44,"However, in direct contradiction to the visual evidence you just witnessed, the East Haven Attorney Hugh Keefe responsible for representing the East Haven police department claimed the video was “clearly inconclusive.”

Keefe claimed that the video did not discredit the police report as Cari’s police report alleges that Father Manship fought with the officer when he tried to see what Father Manship was holding.",last,0.0
control,45,"The second option is to “off-load” some of the processing to a different thread, with this new thread being just as all the other threads on Fig V.2; in other words, it should have an input queue and a FSM within.",mean,0.0
control,45,"The second option is to “off-load” some of the processing to a different thread, with this new thread being just as all the other threads on Fig V.2; in other words, it should have an input queue and a FSM within.",max,0.0
control,45,"The second option is to “off-load” some of the processing to a different thread, with this new thread being just as all the other threads on Fig V.2; in other words, it should have an input queue and a FSM within.",last,0.0
control,46,Each's entire Top 100 list can be found at http://tinyurl.com/jrdjdl3.,mean,0.0
control,46,Each's entire Top 100 list can be found at http://tinyurl.com/jrdjdl3.,max,0.0
control,46,Each's entire Top 100 list can be found at http://tinyurl.com/jrdjdl3.,last,0.0
control,47,Accessed 15 May 2013.,mean,0.0
control,47,Accessed 15 May 2013.,max,0.0
control,47,Accessed 15 May 2013.,last,0.0
control,48,"Ths current known weather effects include: Sunny, Rainy, Snowy, Foggy, Cloudy, Partly Cloudy and Windy.",mean,0.0
control,48,"Ths current known weather effects include: Sunny, Rainy, Snowy, Foggy, Cloudy, Partly Cloudy and Windy.",max,0.0
control,48,"Ths current known weather effects include: Sunny, Rainy, Snowy, Foggy, Cloudy, Partly Cloudy and Windy.",last,0.0
control,49,"If you just have two cable boxes, you will be paying $192 a year for electrical alone.",mean,0.0
control,49,"If you just have two cable boxes, you will be paying $192 a year for electrical alone.",max,0.0
control,49,"If you just have two cable boxes, you will be paying $192 a year for electrical alone.",last,0.0
control,50,The men posted her video online and released footage of her stating her real name on camera.,mean,0.0
control,50,The men posted her video online and released footage of her stating her real name on camera.,max,0.0
control,50,The men posted her video online and released footage of her stating her real name on camera.,last,0.0
control,51,"On the ""nape"" behind the spiracles, there is a pair of prominent mucous pores.",mean,0.0
control,51,"On the ""nape"" behind the spiracles, there is a pair of prominent mucous pores.",max,0.0
control,51,"On the ""nape"" behind the spiracles, there is a pair of prominent mucous pores.",last,0.0
control,52,"In the first three months of the year, through the end of March, police confiscated 1,100 firearms, according to monthly seizure numbers provided by the Chicago police research division in response to a public records request from The Trace.",mean,0.0
control,52,"In the first three months of the year, through the end of March, police confiscated 1,100 firearms, according to monthly seizure numbers provided by the Chicago police research division in response to a public records request from The Trace.",max,0.0
control,52,"In the first three months of the year, through the end of March, police confiscated 1,100 firearms, according to monthly seizure numbers provided by the Chicago police research division in response to a public records request from The Trace.",last,0.0
control,53,"In one, a Polish citizen begs the chief directorate of prison camps for the release of her daughter, stricken with tuberculosis, from internment in central Russia.",mean,0.0
control,53,"In one, a Polish citizen begs the chief directorate of prison camps for the release of her daughter, stricken with tuberculosis, from internment in central Russia.",max,0.0
control,53,"In one, a Polish citizen begs the chief directorate of prison camps for the release of her daughter, stricken with tuberculosis, from internment in central Russia.",last,0.0
control,54,[61] Christmas 2014 marked the National Audubon Society's 115th annual Christmas Bird Count.,mean,0.0
control,54,[61] Christmas 2014 marked the National Audubon Society's 115th annual Christmas Bird Count.,max,0.0
control,54,[61] Christmas 2014 marked the National Audubon Society's 115th annual Christmas Bird Count.,last,0.0
control,55,Please check your email for a welcome confirmation.,mean,0.0
control,55,Please check your email for a welcome confirmation.,max,0.0
control,55,Please check your email for a welcome confirmation.,last,0.0
control,56,"If you’re able, and if you like our content and approach, please support the project.",mean,0.0
control,56,"If you’re able, and if you like our content and approach, please support the project.",max,0.0
control,56,"If you’re able, and if you like our content and approach, please support the project.",last,0.0
control,57,"The structure was theorized in the late 1800s, but it wasn’t until recently that researchers from the U.K. and Germany announced that they were able to create a physical system that represented E8 in the real world.",mean,0.0
control,57,"The structure was theorized in the late 1800s, but it wasn’t until recently that researchers from the U.K. and Germany announced that they were able to create a physical system that represented E8 in the real world.",max,0.0
control,57,"The structure was theorized in the late 1800s, but it wasn’t until recently that researchers from the U.K. and Germany announced that they were able to create a physical system that represented E8 in the real world.",last,0.0
control,58,The Home Office has not offered an explanation to The Register about the disappearance of these minutes.,mean,0.0
control,58,The Home Office has not offered an explanation to The Register about the disappearance of these minutes.,max,0.0
control,58,The Home Office has not offered an explanation to The Register about the disappearance of these minutes.,last,0.0
control,59,"Leave it to Beaver

It seemed like a dorky 1950s show, but it was hilarious.",mean,0.0
control,59,"Leave it to Beaver

It seemed like a dorky 1950s show, but it was hilarious.",max,0.0
control,59,"Leave it to Beaver

It seemed like a dorky 1950s show, but it was hilarious.",last,0.0
control,60,Trying to get excited 17 months out over a Quinnipiac University poll that shows Gov.,mean,0.0
control,60,Trying to get excited 17 months out over a Quinnipiac University poll that shows Gov.,max,0.0
control,60,Trying to get excited 17 months out over a Quinnipiac University poll that shows Gov.,last,0.0
control,61,"More importantly, I also speak out in favor of the push they used this historic issue to launch -- to get their own Pulitzer Prize.",mean,0.0
control,61,"More importantly, I also speak out in favor of the push they used this historic issue to launch -- to get their own Pulitzer Prize.",max,0.0
control,61,"More importantly, I also speak out in favor of the push they used this historic issue to launch -- to get their own Pulitzer Prize.",last,0.0
control,62,"Our currencies are created in debt and our debt, whether personal or public, is created out of nothing.",mean,0.0
control,62,"Our currencies are created in debt and our debt, whether personal or public, is created out of nothing.",max,0.0
control,62,"Our currencies are created in debt and our debt, whether personal or public, is created out of nothing.",last,0.0
control,63,"Most important to Chung is that the Penrose team maintains the philosophy that brought them where they are today; to remember that wherever they came from, whichever crafts they think they’ve mastered, everyone needs to remember how little they know and let VR tell them who’s boss.",mean,0.0
control,63,"Most important to Chung is that the Penrose team maintains the philosophy that brought them where they are today; to remember that wherever they came from, whichever crafts they think they’ve mastered, everyone needs to remember how little they know and let VR tell them who’s boss.",max,0.0
control,63,"Most important to Chung is that the Penrose team maintains the philosophy that brought them where they are today; to remember that wherever they came from, whichever crafts they think they’ve mastered, everyone needs to remember how little they know and let VR tell them who’s boss.",last,0.0
control,64,"Now we have a reusable randomly-generated square and animation, we can use it multiple times by putting it into a loop.",mean,0.0
control,64,"Now we have a reusable randomly-generated square and animation, we can use it multiple times by putting it into a loop.",max,0.0
control,64,"Now we have a reusable randomly-generated square and animation, we can use it multiple times by putting it into a loop.",last,0.0
control,65,We decided to travel back in time and get a copy of the 1981 summer special - which we've reprinted inside the latest issue - in time for the last episode of the season.,mean,0.0
control,65,We decided to travel back in time and get a copy of the 1981 summer special - which we've reprinted inside the latest issue - in time for the last episode of the season.,max,0.0
control,65,We decided to travel back in time and get a copy of the 1981 summer special - which we've reprinted inside the latest issue - in time for the last episode of the season.,last,0.0
control,66,"Mr. Mueller’s team has emails that show Mr. Flynn saying he would work to kill the vote, the people briefed on the matter said.",mean,0.0
control,66,"Mr. Mueller’s team has emails that show Mr. Flynn saying he would work to kill the vote, the people briefed on the matter said.",max,0.0
control,66,"Mr. Mueller’s team has emails that show Mr. Flynn saying he would work to kill the vote, the people briefed on the matter said.",last,0.0
control,67,"""One thing you learn as a farmer is most of the things that happen in your life are totally out of your control,"" he said.",mean,0.0
control,67,"""One thing you learn as a farmer is most of the things that happen in your life are totally out of your control,"" he said.",max,0.0
control,67,"""One thing you learn as a farmer is most of the things that happen in your life are totally out of your control,"" he said.",last,0.0
control,68,You can check out our earlier report for a closer look at the game’s action and more on the story.,mean,0.0
control,68,You can check out our earlier report for a closer look at the game’s action and more on the story.,max,0.0
control,68,You can check out our earlier report for a closer look at the game’s action and more on the story.,last,0.0
control,69,"He volunteers for the aptitude examination for the formation of the Vanargand, and although relatively low, his Ragnite aptitude was recognized and he enlisted.",mean,0.0
control,69,"He volunteers for the aptitude examination for the formation of the Vanargand, and although relatively low, his Ragnite aptitude was recognized and he enlisted.",max,0.0
control,69,"He volunteers for the aptitude examination for the formation of the Vanargand, and although relatively low, his Ragnite aptitude was recognized and he enlisted.",last,0.0
control,70,"Pro tip: Ask the salesperson to show you vintage pieces—half of the older collections are not shown.”

Lesnoy Flea Market

Brovary Street

“Located at Lesna, the last metro stop, Lesnoy Flea Market is one of the biggest flea markets in Europe.",mean,0.0
control,70,"Pro tip: Ask the salesperson to show you vintage pieces—half of the older collections are not shown.”

Lesnoy Flea Market

Brovary Street

“Located at Lesna, the last metro stop, Lesnoy Flea Market is one of the biggest flea markets in Europe.",max,0.0
control,70,"Pro tip: Ask the salesperson to show you vintage pieces—half of the older collections are not shown.”

Lesnoy Flea Market

Brovary Street

“Located at Lesna, the last metro stop, Lesnoy Flea Market is one of the biggest flea markets in Europe.",last,0.0
control,71,"PHP 7.0.0

PHP is the biggest revamp to the language and runtime in over ten years as PHP 5.0 was released in July 2004.",mean,0.0
control,71,"PHP 7.0.0

PHP is the biggest revamp to the language and runtime in over ten years as PHP 5.0 was released in July 2004.",max,0.0
control,71,"PHP 7.0.0

PHP is the biggest revamp to the language and runtime in over ten years as PHP 5.0 was released in July 2004.",last,0.0
control,72,"In the meantime, much of the radicalism of these great rebellions became institutionalized, administered, and for the most part deradicalized into religious worship.We are still living out the consequences of these great social rebellions today but we do not really see the legacy of the historical events from 1500 BCE to the 7th century CE carried through by religious institutions.",mean,0.0
control,72,"In the meantime, much of the radicalism of these great rebellions became institutionalized, administered, and for the most part deradicalized into religious worship.We are still living out the consequences of these great social rebellions today but we do not really see the legacy of the historical events from 1500 BCE to the 7th century CE carried through by religious institutions.",max,0.0
control,72,"In the meantime, much of the radicalism of these great rebellions became institutionalized, administered, and for the most part deradicalized into religious worship.We are still living out the consequences of these great social rebellions today but we do not really see the legacy of the historical events from 1500 BCE to the 7th century CE carried through by religious institutions.",last,0.0
control,73,"The review panel will hear final arguments starting next month, and must present a report to the federal government by the end of the year.",mean,0.0
control,73,"The review panel will hear final arguments starting next month, and must present a report to the federal government by the end of the year.",max,0.0
control,73,"The review panel will hear final arguments starting next month, and must present a report to the federal government by the end of the year.",last,0.0
control,74,"Basing this competition largely, if not entirely, on military power is a prescription for failure.",mean,0.0
control,74,"Basing this competition largely, if not entirely, on military power is a prescription for failure.",max,0.0
control,74,"Basing this competition largely, if not entirely, on military power is a prescription for failure.",last,0.0
control,75,"Sign up for KPRC 2 newsletters to get breaking news, sports, entertainment, contests and more delivered straight to your email inbox.",mean,0.0
control,75,"Sign up for KPRC 2 newsletters to get breaking news, sports, entertainment, contests and more delivered straight to your email inbox.",max,0.0
control,75,"Sign up for KPRC 2 newsletters to get breaking news, sports, entertainment, contests and more delivered straight to your email inbox.",last,0.0
control,76,"(Lockett was sentenced to death for shooting a woman after beating, robbing and raping her and other people.",mean,0.0
control,76,"(Lockett was sentenced to death for shooting a woman after beating, robbing and raping her and other people.",max,0.0
control,76,"(Lockett was sentenced to death for shooting a woman after beating, robbing and raping her and other people.",last,0.0
control,77,Then there was the problem of fake and forged shares.,mean,0.0
control,77,Then there was the problem of fake and forged shares.,max,0.0
control,77,Then there was the problem of fake and forged shares.,last,0.0
control,78,"The removal part is obvious, as removal is the easiest way to stop the immediate aggression; however, this should only be our first choice when we can do two actions in one turn to match Gul’dan’s pace.",mean,0.0
control,78,"The removal part is obvious, as removal is the easiest way to stop the immediate aggression; however, this should only be our first choice when we can do two actions in one turn to match Gul’dan’s pace.",max,0.0
control,78,"The removal part is obvious, as removal is the easiest way to stop the immediate aggression; however, this should only be our first choice when we can do two actions in one turn to match Gul’dan’s pace.",last,0.0
control,79,"This is called ""occlusion,"" and blocking the camera and losing tracking on a controller yanks you right out of the game.",mean,0.0
control,79,"This is called ""occlusion,"" and blocking the camera and losing tracking on a controller yanks you right out of the game.",max,0.0
control,79,"This is called ""occlusion,"" and blocking the camera and losing tracking on a controller yanks you right out of the game.",last,0.0
control,80,"So for now, GOP.am-shortened links that are not blocked by the site's filters will still display GOP.am's toolbar.",mean,0.0
control,80,"So for now, GOP.am-shortened links that are not blocked by the site's filters will still display GOP.am's toolbar.",max,0.0
control,80,"So for now, GOP.am-shortened links that are not blocked by the site's filters will still display GOP.am's toolbar.",last,0.0
control,81,"But if a person finds mismatched ends, and the thread tensions can't be balanced, then one can pin the seams every 6 to 10 inches along the edge, before sewing them together.",mean,0.0
control,81,"But if a person finds mismatched ends, and the thread tensions can't be balanced, then one can pin the seams every 6 to 10 inches along the edge, before sewing them together.",max,0.0
control,81,"But if a person finds mismatched ends, and the thread tensions can't be balanced, then one can pin the seams every 6 to 10 inches along the edge, before sewing them together.",last,0.0
control,82,Next time we'll opt for the hard roll at the Italian Store.,mean,0.0
control,82,Next time we'll opt for the hard roll at the Italian Store.,max,0.0
control,82,Next time we'll opt for the hard roll at the Italian Store.,last,0.0
control,83,This is only applicable to geotagged tweets with media.,mean,0.0
control,83,This is only applicable to geotagged tweets with media.,max,0.0
control,83,This is only applicable to geotagged tweets with media.,last,0.0
control,84,"So, unsurprisingly, we witnessed accusations that objectors are “causing fitna,” invective against feminists in general and Muslim feminists in particular, claims that those who are objecting to Abu Eesa’s comments are acting irresponsibly by not “looking for 70 excuses for your brother” and even worse, by creating a spectacle on the internet for Islamophobes to see… and even crazier comments on blog posts and facebook moaning about feminazis and overly sensitive women who just can’t take a joke and how there are no properly feminine women to marry any more and these Muslim feminists don’t understand the first thing about Islam and how anyone who knows Abu Eesa knows that he really treats his wife like a queen so there’s no way he could be a women-hater and anyway the houris are far better than earthly women so take that, feminists…..

And it’s not only men who are standing up for him.",mean,0.0
control,84,"So, unsurprisingly, we witnessed accusations that objectors are “causing fitna,” invective against feminists in general and Muslim feminists in particular, claims that those who are objecting to Abu Eesa’s comments are acting irresponsibly by not “looking for 70 excuses for your brother” and even worse, by creating a spectacle on the internet for Islamophobes to see… and even crazier comments on blog posts and facebook moaning about feminazis and overly sensitive women who just can’t take a joke and how there are no properly feminine women to marry any more and these Muslim feminists don’t understand the first thing about Islam and how anyone who knows Abu Eesa knows that he really treats his wife like a queen so there’s no way he could be a women-hater and anyway the houris are far better than earthly women so take that, feminists…..

And it’s not only men who are standing up for him.",max,0.0
control,84,"So, unsurprisingly, we witnessed accusations that objectors are “causing fitna,” invective against feminists in general and Muslim feminists in particular, claims that those who are objecting to Abu Eesa’s comments are acting irresponsibly by not “looking for 70 excuses for your brother” and even worse, by creating a spectacle on the internet for Islamophobes to see… and even crazier comments on blog posts and facebook moaning about feminazis and overly sensitive women who just can’t take a joke and how there are no properly feminine women to marry any more and these Muslim feminists don’t understand the first thing about Islam and how anyone who knows Abu Eesa knows that he really treats his wife like a queen so there’s no way he could be a women-hater and anyway the houris are far better than earthly women so take that, feminists…..

And it’s not only men who are standing up for him.",last,0.0
control,85,Linked to this is the vexed question of whose expertise counts.,mean,0.0
control,85,Linked to this is the vexed question of whose expertise counts.,max,0.0
control,85,Linked to this is the vexed question of whose expertise counts.,last,0.0
control,86,"When a deadly earthquake hit Iran's northwestern provinces in early August, causing massive casualties and infrastructural damage, many international aid agencies as well as members of the Iranian Diaspora found it almost impossible to make direct humanitarian donations.",mean,0.0
control,86,"When a deadly earthquake hit Iran's northwestern provinces in early August, causing massive casualties and infrastructural damage, many international aid agencies as well as members of the Iranian Diaspora found it almost impossible to make direct humanitarian donations.",max,0.0
control,86,"When a deadly earthquake hit Iran's northwestern provinces in early August, causing massive casualties and infrastructural damage, many international aid agencies as well as members of the Iranian Diaspora found it almost impossible to make direct humanitarian donations.",last,0.0
control,87,Advertisements,mean,0.0
control,87,Advertisements,max,0.0
control,87,Advertisements,last,0.0
control,88,But I have to win to be invited.,mean,0.0
control,88,But I have to win to be invited.,max,0.0
control,88,But I have to win to be invited.,last,0.0
control,89,"They have also been designed to comply with article 2 of the United Nations Framework Convention on Climate Change, which refers to ""dangerous anthropogenic interference with the climate system"".",mean,0.0
control,89,"They have also been designed to comply with article 2 of the United Nations Framework Convention on Climate Change, which refers to ""dangerous anthropogenic interference with the climate system"".",max,0.0
control,89,"They have also been designed to comply with article 2 of the United Nations Framework Convention on Climate Change, which refers to ""dangerous anthropogenic interference with the climate system"".",last,0.0
control,90,"Janet: Say, how would you like a free sample of blank slate memory wipes?",mean,0.0
control,90,"Janet: Say, how would you like a free sample of blank slate memory wipes?",max,0.0
control,90,"Janet: Say, how would you like a free sample of blank slate memory wipes?",last,0.0
control,91,… It was a tough day out there.,mean,0.0
control,91,… It was a tough day out there.,max,0.0
control,91,… It was a tough day out there.,last,0.0
control,92,"Mr Magnus highlighted that Singapore’s rail fares are among the lowest in Asia, and considerably lower than those in Australian, European and North American cities.",mean,0.0
control,92,"Mr Magnus highlighted that Singapore’s rail fares are among the lowest in Asia, and considerably lower than those in Australian, European and North American cities.",max,0.0
control,92,"Mr Magnus highlighted that Singapore’s rail fares are among the lowest in Asia, and considerably lower than those in Australian, European and North American cities.",last,0.0
control,93,"At one level, I have come to discover (through discussions with women on the issue of modesty) that many (especially younger) women really don’t have any idea the effect that they have on men.",mean,0.0
control,93,"At one level, I have come to discover (through discussions with women on the issue of modesty) that many (especially younger) women really don’t have any idea the effect that they have on men.",max,0.0
control,93,"At one level, I have come to discover (through discussions with women on the issue of modesty) that many (especially younger) women really don’t have any idea the effect that they have on men.",last,0.0
control,94,"When the leases for the houses along Lorong 3 Geylang run out, owners have to make sure the properties are cleared of all belongings and furniture, utilities and services are terminated and all outstanding bills are paid.",mean,0.0
control,94,"When the leases for the houses along Lorong 3 Geylang run out, owners have to make sure the properties are cleared of all belongings and furniture, utilities and services are terminated and all outstanding bills are paid.",max,0.0
control,94,"When the leases for the houses along Lorong 3 Geylang run out, owners have to make sure the properties are cleared of all belongings and furniture, utilities and services are terminated and all outstanding bills are paid.",last,0.0
control,95,"Technically, individuals, families or clans have no power to forgive and therefore must not usurp the power of the state to carry out justice in the case of a criminal offense.",mean,0.0
control,95,"Technically, individuals, families or clans have no power to forgive and therefore must not usurp the power of the state to carry out justice in the case of a criminal offense.",max,0.0
control,95,"Technically, individuals, families or clans have no power to forgive and therefore must not usurp the power of the state to carry out justice in the case of a criminal offense.",last,0.0
control,96,"Either way, these dishes are over-the-top delicious.",mean,0.0
control,96,"Either way, these dishes are over-the-top delicious.",max,0.0
control,96,"Either way, these dishes are over-the-top delicious.",last,0.0
control,97,"Littlechild could have stepped in to lower prices, but he held back, fearful of intruding on managers’ RPI-X nirvana.",mean,0.0
control,97,"Littlechild could have stepped in to lower prices, but he held back, fearful of intruding on managers’ RPI-X nirvana.",max,0.0
control,97,"Littlechild could have stepped in to lower prices, but he held back, fearful of intruding on managers’ RPI-X nirvana.",last,0.0
control,98,The provision is part of a package of small business and savings incentives and could be tabled later this week.,mean,0.0
control,98,The provision is part of a package of small business and savings incentives and could be tabled later this week.,max,0.0
control,98,The provision is part of a package of small business and savings incentives and could be tabled later this week.,last,0.0
control,99,"LOCATION

700 Longs Peak Avenue

Roosevelt Park | Longmont, Colorado

PARKING

Guest parking is easily available on site at Roosevelt Park and the surrounding streets.",mean,0.0
control,99,"LOCATION

700 Longs Peak Avenue

Roosevelt Park | Longmont, Colorado

PARKING

Guest parking is easily available on site at Roosevelt Park and the surrounding streets.",max,0.0
control,99,"LOCATION

700 Longs Peak Avenue

Roosevelt Park | Longmont, Colorado

PARKING

Guest parking is easily available on site at Roosevelt Park and the surrounding streets.",last,0.0
control,100,"""Ok, what wrong with it?""",mean,0.0
control,100,"""Ok, what wrong with it?""",max,0.0
control,100,"""Ok, what wrong with it?""",last,0.0
control,101,"However, a Chinese Commission later said this:

The amount more than doubled in 2010 to US$412 Billion (CAD$553 Billion);

In 2011, it was at US$600 Billion (CAD$806 Billion);

In 2012, it was at US$1 Trillion (CAD$1.3 Trillion); and

By 2013, it was at US$1.5 Trillion (CAD$2 Trillion).",mean,0.0
control,101,"However, a Chinese Commission later said this:

The amount more than doubled in 2010 to US$412 Billion (CAD$553 Billion);

In 2011, it was at US$600 Billion (CAD$806 Billion);

In 2012, it was at US$1 Trillion (CAD$1.3 Trillion); and

By 2013, it was at US$1.5 Trillion (CAD$2 Trillion).",max,0.0
control,101,"However, a Chinese Commission later said this:

The amount more than doubled in 2010 to US$412 Billion (CAD$553 Billion);

In 2011, it was at US$600 Billion (CAD$806 Billion);

In 2012, it was at US$1 Trillion (CAD$1.3 Trillion); and

By 2013, it was at US$1.5 Trillion (CAD$2 Trillion).",last,0.0
control,102,"""He played against one of the premier guards in our league in Mark Lyons.",mean,0.0
control,102,"""He played against one of the premier guards in our league in Mark Lyons.",max,0.0
control,102,"""He played against one of the premier guards in our league in Mark Lyons.",last,0.0
control,103,"Still, here are some of the technologies startups and multinationals alike are pursuing:

Thermal intervention injects steam into wells to extract heavy oils or oil sands.",mean,0.0
control,103,"Still, here are some of the technologies startups and multinationals alike are pursuing:

Thermal intervention injects steam into wells to extract heavy oils or oil sands.",max,0.0
control,103,"Still, here are some of the technologies startups and multinationals alike are pursuing:

Thermal intervention injects steam into wells to extract heavy oils or oil sands.",last,0.0
control,104,So I just do what I do and just let the chips lie where they are at.,mean,0.0
control,104,So I just do what I do and just let the chips lie where they are at.,max,0.0
control,104,So I just do what I do and just let the chips lie where they are at.,last,0.0
control,105,"Some socialist countries did bring up UN resolutions, and most of the Soviet sphere voted for measures in support of Kurdish autonomy in Kurdistan.",mean,0.0
control,105,"Some socialist countries did bring up UN resolutions, and most of the Soviet sphere voted for measures in support of Kurdish autonomy in Kurdistan.",max,0.0
control,105,"Some socialist countries did bring up UN resolutions, and most of the Soviet sphere voted for measures in support of Kurdish autonomy in Kurdistan.",last,0.0
control,106,Henry admitted that he had allowed the boys to go out hunting that night and that they had never returned that morning.,mean,0.0
control,106,Henry admitted that he had allowed the boys to go out hunting that night and that they had never returned that morning.,max,0.0
control,106,Henry admitted that he had allowed the boys to go out hunting that night and that they had never returned that morning.,last,0.0
control,107,"His major concern is the vestigial Electoral College; he knows that Ross Perot, running an erratic campaign in 1992, still won 19 million votes without garnering one electoral vote.",mean,0.0
control,107,"His major concern is the vestigial Electoral College; he knows that Ross Perot, running an erratic campaign in 1992, still won 19 million votes without garnering one electoral vote.",max,0.0
control,107,"His major concern is the vestigial Electoral College; he knows that Ross Perot, running an erratic campaign in 1992, still won 19 million votes without garnering one electoral vote.",last,0.0
control,108,"Ryan, a former minister for communications, said he “could think of no other business where the core business is guaranteed to decline 5 per cent per annum”; but even then, he contended, An Post should be preparing for “real cliff drops” in mail volumes in the year ahead.",mean,0.0
control,108,"Ryan, a former minister for communications, said he “could think of no other business where the core business is guaranteed to decline 5 per cent per annum”; but even then, he contended, An Post should be preparing for “real cliff drops” in mail volumes in the year ahead.",max,0.0
control,108,"Ryan, a former minister for communications, said he “could think of no other business where the core business is guaranteed to decline 5 per cent per annum”; but even then, he contended, An Post should be preparing for “real cliff drops” in mail volumes in the year ahead.",last,0.0
control,109,"There might even be a few other things on which we can agree.”

“However,” the letter continued, “your ignorant anti-immigrant opinions, your border wall rhetoric, and your recent bigoted attack on an American jurist are just plain despicable.”

“Your position with respect to the millions of undocumented Mexican workers who now live in this country is hateful, dehumanizing, and frankly shameful.",mean,0.0
control,109,"There might even be a few other things on which we can agree.”

“However,” the letter continued, “your ignorant anti-immigrant opinions, your border wall rhetoric, and your recent bigoted attack on an American jurist are just plain despicable.”

“Your position with respect to the millions of undocumented Mexican workers who now live in this country is hateful, dehumanizing, and frankly shameful.",max,0.0
control,109,"There might even be a few other things on which we can agree.”

“However,” the letter continued, “your ignorant anti-immigrant opinions, your border wall rhetoric, and your recent bigoted attack on an American jurist are just plain despicable.”

“Your position with respect to the millions of undocumented Mexican workers who now live in this country is hateful, dehumanizing, and frankly shameful.",last,0.0
control,110,The fact of the matter is that it's in the past.,mean,0.0
control,110,The fact of the matter is that it's in the past.,max,0.0
control,110,The fact of the matter is that it's in the past.,last,0.0
control,111,"At this level, “students begin to demonstrate the skills that will enable them to participate effectively and productively in life,” according to the PISA report.",mean,0.0
control,111,"At this level, “students begin to demonstrate the skills that will enable them to participate effectively and productively in life,” according to the PISA report.",max,0.0
control,111,"At this level, “students begin to demonstrate the skills that will enable them to participate effectively and productively in life,” according to the PISA report.",last,0.0
control,112,"Media:

Oklahoma District Bible Class: Sinners Will Suffer

ABC News",mean,0.0
control,112,"Media:

Oklahoma District Bible Class: Sinners Will Suffer

ABC News",max,0.0
control,112,"Media:

Oklahoma District Bible Class: Sinners Will Suffer

ABC News",last,0.0
control,113,The vote was 58-40.,mean,0.0
control,113,The vote was 58-40.,max,0.0
control,113,The vote was 58-40.,last,0.0
control,114,"Does the fact the Giants have missed the playoffs altogether in each season following the titles, including 2015, count against him?",mean,0.0
control,114,"Does the fact the Giants have missed the playoffs altogether in each season following the titles, including 2015, count against him?",max,0.0
control,114,"Does the fact the Giants have missed the playoffs altogether in each season following the titles, including 2015, count against him?",last,0.0
control,115,"By combining federal, state and local law enforcement officers, a FIST team can free manpower to concentrate exclusively on the apprehension and arrest of fugitives.""",mean,0.0
control,115,"By combining federal, state and local law enforcement officers, a FIST team can free manpower to concentrate exclusively on the apprehension and arrest of fugitives.""",max,0.0
control,115,"By combining federal, state and local law enforcement officers, a FIST team can free manpower to concentrate exclusively on the apprehension and arrest of fugitives.""",last,0.0
control,116,"This time, apparently, all of them took, and she decided to bring them all to term.",mean,0.0
control,116,"This time, apparently, all of them took, and she decided to bring them all to term.",max,0.0
control,116,"This time, apparently, all of them took, and she decided to bring them all to term.",last,0.0
control,117,The next time the Transit of Venus will happen will be in 105 years.,mean,0.0
control,117,The next time the Transit of Venus will happen will be in 105 years.,max,0.0
control,117,The next time the Transit of Venus will happen will be in 105 years.,last,0.0
control,118,"Dealing with Non-Smokers - Unlike other drugs, smoking involves the participation of non-smokers.",mean,0.0
control,118,"Dealing with Non-Smokers - Unlike other drugs, smoking involves the participation of non-smokers.",max,0.0
control,118,"Dealing with Non-Smokers - Unlike other drugs, smoking involves the participation of non-smokers.",last,0.0
control,119,"Just when people were starting to get settled into Android 6.0 Marshmallow, Google has added on a point release to the fray.",mean,0.0
control,119,"Just when people were starting to get settled into Android 6.0 Marshmallow, Google has added on a point release to the fray.",max,0.0
control,119,"Just when people were starting to get settled into Android 6.0 Marshmallow, Google has added on a point release to the fray.",last,0.0
control,120,"Posted on behalf of Jane Qiu

Four years of negotiations — involving both fierce wrangling and pragmatic concessions — have led to the first global, legally-binding treaty to prevent emissions and releases of mercury into the environment.",mean,0.0
control,120,"Posted on behalf of Jane Qiu

Four years of negotiations — involving both fierce wrangling and pragmatic concessions — have led to the first global, legally-binding treaty to prevent emissions and releases of mercury into the environment.",max,0.0
control,120,"Posted on behalf of Jane Qiu

Four years of negotiations — involving both fierce wrangling and pragmatic concessions — have led to the first global, legally-binding treaty to prevent emissions and releases of mercury into the environment.",last,0.0
control,121,"As the Earth is a Factory for the production of Enlightened beings and Karma is the method of refinement - as you give, so you receive.. many people are not yet ready for Enlightenment.",mean,0.0
control,121,"As the Earth is a Factory for the production of Enlightened beings and Karma is the method of refinement - as you give, so you receive.. many people are not yet ready for Enlightenment.",max,0.0
control,121,"As the Earth is a Factory for the production of Enlightened beings and Karma is the method of refinement - as you give, so you receive.. many people are not yet ready for Enlightenment.",last,0.0
control,122,"Save for CJ Cumming’s record setting session on Saturday, there were really no stellar performances to stir the imagination and inspire.",mean,0.0
control,122,"Save for CJ Cumming’s record setting session on Saturday, there were really no stellar performances to stir the imagination and inspire.",max,0.0
control,122,"Save for CJ Cumming’s record setting session on Saturday, there were really no stellar performances to stir the imagination and inspire.",last,0.0
control,123,"“I don’t know if I would be around if it wasn’t for marijuana,” he says, in the advertisement.",mean,0.0
control,123,"“I don’t know if I would be around if it wasn’t for marijuana,” he says, in the advertisement.",max,0.0
control,123,"“I don’t know if I would be around if it wasn’t for marijuana,” he says, in the advertisement.",last,0.0
control,124,"Freidman, who has 232 medallions, the most owned by anyone in the city, according to Crain's, defended his tactics.",mean,0.0
control,124,"Freidman, who has 232 medallions, the most owned by anyone in the city, according to Crain's, defended his tactics.",max,0.0
control,124,"Freidman, who has 232 medallions, the most owned by anyone in the city, according to Crain's, defended his tactics.",last,0.0
control,125,"Within 5 min they experienced anxiety, restlessness, generalized parasthesias and muscle discomfort, vomiting, and physical collapse.",mean,0.0
control,125,"Within 5 min they experienced anxiety, restlessness, generalized parasthesias and muscle discomfort, vomiting, and physical collapse.",max,0.0
control,125,"Within 5 min they experienced anxiety, restlessness, generalized parasthesias and muscle discomfort, vomiting, and physical collapse.",last,0.0
control,126,McCullough and Cleaver assured them that Rowland was in good hands and persuaded them to return to Greenwood.The intent of the white crowd is difficult to gauge.,mean,0.0
control,126,McCullough and Cleaver assured them that Rowland was in good hands and persuaded them to return to Greenwood.The intent of the white crowd is difficult to gauge.,max,0.0
control,126,McCullough and Cleaver assured them that Rowland was in good hands and persuaded them to return to Greenwood.The intent of the white crowd is difficult to gauge.,last,0.0
control,127,"(Side note: a new paper in the Astrophysical Journal questions whether those standard candle Type 1a supernovae are as uniform as astronomers have assumed, which means the universe might be expanding at a slower rate than previously inferred.)",mean,0.0
control,127,"(Side note: a new paper in the Astrophysical Journal questions whether those standard candle Type 1a supernovae are as uniform as astronomers have assumed, which means the universe might be expanding at a slower rate than previously inferred.)",max,0.0
control,127,"(Side note: a new paper in the Astrophysical Journal questions whether those standard candle Type 1a supernovae are as uniform as astronomers have assumed, which means the universe might be expanding at a slower rate than previously inferred.)",last,0.0
control,128,"If you yourself are the cheeser and still you lose, you must do 30 crunches, jumping jacks, or push-ups4.",mean,0.0
control,128,"If you yourself are the cheeser and still you lose, you must do 30 crunches, jumping jacks, or push-ups4.",max,0.0
control,128,"If you yourself are the cheeser and still you lose, you must do 30 crunches, jumping jacks, or push-ups4.",last,0.0
control,129,Both will use the threat of government building as leverage to try and force private land bankers to get a move on with residential development.,mean,0.0
control,129,Both will use the threat of government building as leverage to try and force private land bankers to get a move on with residential development.,max,0.0
control,129,Both will use the threat of government building as leverage to try and force private land bankers to get a move on with residential development.,last,0.0
control,130,We really do have to appropriate the position of the survivor (as opposed to the survivalist).,mean,0.0
control,130,We really do have to appropriate the position of the survivor (as opposed to the survivalist).,max,0.0
control,130,We really do have to appropriate the position of the survivor (as opposed to the survivalist).,last,0.0
control,131,Every interview we do we’re talking about that music.,mean,0.0
control,131,Every interview we do we’re talking about that music.,max,0.0
control,131,Every interview we do we’re talking about that music.,last,0.0
control,132,"I assume this simplification is good enough for our purpose, since we are computing a worst-case.",mean,0.0
control,132,"I assume this simplification is good enough for our purpose, since we are computing a worst-case.",max,0.0
control,132,"I assume this simplification is good enough for our purpose, since we are computing a worst-case.",last,0.0
control,133,"“There’s a world of difference between can’t and shouldn’t, Ruby.",mean,0.0
control,133,"“There’s a world of difference between can’t and shouldn’t, Ruby.",max,0.0
control,133,"“There’s a world of difference between can’t and shouldn’t, Ruby.",last,0.0
control,134,"Blizzard later confirmed this theory, and it became canon, which was expanded on in a metcon for Diablo III as the Warrior become Prince Aidan and ultimately the father of Leah.",mean,0.0
control,134,"Blizzard later confirmed this theory, and it became canon, which was expanded on in a metcon for Diablo III as the Warrior become Prince Aidan and ultimately the father of Leah.",max,0.0
control,134,"Blizzard later confirmed this theory, and it became canon, which was expanded on in a metcon for Diablo III as the Warrior become Prince Aidan and ultimately the father of Leah.",last,0.0
control,135,12) There's nothing like your first solo flight.,mean,0.0
control,135,12) There's nothing like your first solo flight.,max,0.0
control,135,12) There's nothing like your first solo flight.,last,0.0
control,136,"I’m pleased that there won’t be a lengthy and costly court case with them pleading guilty, and that an appropriate sentence will be handed out to all those concerned.”

‘THIS IS JUST THE TIP OF THE ICEBERG’

Investigations into two separate city council property departments were launched after a whistleblower came forward in 2010.",mean,0.0
control,136,"I’m pleased that there won’t be a lengthy and costly court case with them pleading guilty, and that an appropriate sentence will be handed out to all those concerned.”

‘THIS IS JUST THE TIP OF THE ICEBERG’

Investigations into two separate city council property departments were launched after a whistleblower came forward in 2010.",max,0.0
control,136,"I’m pleased that there won’t be a lengthy and costly court case with them pleading guilty, and that an appropriate sentence will be handed out to all those concerned.”

‘THIS IS JUST THE TIP OF THE ICEBERG’

Investigations into two separate city council property departments were launched after a whistleblower came forward in 2010.",last,0.0
control,137,Matthew Stafford throws a series of incomplete passes while the Lions try to hold a lead.,mean,0.0
control,137,Matthew Stafford throws a series of incomplete passes while the Lions try to hold a lead.,max,0.0
control,137,Matthew Stafford throws a series of incomplete passes while the Lions try to hold a lead.,last,0.0
control,138,"He appears to the heroes now in a form that could only be vaguely described as human- composed of rot-blackened organs that swell and split, clustered around his crumbling bones like sacks of stinking awful, with his intestines hanging in ropey coils from his belly.",mean,0.0
control,138,"He appears to the heroes now in a form that could only be vaguely described as human- composed of rot-blackened organs that swell and split, clustered around his crumbling bones like sacks of stinking awful, with his intestines hanging in ropey coils from his belly.",max,0.0
control,138,"He appears to the heroes now in a form that could only be vaguely described as human- composed of rot-blackened organs that swell and split, clustered around his crumbling bones like sacks of stinking awful, with his intestines hanging in ropey coils from his belly.",last,0.0
control,139,"While Seattle, that liberal bastion of the Pacific Northwest, might not be the first place you think of, the reality is that my city is struggling with police reform just like the rest of our nation.",mean,0.0
control,139,"While Seattle, that liberal bastion of the Pacific Northwest, might not be the first place you think of, the reality is that my city is struggling with police reform just like the rest of our nation.",max,0.0
control,139,"While Seattle, that liberal bastion of the Pacific Northwest, might not be the first place you think of, the reality is that my city is struggling with police reform just like the rest of our nation.",last,0.0
control,140,But the government will be able to get on with its job now without having to worry that Mr Berlusconi might at any moment pull the rug from under it.,mean,0.0
control,140,But the government will be able to get on with its job now without having to worry that Mr Berlusconi might at any moment pull the rug from under it.,max,0.0
control,140,But the government will be able to get on with its job now without having to worry that Mr Berlusconi might at any moment pull the rug from under it.,last,0.0
control,141,Personalize your invites: Your feline friend will appreciate a personal note.,mean,0.0
control,141,Personalize your invites: Your feline friend will appreciate a personal note.,max,0.0
control,141,Personalize your invites: Your feline friend will appreciate a personal note.,last,0.0
control,142,Image copyright Thinkstock Image caption Heaven or hell?,mean,0.0
control,142,Image copyright Thinkstock Image caption Heaven or hell?,max,0.0
control,142,Image copyright Thinkstock Image caption Heaven or hell?,last,0.0
control,143,"Once the Zapatistas had finished preparing themselves, the alumn@s were invited to file through to enter the caracol, just as skilled masked players struck joyful tunes on the marimba from the stage above where the students came to join the assembled Zapatistas for a brief orientation to the Escuelita.",mean,0.0
control,143,"Once the Zapatistas had finished preparing themselves, the alumn@s were invited to file through to enter the caracol, just as skilled masked players struck joyful tunes on the marimba from the stage above where the students came to join the assembled Zapatistas for a brief orientation to the Escuelita.",max,0.0
control,143,"Once the Zapatistas had finished preparing themselves, the alumn@s were invited to file through to enter the caracol, just as skilled masked players struck joyful tunes on the marimba from the stage above where the students came to join the assembled Zapatistas for a brief orientation to the Escuelita.",last,0.0
control,144,"Maroš Šef?ovi?, Commission Vice-President for the Energy Union, said clearly during the hearing that South Stream is not a project that is in Europe’s interest.",mean,0.0
control,144,"Maroš Šef?ovi?, Commission Vice-President for the Energy Union, said clearly during the hearing that South Stream is not a project that is in Europe’s interest.",max,0.0
control,144,"Maroš Šef?ovi?, Commission Vice-President for the Energy Union, said clearly during the hearing that South Stream is not a project that is in Europe’s interest.",last,0.0
control,145,I spend a lot of time thinking about it.,mean,0.0
control,145,I spend a lot of time thinking about it.,max,0.0
control,145,I spend a lot of time thinking about it.,last,0.0
control,146,"Every year, Salesforce brings in influential speakers — including women like Patricia Arquette and Jessica Alba — to reinforce the importance of women in the workplace.",mean,0.0
control,146,"Every year, Salesforce brings in influential speakers — including women like Patricia Arquette and Jessica Alba — to reinforce the importance of women in the workplace.",max,0.0
control,146,"Every year, Salesforce brings in influential speakers — including women like Patricia Arquette and Jessica Alba — to reinforce the importance of women in the workplace.",last,0.0
control,147,“And it’s extremely expensive to do.,mean,0.0
control,147,“And it’s extremely expensive to do.,max,0.0
control,147,“And it’s extremely expensive to do.,last,0.0
control,148,I am really amazed what they are exploring on their own.,mean,0.0
control,148,I am really amazed what they are exploring on their own.,max,0.0
control,148,I am really amazed what they are exploring on their own.,last,0.0
control,149,Eating inspector-approved cupcakes cannot taste nearly as sweet as the freedom to do things without constantly needing permission.,mean,0.0
control,149,Eating inspector-approved cupcakes cannot taste nearly as sweet as the freedom to do things without constantly needing permission.,max,0.0
control,149,Eating inspector-approved cupcakes cannot taste nearly as sweet as the freedom to do things without constantly needing permission.,last,0.0
control,150,A new episode about every 6 days averaging 44 mins duration .,mean,0.0
control,150,A new episode about every 6 days averaging 44 mins duration .,max,0.0
control,150,A new episode about every 6 days averaging 44 mins duration .,last,0.0
control,151,I was probably clinically depressed and didn’t know it.,mean,0.0
control,151,I was probably clinically depressed and didn’t know it.,max,0.0
control,151,I was probably clinically depressed and didn’t know it.,last,0.0
control,152,"WowWee plans to officially announce CHiP early next year, and may launch a Kickstarter or Indiegogo campaign to support it.",mean,0.0
control,152,"WowWee plans to officially announce CHiP early next year, and may launch a Kickstarter or Indiegogo campaign to support it.",max,0.0
control,152,"WowWee plans to officially announce CHiP early next year, and may launch a Kickstarter or Indiegogo campaign to support it.",last,0.0
control,153,He also said 22 per cent of the state's fatal road crashes last year involved someone aged over 70.,mean,0.0
control,153,He also said 22 per cent of the state's fatal road crashes last year involved someone aged over 70.,max,0.0
control,153,He also said 22 per cent of the state's fatal road crashes last year involved someone aged over 70.,last,0.0
control,154,At night it goes into a low-power state that Cichy compares to a laptop's hibernation mode.,mean,0.0
control,154,At night it goes into a low-power state that Cichy compares to a laptop's hibernation mode.,max,0.0
control,154,At night it goes into a low-power state that Cichy compares to a laptop's hibernation mode.,last,0.0
control,155,"Google hadn't been aware that there's no common convention for how you center simple cylindrical maps, and some of the maps they'd been given were centered at 0 degrees longitude, while others were centered at 180.",mean,0.0
control,155,"Google hadn't been aware that there's no common convention for how you center simple cylindrical maps, and some of the maps they'd been given were centered at 0 degrees longitude, while others were centered at 180.",max,0.0
control,155,"Google hadn't been aware that there's no common convention for how you center simple cylindrical maps, and some of the maps they'd been given were centered at 0 degrees longitude, while others were centered at 180.",last,0.0
control,156,Imagine you have two systems.,mean,0.0
control,156,Imagine you have two systems.,max,0.0
control,156,Imagine you have two systems.,last,0.0
control,157,"Italy is cleansed of Berlusconi’s debauchery, broken promises and compromises.",mean,0.0
control,157,"Italy is cleansed of Berlusconi’s debauchery, broken promises and compromises.",max,0.0
control,157,"Italy is cleansed of Berlusconi’s debauchery, broken promises and compromises.",last,0.0
control,158,The trial court appeared to believe it could relieve Cohn only if Vigeant showed that keeping Cohn would prejudice Vigeant rather than making the required finding that Vigeant would be significantly prejudiced if Cohn were relieved (or that the orderly processes of justice would be disrupted if Cohn were relieved).,mean,0.0
control,158,The trial court appeared to believe it could relieve Cohn only if Vigeant showed that keeping Cohn would prejudice Vigeant rather than making the required finding that Vigeant would be significantly prejudiced if Cohn were relieved (or that the orderly processes of justice would be disrupted if Cohn were relieved).,max,0.0
control,158,The trial court appeared to believe it could relieve Cohn only if Vigeant showed that keeping Cohn would prejudice Vigeant rather than making the required finding that Vigeant would be significantly prejudiced if Cohn were relieved (or that the orderly processes of justice would be disrupted if Cohn were relieved).,last,0.0
control,159,"Unfortunately, this negative view of humanity was hard to escape.",mean,0.0
control,159,"Unfortunately, this negative view of humanity was hard to escape.",max,0.0
control,159,"Unfortunately, this negative view of humanity was hard to escape.",last,0.0
control,160,"""I take it you already know how closely you resemble Blake, right?""",mean,0.0
control,160,"""I take it you already know how closely you resemble Blake, right?""",max,0.0
control,160,"""I take it you already know how closely you resemble Blake, right?""",last,0.0
control,161,"Oh, Matthew Weiner we love you get up!",mean,0.0
control,161,"Oh, Matthew Weiner we love you get up!",max,0.0
control,161,"Oh, Matthew Weiner we love you get up!",last,0.0
control,162,The Cardinal has yet to win one in 2012-13 — the synchronized swimming national title was in U.S. Collegiate competition — and many followers of the program believe that the women’s water polo team is the last one with a legitimate chance to bring an NCAA championship to the Farm this year.,mean,0.0
control,162,The Cardinal has yet to win one in 2012-13 — the synchronized swimming national title was in U.S. Collegiate competition — and many followers of the program believe that the women’s water polo team is the last one with a legitimate chance to bring an NCAA championship to the Farm this year.,max,0.0
control,162,The Cardinal has yet to win one in 2012-13 — the synchronized swimming national title was in U.S. Collegiate competition — and many followers of the program believe that the women’s water polo team is the last one with a legitimate chance to bring an NCAA championship to the Farm this year.,last,0.0
control,163,"Those remarks came after Reuters quoted North Korea’s foreign minister as saying that Trump’s speech to the United Nations last week and his subsequent tweets were a “declaration of war.”

“In light of the declaration of war by Trump, all options will be on the operating table of the Supreme leadership of [the Democratic People's Republic of Korea],” Ri Yong Ho said.",mean,0.0
control,163,"Those remarks came after Reuters quoted North Korea’s foreign minister as saying that Trump’s speech to the United Nations last week and his subsequent tweets were a “declaration of war.”

“In light of the declaration of war by Trump, all options will be on the operating table of the Supreme leadership of [the Democratic People's Republic of Korea],” Ri Yong Ho said.",max,0.0
control,163,"Those remarks came after Reuters quoted North Korea’s foreign minister as saying that Trump’s speech to the United Nations last week and his subsequent tweets were a “declaration of war.”

“In light of the declaration of war by Trump, all options will be on the operating table of the Supreme leadership of [the Democratic People's Republic of Korea],” Ri Yong Ho said.",last,0.0
control,164,"76 James Neal, LW/RW 77 Tomas Plekanec, C 78 Leon Draisaitl, C/RW 79 Dylan Larkin, C/LW 80 Wayne Simmonds, LW/RW 81 Scott Hartnell, LW 82 Milan Lucic, LW 83 Filip Forsberg, C/LW/RW 84 Marc-Andre Fleury, G ( INJ. )",mean,0.0
control,164,"76 James Neal, LW/RW 77 Tomas Plekanec, C 78 Leon Draisaitl, C/RW 79 Dylan Larkin, C/LW 80 Wayne Simmonds, LW/RW 81 Scott Hartnell, LW 82 Milan Lucic, LW 83 Filip Forsberg, C/LW/RW 84 Marc-Andre Fleury, G ( INJ. )",max,0.0
control,164,"76 James Neal, LW/RW 77 Tomas Plekanec, C 78 Leon Draisaitl, C/RW 79 Dylan Larkin, C/LW 80 Wayne Simmonds, LW/RW 81 Scott Hartnell, LW 82 Milan Lucic, LW 83 Filip Forsberg, C/LW/RW 84 Marc-Andre Fleury, G ( INJ. )",last,0.0
control,165,"He did, of course, he made lots of decisions.",mean,0.0
control,165,"He did, of course, he made lots of decisions.",max,0.0
control,165,"He did, of course, he made lots of decisions.",last,0.0
control,166,It’s also worth noting that I couldn’t find any studies that found that unsaturated oils increased the signs of aging.,mean,0.0
control,166,It’s also worth noting that I couldn’t find any studies that found that unsaturated oils increased the signs of aging.,max,0.0
control,166,It’s also worth noting that I couldn’t find any studies that found that unsaturated oils increased the signs of aging.,last,0.0
control,167,"Also, French feel superior in their language and don't want to speak English, which created huge problem in communication.",mean,0.0
control,167,"Also, French feel superior in their language and don't want to speak English, which created huge problem in communication.",max,0.0
control,167,"Also, French feel superior in their language and don't want to speak English, which created huge problem in communication.",last,0.0
control,168,"You have to keep an eye on popular venues, like gay bars and nightclubs, to see which queens are booking regular gigs during the filming dates — and who is suddenly taking an unexpected vacation.",mean,0.0
control,168,"You have to keep an eye on popular venues, like gay bars and nightclubs, to see which queens are booking regular gigs during the filming dates — and who is suddenly taking an unexpected vacation.",max,0.0
control,168,"You have to keep an eye on popular venues, like gay bars and nightclubs, to see which queens are booking regular gigs during the filming dates — and who is suddenly taking an unexpected vacation.",last,0.0
control,169,Neames said the deer was facing him and had a gaping wound in its neck.,mean,0.0
control,169,Neames said the deer was facing him and had a gaping wound in its neck.,max,0.0
control,169,Neames said the deer was facing him and had a gaping wound in its neck.,last,0.0
control,170,"Trim and girlish, Dalia had a dark, mottled bruise on her bicep that appeared relatively fresh—the result of a game, she explained, that she and her inmate friends liked to play at night: They'd punch each other until one of them cried uncle.",mean,0.0
control,170,"Trim and girlish, Dalia had a dark, mottled bruise on her bicep that appeared relatively fresh—the result of a game, she explained, that she and her inmate friends liked to play at night: They'd punch each other until one of them cried uncle.",max,0.0
control,170,"Trim and girlish, Dalia had a dark, mottled bruise on her bicep that appeared relatively fresh—the result of a game, she explained, that she and her inmate friends liked to play at night: They'd punch each other until one of them cried uncle.",last,0.0
control,171,"And Hannibal is like, “Well, that’s not appropriate,” and winds up killing him.",mean,0.0
control,171,"And Hannibal is like, “Well, that’s not appropriate,” and winds up killing him.",max,0.0
control,171,"And Hannibal is like, “Well, that’s not appropriate,” and winds up killing him.",last,0.0
control,172,Instead they go in the landfill.,mean,0.0
control,172,Instead they go in the landfill.,max,0.0
control,172,Instead they go in the landfill.,last,0.0
control,173,"If a lifetime of Confederate fetishism isn’t enough to disqualify a close aide, it’s not clear what would be.",mean,0.0
control,173,"If a lifetime of Confederate fetishism isn’t enough to disqualify a close aide, it’s not clear what would be.",max,0.0
control,173,"If a lifetime of Confederate fetishism isn’t enough to disqualify a close aide, it’s not clear what would be.",last,0.0
control,174,Switch knees with each rep. Also add more stress to your abs with 2 second hold.,mean,0.0
control,174,Switch knees with each rep. Also add more stress to your abs with 2 second hold.,max,0.0
control,174,Switch knees with each rep. Also add more stress to your abs with 2 second hold.,last,0.0
control,175,"After the Virginia vote, the political world was stunned by the magnitude of enthusiasm and voter turnout by liberals, moderates, minorities, gays, women and independents who are appalled and alarmed by what Trump is doing to America.",mean,0.0
control,175,"After the Virginia vote, the political world was stunned by the magnitude of enthusiasm and voter turnout by liberals, moderates, minorities, gays, women and independents who are appalled and alarmed by what Trump is doing to America.",max,0.0
control,175,"After the Virginia vote, the political world was stunned by the magnitude of enthusiasm and voter turnout by liberals, moderates, minorities, gays, women and independents who are appalled and alarmed by what Trump is doing to America.",last,0.0
control,176,So we had done a ton of work for Sony Latin and we actually produced a remix record for Ivy Queen which Wyclef was featured on.,mean,0.0
control,176,So we had done a ton of work for Sony Latin and we actually produced a remix record for Ivy Queen which Wyclef was featured on.,max,0.0
control,176,So we had done a ton of work for Sony Latin and we actually produced a remix record for Ivy Queen which Wyclef was featured on.,last,0.0
control,177,"With the help of some colleagues, he finally devised a strong system, albeit one that used some patented material from RSA Data Security.",mean,0.0
control,177,"With the help of some colleagues, he finally devised a strong system, albeit one that used some patented material from RSA Data Security.",max,0.0
control,177,"With the help of some colleagues, he finally devised a strong system, albeit one that used some patented material from RSA Data Security.",last,0.0
control,178,"Instead, like Elizabeth Bennet’s Pemberley, this is a garden that invited, not soliloquy, but silence.",mean,0.0
control,178,"Instead, like Elizabeth Bennet’s Pemberley, this is a garden that invited, not soliloquy, but silence.",max,0.0
control,178,"Instead, like Elizabeth Bennet’s Pemberley, this is a garden that invited, not soliloquy, but silence.",last,0.0
control,179,"Instead of local arts organizations run by and staffed by artists whose lives are made within a specific community and whose artistic vision is informed by that community, Wal-Mart-style regional theaters and their big-box counterparts, the touring houses who sell Broadway remounts, import generic artists from NYC to do generic plays for a short run after which they depart never to be seen again, taking the community's money with them.",mean,0.0
control,179,"Instead of local arts organizations run by and staffed by artists whose lives are made within a specific community and whose artistic vision is informed by that community, Wal-Mart-style regional theaters and their big-box counterparts, the touring houses who sell Broadway remounts, import generic artists from NYC to do generic plays for a short run after which they depart never to be seen again, taking the community's money with them.",max,0.0
control,179,"Instead of local arts organizations run by and staffed by artists whose lives are made within a specific community and whose artistic vision is informed by that community, Wal-Mart-style regional theaters and their big-box counterparts, the touring houses who sell Broadway remounts, import generic artists from NYC to do generic plays for a short run after which they depart never to be seen again, taking the community's money with them.",last,0.0
control,180,"Two years ago, the Seventh Midtown proposal caused a stir by having the audacity (and financial backing) to be for-sale condos in a Midtown dominated by new rental towers.",mean,0.0
control,180,"Two years ago, the Seventh Midtown proposal caused a stir by having the audacity (and financial backing) to be for-sale condos in a Midtown dominated by new rental towers.",max,0.0
control,180,"Two years ago, the Seventh Midtown proposal caused a stir by having the audacity (and financial backing) to be for-sale condos in a Midtown dominated by new rental towers.",last,0.0
control,181,From Old English to Standard English: A Course Book in Language Variations Across Time (3rd ed.).,mean,0.0
control,181,From Old English to Standard English: A Course Book in Language Variations Across Time (3rd ed.).,max,0.0
control,181,From Old English to Standard English: A Course Book in Language Variations Across Time (3rd ed.).,last,0.0
control,182,"The coaster is in an area between launches, and is stuck on the track.",mean,0.0
control,182,"The coaster is in an area between launches, and is stuck on the track.",max,0.0
control,182,"The coaster is in an area between launches, and is stuck on the track.",last,0.0
control,183,"CAL Fire spokesperson Nancy Longmore notes that the Calaveras County Fairgrounds is being transitioned into a base camp, and the evacuation center there is moving to the Valley Springs Veterans Hall.",mean,0.0
control,183,"CAL Fire spokesperson Nancy Longmore notes that the Calaveras County Fairgrounds is being transitioned into a base camp, and the evacuation center there is moving to the Valley Springs Veterans Hall.",max,0.0
control,183,"CAL Fire spokesperson Nancy Longmore notes that the Calaveras County Fairgrounds is being transitioned into a base camp, and the evacuation center there is moving to the Valley Springs Veterans Hall.",last,0.0
control,184,Bailey also created screen captures of portions of some of the videos that Bailey recorded of the victims.,mean,0.0
control,184,Bailey also created screen captures of portions of some of the videos that Bailey recorded of the victims.,max,0.0
control,184,Bailey also created screen captures of portions of some of the videos that Bailey recorded of the victims.,last,0.0
control,185,"The agony continues though; in the coming days, dozens of funerals will be held across Brazil - a country in mourning.",mean,0.0
control,185,"The agony continues though; in the coming days, dozens of funerals will be held across Brazil - a country in mourning.",max,0.0
control,185,"The agony continues though; in the coming days, dozens of funerals will be held across Brazil - a country in mourning.",last,0.0
control,186,"Of all the mistakes by the U.S. Bureau of Alcohol, Tobacco, Firearms and Explosives in its flawed gun-buying sting in Milwaukee last year, the loss of the government-owned Colt M4 stands as the gravest threat to public safety.",mean,0.0
control,186,"Of all the mistakes by the U.S. Bureau of Alcohol, Tobacco, Firearms and Explosives in its flawed gun-buying sting in Milwaukee last year, the loss of the government-owned Colt M4 stands as the gravest threat to public safety.",max,0.0
control,186,"Of all the mistakes by the U.S. Bureau of Alcohol, Tobacco, Firearms and Explosives in its flawed gun-buying sting in Milwaukee last year, the loss of the government-owned Colt M4 stands as the gravest threat to public safety.",last,0.0
control,187,"Against New Zealand and South Africa in 1994, he excelled with bat and gloves, most notably saving the Lord's Test against New Zealand.",mean,0.0
control,187,"Against New Zealand and South Africa in 1994, he excelled with bat and gloves, most notably saving the Lord's Test against New Zealand.",max,0.0
control,187,"Against New Zealand and South Africa in 1994, he excelled with bat and gloves, most notably saving the Lord's Test against New Zealand.",last,0.0
control,188,"Why would it get messy?” I ask as I’m hurriedly dragged along

…

Silence is her response.",mean,0.0
control,188,"Why would it get messy?” I ask as I’m hurriedly dragged along

…

Silence is her response.",max,0.0
control,188,"Why would it get messy?” I ask as I’m hurriedly dragged along

…

Silence is her response.",last,0.0
control,189,"Expansion of Federal Law Deterring Spyware

The White House proposal would allow the government to seize any proceeds gained from the sale of spyware or other tools intended to be used for unlawful data interception.",mean,0.0
control,189,"Expansion of Federal Law Deterring Spyware

The White House proposal would allow the government to seize any proceeds gained from the sale of spyware or other tools intended to be used for unlawful data interception.",max,0.0
control,189,"Expansion of Federal Law Deterring Spyware

The White House proposal would allow the government to seize any proceeds gained from the sale of spyware or other tools intended to be used for unlawful data interception.",last,0.0
control,190,“So I’m looking to just get this rehab process done this time and hopefully we’ll have a healthy season and not have to deal with it.”,mean,0.0
control,190,“So I’m looking to just get this rehab process done this time and hopefully we’ll have a healthy season and not have to deal with it.”,max,0.0
control,190,“So I’m looking to just get this rehab process done this time and hopefully we’ll have a healthy season and not have to deal with it.”,last,0.0
control,191,The viceroyalty does not survive in the perricholismo of troubadors and storytellers.,mean,0.0
control,191,The viceroyalty does not survive in the perricholismo of troubadors and storytellers.,max,0.0
control,191,The viceroyalty does not survive in the perricholismo of troubadors and storytellers.,last,0.0
control,192,"Fingerprints definitely don't improve a grip's friction because they reduce our skin's contact with objects that we hold, and even seem to loosen our grip in some circumstances.",mean,0.0
control,192,"Fingerprints definitely don't improve a grip's friction because they reduce our skin's contact with objects that we hold, and even seem to loosen our grip in some circumstances.",max,0.0
control,192,"Fingerprints definitely don't improve a grip's friction because they reduce our skin's contact with objects that we hold, and even seem to loosen our grip in some circumstances.",last,0.0
control,193,"(Thanks to sowill)

lusty-explorer.vim 2.2.0 2010-03-15 7.0 Stephen Bach - New keys: C-o -> open in horizontal split, C-v -> open in vertical split.",mean,0.0
control,193,"(Thanks to sowill)

lusty-explorer.vim 2.2.0 2010-03-15 7.0 Stephen Bach - New keys: C-o -> open in horizontal split, C-v -> open in vertical split.",max,0.0
control,193,"(Thanks to sowill)

lusty-explorer.vim 2.2.0 2010-03-15 7.0 Stephen Bach - New keys: C-o -> open in horizontal split, C-v -> open in vertical split.",last,0.0
control,194,"Thanks

Thank you to all the people who diligently researched and helped compile this dataset.",mean,0.0
control,194,"Thanks

Thank you to all the people who diligently researched and helped compile this dataset.",max,0.0
control,194,"Thanks

Thank you to all the people who diligently researched and helped compile this dataset.",last,0.0
control,195,"A big talking point was the moment Leighton Baines stepped up to take Everton’s penalty last week, there was a collective groan from Lukaku owners, although when he saw his initial effort saved, it was owners of the Englishman who had their heads in their hands.",mean,2.708059787750244
control,195,"A big talking point was the moment Leighton Baines stepped up to take Everton’s penalty last week, there was a collective groan from Lukaku owners, although when he saw his initial effort saved, it was owners of the Englishman who had their heads in their hands.",max,14.54262924194336
control,195,"A big talking point was the moment Leighton Baines stepped up to take Everton’s penalty last week, there was a collective groan from Lukaku owners, although when he saw his initial effort saved, it was owners of the Englishman who had their heads in their hands.",last,0.0
control,196,"15 AUG 95

CW3 Michael R. Baker [P]

CW2 Donald J. Cunningham [P]

SGT Robert A. Rogers [CE]

SPC Dale L. Wood [C] Cyprus C/7-158 AVN

UH-60A

#88-26024

A/C was lead in flight of two during NVG mission that departed Akrotiri AFB.",mean,0.0
control,196,"15 AUG 95

CW3 Michael R. Baker [P]

CW2 Donald J. Cunningham [P]

SGT Robert A. Rogers [CE]

SPC Dale L. Wood [C] Cyprus C/7-158 AVN

UH-60A

#88-26024

A/C was lead in flight of two during NVG mission that departed Akrotiri AFB.",max,0.0
control,196,"15 AUG 95

CW3 Michael R. Baker [P]

CW2 Donald J. Cunningham [P]

SGT Robert A. Rogers [CE]

SPC Dale L. Wood [C] Cyprus C/7-158 AVN

UH-60A

#88-26024

A/C was lead in flight of two during NVG mission that departed Akrotiri AFB.",last,0.0
control,197,"Each night his mother cooked something his father had liked, but she was too upset to eat the dishes herself, and her eyes would well up as Shoba stroked her hand.",mean,0.0
control,197,"Each night his mother cooked something his father had liked, but she was too upset to eat the dishes herself, and her eyes would well up as Shoba stroked her hand.",max,0.0
control,197,"Each night his mother cooked something his father had liked, but she was too upset to eat the dishes herself, and her eyes would well up as Shoba stroked her hand.",last,0.0
control,198,Brian headed back across the Pennines to join Leeds United following his stint at Old Trafford and later went on to play for and coach Rochdale.,mean,6.706063270568848
control,198,Brian headed back across the Pennines to join Leeds United following his stint at Old Trafford and later went on to play for and coach Rochdale.,max,18.344141006469727
control,198,Brian headed back across the Pennines to join Leeds United following his stint at Old Trafford and later went on to play for and coach Rochdale.,last,0.0
control,199,"This is played out over and over in his domestic life, especially when he accidentally falls asleep and drops his baby boy.",mean,0.3241259753704071
control,199,"This is played out over and over in his domestic life, especially when he accidentally falls asleep and drops his baby boy.",max,8.1031494140625
control,199,"This is played out over and over in his domestic life, especially when he accidentally falls asleep and drops his baby boy.",last,0.0
