candidate_id,family_id,proposed_bucket,source_row_index,text,matched_query_blocks,matched_terms,matched_family_ids,final_label,keep_for_benchmark,label_confidence,primary_reason,exclusion_trigger,notes
d1c2fbe3be9356a7,us_legislative_governance,positive,532,"House Oversight and Government Reform committee chair Jason Chaffetz tweeted: “AG Sessions should clarify his testimony and recuse himself.”

The decision by Sessions to recuse himself addressed concerns about his personal involvement tainting specific investigations.",process_and_regulation,oversight,us_legislative_governance,target_positive,yes,high,clear_in_family_anchor,,batch_bucket=positive
9d2bbd3bfe56fd79,us_legislative_governance,positive,103896,"The Board of Trustees has an investment committee, who have overall responsibility for oversight of investments of both endowment and operating capital, the pool two funds, and set overall investment policy, and what the University can invest in.",process_and_regulation,oversight,us_legislative_governance,medium_negative,yes,high,topical_but_not_primary,non_government_oversight_context,batch_bucket=positive; override=university_investment_oversight
f9647fb4c1c4721d,us_legislative_governance,positive,63950,"Advertisement

As Ben Wittes notes:

Remarkably, in the entire opinion, the panel did not bother even to cite this statute, which forms the principal statutory basis for the executive order (see Sections 3(c), 5(c), and 5(d) of the order).",process_and_regulation,executive order,us_legislative_governance,target_positive,yes,high,clear_in_family_anchor,,batch_bucket=positive
a01c787fc21009c5,us_legislative_governance,positive,20373,"-30-

Queen #HillarysEmails Server Hosting Company BUSTED Erasing Backups, Then Clams Up at Oversight Hearing Part 1 RT pic.twitter.com/pHPS5sHAM3 — Thomas Paine (@Thomas1774Paine) September 15, 2016",process_and_regulation,oversight,us_legislative_governance,target_positive,yes,medium,entity_plus_context,,batch_bucket=positive; override=tweet_fragment_but_clear_oversight_context
86ab69deca87fed6,us_legislative_governance,positive,75580,"That effort was unsuccessful,"" Rubio told the Senate.",institution_anchor,senate,us_legislative_governance,target_positive,yes,high,clear_in_family_anchor,,batch_bucket=positive
f8edc15207aceb55,us_legislative_governance,positive,103530,"The group, which was once chaired by Pence, is worried that the Senate bill will be too moderate for their tastes, as they support phasing out the Medicaid expansion beginning in 2020, along with barring federal family planning funds from going to clinics that perform abortions, which would impact Planned Parenthood.",institution_anchor,senate,us_legislative_governance,target_positive,yes,high,clear_in_family_anchor,,batch_bucket=positive
ebf2ca5a0319f944,us_legislative_governance,positive,25697,"Mobile World Congress 2019 Attend the 2-Day Executive 5G Panel Series FierceWireless is returning to Barcelona, Spain, during Mobile World Congress 2019 with a two-day Executive 5G Panel Series at the Fira Congress Hotel, conveniently located across the street from the MWC Convention Center.",institution_anchor,congress,us_legislative_governance,target_positive,yes,high,clear_in_family_anchor,,batch_bucket=positive
677de378295b9a1c,us_legislative_governance,positive,81170,"It is because of this ""leverage effect"" that the presidency, as an institution, tends to be more sensitive to ethnic minority and other special interest groups than does the Congress as an institution.",institution_anchor,congress,us_legislative_governance,target_positive,yes,high,clear_in_family_anchor,,batch_bucket=positive
605987f6c32ed575,us_legislative_governance,positive,12056,"Charlie Crist, who's running for U.S. Senate, was received like a rock star.",institution_anchor,senate,us_legislative_governance,target_positive,yes,high,clear_in_family_anchor,,batch_bucket=positive
4a8aa43a1ac1983d,us_legislative_governance,positive,41752,"The firm’s work for the governor has involved lobbying Congress, the Interior Department, the Justice Department and the Environmental Protection Agency on “issues related to federal spending and national service programs.” Brownstein Hyatt has also lobbied federal lawmakers on health care on behalf of Hickenlooper, and the governor's spokesperson, Jacques Montgomery, confirmed that the firm has been advocating for Hickenlooper's proposed alternative to Obamacare and single-payer health care measures.",institution_anchor,congress,us_legislative_governance,target_positive,yes,high,clear_in_family_anchor,,batch_bucket=positive
bed9db572632fd5b,us_legislative_governance,positive,68647,"If we’re going to accept the proposition that you can never be denied coverage because you’ve been sick, then somebody’s got to create a system where people participate.”

Senate Majority Leader Mitch McConnell (R-KY) remained vague at his press conference on Tuesday about the order and timing for the plan.",institution_anchor,senate,us_legislative_governance,target_positive,yes,high,clear_in_family_anchor,,batch_bucket=positive
d9671abbd8787a06,us_legislative_governance,positive,15916,"On his fourth full day in office, President Trump signed an executive order that was supposed to settle this whole Dakota Access Pipeline thing—no more delays due to protests, no more reconsidering the route because of environmental worries.",process_and_regulation,executive order,us_legislative_governance,target_positive,yes,high,clear_in_family_anchor,,batch_bucket=positive
6eed6f6dc1aa7f15,us_legislative_governance,positive,110655,"Senate Majority Leader Mitch McConnell Addison (Mitch) Mitchell McConnellHouse to push back at Trump on border Democrats block abortion bill in Senate Overnight Energy: Climate protesters storm McConnell’s office | Center-right group says Green New Deal could cost trillion | Dire warnings from new climate studies MORE (R-Ky.) attracted criticism by assembling a 13-member, all-male panel to work on a Senate version of the repeal-and-replace legislation.",institution_anchor,senate,us_legislative_governance,target_positive,yes,high,clear_in_family_anchor,,batch_bucket=positive
4ae2de31e23b44da,us_legislative_governance,positive,18971,This is a Congress that is beyond dysfunctional.,institution_anchor,congress,us_legislative_governance,target_positive,yes,high,clear_in_family_anchor,,batch_bucket=positive
38faa35e8954978e,us_legislative_governance,positive,18973,No wonder a new Washington Post-ABC news poll found an all time high of 84 percent of Americans disapprove of the job Congress is doing.,institution_anchor,congress,us_legislative_governance,target_positive,yes,high,clear_in_family_anchor,,batch_bucket=positive
bf4ffc00e03f9f2b,us_legislative_governance,positive,61524,"MRCTV reported:

Sanders Will Stop Deportations, Says His ‘Proud Undocumented’ Press Secretary ERIKA ANDIOLA, HISPANIC PRESS SECRETARY, BERNIE 2016: Arriving to the presidency, he’s not only going to focus on immigration reform in Congress.",institution_anchor,congress,us_legislative_governance,target_positive,yes,high,clear_in_family_anchor,,batch_bucket=positive
65d589eaf6489711,us_legislative_governance,positive,66867,"BEEFING UP OVERSIGHT

With regulators raking LPL over the coals, the company has spent the last year-and-a-half beefing up its oversight of complex products such nontraded REITs and variable annuities, said Dan Arnold, its chief financial officer, in an interview Wednesday after the company's conference call with analysts.",process_and_regulation,oversight,us_legislative_governance,medium_negative,yes,high,topical_but_not_primary,corporate_oversight_context,batch_bucket=positive; override=private_sector_oversight
44e309488c6ab5a6,us_legislative_governance,positive,59581,"(Patrick T. Fallon for The Washington Post)

INDIAN WELLS, Calif. — Leaders of the influential Koch network on Sunday expressed opposition to President Trump's ban on refugees and immigrants from Muslim-majority countries, saying the executive order is not in keeping with their aims to build a free and open society.",process_and_regulation,executive order,us_legislative_governance,target_positive,yes,high,clear_in_family_anchor,,batch_bucket=positive
2c79e5921fc6c66f,us_legislative_governance,positive,27322,"Related Regenerative Medicine Conferences | Stem Cell Conferences | Stem Cell Congress | Tissue Science Conferences | Europe Conferences

9th Advanced Cell and Gene Therapy conference, March 21-22, 2019 Rome, Italy; 12th Genomics and Molecular Biology conference, April 15-17, 2019 Berlin, Germany; 7th Integrative Biology conference, April 15-16, 2019 Berlin, Germany; Pacific Regenerative Medicine Conference, May 16-19, 2019 Hawaii, USA; Annual conference & Exhibition on Transversal, Translational & Transformative, December 2-5, 2019 Florida, USA; 21st International Conference on Tissue Engineering and Regenerative Medicine, June 27 - 28, 2019 London, United Kingdom; World Advanced Therapies & Regenerative Medicine Congress 2019, May 15 – 17, London, UK; 6th Annual European Congress on Clinical & Translational Sciences, October 18-20, 2019 Vienna, Austria;

Related Associations and Societies:

Europe:

EuroStemCell (European Consortium for Stem Cell Research); German Stem Cell Network (GSCN); German Society for Stem Cell Research (GSZ); Stem Cell Network North Rhine-Westphalia (NRW); Norwegian Center for Stem Cell Research (NCSCR); ScanBalt Stem Cell Research Network;

USA:

California Institute for Regenerative Medicine (CIRM); American Association of tissue banks; New York Stem Cell Foundation (NYSCF); Tissue Engineering International & Regenerative Medicine Society (TERMIS);

Asia:

Asia Pacific Association of Surgical Tissue Banking; The New South Wales Stem Cell Network; Korean Society for Stem Cell Research; Japanese Society for Regenerative Medicine; Taiwan Society for Stem Cell Research;

Stem cells to Battle cancer

Stem cell transplant is treatment in some types of cancers like leukemia, multiple myeloma, or some types of lymphoma.",institution_anchor,congress,us_legislative_governance,target_positive,yes,high,clear_in_family_anchor,,batch_bucket=positive
94e902c7e1e79212,us_legislative_governance,positive,68627,"Instead of repealing and replacing Obamacare suddenly, Republicans in the Senate are now discussing a way to “transition” from Obamacare to their alternative, which is still to be determined.",institution_anchor,senate,us_legislative_governance,target_positive,yes,high,clear_in_family_anchor,,batch_bucket=positive
a943c5b52bbc6043,us_legislative_governance,positive,114702,"Congress has appropriated $325 million toward the Purple Line, but Maryland can’t access that money until a court reinstates the project’s federal environmental approval.",institution_anchor,congress,us_legislative_governance,target_positive,yes,high,clear_in_family_anchor,,batch_bucket=positive
cebc01b3fd4c7333,us_legislative_governance,positive,26076,"This move would bring entities like exchanges for virtual currency under a regulatory preview with tighter oversight, thereby enabling virtual currency to expand in a safer mode.",process_and_regulation,oversight,us_legislative_governance,medium_negative,yes,high,topical_but_not_primary,regulatory_oversight_without_us_institution,batch_bucket=positive; override=generic_regulatory_oversight
b6eb9d785fd5294c,us_legislative_governance,positive,98029,"The controversy erupted on Wednesday when media watchdog MediaMatters reported it had obtained evidence that the company Castellanos works for, National Media, is the ad buyer for AHIP, short for America’s Health Insurance Plans, an umbrella group of insurers who are working to prevent health care reform from passing Congress.",institution_anchor,congress,us_legislative_governance,target_positive,yes,high,clear_in_family_anchor,,batch_bucket=positive
3d3726f94ecc610d,us_legislative_governance,positive,102065,"""It is the policy of the United States to improve the resilience of communities and Federal assets against the impacts of flooding,"" reads the executive order.",process_and_regulation,executive order,us_legislative_governance,target_positive,yes,high,clear_in_family_anchor,,batch_bucket=positive
e81c3bc365dad458,us_legislative_governance,positive,27341,"Cancer Biomarkers, Molecular Biomarkers, Genomics biomarkers, Biomarkers in Clinical Research & Development, Biomarkers and Pathology

Related Regenerative Medicine Conferences | Stem Cell Conferences | Stem Cell Congress | Tissue Science Conferences | Europe Conferences

9th Advanced Cell and Gene Therapy conference, March 21-22, 2019 Rome, Italy; 12th Genomics and Molecular Biology conference, April 15-17, 2019 Berlin, Germany; 7th Integrative Biology conference, April 15-16, 2019 Berlin, Germany; Pacific Regenerative Medicine Conference, May 16-19, 2019 Hawaii, USA; Annual conference & Exhibition on Transversal, Translational & Transformative, December 2-5, 2019 Florida, USA; 21st International Conference on Tissue Engineering and Regenerative Medicine, June 27 - 28, 2019 London, United Kingdom; World Advanced Therapies & Regenerative Medicine Congress 2019, May 15 – 17, London, UK; 6th Annual European Congress on Clinical & Translational Sciences, October 18-20, 2019 Vienna, Austria;

Related Associations and Societies:

Europe:

EuroStemCell (European Consortium for Stem Cell Research); German Stem Cell Network (GSCN); German Society for Stem Cell Research (GSZ); Stem Cell Network North Rhine-Westphalia (NRW); Norwegian Center for Stem Cell Research (NCSCR);

USA:

California Institute for Regenerative Medicine (CIRM); New York Stem Cell Foundation (NYSCF); Tissue Engineering International & Regenerative Medicine Society (TERMIS); International Society for Stem Cell Research (ISSCR);

Asia:

The New South Wales Stem Cell Network; Korean Society for Stem Cell Research; Japanese Society for Regenerative Medicine; Taiwan Society for Stem Cell Research; Stem Cell Society Singapore (SCSS);

Regeneration & Therapeutics

Some parts of our bodies can repair themselves quite well after injury, but others don’t repair at all.",institution_anchor,congress,us_legislative_governance,target_positive,yes,high,clear_in_family_anchor,,batch_bucket=positive
aba2f98844078e79,us_legislative_governance,positive,11534,"In fact, if there was a recent event that did more to tarnish the Dr. Oz brand, it was Senator Claire McCaskill's magnificent roasting of Dr. Oz in front of her Senate panel over his breathless promotion of various dietary supplements as the latest, greatest weight loss miracle ever.",institution_anchor,senate,us_legislative_governance,target_positive,yes,high,clear_in_family_anchor,,batch_bucket=positive
8bd54a1db3c0dc7b,us_legislative_governance,positive,90050,"— Donald J. Trump (@realDonaldTrump) October 8, 2017

Corker, 65, announced last month that his second, six-year term in the Senate would be his last.",institution_anchor,senate,us_legislative_governance,target_positive,yes,high,clear_in_family_anchor,,batch_bucket=positive
6e2b802aa9e9a946,us_legislative_governance,positive,92347,"In an effort to muster enough votes for a narrow bill, GOP leaders suggested that even some proposals that have died in the Senate could come up again once they enter negotiations with the House.",institution_anchor,senate,us_legislative_governance,target_positive,yes,high,clear_in_family_anchor,,batch_bucket=positive
9bfc2076f098b644,us_legislative_governance,positive,121782,"When a reporter asked then-Speaker of the House Nancy Pelosi (D-Calif.) back in October 2009 “where specifically does the Constitution grant Congress the authority to enact an individual health insurance mandate?”, Pelosi's response was to dismiss both the reporter and the question.",institution_anchor,congress,us_legislative_governance,target_positive,yes,high,clear_in_family_anchor,,batch_bucket=positive
6368b231720652a3,us_legislative_governance,positive,96165,"The failure of Congress' deficit supercommittee last month means $1.2 trillion in cuts over the next 10 years, with half from defense.",institution_anchor,congress,us_legislative_governance,target_positive,yes,high,clear_in_family_anchor,,batch_bucket=positive
4f8a4276b56383a7,us_legislative_governance,positive,99750,"In addition, a U.S. Senate Judiciary subcommittee held hearings on the issues raised by the schools' secret surveillance, and Senator Arlen Specter introduced draft legislation in the Senate to protect against it in the future.",institution_anchor,senate,us_legislative_governance,target_positive,yes,high,clear_in_family_anchor,,batch_bucket=positive
f7d8324df579560e,us_legislative_governance,positive,30304,"In order to merge, the leagues had to approach Congress to ask for an exemption to antitrust laws, which prohibit monopolies that limit competition.",institution_anchor,congress,us_legislative_governance,target_positive,yes,high,clear_in_family_anchor,,batch_bucket=positive
1c55e7c31171d9c8,us_legislative_governance,positive,77704,"The Senate, looking to punish the Kremlin for meddling in last year’s presidential election, passed a version of the bill by a nearly unanimous margin in June, but it has been stalled in the House for weeks due to procedural issues, pressure from industry groups, and a White House bent on weakening the proposed congressional-review power.",institution_anchor,senate,us_legislative_governance,target_positive,yes,high,clear_in_family_anchor,,batch_bucket=positive
fde78b92a6029c17,us_legislative_governance,positive,64488,"In 1996, it was deemed ""culturally, historically, or aesthetically significant"" by the United States Library of Congress and selected for preservation in the National Film Registry.",institution_anchor,congress,us_legislative_governance,target_positive,yes,high,clear_in_family_anchor,,batch_bucket=positive
0df668d8174c3009,us_legislative_governance,positive,110080,"“However, programs that are implemented in secret, out of public oversight, lack that legitimacy, and that’s a problem.",process_and_regulation,oversight,us_legislative_governance,medium_negative,yes,high,topical_but_not_primary,generic_public_oversight_context,batch_bucket=positive; override=public_oversight_without_institution
f65106adb0a247a9,us_legislative_governance,positive,39305,Repealing the Affordable Care Act’s (ACA’s) individual mandate in the tax bill is being characterized by some Senators as a catalyst for Congress to replace the health law next year.,institution_anchor,congress,us_legislative_governance,target_positive,yes,high,clear_in_family_anchor,,batch_bucket=positive
6ffb0acce5061aa8,us_legislative_governance,positive,97000,"Congress has tried to stimulate homebuying by creating a temporary tax credit of $8,000 for people who have not owned a home for at least three years.",institution_anchor,congress,us_legislative_governance,target_positive,yes,high,clear_in_family_anchor,,batch_bucket=positive
2654e29ede9e24fd,us_legislative_governance,positive,27399,"Related Regenerative Medicine Conferences | Stem Cell Conferences | Stem Cell Congress | Tissue Science Conferences | Europe Conferences

9th Advanced Cell and Gene Therapy conference, March 21-22, 2019 Rome, Italy; 12th Genomics and Molecular Biology conference, April 15-17, 2019 Berlin, Germany; 7th Integrative Biology conference, April 15-16, 2019 Berlin, Germany; Pacific Regenerative Medicine Conference, May 16-19, 2019 Hawaii, USA; Annual conference & Exhibition on Transversal, Translational & Transformative, December 2-5, 2019 Florida, USA; 21st International Conference on Tissue Engineering and Regenerative Medicine, June 27 - 28, 2019 London, United Kingdom; World Advanced Therapies & Regenerative Medicine Congress 2019, May 15 – 17, London, UK; 6th Annual European Congress on Clinical & Translational Sciences, October 18-20, 2019 Vienna, Austria;

Related Associations and Societies:

Europe:

EuroStemCell (European Consortium for Stem Cell Research); German Stem Cell Network (GSCN); German Society for Stem Cell Research (GSZ); Stem Cell Network North Rhine-Westphalia (NRW); Norwegian Center for Stem Cell Research (NCSCR);

USA:

California Institute for Regenerative Medicine (CIRM); New York Stem Cell Foundation (NYSCF); Tissue Engineering International & Regenerative Medicine Society (TERMIS); International Society for Stem Cell Research (ISSCR);

Asia:

The New South Wales Stem Cell Network; Korean Society for Stem Cell Research; Japanese Society for Regenerative Medicine; Taiwan Society for Stem Cell Research; Stem Cell Society Singapore (SCSS);

Advances in Stem Cell

Since the beginning of there has been a effective research in the field of stem cell biology, recent advances in the field of stem cell research mainly focused in the translation of scientific insights into new therapies.",institution_anchor,congress,us_legislative_governance,target_positive,yes,high,clear_in_family_anchor,,batch_bucket=positive
e0507131730e9552,us_legislative_governance,positive,73161,"Senator Robert Menendez, a Democrat from New Jersey, has been a leading voice among 16 members of Congress calling for change.",institution_anchor,congress,us_legislative_governance,target_positive,yes,high,clear_in_family_anchor,,batch_bucket=positive
62a44af9e50a0f37,us_legislative_governance,positive,96206,"These Democrats would rather save the filibuster for if there is a second Supreme Court vacancy during the Trump administration, threatening to fill a seat now occupied by a liberal justice.",process_and_regulation,filibuster,us_legislative_governance,target_positive,yes,high,clear_in_family_anchor,,batch_bucket=positive
ced7f40959e741d8,us_legislative_governance,positive,103513,"Senate Minority Leader Chuck Schumer, D-N.Y., asked McConnell Monday from the Senate floor.",institution_anchor,senate,us_legislative_governance,target_positive,yes,high,clear_in_family_anchor,,batch_bucket=positive
b0e2ae085491f7d6,us_legislative_governance,positive,77715,"The original piece of legislation was poorly written, but we were able to work with the House and Senate.",institution_anchor,senate,us_legislative_governance,target_positive,yes,high,clear_in_family_anchor,,batch_bucket=positive
68dc39ff95302233,us_legislative_governance,positive,39329,"Senate Republican's tax bill would cause real harm to Americans’ health, resulting in more unpaid bills, skipped health care, and preventable deaths.",institution_anchor,senate,us_legislative_governance,target_positive,yes,high,clear_in_family_anchor,,batch_bucket=positive
0a9c1a30f7ba24f4,us_legislative_governance,positive,15902,Congress approved the last round of base closures in 2005.,institution_anchor,congress,us_legislative_governance,target_positive,yes,high,clear_in_family_anchor,,batch_bucket=positive
d6bf45a5894741a7,us_legislative_governance,positive,18968,"So this year, Congress will spend well over $3 billion on its own expenses to do nothing of significance other than shift more debt to individual taxpayers by depleting the social security payroll tax by over $100 billion so both parties can say they enacted a tax cut!",institution_anchor,congress,us_legislative_governance,target_positive,yes,high,clear_in_family_anchor,,batch_bucket=positive
865e04c5e3ad5a98,us_legislative_governance,positive,27328,"There have been countless journals and research papers focusing in on these clinical trials that have revealed promising results from these initial trials around the world

Related Regenerative Medicine Conferences | Stem Cell Conferences | Stem Cell Congress | Tissue Science Conferences | Europe Conferences

9th Advanced Cell and Gene Therapy conference, March 21-22, 2019 Rome, Italy; 12th Genomics and Molecular Biology conference, April 15-17, 2019 Berlin, Germany; 7th Integrative Biology conference, April 15-16, 2019 Berlin, Germany; Pacific Regenerative Medicine Conference, May 16-19, 2019 Hawaii, USA; Annual conference & Exhibition on Transversal, Translational & Transformative, December 2-5, 2019 Florida, USA; 21st International Conference on Tissue Engineering and Regenerative Medicine, June 27 - 28, 2019 London, United Kingdom; World Advanced Therapies & Regenerative Medicine Congress 2019, May 15 – 17, London, UK; 6th Annual European Congress on Clinical & Translational Sciences, October 18-20, 2019 Vienna, Austria;

Related Associations and Societies:

Europe:

EuroStemCell (European Consortium for Stem Cell Research); German Stem Cell Network (GSCN); German Society for Stem Cell Research (GSZ); Stem Cell Network North Rhine-Westphalia (NRW); Norwegian Center for Stem Cell Research (NCSCR);

USA:

California Institute for Regenerative Medicine (CIRM); New York Stem Cell Foundation (NYSCF); Tissue Engineering International & Regenerative Medicine Society (TERMIS); International Society for Stem Cell Research (ISSCR);

Asia:

The New South Wales Stem Cell Network; Korean Society for Stem Cell Research; Japanese Society for Regenerative Medicine; Taiwan Society for Stem Cell Research; Stem Cell Society Singapore (SCSS);

Biomaterials & Bioengineering

Biomaterials are being utilized for the social insurance applications from old circumstances.",institution_anchor,congress,us_legislative_governance,target_positive,yes,high,clear_in_family_anchor,,batch_bucket=positive
f9f6d4f9b881bd98,us_legislative_governance,positive,22218,She voted against the Senate bill in the Banking Committee earlier this month.,institution_anchor,senate,us_legislative_governance,target_positive,yes,high,clear_in_family_anchor,,batch_bucket=positive
93148589c48edb0f,us_legislative_governance,positive,95260,"She has also testified before Oregon Senate and House committees, and Maryland Senate and House committees.",institution_anchor,senate,us_legislative_governance,target_positive,yes,high,clear_in_family_anchor,,batch_bucket=positive
71d426464467af84,us_legislative_governance,positive,110650,"“I think what’s happening in Congress is not that much different than the national conversation that we’re having as a society about women who are filling these roles that have traditionally been held by men,” McMorris Rodgers told The Hill.",institution_anchor,congress,us_legislative_governance,target_positive,yes,high,clear_in_family_anchor,,batch_bucket=positive
73e1fc6bba5a8d28,us_legislative_governance,positive,68649,"Sen. John Barrasso (R-WY), a member of the GOP Senate leadership team, told reporters that Republicans plan on replacing the law in a “piece by piece way.”

“We’ll be starting in January with budget reconciliation to get something on then-President Trump’s desk,” Barrasso said, while arguing Republicans would be wary of pushing any major bills to replace it right off the bat.",institution_anchor,senate,us_legislative_governance,target_positive,yes,high,clear_in_family_anchor,,batch_bucket=positive
728270c0c935b468,us_legislative_governance,positive,113839,I will therefore take the liberty of saying that the decision by the five judges of the Second Senate who abandoned the three-percent-hurdle claiming the European Parliament was not so important was based on misconceptions.,institution_anchor,senate,us_legislative_governance,target_positive,yes,high,clear_in_family_anchor,,batch_bucket=positive
da8b04a1a4337cc3,us_legislative_governance,positive,76607,"""The wisdom of Congress is that we have the voucher program of tech-voc, which means we have to shift from DepEd providing the laboratory services to a private institution providing it instead,"" said Sevilla.",institution_anchor,congress,us_legislative_governance,target_positive,yes,high,clear_in_family_anchor,,batch_bucket=positive
dc8c034ec629510c,us_legislative_governance,positive,61716,"[114] The Second Continental Congress declared on September 9 ""where, heretofore, the words 'United Colonies' have been used, the stile be altered for the future to the 'United States' "".",institution_anchor,congress,us_legislative_governance,target_positive,yes,high,clear_in_family_anchor,,batch_bucket=positive
ea1fae83cb7c88f6,us_legislative_governance,positive,110658,"“Those photos with President Trump and the White House, it’s a bunch of guys and then the healthcare [Senate] group.",institution_anchor,senate,us_legislative_governance,target_positive,yes,high,clear_in_family_anchor,,batch_bucket=positive
0efcac00d7c96876,us_legislative_governance,positive,45365,"), the second-ranked Democrat in the U.S. House of Representatives, is leading fellow Democrats on a tour of Israel funded by AIPAC’s educational affiliate.",institution_anchor,house of representatives,us_legislative_governance,target_positive,yes,high,clear_in_family_anchor,,batch_bucket=positive
9808e5a318ff726a,us_legislative_governance,positive,52881,"Had the AAP been formed in 2009, I would not have joined the Congress, since its leadership is corrupt.",institution_anchor,congress,us_legislative_governance,target_positive,yes,high,clear_in_family_anchor,,batch_bucket=positive
b3bc1d57a65871e5,us_legislative_governance,positive,98496,"I rage against cuts that don’t cut

The Republican-controlled House and Democrat-run Senate haven’t really “cut” anything.",institution_anchor,senate,us_legislative_governance,target_positive,yes,high,clear_in_family_anchor,,batch_bucket=positive
96aa102026fccaf8,us_legislative_governance,positive,15886,"Many analysts say that the chances of that happening are small, and that Obama and Congress are likely to work out a compromise ahead of time.",institution_anchor,congress,us_legislative_governance,target_positive,yes,high,clear_in_family_anchor,,batch_bucket=positive
617a331869067b19,us_legislative_governance,positive,45368,"), the second-ranked Democrat in the U.S. House of Representatives will lead the delegation of 37 Democrats on a trip to Israel.",institution_anchor,house of representatives,us_legislative_governance,target_positive,yes,high,clear_in_family_anchor,,batch_bucket=positive
6bfccd8df6f56649,us_legislative_governance,positive,92304,"""Quite clearly, Rupani was referring to the onslaught of ""Vikas Gone Crazy"" memes on social media that have rattled the BJP leadership over the past one month or so.State BJP president Jitu Vaghani said that since 2002, the Congress had been trying to derail progress and development in Gujarat.",institution_anchor,congress,us_legislative_governance,target_positive,yes,high,clear_in_family_anchor,,batch_bucket=positive
ddf2d8d101415a51,us_legislative_governance,positive,96131,The Senate is expected to pass the measure on Thursday and send it to Obama.,institution_anchor,senate,us_legislative_governance,target_positive,yes,high,clear_in_family_anchor,,batch_bucket=positive
4e0e565f6dfa11ed,us_legislative_governance,positive,96130,It was a rare instance of bipartisanship in a bitterly divided Congress.,institution_anchor,congress,us_legislative_governance,target_positive,yes,high,clear_in_family_anchor,,batch_bucket=positive
153b45223de16dd7,us_legislative_governance,positive,96161,The president could waive those penalties if he notifies Congress that it's in the interest of national security.,institution_anchor,congress,us_legislative_governance,target_positive,yes,high,clear_in_family_anchor,,batch_bucket=positive
7bcd40543ab0db5d,us_legislative_governance,positive,56335,"The Tweede Kamer (House of Representatives), previously elected by the Provincial States, would be elected directly via census suffrage in electoral districts, with the franchise limited to those who paid a certain amount in taxes.",institution_anchor,house of representatives,us_legislative_governance,target_positive,yes,high,clear_in_family_anchor,,batch_bucket=positive
2a64d23ec0d77bc0,us_legislative_governance,positive,103524,"Still, with the Senate divided 52-48, McConnell can only afford to lose two votes, with Vice President Mike Pence coming in and placing a tie-breaker.",institution_anchor,senate,us_legislative_governance,target_positive,yes,high,clear_in_family_anchor,,batch_bucket=positive
89b247fa152832bd,us_legislative_governance,positive,2654,The attorney general would then have two years to determine if the data could be used to reduce deaths and submit a report to Congress.,institution_anchor,congress,us_legislative_governance,target_positive,yes,high,clear_in_family_anchor,,batch_bucket=positive
5a8f6fdd54d26ad6,us_legislative_governance,positive,101200,“I will not sign another short-sighted spending bill like the one Congress sent me this week.,institution_anchor,congress,us_legislative_governance,target_positive,yes,high,clear_in_family_anchor,,batch_bucket=positive
306330d7adb5d6bd,us_legislative_governance,positive,59590,"The 81-year-old billionaire, who pointedly declined to endorse Trump in last year's presidential election, praised the network's work in helping Republicans maintain their majority in the Senate and their support for state officials around the country.",institution_anchor,senate,us_legislative_governance,target_positive,yes,high,clear_in_family_anchor,,batch_bucket=positive
1e4dc5f6129bb9fe,us_legislative_governance,positive,37263,Republicans in Congress have vowed to continue investigating the IRS targeting.,institution_anchor,congress,us_legislative_governance,target_positive,yes,high,clear_in_family_anchor,,batch_bucket=positive
2cb2ce95c8c4cbd5,us_legislative_governance,positive,89015,Other steps to reduce violence have been met with opposition in Congress.,institution_anchor,congress,us_legislative_governance,target_positive,yes,high,clear_in_family_anchor,,batch_bucket=positive
73246243ae4e6cb9,us_legislative_governance,positive,96159,The legislation freezes $700 million for Pakistan until the defense secretary provides Congress a report on how Islamabad is countering the threat of improvised explosive devices.,institution_anchor,congress,us_legislative_governance,target_positive,yes,high,clear_in_family_anchor,,batch_bucket=positive
7113fc8c126e6cfe,us_legislative_governance,positive,87571,The calls for stricter control measures by the Auditor-General have largely been ignored despite there being a need for better regulation and oversight over public procurement.,process_and_regulation,oversight,us_legislative_governance,medium_negative,yes,high,topical_but_not_primary,non_us_public_procurement_context,batch_bucket=positive; override=auditor_general_non_us
b16b1fcd02a72715,us_legislative_governance,positive,36065,An executive order of the ministry has to operate within the legal provisions of the environmental laws governing clearances.,process_and_regulation,executive order,us_legislative_governance,target_positive,yes,high,clear_in_family_anchor,,batch_bucket=positive
924b25ce680deed3,us_legislative_governance,positive,68979,"(Marvin Gentry/Reuters)

McCrary, the pollster, said Democrats have at minimum a ""realistic path"" to a Senate majority, ""which, six months ago, was very much in question.""",institution_anchor,senate,us_legislative_governance,target_positive,yes,high,clear_in_family_anchor,,batch_bucket=positive
44aaf6c4e507c0c5,us_legislative_governance,positive,58594,"If you wonder why so many members of Congress are in denial when it comes to climate change, follow the money.",institution_anchor,congress,us_legislative_governance,target_positive,yes,high,clear_in_family_anchor,,batch_bucket=positive
9717aa5c7143d76f,us_legislative_governance,positive,98864,"Congress’s only Navy SEAL veteran, who spent 23 years of his life defending the United States, recently came out in support of Trump, the Republican Party’s presumptive nominee.",institution_anchor,congress,us_legislative_governance,target_positive,yes,high,clear_in_family_anchor,,batch_bucket=positive
cbd174a8dc7753d4,us_legislative_governance,positive,7158,Leadership would likely get heat from members who want sufficient time to review a lengthy appropriations bill.,process_and_regulation,appropriations,us_legislative_governance,target_positive,yes,high,clear_in_family_anchor,,batch_bucket=positive
d4b01f72cdbfcaa1,us_legislative_governance,positive,44938,"Bhatt’s wife later fought an election with Congress support, and lost miserably.",institution_anchor,congress,us_legislative_governance,target_positive,yes,high,clear_in_family_anchor,,batch_bucket=positive
183b69240990826a,us_legislative_governance,positive,84076,"First, the unfair advantage the steroid user has over those who don't use them; and second, Congress was able to leverage the nefariousness of cheating with the unsavory message that steroid use in top-level sports sends to our youth.",institution_anchor,congress,us_legislative_governance,target_positive,yes,high,clear_in_family_anchor,,batch_bucket=positive
3d9dedb68e902909,us_legislative_governance,positive,68947,"Deeply conservative Alabama apparently listened, overturning a quarter-century of voting habits to elect him on Tuesday night in a stunning rebuff of the president, of an anti-establishment insurgency and of sexual harassment in Congress, Alabama politicos said.",institution_anchor,congress,us_legislative_governance,target_positive,yes,high,clear_in_family_anchor,,batch_bucket=positive
f481c5ece992498c,us_legislative_governance,positive,20053,"The Congress leader arrived more or less on time, but had to wait while other leaders gave their speeches

Also Read: Rahul Gandhi's Mumbai padyatra over power tariff hike evokes good response

Makar Sankrant was unusually busy for Malad this year as the Congress had organised a karyakarta melava (workers’ meet), to be addressed by Gandhi at the St Joseph’s School ground.",institution_anchor,congress,us_legislative_governance,target_positive,yes,high,clear_in_family_anchor,,batch_bucket=positive
4d3dd53df0ca7d0b,us_legislative_governance,positive,44944,That top politicians in the Congress party made a decision to keep mention of the LeT out of the fake encounter affidavit shows this could not have happened without the Gandhis wanting it.,institution_anchor,congress,us_legislative_governance,target_positive,yes,high,clear_in_family_anchor,,batch_bucket=positive
f75f01603c095fd5,us_legislative_governance,positive,85473,"Can Rep. Mike Rogers (R-MI) be impeached for denying other representatives in congress basic information about the NSA domestic spying programs and then misrepresenting the decision as a joint one of the Intelligence Committee, and then insisting that the decision is classified from other members of Congress?",institution_anchor,congress,us_legislative_governance,target_positive,yes,high,clear_in_family_anchor,,batch_bucket=positive
5390440cacc9d6f0,us_legislative_governance,positive,97789,"It also terminates Obama's Priority Enforcement Program (PEP) that placed a number of restrictions on the use of ICE detainers, and sets a target, subject to the availability of appropriations, of hiring 10,000 additional ICE officers.",process_and_regulation,appropriations,us_legislative_governance,target_positive,yes,high,clear_in_family_anchor,,batch_bucket=positive
48f3a706ae3b8cfb,us_legislative_governance,positive,95489,The Senate Finance Committee bill would require large companies to contribute to the health care costs of lower income workers if those workers receive a government subsidy for insurance.,institution_anchor,senate,us_legislative_governance,target_positive,yes,high,clear_in_family_anchor,,batch_bucket=positive
cc5d4255ede8510f,us_legislative_governance,positive,120684,"—– Pre-written letter —–

Dear Senator:

The Senate is expected to soon vote on a State Department nominee who supports gun control on a global scale.",institution_anchor,senate,us_legislative_governance,target_positive,yes,high,clear_in_family_anchor,,batch_bucket=positive
21831df0f7408ab1,us_legislative_governance,positive,89568,"A few days ago, the President denied assent to the amendment Bill passed by the Delhi Assembly.",process_and_regulation,bill passed,us_legislative_governance,target_positive,yes,high,clear_in_family_anchor,,batch_bucket=positive
a8d0fc49a55fe251,us_legislative_governance,positive,546,"An impeached official is charged by the House of Representatives, tried by the Senate, and removed from office if convicted.",institution_anchor,house of representatives;senate,us_legislative_governance,target_positive,yes,high,clear_in_family_anchor,,batch_bucket=positive
c5f33a0070eeefa7,us_legislative_governance,positive,65781,"Scott Rigell of Virginia

Rigell’s prominence rose when he led the charge to get President Barack Obama to go through Congress for authorization of Syria.",institution_anchor,congress,us_legislative_governance,target_positive,yes,high,clear_in_family_anchor,,batch_bucket=positive
1698d3b9e7096c41,us_legislative_governance,positive,61783,"However, the Senate refused to approve this and did not ratify the Treaty of Versailles that established the League of Nations.",institution_anchor,senate,us_legislative_governance,target_positive,yes,high,clear_in_family_anchor,,batch_bucket=positive
84cc2118f93dee62,us_legislative_governance,positive,121009,The FDA has asked Congress to pass legislation giving it more power to regulate large-scale compounding pharmacies that ship products in bulk.,institution_anchor,congress,us_legislative_governance,target_positive,yes,high,clear_in_family_anchor,,batch_bucket=positive
62d1d59a32e500c2,us_legislative_governance,positive,68948,"Jones, a former prosecutor, became the first Democrat in 25 years from the deeply red state to be elected to the U.S. Senate seat, edging out his Republican rival Roy Moore, an accused child molester and Bible-quoting former judge, in a test of the limits of political tribalism.",institution_anchor,senate,us_legislative_governance,target_positive,yes,high,clear_in_family_anchor,,batch_bucket=positive
ecee83f3b8075e6a,us_legislative_governance,positive,92716,(The U.S. Congress restored the position in 1976.),institution_anchor,congress,us_legislative_governance,target_positive,yes,high,clear_in_family_anchor,,batch_bucket=positive
675bdc2d0b09ba71,us_legislative_governance,positive,75578,"Marco Rubio of Florida and Ted Cruz of Texas, Rubio himself discussed how both his campaign and Senate office had staved off Russian hackers.",institution_anchor,senate,us_legislative_governance,target_positive,yes,high,clear_in_family_anchor,,batch_bucket=positive
a5f8fe7c39cdef9f,us_legislative_governance,positive,66001,Rice might have had a reasonable point except for one tiny detail she left out – a key e-mail linking the White House to preparation of her misleading statements to the American people on national TV was not among those thousands of e-mails turned over to Congress.,institution_anchor,congress,us_legislative_governance,target_positive,yes,high,clear_in_family_anchor,,batch_bucket=positive
73008e48b4b090fd,us_legislative_governance,positive,91812,"BUT IRRESPECTIVE, THE CONGRESS SEEMS INCLINED TO MAKE A CHANGE HERE, SO WE REALLY THINK THAT THESE RULES WILL BE MODIFIED INTO A FORMAT THAT WILL BE CONDUCIVE FOR INVESTMENT IN THE LONG HAUL.",institution_anchor,congress,us_legislative_governance,target_positive,yes,high,clear_in_family_anchor,,batch_bucket=positive
001a796c44300418,us_legislative_governance,positive,103493,"Before this draft came to light, President Trump said in a private meeting with tech CEOs that he wanted to see a Senate health care bill with with 'more heart,' according to CNBC, after complaining behind closed doors that the House GOP Obamacare repeal bill was 'mean.'",institution_anchor,senate,us_legislative_governance,target_positive,yes,high,clear_in_family_anchor,,batch_bucket=positive
d0a0eec091a5fc33,us_legislative_governance,positive,31067,"[2] Browning had arranged for a public demonstration of both weapons at a location in southern Washington, D.C. known as Congress Heights.",institution_anchor,congress,us_legislative_governance,target_positive,yes,high,clear_in_family_anchor,,batch_bucket=positive
7f6f51bc81ba7a5f,us_legislative_governance,positive,80841,His findings had a strong legal basis: Two regulations governed classified information in the United States at the time — an executive order and the Atomic Energy Act of 1954 — and neither seemed to prevent the publication of unclassified research on cryptography.,process_and_regulation,executive order,us_legislative_governance,target_positive,yes,high,clear_in_family_anchor,,batch_bucket=positive
d0364379a8fb9997,us_legislative_governance,positive,12111,"Shortly after the former vice president delivered his speech, three key Senate Democrats declared they will vote in favor of the Iran deal, bringing its total number of public supporters in the Senate to 41.",institution_anchor,senate,us_legislative_governance,target_positive,yes,high,clear_in_family_anchor,,batch_bucket=positive
86f2f09a255c68e2,us_legislative_governance,local_hard_negative,202491,"Green said that after corrections officials learned of the inmate's allegations, they cooperated with detectives from the Montgomery County Police Department.",elections_and_crime_confounders,police department,,hard_negative,yes,high,nearby_confounder,,batch_bucket=local_hard_negative
1f52ba847cefd16e,us_legislative_governance,local_hard_negative,669249,"The Chicago Police Department (CPD) is the law enforcement agency of the U.S. city of Chicago, Illinois, under the jurisdiction of the City Council.",elections_and_crime_confounders,police department,,hard_negative,yes,high,nearby_confounder,,batch_bucket=local_hard_negative
21b80cbac0bbcad6,us_legislative_governance,local_hard_negative,443783,Mr Fillon had consistently been polling third in surveys leading up to the election.,elections_and_crime_confounders,polling,,hard_negative,yes,high,nearby_confounder,,batch_bucket=local_hard_negative
26f00f6c8b55ce50,us_legislative_governance,local_hard_negative,3936,Coos Bay Police Department responded and arrived to assist with the investigation and further continuing the investigation into the Reckless Driving Complaint.,elections_and_crime_confounders,police department,,hard_negative,yes,high,nearby_confounder,,batch_bucket=local_hard_negative
1ed709aa9fbd1faa,us_legislative_governance,local_hard_negative,34155,"But those differences pale compared with Americans’ massive partisan divide over how they view the threat from climate change, new polling shows.",elections_and_crime_confounders,polling,,hard_negative,yes,high,nearby_confounder,,batch_bucket=local_hard_negative
f852e9a68abfb6d5,us_legislative_governance,local_hard_negative,4562,Months later the El Paso Police Department identified the four-year-old as a U.S. citizen.,elections_and_crime_confounders,police department,,hard_negative,yes,high,nearby_confounder,,batch_bucket=local_hard_negative
fb4bcd1a06de7485,us_legislative_governance,local_hard_negative,216311,"But consider that Obama holds fairly small leads in nearly all of the toss-up states, according to Rasmussen, which is ranked as the most reliable of all the major polling organizations by fivethirtyeight.com (only Seltzer and SurveyUSA have a better record, and Rasmussen is the top daily tracking poll).",elections_and_crime_confounders,polling,,hard_negative,yes,high,nearby_confounder,,batch_bucket=local_hard_negative
430fffcb74664ce6,us_legislative_governance,local_hard_negative,35959,"We have an outstanding police department, and we have every confidence in their ability to make an arrest in this case,” Schwaninger said in the statement.",elections_and_crime_confounders,police department,,hard_negative,yes,high,nearby_confounder,,batch_bucket=local_hard_negative
4a4cd836af971db2,us_legislative_governance,local_hard_negative,414905,“Around 46 votes have been polled at out polling till 4:00pm.,elections_and_crime_confounders,polling,,hard_negative,yes,high,nearby_confounder,,batch_bucket=local_hard_negative
870f05092ea28c27,us_legislative_governance,local_hard_negative,326886,"“I didn’t realize that morning that they had found the body in the mall.”

When contacted by SFist, a spokesprson for Westfield Center declined to address Mittag-Delaga's allegations, sending us the same statement they sent the Examiner

“The Centre is cooperating fully with the San Francisco Police Department in its investigation and asks anybody with information to contact the SFPD,” the statement reads.",elections_and_crime_confounders,police department,,hard_negative,yes,high,nearby_confounder,,batch_bucket=local_hard_negative
6344c5b9c41c6dca,us_legislative_governance,local_hard_negative,354725,"Some of the branch’s 600 members take part in telephone canvassing and polling of Scottish voters, and a number were on the ground in Scotland helping out with the SNP’s election campaign this year.",elections_and_crime_confounders,polling,,hard_negative,yes,high,nearby_confounder,,batch_bucket=local_hard_negative
f42aca36f0b5f935,us_legislative_governance,local_hard_negative,146472,"“No criminal charges shall be filed,” a waiver she drafted read, “and our children shall not be turned over to CPS,” or Child Protective Services.",elections_and_crime_confounders,criminal charges,,hard_negative,yes,high,nearby_confounder,,batch_bucket=local_hard_negative
22c87da9811a3e83,us_legislative_governance,local_hard_negative,156578,"Vince Lewis of the Phoenix Police Department talks about a shooting that left one woman dead and another critically injured Aug. 2, 2017.",elections_and_crime_confounders,police department,,hard_negative,yes,high,nearby_confounder,,batch_bucket=local_hard_negative
8ec06aba76d6628c,us_legislative_governance,local_hard_negative,23761,"“What I find is we’re in this funny casino of the pre-season now,” he says, “where the complete sum of pundit knowledge in this race, with a few rare exceptions, is based on national polling that in my view is completely meaningless.” Zuh?",elections_and_crime_confounders,polling,,hard_negative,yes,high,nearby_confounder,,batch_bucket=local_hard_negative
9571b4a658432691,us_legislative_governance,local_hard_negative,492528,"Well, the video speaks for itself and tells how incredibly well the police Department can fabricate lies to cover up their irresponsibility and total negligence.",elections_and_crime_confounders,police department,,hard_negative,yes,high,nearby_confounder,,batch_bucket=local_hard_negative
d64b226778987e95,us_legislative_governance,local_hard_negative,640350,"Like a political strategist looking at incoming polling data, they would be smart to pull out of precincts that are guaranteed to net them nothing.",elections_and_crime_confounders,polling,,hard_negative,yes,high,nearby_confounder,,batch_bucket=local_hard_negative
3da464cfe1476bdf,us_legislative_governance,local_hard_negative,572384,"Exit polling and other data show that Clinton did not connect in New Hampshire — not with men, not with women, not with the young and not with blue-collar voters.",elections_and_crime_confounders,polling,,hard_negative,yes,high,nearby_confounder,,batch_bucket=local_hard_negative
f3c2e46043b80a1b,us_legislative_governance,local_hard_negative,380869,"To prepare for the Dexter role, Hall sat down with Miami-Dade Police Department's blood-spatter analyst expert to get a sense of what his job was and watched a documentary about the lead analyst in the OJ Simpson trial.",elections_and_crime_confounders,police department,,hard_negative,yes,high,nearby_confounder,,batch_bucket=local_hard_negative
5fe15674c6bcd03f,us_legislative_governance,local_hard_negative,200295,"The woman's attorney, Diana Sims, says the Houston Police Department added insult to injury by not immediately questioning club staff, and claims that the lead investigator let the case languish until contacted by KTRK reporter Jessica Willey last week.",elections_and_crime_confounders,police department,,hard_negative,yes,high,nearby_confounder,,batch_bucket=local_hard_negative
adfcaaf40e370d02,us_legislative_governance,local_hard_negative,291844,"The police department has not identified the officer, who has been with the department for a little more than a year.",elections_and_crime_confounders,police department,,hard_negative,yes,high,nearby_confounder,,batch_bucket=local_hard_negative
09dba956eabb4288,us_legislative_governance,local_hard_negative,226054,"View Full Caption DNAinfo; Chicago Police Department

COOK COUNTY CRIMINAL COURTHOUSE — A South Deering man has been charged with illegally buying and selling five guns, including one that was used in an attempted murder in 2015.",elections_and_crime_confounders,police department,,hard_negative,yes,high,nearby_confounder,,batch_bucket=local_hard_negative
03d93f0914727d6f,us_legislative_governance,local_hard_negative,380448,"By the end of 2012, HSBC escaped with a fine, but no criminal charges against any of its employees.",elections_and_crime_confounders,criminal charges,,hard_negative,yes,high,nearby_confounder,,batch_bucket=local_hard_negative
50f9e4fe1fb5cd8b,us_legislative_governance,local_hard_negative,643138,"“It’s our place to go where people are having conversations.”

Public-agency accounts like the Seattle Police Department’s work a little differently than individual Nextdoor user accounts: Public employees can post to community pages, see replies to their posts, and message privately with individuals—but they can’t see the rest of the chatter on a community page, or read private messages that users have sent to one another.",elections_and_crime_confounders,police department,,hard_negative,yes,high,nearby_confounder,,batch_bucket=local_hard_negative
76f8169822e7205a,us_legislative_governance,local_hard_negative,290192,The uproar over the beating has intensified the glare on Chicago after a bloody year of violent crime and protests against Mayor Rahm Emanuel and a police department that has been accused of brutality and hushing up wrongdoing.,elections_and_crime_confounders,police department,,hard_negative,yes,high,nearby_confounder,,batch_bucket=local_hard_negative
e934ae0754434d1f,us_legislative_governance,local_hard_negative,250174,"The District’s attorney general took issue Thursday with a bill that would redefine the way the police department seizes cars related to certain crimes, holds them and sells them for profit.",elections_and_crime_confounders,police department,,hard_negative,yes,high,nearby_confounder,,batch_bucket=local_hard_negative
77f8f2adefdffe5e,us_electoral_politics,positive,13848,The former secretary of State has since taken to the speaking circuit to promote the book and reflect on the 2016 presidential race.,election_anchor,presidential race,us_electoral_politics,hard_negative,yes,high,nearby_confounder,,batch_bucket=benchmark_hard_negative
10fb0f791f76b9d5,us_electoral_politics,positive,77102,"Then again, maybe her chosen Presidential candidate wasn't any prize, either:

The Cubs Schlafly is a real contender this year

Trump almost immediately deleted the tweet, but screenshots are forever.",candidate_and_party,candidate,us_electoral_politics,hard_negative,yes,high,nearby_confounder,,batch_bucket=benchmark_hard_negative
409b50b18e3c406c,us_electoral_politics,positive,10169,"Until he is a candidate, he can remain in the thick of building a war chest, coordinating strategy, sharing data and analysis, talking directly to advisers who will later be walled off.",candidate_and_party,candidate,us_electoral_politics,hard_negative,yes,high,nearby_confounder,,batch_bucket=benchmark_hard_negative
d39105bb58d35eaa,china,positive,34065,China appears to have quit sharing data officially after 2011 because it said at that time that the outflows of proceeds of corruption was severe enough to threaten its economy and its political stability.,country_anchor,china,china,hard_negative,yes,high,nearby_confounder,,batch_bucket=benchmark_hard_negative
039d584689685ab6,china,positive,3468,"German firms make good money inChina

It's fine to clearly state one's point of view toward China, but it would be inappropriate to complain too much about the conditions there.",country_anchor,china,china,hard_negative,yes,high,nearby_confounder,,batch_bucket=benchmark_hard_negative
02a78eb53611b423,us_electoral_politics,positive,54328,Publication of press-releases or other out-sourced content does not signify endorsement or affiliation of any kind.,voting_mechanics,endorsement,us_electoral_politics,hard_negative,yes,high,nearby_confounder,,batch_bucket=benchmark_hard_negative
5cbc5bf4c7181efc,us_electoral_politics,positive,66173,"“Casting a vote for a candidate who has not actively campaigned and does not have the support to be speaker is an indirect vote for Nancy Pelosi, and I will not vote for Nancy Pelosi.”

Love also reminded voters that she is playing the long game when it comes to fighting for conservative principles.",candidate_and_party,candidate,us_electoral_politics,hard_negative,yes,high,nearby_confounder,,batch_bucket=benchmark_hard_negative
026820c434a4aa25,russia_post_soviet,positive,586,"A woman walks past a branch of Russian Post in Moscow, Russia, May 24, 2017.",region_anchor,moscow;russia;russian,russia_post_soviet,hard_negative,yes,high,nearby_confounder,,batch_bucket=benchmark_hard_negative
8b1bc204ae47ff1d,russia_post_soviet,positive,87550,"But if the Times’s reporting is accurate, it establishes that the Trump campaign was willing — and even eager — to work with the Russian government to secure political advantage.",region_anchor,russian,russia_post_soviet,hard_negative,yes,high,nearby_confounder,,batch_bucket=benchmark_hard_negative
701d9d113392752d,china,positive,47211,"This is bound to increase the costs of setting up power plants as 89% of the solar panels used in India are imported, mostly from China, Taiwan, and Malaysia whose products are around 10% cheaper than locally made ones.",country_anchor,china,china,hard_negative,yes,high,nearby_confounder,,batch_bucket=benchmark_hard_negative
94a1081b4b3f8d45,russia_post_soviet,positive,82263,"Mr Flynn said airlines can elect to avoid an area even if it’s not closed, but that he did not believe any had chosen to do so in eastern Ukraine.",region_anchor,ukraine,russia_post_soviet,hard_negative,yes,high,nearby_confounder,,batch_bucket=benchmark_hard_negative
88ca5022134fa634,russia_post_soviet,positive,13036,He called himself “General Misha.” Misha is the Russian equivalent of Michael.,region_anchor,russian,russia_post_soviet,hard_negative,yes,high,nearby_confounder,,batch_bucket=benchmark_hard_negative
8da3b28b6721cf61,russia_post_soviet,positive,22286,"In a short news conference, Rutte said he had just had a ‘very intense’ phone call with Russian president Vladimir Putin.",geopolitics_and_war;region_anchor,putin;russian,russia_post_soviet,hard_negative,yes,high,nearby_confounder,,batch_bucket=benchmark_hard_negative
b3b76122fc9aa90a,russia_post_soviet,positive,8457,"Just this morning, Trump decided to smear last night’s bombshell report on the Trump camp’s continued contacts with Russian officials during the election as “illegal:”

The real scandal here is that classified information is illegally given out by ""intelligence"" like candy.",region_anchor,russian,russia_post_soviet,hard_negative,yes,high,nearby_confounder,,batch_bucket=benchmark_hard_negative
fd948467405817cc,us_electoral_politics,positive,81730,"Here’s what the National Geographic Society has to say about the Book of Mormon, including claims that there’s archaeological support for the book:

National Geographic Statement on the Book of Mormon

Key National Geographic points from the letter:

“Archaeologists and other scholars have long probed the hemisphere’s past, and the Society does not know of anything found so far that has substantiated the Book of Mormon.”

“I have enclosed a statement issued by the Smithsonian Institution in 1982.”

Not only does National Geographic make it clear that there is no evidence to substantiate the Book of Mormon, it also gives its endorsement of the following Smithsonian Institute letter:

Smithsonian Institute Statement on the Book of Mormon

National Museum of Natural History Smithsonian Institution, Washington, D.C. 20560 Statement Regarding the Book of Mormon The Smithsonian Institution has never used the Book of Mormon in any way as a scientific guide.",voting_mechanics,endorsement,us_electoral_politics,hard_negative,yes,high,nearby_confounder,,batch_bucket=benchmark_hard_negative
868e0b264ec33636,russia_post_soviet,positive,94709,"Dictatorship of the proletariat [ edit ]

In the Russian socialist society, government by direct democracy was effected by elected soviets (workers' councils), which ""soviet government"" form Lenin described as the manifestation of the Marxist ""democratic dictatorship of the proletariat"".",region_anchor,russian,russia_post_soviet,hard_negative,yes,high,nearby_confounder,,batch_bucket=benchmark_hard_negative
aa01fab28f51f363,russia_post_soviet,positive,94725,"To feed the populaces of town and country, Lenin instituted War Communism (1918–1921) as a necessary condition—adequate supplies of food and weapons—for fighting the Russian Civil War (1917–1923).",region_anchor,russian,russia_post_soviet,hard_negative,yes,high,nearby_confounder,,batch_bucket=benchmark_hard_negative
c603cff6ed132393,us_electoral_politics,positive,163562,Christie explains his endorsement of Trump as a pragmatic move.,voting_mechanics,endorsement,us_electoral_politics,hard_negative,yes,high,nearby_confounder,,batch_bucket=benchmark_hard_negative
1c2c6ebd79aac841,china,positive,37707,"Meanwhile, China stopped its exports of computer and laptop accessories to India as a move to slow down the policy.",country_anchor,china,china,hard_negative,yes,high,nearby_confounder,,batch_bucket=benchmark_hard_negative
b0a15580e68dfff8,us_electoral_politics,positive,86298,"However, Mr Jeyaretnam disclosed earlier that SingFirst had also approached blogger Roy Ngerng about being a candidate for them in Ang Mo Kio.",candidate_and_party,candidate,us_electoral_politics,hard_negative,yes,high,nearby_confounder,,batch_bucket=benchmark_hard_negative
0ce6970249c4539a,china,positive,69370,The country saw anti-Chinese protests last year over a Chinese oil rig in a disputed area.,country_anchor,chinese,china,hard_negative,yes,high,nearby_confounder,,batch_bucket=benchmark_hard_negative
0748870fff76772b,us_electoral_politics,positive,81185,"The Electoral College system, in contrast, encourages political parties to coalesce divergent interests into two sets of coherent alternatives.",election_anchor,electoral college,us_electoral_politics,hard_negative,yes,high,nearby_confounder,,batch_bucket=benchmark_hard_negative
870a704a4d69f6bc,russia_post_soviet,positive,91545,"More than 4,800 people have been killed in a conflict in east Ukraine with Western governments continuing to accuse Russia of having a major hand in it.",region_anchor,russia;ukraine,russia_post_soviet,hard_negative,yes,high,nearby_confounder,,batch_bucket=benchmark_hard_negative
d671c09645cb9261,china,positive,2695,"Image copyright Getty Images Image caption Student activists organised a protest at the Hong Kong office in Taipei on Monday

'Support each other'

In recent days, Taiwanese activists have flown to Hong Kong to lend support.",economy_and_society,hong kong,china,hard_negative,yes,high,nearby_confounder,,batch_bucket=benchmark_hard_negative
dd42de52691f25b8,us_electoral_politics,positive,164893,"Below is bullet list of some of the things IM 22 does at a high level:

IM 22 limits the amounts and types of contributions a candidate can accept.",candidate_and_party,candidate,us_electoral_politics,hard_negative,yes,high,nearby_confounder,,batch_bucket=benchmark_hard_negative
50736c6ef62a9160,china,positive,78375,"Mr Obama said the US would encourage free and fair elections, while Mr Xi stated issues in the territory were an internal Chinese affair.",country_anchor,chinese,china,hard_negative,yes,high,nearby_confounder,,batch_bucket=benchmark_hard_negative
36148a71894fb564,russia_post_soviet,positive,347,"A recent report in The New Yorker on Russian hacking detailed one case in which Russia gained access to a NATO computer network in 1996 by providing bugged thumb drives to shops near a NATO base in Kabul, Afghanistan.",region_anchor,russia;russian,russia_post_soviet,hard_negative,yes,high,nearby_confounder,,batch_bucket=benchmark_hard_negative
843c6740d3fce3ed,us_electoral_politics,positive,73299,"To win, a candidate needed to secure 270 electoral votes.",candidate_and_party,candidate,us_electoral_politics,hard_negative,yes,high,nearby_confounder,,batch_bucket=benchmark_hard_negative
62fc9b5a432ebdd4,china,positive,69371,"The Philippines has also taken China to a United Nations tribunal for arbitration over China's claims, although Beijing has refused to participate in the process.",country_anchor,beijing;china,china,hard_negative,yes,high,nearby_confounder,,batch_bucket=benchmark_hard_negative
6c4bc6a3c3b7a36e,russia_post_soviet,positive,35492,"Mueller, by contrast, was hired to probe the Trump campaign and Russia, and the potential for collusion or other kinds of skullduggery, but he could now feasibly get bogged down in Trump's financial transactions.",region_anchor,russia,russia_post_soviet,hard_negative,yes,high,nearby_confounder,,batch_bucket=benchmark_hard_negative
158c47b49601543e,china,positive,17655,"In any event, it is unlikely that North Koreans want to leave their fate to the hated Chinese when they can more easily walk across the Demilitarized Zone, the strip of land separating the two Koreas.",country_anchor,chinese,china,hard_negative,yes,high,nearby_confounder,,batch_bucket=benchmark_hard_negative
8e24ddb1b41e995c,us_electoral_politics,positive,65575,"— This story has been corrected to show Pima County had 124 polling locations Tuesday, not 134.",election_anchor,polling,us_electoral_politics,hard_negative,yes,high,nearby_confounder,,batch_bucket=benchmark_hard_negative
665ab425f22ed122,china,positive,23870,But Merkel’s meetings this week — first a chummy meeting with India’s leader on Tuesday and then a sit-down with the Chinese prime minister on Wednesday — were bracing reminders of the trade ties being forged outside the United States as Washington moves toward a sharply more nationalist and protectionist agenda.,country_anchor,chinese,china,hard_negative,yes,high,nearby_confounder,,batch_bucket=benchmark_hard_negative
078f63a720d6abc1,us_electoral_politics,positive,90533,"Koch says that since it appears that neither presidential candidate is likely to support his network in those efforts, they are focusing on what he calls ""maximizing the number of principled leaders in the House and Senate who will.""",candidate_and_party,candidate,us_electoral_politics,hard_negative,yes,high,nearby_confounder,electoral_frame,batch_bucket=benchmark_hard_negative; override=house_senate_election_frame
80c1c7d90983452b,russia_post_soviet,positive,34273,"Those responsible must be held to account and sanctions must be imposed on those who are behind these atrocities,” he said.",geopolitics_and_war,sanctions,russia_post_soviet,hard_negative,yes,high,nearby_confounder,,batch_bucket=benchmark_hard_negative
5d532a985903b683,us_electoral_politics,positive,123343,"Victoria Jones/PA 36/43 Philip Hammond and David Davis at a General Election campaign event in Central London Jeremy Selwyn 37/43 Pensioner Malcolm Baker confronts Liberal Democrat leader Tim Farron while he was the election campaign trail in Kidlington, near Oxford Sam Lister/PA 38/43 Prime Minister Theresa May eats chips as she meets with residents in Mevagissey, south-west England Dylan Martinez/AFP/Getty Images 39/43 Conservative party handout of Labour leader Jeremy Corbyn on a new poster, warning that families face a tax and debt bombshell under Jeremy Corbyn's leadership Conservative Party/PA 40/43 Nick Clegg delivers a campaign speech on the European Union at the National Liberal Club in London Stefan Rousseau/PA 41/43 Ukip leader Paul Nuttall (left) eats grapes during a walkabout in Dudley town centre in the West Midlands, with Ukip West Midlands MEP Bill Etheridge (right) and Phil Durnell, West Midlands Metro Mayor candidate Richard Vernalls/PA 42/43 Former Labour Party leader Ed Miliband retweeted a photo of him mowing a lawn whilst canvassing in his Doncaster North constituency Jane Nightingale 43/43 Prime Minister Theresa May makes a statement on 18 April calling for a general election Dan Kitwood/Getty Images

The poll suggests that 63 per cent of young people are “absolutely certain” they will vote in the election on Thursday.",candidate_and_party;election_anchor,campaign trail;candidate,us_electoral_politics,hard_negative,yes,high,nearby_confounder,,batch_bucket=benchmark_hard_negative
1a34c1109fcabec2,russia_post_soviet,positive,44998,He says hundreds are dying of hunger in eastern Ukraine's biggest city.,region_anchor,ukraine,russia_post_soviet,hard_negative,yes,high,nearby_confounder,,batch_bucket=benchmark_hard_negative
3948fb9d6c515cd3,us_electoral_politics,positive,65521,"People wait in line to vote in the Arizona Presidential Primary Election at Mountain View Lutheran Church in Phoenix, Ariz., Tuesday, March 22, 2016.",election_anchor,primary election,us_electoral_politics,hard_negative,yes,high,nearby_confounder,,batch_bucket=benchmark_hard_negative
9ee96d93b2954413,china,positive,69367,"Image copyright AP Image caption China has been reclaiming various islands and reefs in the area including Mischief Reef

China has been accused of militarisation and illegally expanding its maritime claims by reclaiming land around island reefs and building airstrips and structures on them.",country_anchor,china,china,hard_negative,yes,high,nearby_confounder,,batch_bucket=benchmark_hard_negative
a35b563aaeb7660e,us_electoral_politics,positive,186757,"The Union Leader’s endorsement clearly was unable to dent the Trump whirlwind, but New Hampshire is a swing state in the general election and while the polling has consistently favored Hillary Clinton in head-to-head matchups, the race has tightened.",election_anchor;voting_mechanics,endorsement;polling;swing state,us_electoral_politics,hard_negative,yes,high,nearby_confounder,,batch_bucket=benchmark_hard_negative
294493f311cb1627,us_electoral_politics,positive,130208,"CNN says viewers will get a ""front-row seat"" from the perspective of an audience member, with the immersive stream allowing people to ""hold a gaze on a particular candidate, catch off-screen interactions, and more.""",candidate_and_party,candidate,us_electoral_politics,hard_negative,yes,high,nearby_confounder,,batch_bucket=benchmark_hard_negative
af860aad6e0f883f,us_electoral_politics,positive,10125,You may also want to think about whether you want your candidate to bring about more jobs or less inequality.,candidate_and_party,candidate,us_electoral_politics,hard_negative,yes,high,nearby_confounder,,batch_bucket=benchmark_hard_negative
4d06a9716d676931,us_electoral_politics,positive,149628,"Since then, more modern systems have been introduced and include electronic machines in polling stations operated by buttons or touchscreens which connect to a central database.",election_anchor,polling,us_electoral_politics,hard_negative,yes,high,nearby_confounder,,batch_bucket=benchmark_hard_negative
e5c46bfa572e4423,us_electoral_politics,positive,9127,"“There’s only one candidate who will cancel that student debt and who will bail out the students like we bailed out Wall Street — the crooks who crashed the economy.”

Referring to that 43 million people, Stein said the bloc “is enough to win a three-way presidential race and the numbers it takes to turn the election on its head.”

Stein also discussed the need for a “Green New Deal,” the idea to create millions of jobs by making the transition to 100 percent clean renewable energy by 2030.",candidate_and_party;election_anchor,candidate;presidential race,us_electoral_politics,hard_negative,yes,high,nearby_confounder,,batch_bucket=benchmark_hard_negative
65dbcca10f225ec3,us_electoral_politics,positive,176714,"If an extraordinary candidate who could pass Democrats’ standards for “mainstream” came before the Senate for confirmation, then Schumer says they could consider approving him or her.",candidate_and_party,candidate,us_electoral_politics,target_positive,yes,high,entity_plus_context,,batch_bucket=benchmark_hard_negative; override=senate_confirmation_context
dd64a188d0161d1a,russia_post_soviet,positive,77702,Passing the sanctions bill is likely to be a rare bipartisan moment in Congress.,geopolitics_and_war,sanctions,russia_post_soviet,target_positive,yes,high,clear_in_family_anchor,,batch_bucket=benchmark_hard_negative; override=congress_bill_context
464dfdcb1cc60b6f,china,positive,90267,“I have a friend who got political asylum in Los Angeles and then realized to his dismay that there were so many patriotic Chinese there!” Rebel told me.,country_anchor,chinese,china,hard_negative,yes,high,nearby_confounder,,batch_bucket=benchmark_hard_negative
d955526f27eb7921,russia_post_soviet,positive,93423,"So, yes, I wanted to comment on a few simplifications/misconceptions about Ukraine today:

1.",region_anchor,ukraine,russia_post_soviet,hard_negative,yes,high,nearby_confounder,,batch_bucket=benchmark_hard_negative
e7cf906528d45ab2,russia_post_soviet,positive,92982,"Markelov also worked with the journalist Anna Politkovskaya, who was killed in Moscow on October 7, 2006, in investigating the case of Sergei Lapin, who was in the OMON (military police).",region_anchor,moscow,russia_post_soviet,hard_negative,yes,high,nearby_confounder,,batch_bucket=benchmark_hard_negative
f1ff4e9d4a6148a9,china,positive,31217,"China [ edit ]

FN M1930.",country_anchor,china,china,hard_negative,yes,high,nearby_confounder,,batch_bucket=benchmark_hard_negative
cec0c7c7c555376e,us_electoral_politics,positive,180415,"The students' union election at Jawaharlal Nehru University (JNU) on Friday recorded 53.3 percent turnout, a marginal dip from last year.",voting_mechanics,turnout,us_electoral_politics,hard_negative,yes,high,nearby_confounder,,batch_bucket=benchmark_hard_negative
d4fd4be6187e1f12,china,positive,101379,"Economic migrants bleed across the borders in search of something better, and perhaps some Vietnamese mail-order brides wind up here for the long haul, but in general foreigners don’t immigrate to China.",country_anchor,china,china,hard_negative,yes,high,nearby_confounder,,batch_bucket=benchmark_hard_negative
fe6b32acb73fcdb9,us_electoral_politics,positive,141236,It’s not going to be easy – perhaps even possible – to have an authentic libertarian candidate elected into the White House today.,candidate_and_party,candidate,us_electoral_politics,hard_negative,yes,high,nearby_confounder,,batch_bucket=benchmark_hard_negative
7b4b84b8449486b7,china,positive,35803,"Member of Mensa, China Post #1, and lifetime member of the NRA and UDT/SEAL Association.",country_anchor,china,china,hard_negative,yes,high,nearby_confounder,,batch_bucket=benchmark_hard_negative
cb36a4e597d783c7,us_electoral_politics,positive,124987,The polls and the angry town halls suggest that the public clearly decided it prefers the ACA — which is now in positive polling territory — to this alternative.,election_anchor,polling,us_electoral_politics,hard_negative,yes,high,nearby_confounder,,batch_bucket=benchmark_hard_negative
6cc20bf9c658b94d,us_electoral_politics,positive,37452,"“It just so happened southerners made up a larger percentage of the Democratic than Republican caucus, which created the initial impression than Republicans were more in favor of the act.”

This point bears close parsing for the simple reason that Brooks’s cavalier reliance upon it permits him to overlook nearly all relevant conservative postwar history on questions of racial equality.",candidate_and_party,caucus,us_electoral_politics,hard_negative,yes,high,nearby_confounder,,batch_bucket=benchmark_hard_negative
76d2cfee3369831d,china,positive,86937,"He said previous Chinese immigrants paid ""a very much higher price"" than investor migrants for their Canadian citizenship ""and it was not measured in dollars, either.""",country_anchor,chinese,china,hard_negative,yes,high,nearby_confounder,,batch_bucket=benchmark_hard_negative
027ea53da86d8568,russia_post_soviet,positive,27262,Zarif is right; international sanctions crafted and carefully pushed through the Security Council by men like John Bolton (something Obama and partisans forget) have effectively been squandered upon the altar of Obama’s ego and Kerry’s ambition.,geopolitics_and_war,sanctions;security council,russia_post_soviet,hard_negative,yes,high,nearby_confounder,,batch_bucket=benchmark_hard_negative
f6dde2d716992bef,china,positive,36972,"His father, Kim Jong-il, on the other hand, bargained and negotiated with the United States, South Korea, and Japan, at least paid lip service on denuclearization, and maintained good ties to China, the North’s primary benefactor.",country_anchor,china,china,hard_negative,yes,high,nearby_confounder,,batch_bucket=benchmark_hard_negative
c2be2498b9cf6aee,russia_post_soviet,positive,93429,"It’s amazing how little has changed in this dynamic:

""Almost all of Ukraine’s oligarchs are from the east or Kiev, and they almost exclusively lined up in support of Yanukovych, a Donetsk native.",region_anchor;regional_entities,kiev;ukraine,russia_post_soviet,hard_negative,yes,high,nearby_confounder,,batch_bucket=benchmark_hard_negative
12a5adf995c2844e,us_electoral_politics,positive,69218,"As a candidate, Mr Duterte promised to “end crime” within six months of taking office by tossing the bodies of criminals into Manila Bay to fatten the fish—a vow so swaggering that it seemed comical at the time.",candidate_and_party,candidate,us_electoral_politics,hard_negative,yes,high,nearby_confounder,,batch_bucket=benchmark_hard_negative
c0e91cc17bb99049,china,positive,34070,"Money Laundering

So, over $2,000,000,000,000 is missing from China and because China says it’s proceeds of corruption, it’s a $2,000,000,000,000 money laundering problem.",country_anchor,china,china,hard_negative,yes,high,nearby_confounder,,batch_bucket=benchmark_hard_negative
a20c2efc764c6639,us_electoral_politics,positive,81162,"Yet this is less of a problem than it seems since, as a practical matter, the popular difference between the two candidates would likely be so small that either candidate could govern effectively.",candidate_and_party,candidate,us_electoral_politics,hard_negative,yes,high,nearby_confounder,,batch_bucket=benchmark_hard_negative
6b74ad4efaae1944,russia_post_soviet,positive,77510,"And we are proud that our techniques were successful in that instance and we are developing systems to allow others to use them more broadly.” Assange said he kept close contact with the legal team for Snowden, who has been granted asylum in Russia.",region_anchor,russia,russia_post_soviet,hard_negative,yes,high,nearby_confounder,,batch_bucket=benchmark_hard_negative
941599549055380a,russia_post_soviet,positive,46192,And there are the real biggies: What is the cost to our society of Russian trolling and fake news on Facebook and Twitter?,region_anchor,russian,russia_post_soviet,hard_negative,yes,high,nearby_confounder,,batch_bucket=benchmark_hard_negative
5b4d08dfa1402c4d,russia_post_soviet,positive,91543,"""Yesterday's accusations from Kiev of the alleged deployment of Russian army contingents across the Russian-Ukrainian border do not stand up to any criticism,"" Major General Igor Konashenkov said.",region_anchor;regional_entities,kiev;russian,russia_post_soviet,hard_negative,yes,high,nearby_confounder,,batch_bucket=benchmark_hard_negative
e472f80aafac23e5,china,positive,92597,"The conference in Shenzhen, China, was attended by local officials

It's the first time the jetpacks have been introduced to the Chinese market

Ever dream of flying like a bird?",country_anchor;economy_and_society,china;chinese;chinese market;shenzhen,china,hard_negative,yes,high,nearby_confounder,,batch_bucket=benchmark_hard_negative
55c69193067cfbaf,us_electoral_politics,positive,65527,The last voters entered polling spots after midnight.,election_anchor,polling,us_electoral_politics,hard_negative,yes,high,nearby_confounder,,batch_bucket=benchmark_hard_negative
d67f6d0abc405267,russia_post_soviet,positive,81078,"When Sept. 11, 2001, dawned, the Northeast Air Defense Sector in Rome, N.Y., went on full alert — to prepare for a training exercise that envisioned a sneak attack by Russian planes flying over the North Pole to bomb the United States, a prospect that Defense Secretary Robert McNamara had dismissed as outdated in 1966.",region_anchor,russian,russia_post_soviet,hard_negative,yes,high,nearby_confounder,,batch_bucket=benchmark_hard_negative
fdd3b4de8509b3ba,russia_post_soviet,positive,107343,"Mook claimed that the leak corresponds with the GOP’s inclusion of “changes to the Republican platform to make it more pro-Russian.”

“I don’t think it’s coincidental that these emails were released on the eve of our convention here, and I think that’s disturbing,” Mook said on “State of the Union.” “I think when you put all this together, it’s a disturbing picture, and voters need to reflect on that.”

[lz_related_box id=”175484″]

Trump’s eldest son, Donald Trump Jr., responded to Mook’s accusations and called him out for unsubstantiated accusations.",region_anchor,russian,russia_post_soviet,hard_negative,yes,high,nearby_confounder,,batch_bucket=benchmark_hard_negative
5b0b973d16594f4c,china,positive,100506,"Labour market testing of the local labour market to see if local labour is available is optional, not mandatory for the Chinese businesses.",country_anchor,chinese,china,hard_negative,yes,high,nearby_confounder,,batch_bucket=benchmark_hard_negative
50db285cfa1b3e41,us_electoral_politics,positive,165737,"I'd vote across party lines for a good candidate, even though I'm a registered Democrat.""",candidate_and_party,candidate,us_electoral_politics,hard_negative,yes,high,nearby_confounder,,batch_bucket=benchmark_hard_negative
227cb2a87fd46cb2,china,positive,27679,"So for the PSL, the Cultural Revolution was a mixed bag of positives and negatives--while the right-wingers won, it was at least an example of the freedom to dissent in socialist China.",country_anchor,china,china,hard_negative,yes,high,nearby_confounder,,batch_bucket=benchmark_hard_negative
14d9646dc2db4f11,us_electoral_politics,positive,102704,"Pensioner Leonids, an ethnic Russian who declined to give his last name, told AFP at a Riga polling station that Harmony got his vote for their generous approach to social spending.",election_anchor,polling,us_electoral_politics,hard_negative,yes,high,nearby_confounder,,batch_bucket=benchmark_hard_negative
23f44b81c4734f37,us_electoral_politics,positive,123192,Speculation over a Kid Rock run went viral in February when Michigan GOP state central committee member Wes Nakagiri of Hartland told a newspaper he thinks the rock star would make a good Senate candidate.,candidate_and_party,candidate,us_electoral_politics,hard_negative,yes,high,nearby_confounder,electoral_frame,batch_bucket=benchmark_hard_negative; override=senate_candidate_frame
a51baf0549638312,crypto_blockchain,positive,60602,Stuff How bitcoin works.,protocol_anchor,bitcoin,crypto_blockchain,drop,no,high,duplicate_or_low_quality,too_short_or_fragment,batch_bucket=medium_negative; override=too_short_fragment
5c177472a18ee50c,aviation_aerospace,positive,136363,"The Hog is a relatively easy aircraft to fly, but doing so while battling armed forces with this brutally realistic weapons delivery platform is one of the most challenging—and intensely satisfying—undertakings you’ll ever face in a PC flight sim.”

92/100 – PC Gamer",aviation_anchor,aircraft,aviation_aerospace,medium_negative,yes,medium,topical_but_not_primary,,batch_bucket=medium_negative
d89d1c54e7ce7d94,aviation_aerospace,positive,10906,Mars Observer (1993) Dark Mission portrays the failure of the Mars Observer probe in 1993 as a deliberate act by NASA to prevent the publication of its expected photographs of artificial Martian ruins.,aerospace_anchor,nasa,aviation_aerospace,medium_negative,yes,medium,topical_but_not_primary,,batch_bucket=medium_negative
a3f0acd044238550,crypto_blockchain,positive,79891,"Community means usually trust, trust in leaders, in the people making up the community, but in Bitcoin it’s just trust in code.",protocol_anchor,bitcoin,crypto_blockchain,medium_negative,yes,medium,topical_but_not_primary,,batch_bucket=medium_negative
4152ccec84a34f01,aviation_aerospace,positive,109093,"""If we receive positive evaluations and feedback from the pilot program, SEPTA could add a turn alert system to its bus fleet in the near future,"" Sauer said.",operations_and_safety,pilot,aviation_aerospace,medium_negative,yes,medium,topical_but_not_primary,,batch_bucket=medium_negative
c33c149288599a3f,aviation_aerospace,positive,183402,Satellite imagery of the site taken in May this year shows two similar craft docked at the Ryongnam Shipyard.,aerospace_anchor,satellite,aviation_aerospace,medium_negative,yes,medium,topical_but_not_primary,,batch_bucket=medium_negative
bc23a366a8eb74e8,crypto_blockchain,positive,42402,But even Dimon and others who say bitcoin represents a bubble - now the consensus view among mainstream investors - do not deny its price rise could still have further to go.,protocol_anchor,bitcoin,crypto_blockchain,medium_negative,yes,medium,topical_but_not_primary,,batch_bucket=medium_negative
1b5712050e85eda4,crypto_blockchain,positive,135569,So is Bitcoin.com.,protocol_anchor,bitcoin,crypto_blockchain,drop,no,high,duplicate_or_low_quality,too_short_or_fragment,batch_bucket=medium_negative; override=too_short_fragment
52f1b6ea32bf61e8,crypto_blockchain,positive,159374,"Major retailers like Overstock and Expedia have also begun accepting it as payment, and countries across the world have begun opening up exchanges and accepting bitcoin as an official currency.",protocol_anchor,bitcoin,crypto_blockchain,medium_negative,yes,medium,topical_but_not_primary,,batch_bucket=medium_negative
507a96831c3d25dc,aviation_aerospace,positive,113614,"While Mr Flood is looking forward to the Bomber Command memorial dedication as a ""fitting"" tribute, the highlight of his trip to England will be a war museum visit where he will be reunited with the Lancaster aircraft affectionately called S Is For Sugar.",aviation_anchor,aircraft,aviation_aerospace,medium_negative,yes,medium,topical_but_not_primary,,batch_bucket=medium_negative
0e18f545f14cc7d8,crypto_blockchain,positive,39809,"Mix coins

Advertised sites are not endorsed by the Bitcoin Forum.",protocol_anchor,bitcoin,crypto_blockchain,medium_negative,yes,medium,topical_but_not_primary,,batch_bucket=medium_negative
db781b0c5c490b15,aviation_aerospace,positive,23693,"Space-age: AS10 was developed in conjunction with Nasa for the Astronaut Programme to ensure they received enough fruit and vegetables

‘Think of them as little Pac-men taking bites out of molecules that are essential for cells to function,’ says Dr Aaron Barson, the nutritional scientist from Utah who carried out the AS10 study after patients reported dramatic improvement from the drink.",aerospace_anchor,nasa,aviation_aerospace,medium_negative,yes,medium,topical_but_not_primary,,batch_bucket=medium_negative
98a4ca091ef56a97,crypto_blockchain,positive,55072,"Though Bitcoin is all over the press – albeit often with shallow and sensationalist coverage – and venture capital investments in the Bitcoin space are taking off, only a tiny minority of people own bitcoin and use it to pay for goods and services.",protocol_anchor,bitcoin,crypto_blockchain,medium_negative,yes,medium,topical_but_not_primary,,batch_bucket=medium_negative
87b46d373a1ea1df,aviation_aerospace,positive,77958,"For example, the Doppler effect can be used to step up the angular resolution in synthetic-aperture radar, which takes multiple radar scans from a moving platform, such as an airplane or spacecraft, and combines them into what looks like an infrared photo.",aerospace_anchor,spacecraft,aviation_aerospace,medium_negative,yes,medium,topical_but_not_primary,,batch_bucket=medium_negative
da82758b1a8f87da,crypto_blockchain,positive,199272,"“SegWit can activate immediately and the same bit will say in the future, at X date, a 2 MB hardfork happens, signaling two events with one bit,” said Jeff Garzik, founder of bitcoin startup and proposal signatory Bloq.",protocol_anchor,bitcoin,crypto_blockchain,medium_negative,yes,medium,topical_but_not_primary,,batch_bucket=medium_negative
00cbe51758323e84,crypto_blockchain,positive,209040,"Due to the understood finite supply of bitcoin—there will only ever be 21 million coins released—as usage increases and the supply stays relatively constant, the only place for the price to go is up.",protocol_anchor,bitcoin,crypto_blockchain,medium_negative,yes,medium,topical_but_not_primary,,batch_bucket=medium_negative
5a3876e7692f2f4f,aviation_aerospace,positive,3539,"The airline said the expansion could mean 1,000 new employees, which would bring the total to 2,400.",aviation_anchor,airline,aviation_aerospace,medium_negative,yes,medium,topical_but_not_primary,,batch_bucket=medium_negative
da68c5d31b64f946,crypto_blockchain,positive,61094,"“Some economic experts might be able determine what Bitcoin’s future is going to look like, so you might want to listen to them as well.",protocol_anchor,bitcoin,crypto_blockchain,medium_negative,yes,medium,topical_but_not_primary,,batch_bucket=medium_negative
d9a32d4be00f5f08,aviation_aerospace,positive,130353,"Su-24 flight recorder confirms Russian aircraft did not violate Turkish airspace

The Russian Defense Ministry held an open briefing devoted to the results of the decoding of flight recorders of the Su-24 bomber aircraft that was shot down by Turkish Air Force.",aviation_anchor,aircraft,aviation_aerospace,medium_negative,yes,medium,topical_but_not_primary,,batch_bucket=medium_negative
ae69d0fb0df9b468,aviation_aerospace,positive,74416,"However, on the final switchback Kerker was hit by a fellow pilot, taking both pilots out of the race.",operations_and_safety,pilot,aviation_aerospace,medium_negative,yes,medium,topical_but_not_primary,,batch_bucket=medium_negative
33517862275cd97f,crypto_blockchain,positive,11408,"“I think you’re going to see it stabilize as more ways for people to use Bitcoin come onboard…In the meantime it will be a little bit volatile, but I mean, even the dollar is volatile.”

According to Williams, only 21-million Bitcoins will ever be available.",protocol_anchor,bitcoin,crypto_blockchain,medium_negative,yes,medium,topical_but_not_primary,,batch_bucket=medium_negative
098702ba09336b3c,aviation_aerospace,positive,10802,In the mid-80s I accumulated about 900 hours as a single engine flight instructor and about 500 hours flying twin turbine commuter aircraft.,aviation_anchor,aircraft,aviation_aerospace,medium_negative,yes,medium,topical_but_not_primary,,batch_bucket=medium_negative
80244dd2ad89f199,crypto_blockchain,positive,148538,"Well, a long list of merchants near the theater on Lee Road accept payment in the form of Bitcoin — a form of digital money that isn’t controlled by a central government.",protocol_anchor,bitcoin,crypto_blockchain,medium_negative,yes,medium,topical_but_not_primary,,batch_bucket=medium_negative
4c732b08fff48b89,crypto_blockchain,positive,199324,"As a wallet operator, its customers and the company itself have been feeling the strain of the higher transaction fees, and it’s due to an upgrade that they have no control over.",market_and_wallet,wallet,crypto_blockchain,medium_negative,yes,medium,topical_but_not_primary,,batch_bucket=medium_negative
07586768690599f0,aviation_aerospace,positive,133575,The Moderate Resolution Imaging Spectroradiometer (MODIS) on NASA’s Terra satellite captured this natural-color image the same day.,aerospace_anchor,nasa;satellite,aviation_aerospace,medium_negative,yes,medium,topical_but_not_primary,,batch_bucket=medium_negative
787e609636adcbf1,crypto_blockchain,positive,205930,"Figure Out Governance First

Of course, before a complete upgrade to Bitcoin Core’s development process can take place, much more needs to be figured out in regards to Bitcoin’s system of governance.",protocol_anchor,bitcoin,crypto_blockchain,medium_negative,yes,medium,topical_but_not_primary,,batch_bucket=medium_negative
d06404a4c4d7ed9d,aviation_aerospace,positive,160098,"""So Nasa does not want the economic risk of having the Hubble [Space Telescope] go down.",aerospace_anchor,nasa,aviation_aerospace,medium_negative,yes,medium,topical_but_not_primary,,batch_bucket=medium_negative
3e29c124f4efbb74,crypto_blockchain,positive,164244,"Legendary investor Bill Miller and Josh Brown, CEO of Ritholtz Wealth Management, say they own bitcoin.",protocol_anchor,bitcoin,crypto_blockchain,medium_negative,yes,medium,topical_but_not_primary,,batch_bucket=medium_negative
ff908aed9312cb7d,aviation_aerospace,positive,77926,The compact APS13 radar [center] was used in some fighter aircraft of that era and also for altitude sensing in the first atomic bombs.,aviation_anchor,aircraft,aviation_aerospace,medium_negative,yes,medium,topical_but_not_primary,,batch_bucket=medium_negative
bc262b4e878349fa,aviation_aerospace,positive,10800,"Pilot: Drone operator has no 'skin' in the collision avoidance game

To the Editor:

The Post-Standard editorial for May 11 cheerleading the rapid phase-in of commercial drones was myopic.",operations_and_safety,pilot,aviation_aerospace,medium_negative,yes,medium,topical_but_not_primary,,batch_bucket=medium_negative
0d5f3cb67a878f32,gaming_general,positive,264827,"ARK should begin downloading an update, indicated at the bottom of the Steam client.",platform_anchor,steam,gaming_general,background_negative,yes,high,clean_background_control,,batch_bucket=background_negative
bcb4cfaaa97f324f,gaming_general,positive,158654,"North American esports organization Tempo Storm has purchased the North American Challenger Series slot owned by Dream Team, sources close to both organizations tell ESPN.",esports_and_live_service,esports,gaming_general,background_negative,yes,high,clean_background_control,,batch_bucket=background_negative
1345d3c1b0e4c5e8,combat_sports,positive,298371,"During Bellator 145, King Mo’s entry to the RIZIN FIGHTING WORLD GRAND-PRIX 2015 and Gabi Garcia vs Lei’D Tapa’s matchup was announced.",promotion_anchor,bellator,combat_sports,background_negative,yes,high,clean_background_control,,batch_bucket=background_negative
af613372d5a1d66c,combat_sports,positive,323410,"It proved to be a comfortable win for Conor, who claimed a second UFC division belt after knocking out his opponent in the second round.",promotion_anchor,ufc,combat_sports,background_negative,yes,high,clean_background_control,,batch_bucket=background_negative
757fb7363f478a0e,mlb_baseball,positive,539141,"NFL Week 8 Roundup

Giants Blank Rangers 4-0 in World Series Game 4

Pictures: 2010 World Series

Game 3 earned the second-lowest television rating for a World Series game.",league_anchor,world series,mlb_baseball,background_negative,yes,high,clean_background_control,,batch_bucket=background_negative
73fe0f1327015b92,combat_sports,positive,171174,"Luke Rockhold

Should fight: Ronaldo Souza

Why they should fight: Despite a setback against Vitor Belfort in his UFC debut, Rockhold has fought back to prominence and is on the verge of becoming the top contender in the middleweight division after earning his third consecutive UFC victory.",promotion_anchor,ufc,combat_sports,background_negative,yes,high,clean_background_control,,batch_bucket=background_negative
38cbf30f6ef1ac19,gaming_general,positive,215625,"eSports will always have its challenges as it continues to grow and evolve, and we've just seen a rather interesting one unfold here.",esports_and_live_service,esports,gaming_general,background_negative,yes,high,clean_background_control,,batch_bucket=background_negative
124b70342f91772e,combat_sports,positive,241906,"In order to help him get ready, “Rush” has enlisted the help of Jake Shields (32-9-1), a former Strikeforce champion and former opponent of the French-Canadian (via Instagram):

St-Pierre clashed with Shields inside the octagon at UFC 129 in April 2011.",fighter_entities;promotion_anchor,octagon;ufc,combat_sports,background_negative,yes,high,clean_background_control,,batch_bucket=background_negative
0f6b6968a56931a4,combat_sports,positive,347001,McClaren's last loss came to now UFC fighter Ben Nguyen in 2014.,promotion_anchor,ufc,combat_sports,background_negative,yes,high,clean_background_control,,batch_bucket=background_negative
1cd53102e5247dff,mlb_baseball,positive,724444,"4th Inning

Marwin Gonzalez makes a nice play on a hard hit ball by Albert Pujols.",baseball_jargon,inning,mlb_baseball,background_negative,yes,high,clean_background_control,,batch_bucket=background_negative
37eba019ad0aaf56,mlb_baseball,positive,418850,"Though the Jays have made blockbuster trades aimed at ending the streak in recent years, including this offseason, they have not finished any better than third in the American League East in the last eight seasons.",league_anchor,american league,mlb_baseball,background_negative,yes,high,clean_background_control,,batch_bucket=background_negative
4e4ff695e46e6959,mlb_baseball,positive,23574,"What all of that reminds us, said one National League executive, is that ""an extension doesn't guarantee anything.""",league_anchor,national league,mlb_baseball,background_negative,yes,high,clean_background_control,,batch_bucket=background_negative
852a78715653fabb,gaming_general,positive,36589,"IR blaster and receiver: Still present is the IR port for controlling the console with a remote, but the Xbox One S also features an integrated IR blaster to control or power on other devices in the room.",platform_anchor,xbox,gaming_general,background_negative,yes,high,clean_background_control,,batch_bucket=background_negative
74a16f3235b4e6f3,mlb_baseball,positive,55365,"Attendance and TV ratings, both microscopic at the time, indicated that the last thing on anybody’s mind in Houston outside the walls of Minute Maid Park was “Hey, exactly what season do you think the Astros will eventually win the World Series?” Yet on June 24, Sports Illustrated declared, on its cover and in its feature story for that issue, “The Houston Astros: Your 2017 World Series Champs!”

It seemed, at best, an odd proclamation about a team that was already 14.5 games out of first place in late June that season, even if SI was giving itself and the Astros a three-year cushion to pay off.",league_anchor,world series,mlb_baseball,background_negative,yes,high,clean_background_control,,batch_bucket=background_negative
162de86e84c961c9,mlb_baseball,positive,705648,"By

With the bright prospects of pitchers and catchers reporting to Spring Training in just three weeks, Saturday, January 19, was a cold, dark day for Major League Baseball fans.",league_anchor,major league baseball,mlb_baseball,background_negative,yes,high,clean_background_control,,batch_bucket=background_negative
ede7a774fe8eea8e,gaming_general,positive,211015,No official presence on the Steam store will be indicated yet.,platform_anchor,steam,gaming_general,background_negative,yes,high,clean_background_control,,batch_bucket=background_negative
6737338c178e4308,mlb_baseball,positive,1005970,"Oct 9, 2016; Washington, DC, USA; Washington Nationals relief pitcher Mark Melancon (43) celebrates after their win against the Los Angeles Dodgers during game two of the 2016 NLDS playoff baseball series at Nationals Park.",team_entities,los angeles dodgers,mlb_baseball,background_negative,yes,high,clean_background_control,,batch_bucket=background_negative
571e33011d20e142,gaming_general,positive,324794,So what is behind this state-funded push to establish an Iranian video game industry?,platform_anchor,video game,gaming_general,background_negative,yes,high,clean_background_control,,batch_bucket=background_negative
5ce9acae8d7c0dc2,combat_sports,positive,442406,"That’s being fake to me.”

Riggs, 32, moved back on to his MMA career and appeared in three fights, spanning from 2012 to 2013.",promotion_anchor,mma,combat_sports,background_negative,yes,high,clean_background_control,,batch_bucket=background_negative
861308a97ff1a4c5,combat_sports,positive,56572,"Use your library card, you know those antiquated government-funded facilities that have things made from paper called ‘books.’ There’s an entire world out there that is separate from this sport known as MMA — you don’t need to be a walking Sherdog Fighter Finder to justify your existence.",promotion_anchor,mma,combat_sports,background_negative,yes,high,clean_background_control,,batch_bucket=background_negative
