group,index,text,agg,val
target,0,Shri Parrikar was taken on a whirlwind tour of the massive complex spread across hundreds of acres of land and was briefed on the future expansion plans including the proposed naval air station and housing complex.,mean,57.97616195678711
target,0,Shri Parrikar was taken on a whirlwind tour of the massive complex spread across hundreds of acres of land and was briefed on the future expansion plans including the proposed naval air station and housing complex.,max,86.8084945678711
target,0,Shri Parrikar was taken on a whirlwind tour of the massive complex spread across hundreds of acres of land and was briefed on the future expansion plans including the proposed naval air station and housing complex.,last,83.34008026123047
target,1,"With the passage of stringent laws like Benami Act, the department needed this technological tool to make “sense” of the data that is with them.",mean,55.21013259887695
target,1,"With the passage of stringent laws like Benami Act, the department needed this technological tool to make “sense” of the data that is with them.",max,96.71556854248047
target,1,"With the passage of stringent laws like Benami Act, the department needed this technological tool to make “sense” of the data that is with them.",last,96.71556854248047
target,2,The clearance from the Home Ministry came during the second week of June and the review is likely to be started soon whereby Robert Vadra and many other VVIPs would be likely to lose the ‘no-frisking’ at the airports privilege very soon.,mean,60.170589447021484
target,2,The clearance from the Home Ministry came during the second week of June and the review is likely to be started soon whereby Robert Vadra and many other VVIPs would be likely to lose the ‘no-frisking’ at the airports privilege very soon.,max,91.89192962646484
target,2,The clearance from the Home Ministry came during the second week of June and the review is likely to be started soon whereby Robert Vadra and many other VVIPs would be likely to lose the ‘no-frisking’ at the airports privilege very soon.,last,89.48002624511719
target,3,But till date every bag made by the brand boasts of the same signature quality.,mean,37.32730484008789
target,3,But till date every bag made by the brand boasts of the same signature quality.,max,55.97108459472656
target,3,But till date every bag made by the brand boasts of the same signature quality.,last,52.62361526489258
target,4,Congress president Sonia Gandhi had flagged off these trucks fron New Delhi on Monday.,mean,63.98805236816406
target,4,Congress president Sonia Gandhi had flagged off these trucks fron New Delhi on Monday.,max,95.10765838623047
target,4,Congress president Sonia Gandhi had flagged off these trucks fron New Delhi on Monday.,last,87.9743881225586
target,5,CRPF personnel were also present.,mean,45.75819396972656
target,5,CRPF personnel were also present.,max,79.05843353271484
target,5,CRPF personnel were also present.,last,79.05843353271484
target,6,"Kejriwal also congratulated all the people present at the function and said, ""When we won in Delhi we thought there will be a full stop on the corruption, but despite being in government for five months we have to fight to curb it.""",mean,66.8926010131836
target,6,"Kejriwal also congratulated all the people present at the function and said, ""When we won in Delhi we thought there will be a full stop on the corruption, but despite being in government for five months we have to fight to curb it.""",max,99.09223175048828
target,6,"Kejriwal also congratulated all the people present at the function and said, ""When we won in Delhi we thought there will be a full stop on the corruption, but despite being in government for five months we have to fight to curb it.""",last,75.218505859375
target,7,Sachin GIDC police had intimated the Income tax department officials to assist and interrogate all the four people.,mean,49.00985336303711
target,7,Sachin GIDC police had intimated the Income tax department officials to assist and interrogate all the four people.,max,82.88204956054688
target,7,Sachin GIDC police had intimated the Income tax department officials to assist and interrogate all the four people.,last,76.26508331298828
target,8,"The additional capacity will also help Intel India consolidate its R&D operations to a large extent at the SRR campus, the company said in a statement.“Karnataka has always been in the forefront when it comes to the IT industry, being the centre of investment, our Invest Karnataka initiative is proving its worth with such beneficial investments in the recent years.",mean,55.04527282714844
target,8,"The additional capacity will also help Intel India consolidate its R&D operations to a large extent at the SRR campus, the company said in a statement.“Karnataka has always been in the forefront when it comes to the IT industry, being the centre of investment, our Invest Karnataka initiative is proving its worth with such beneficial investments in the recent years.",max,83.33857727050781
target,8,"The additional capacity will also help Intel India consolidate its R&D operations to a large extent at the SRR campus, the company said in a statement.“Karnataka has always been in the forefront when it comes to the IT industry, being the centre of investment, our Invest Karnataka initiative is proving its worth with such beneficial investments in the recent years.",last,77.9866943359375
target,9,"The lead actor of the film Prabhas retweeted all the congratulatory messages which poured in, including from Anuskha Shetty, who also featured in the film.",mean,41.55978775024414
target,9,"The lead actor of the film Prabhas retweeted all the congratulatory messages which poured in, including from Anuskha Shetty, who also featured in the film.",max,82.29190826416016
target,9,"The lead actor of the film Prabhas retweeted all the congratulatory messages which poured in, including from Anuskha Shetty, who also featured in the film.",last,67.07279968261719
target,10,"Besides, the AAP's membership drive is not as vibrant as the media hype surrounding it.",mean,54.16794204711914
target,10,"Besides, the AAP's membership drive is not as vibrant as the media hype surrounding it.",max,93.23973083496094
target,10,"Besides, the AAP's membership drive is not as vibrant as the media hype surrounding it.",last,92.93115234375
target,11,"jawans of the Indian Army and BSF in Gurez valley +

Spending time with our Forces gives me new energy.",mean,45.56768035888672
target,11,"jawans of the Indian Army and BSF in Gurez valley +

Spending time with our Forces gives me new energy.",max,73.03440856933594
target,11,"jawans of the Indian Army and BSF in Gurez valley +

Spending time with our Forces gives me new energy.",last,73.03440856933594
target,12,"According to Harish -an organiser- more than 50,000 people will join the protest, with 7000-odd people expected to join from Vijayawada alone.",mean,53.01765441894531
target,12,"According to Harish -an organiser- more than 50,000 people will join the protest, with 7000-odd people expected to join from Vijayawada alone.",max,84.5513687133789
target,12,"According to Harish -an organiser- more than 50,000 people will join the protest, with 7000-odd people expected to join from Vijayawada alone.",last,81.4620361328125
target,13,"Here CM Amarinder Singh, offsetting past reputation of vacillation, is working over time to address the grievances of the people who have thrown out the BJP-Akali combine in the recent Assembly polls.",mean,55.61223602294922
target,13,"Here CM Amarinder Singh, offsetting past reputation of vacillation, is working over time to address the grievances of the people who have thrown out the BJP-Akali combine in the recent Assembly polls.",max,88.87783813476562
target,13,"Here CM Amarinder Singh, offsetting past reputation of vacillation, is working over time to address the grievances of the people who have thrown out the BJP-Akali combine in the recent Assembly polls.",last,74.65447235107422
target,14,Maharashtra CM Devendra Fadnavis is likely to make a statement in the assembly.,mean,48.57646179199219
target,14,Maharashtra CM Devendra Fadnavis is likely to make a statement in the assembly.,max,85.1937255859375
target,14,Maharashtra CM Devendra Fadnavis is likely to make a statement in the assembly.,last,85.1937255859375
target,15,"The National Commission for Women has decided to take suo motu cognisance of the allegations of Bollywood actress Preity Zinta against her former boyfriend and businessman Ness Wadia, and will conduct a detailed investigation into the case.",mean,53.89787673950195
target,15,"The National Commission for Women has decided to take suo motu cognisance of the allegations of Bollywood actress Preity Zinta against her former boyfriend and businessman Ness Wadia, and will conduct a detailed investigation into the case.",max,99.50546264648438
target,15,"The National Commission for Women has decided to take suo motu cognisance of the allegations of Bollywood actress Preity Zinta against her former boyfriend and businessman Ness Wadia, and will conduct a detailed investigation into the case.",last,79.01800537109375
target,16,"The film has been received well in AP, thanks to no big releases in the state.",mean,45.09380340576172
target,16,"The film has been received well in AP, thanks to no big releases in the state.",max,74.44843292236328
target,16,"The film has been received well in AP, thanks to no big releases in the state.",last,53.97538757324219
target,17,"Also Read: Art of Living’s Yamuna event: NGT panel says rehabilitation to cost Rs42 crore

“The AOL had obtained all the necessary permission including the NGT’s.",mean,57.47041320800781
target,17,"Also Read: Art of Living’s Yamuna event: NGT panel says rehabilitation to cost Rs42 crore

“The AOL had obtained all the necessary permission including the NGT’s.",max,104.10460662841797
target,17,"Also Read: Art of Living’s Yamuna event: NGT panel says rehabilitation to cost Rs42 crore

“The AOL had obtained all the necessary permission including the NGT’s.",last,82.15284729003906
target,18,"NEW DELHI: Accusing Pakistan of fomenting trouble in India, home minister Sushilkumar Shinde said it was helping terrorists to infiltrate into the country.",mean,50.75748062133789
target,18,"NEW DELHI: Accusing Pakistan of fomenting trouble in India, home minister Sushilkumar Shinde said it was helping terrorists to infiltrate into the country.",max,99.82304382324219
target,18,"NEW DELHI: Accusing Pakistan of fomenting trouble in India, home minister Sushilkumar Shinde said it was helping terrorists to infiltrate into the country.",last,75.67481994628906
target,19,"education

New Delhi, Nov 28 (PTI) The Leader of Opposition in the Delhi Assembly, Vijender Gupta, today demanded that the AAP government presented a ""white paper"" on the status of school education in the national capital, saying that its data pointed towards various shortcomings in it.",mean,58.428627014160156
target,19,"education

New Delhi, Nov 28 (PTI) The Leader of Opposition in the Delhi Assembly, Vijender Gupta, today demanded that the AAP government presented a ""white paper"" on the status of school education in the national capital, saying that its data pointed towards various shortcomings in it.",max,98.92550659179688
target,19,"education

New Delhi, Nov 28 (PTI) The Leader of Opposition in the Delhi Assembly, Vijender Gupta, today demanded that the AAP government presented a ""white paper"" on the status of school education in the national capital, saying that its data pointed towards various shortcomings in it.",last,66.18437957763672
target,20,"In each institution with the help of the Skill Development Ministry, we will provide an environment such that after college a youth will secure a job, or some assurance for his own Start-Up.",mean,42.31595230102539
target,20,"In each institution with the help of the Skill Development Ministry, we will provide an environment such that after college a youth will secure a job, or some assurance for his own Start-Up.",max,81.76194763183594
target,20,"In each institution with the help of the Skill Development Ministry, we will provide an environment such that after college a youth will secure a job, or some assurance for his own Start-Up.",last,81.76194763183594
target,21,The plea had alleged that the Tamil Nadu ministers were bargaining with the central government for presidential assent for their proposed ordinance to exempt the Tamil Nadu students from NEET as a “quid pro quo for supporting the NDA candidates for the Presidential and Vice Presidential polls.,mean,62.19405746459961
target,21,The plea had alleged that the Tamil Nadu ministers were bargaining with the central government for presidential assent for their proposed ordinance to exempt the Tamil Nadu students from NEET as a “quid pro quo for supporting the NDA candidates for the Presidential and Vice Presidential polls.,max,96.03401184082031
target,21,The plea had alleged that the Tamil Nadu ministers were bargaining with the central government for presidential assent for their proposed ordinance to exempt the Tamil Nadu students from NEET as a “quid pro quo for supporting the NDA candidates for the Presidential and Vice Presidential polls.,last,88.59217834472656
target,22,"Read: Aadhaar payment: Forget debit and credit cards, now pay bills with your thumb

First Published: Mar 08, 2017 21:41 IST",mean,42.463985443115234
target,22,"Read: Aadhaar payment: Forget debit and credit cards, now pay bills with your thumb

First Published: Mar 08, 2017 21:41 IST",max,100.3076171875
target,22,"Read: Aadhaar payment: Forget debit and credit cards, now pay bills with your thumb

First Published: Mar 08, 2017 21:41 IST",last,26.605411529541016
target,23,"(As Karnataka places cooking gas subsidies under the ration card programme, unlike many other states, we had a bigger net.)",mean,66.6960220336914
target,23,"(As Karnataka places cooking gas subsidies under the ration card programme, unlike many other states, we had a bigger net.)",max,100.65606689453125
target,23,"(As Karnataka places cooking gas subsidies under the ration card programme, unlike many other states, we had a bigger net.)",last,82.44252014160156
target,24,"Advertising

Kejriwal also noted that there are a lot of good individuals in the bureaucracy, but despite that, governance has not improved.",mean,63.2386360168457
target,24,"Advertising

Kejriwal also noted that there are a lot of good individuals in the bureaucracy, but despite that, governance has not improved.",max,102.87647247314453
target,24,"Advertising

Kejriwal also noted that there are a lot of good individuals in the bureaucracy, but despite that, governance has not improved.",last,88.23880004882812
target,25,A committee headed by Revenue Secretary Hasmukh Adhia met exporters on Tuesday to look into the worries of the sector and assured faster relief.,mean,48.938594818115234
target,25,A committee headed by Revenue Secretary Hasmukh Adhia met exporters on Tuesday to look into the worries of the sector and assured faster relief.,max,87.5233383178711
target,25,A committee headed by Revenue Secretary Hasmukh Adhia met exporters on Tuesday to look into the worries of the sector and assured faster relief.,last,87.5233383178711
target,26,"However, the CBI's idea to give a break in National Insurance contributions of newly hired youngsters is a welcome start.",mean,45.19838333129883
target,26,"However, the CBI's idea to give a break in National Insurance contributions of newly hired youngsters is a welcome start.",max,91.08700561523438
target,26,"However, the CBI's idea to give a break in National Insurance contributions of newly hired youngsters is a welcome start.",last,76.67062377929688
target,27,The bench passed the order despite counsel for Dr. Sen seeking adjournment of the matter.,mean,50.17066192626953
target,27,The bench passed the order despite counsel for Dr. Sen seeking adjournment of the matter.,max,87.57710266113281
target,27,The bench passed the order despite counsel for Dr. Sen seeking adjournment of the matter.,last,79.98393249511719
target,28,"You have some great actors from the nation in your house, who are willing to give their advice, so why not take it,"" asked Abhishek, who likes to deal with criticism ""positively"".",mean,31.71136474609375
target,28,"You have some great actors from the nation in your house, who are willing to give their advice, so why not take it,"" asked Abhishek, who likes to deal with criticism ""positively"".",max,73.27970886230469
target,28,"You have some great actors from the nation in your house, who are willing to give their advice, so why not take it,"" asked Abhishek, who likes to deal with criticism ""positively"".",last,65.17707061767578
target,29,"Lakhpat is one of the many talukas in Kuchchh district where the Gujarat government has banned mutation, or transfer of ownership, of land.",mean,46.367530822753906
target,29,"Lakhpat is one of the many talukas in Kuchchh district where the Gujarat government has banned mutation, or transfer of ownership, of land.",max,83.4518814086914
target,29,"Lakhpat is one of the many talukas in Kuchchh district where the Gujarat government has banned mutation, or transfer of ownership, of land.",last,79.36964416503906
target,30,New Delhi: The Supreme Court on Tuesday asked the Tamil Nadu government to start counselling for admissions for MBBS and BDS seats in the state based on the NEET merit list and complete the process by 4 September.,mean,60.026634216308594
target,30,New Delhi: The Supreme Court on Tuesday asked the Tamil Nadu government to start counselling for admissions for MBBS and BDS seats in the state based on the NEET merit list and complete the process by 4 September.,max,96.68351745605469
target,30,New Delhi: The Supreme Court on Tuesday asked the Tamil Nadu government to start counselling for admissions for MBBS and BDS seats in the state based on the NEET merit list and complete the process by 4 September.,last,80.24502563476562
target,31,"The three phone conversations that Prime Minister Narendra Modi and Trump had, along with the officials meeting, has shown that the two governments are going to build on this momentum in the years to come, the officials said.",mean,51.64874267578125
target,31,"The three phone conversations that Prime Minister Narendra Modi and Trump had, along with the officials meeting, has shown that the two governments are going to build on this momentum in the years to come, the officials said.",max,83.36556243896484
target,31,"The three phone conversations that Prime Minister Narendra Modi and Trump had, along with the officials meeting, has shown that the two governments are going to build on this momentum in the years to come, the officials said.",last,74.4913330078125
target,32,"While Modi was to attend a string of events at the Dereka ground, DLW guest house and the army campus, almost all major schools in the town were shut owing to the ""VVIP movement"", said an informed source.",mean,58.41215515136719
target,32,"While Modi was to attend a string of events at the Dereka ground, DLW guest house and the army campus, almost all major schools in the town were shut owing to the ""VVIP movement"", said an informed source.",max,89.52099609375
target,32,"While Modi was to attend a string of events at the Dereka ground, DLW guest house and the army campus, almost all major schools in the town were shut owing to the ""VVIP movement"", said an informed source.",last,81.0128402709961
target,33,The Aam Aadmi Party (AAP) came back to power in Delhi in February 2015.,mean,44.40757369995117
target,33,The Aam Aadmi Party (AAP) came back to power in Delhi in February 2015.,max,80.56156921386719
target,33,The Aam Aadmi Party (AAP) came back to power in Delhi in February 2015.,last,80.56156921386719
target,34,"Advertising

He has also filed a complaint at the airport police station against the airline officials for allegedly misbehaving with him.",mean,45.27796173095703
target,34,"Advertising

He has also filed a complaint at the airport police station against the airline officials for allegedly misbehaving with him.",max,80.446044921875
target,34,"Advertising

He has also filed a complaint at the airport police station against the airline officials for allegedly misbehaving with him.",last,79.40072631835938
target,35,"If the Indian establishment, too, honours the ancient Vedic rishis and the modern Sanskrit pandits by discovering and spreading their insights, it would not only help character building in a big way, but also would instill pride in Indians to be the offspring of such great ancestors.",mean,44.84029769897461
target,35,"If the Indian establishment, too, honours the ancient Vedic rishis and the modern Sanskrit pandits by discovering and spreading their insights, it would not only help character building in a big way, but also would instill pride in Indians to be the offspring of such great ancestors.",max,81.01470184326172
target,35,"If the Indian establishment, too, honours the ancient Vedic rishis and the modern Sanskrit pandits by discovering and spreading their insights, it would not only help character building in a big way, but also would instill pride in Indians to be the offspring of such great ancestors.",last,64.66162109375
target,36,Naidu's shifting positions have created confusion in the minds of voters about the TDP's real position.,mean,66.75882720947266
target,36,Naidu's shifting positions have created confusion in the minds of voters about the TDP's real position.,max,89.32920837402344
target,36,Naidu's shifting positions have created confusion in the minds of voters about the TDP's real position.,last,74.67198181152344
target,37,Kerala Blasters had initially taken the lead in the shootout but ATK managed to keep their calm and came out on top.,mean,35.082725524902344
target,37,Kerala Blasters had initially taken the lead in the shootout but ATK managed to keep their calm and came out on top.,max,67.89817810058594
target,37,Kerala Blasters had initially taken the lead in the shootout but ATK managed to keep their calm and came out on top.,last,67.89817810058594
target,38,"[Bihar Polls: 1st phase Live Updates]

""As soon as we came to know about the sting operation, I had a meeting with Chief Minister Nitish Kumar and state party president Bashishtha Narayan Singh.",mean,47.540283203125
target,38,"[Bihar Polls: 1st phase Live Updates]

""As soon as we came to know about the sting operation, I had a meeting with Chief Minister Nitish Kumar and state party president Bashishtha Narayan Singh.",max,84.33763122558594
target,38,"[Bihar Polls: 1st phase Live Updates]

""As soon as we came to know about the sting operation, I had a meeting with Chief Minister Nitish Kumar and state party president Bashishtha Narayan Singh.",last,77.17678833007812
target,39,"Ashok Vajpeyi, former chairman of Lalit Kala Academy, strongly condemned the attack, saying, ""This is a violation of an artist's freedom of expression.",mean,54.87685012817383
target,39,"Ashok Vajpeyi, former chairman of Lalit Kala Academy, strongly condemned the attack, saying, ""This is a violation of an artist's freedom of expression.",max,96.09388732910156
target,39,"Ashok Vajpeyi, former chairman of Lalit Kala Academy, strongly condemned the attack, saying, ""This is a violation of an artist's freedom of expression.",last,80.54299926757812
target,40,"Can you ever forget Hindu civilisations' contribution to the world ""zero"", or the preservation of sanskrit language or invention of wireless communication by our scientists, but credit for which went to European scientists.",mean,40.933860778808594
target,40,"Can you ever forget Hindu civilisations' contribution to the world ""zero"", or the preservation of sanskrit language or invention of wireless communication by our scientists, but credit for which went to European scientists.",max,65.86360931396484
target,40,"Can you ever forget Hindu civilisations' contribution to the world ""zero"", or the preservation of sanskrit language or invention of wireless communication by our scientists, but credit for which went to European scientists.",last,64.42277526855469
target,41,"'Make in India' is one of the flagship programmes of the Government of India which is aimed at transforming the Indian economy towards making it a ""global manufacturing hub"", India's Consul General in Chicago Neeta Bhushan said in her address to a business community from the mid-west region recently, a media release said yesterday.",mean,43.4122314453125
target,41,"'Make in India' is one of the flagship programmes of the Government of India which is aimed at transforming the Indian economy towards making it a ""global manufacturing hub"", India's Consul General in Chicago Neeta Bhushan said in her address to a business community from the mid-west region recently, a media release said yesterday.",max,79.8556900024414
target,41,"'Make in India' is one of the flagship programmes of the Government of India which is aimed at transforming the Indian economy towards making it a ""global manufacturing hub"", India's Consul General in Chicago Neeta Bhushan said in her address to a business community from the mid-west region recently, a media release said yesterday.",last,61.12407684326172
target,42,"Finance Minister Arun Jaitley said that it would take two to three weeks to re-calibrate the machines, according to the Financial Times.",mean,53.988250732421875
target,42,"Finance Minister Arun Jaitley said that it would take two to three weeks to re-calibrate the machines, according to the Financial Times.",max,94.92450714111328
target,42,"Finance Minister Arun Jaitley said that it would take two to three weeks to re-calibrate the machines, according to the Financial Times.",last,53.772666931152344
target,43,"If the government brings this law, we will not follow it.”

The rules also said that the committee will retain every declaration for six months and also take an undertaking that the animals are bought for agriculture purposes and not for slaughter and also keep a record of name and address of the purchaser.",mean,48.53865051269531
target,43,"If the government brings this law, we will not follow it.”

The rules also said that the committee will retain every declaration for six months and also take an undertaking that the animals are bought for agriculture purposes and not for slaughter and also keep a record of name and address of the purchaser.",max,82.48408508300781
target,43,"If the government brings this law, we will not follow it.”

The rules also said that the committee will retain every declaration for six months and also take an undertaking that the animals are bought for agriculture purposes and not for slaughter and also keep a record of name and address of the purchaser.",last,82.48408508300781
target,44,"Finances:

NTA will be given a one-time grant of Rs.25 crore from the Government of India to start its operation in the first year.",mean,36.778297424316406
target,44,"Finances:

NTA will be given a one-time grant of Rs.25 crore from the Government of India to start its operation in the first year.",max,90.24356842041016
target,44,"Finances:

NTA will be given a one-time grant of Rs.25 crore from the Government of India to start its operation in the first year.",last,56.79841232299805
target,45,"Calangute (Goa): HRD Minister Smriti Irani finds hidden camera at garment store’s trial room - 4 persons arrested April 3, 2015

The Minister along with her businessman husband Zubin Irani are on a private visit to Goa.",mean,46.64875411987305
target,45,"Calangute (Goa): HRD Minister Smriti Irani finds hidden camera at garment store’s trial room - 4 persons arrested April 3, 2015

The Minister along with her businessman husband Zubin Irani are on a private visit to Goa.",max,91.67729187011719
target,45,"Calangute (Goa): HRD Minister Smriti Irani finds hidden camera at garment store’s trial room - 4 persons arrested April 3, 2015

The Minister along with her businessman husband Zubin Irani are on a private visit to Goa.",last,76.3096923828125
target,46,Paytm already has close to 135 million wallets.,mean,47.34324264526367
target,46,Paytm already has close to 135 million wallets.,max,79.69731903076172
target,46,Paytm already has close to 135 million wallets.,last,79.69731903076172
target,47,"It asked the government to review the deemed university status of various institutions.The court adjudicated a bunch of petitions on the validity of correspondence courses of four deemed universities — JRN Rajasthan Vidyapeeth, Institute of Advanced Studies in Education in Rajasthan, Allahabad Agricultural Institute and Vinayaka Mission’s Research Foundation in Tamil Nadu — which have been providing engineering education through correspondence since 2001 despite AICTE disapproval.The apex court restrained all deemed universities from offering correspondence courses without the approval of the AICTE and directed a CBI probe against officials who permitted the universities to run the programmes from 2001.The court passed the order after UGC’s counsel and ASG Maninder Singh and AICTE advocate Anil Soni informed the court that distance learning courses in engineering were not permitted.Holding the degree issued by universities invalid, the court, however, opened a small window for students who took admission between 2001 and 2005 to revive their degree by undergoing a fresh examination by AICTE.",mean,53.29005432128906
target,47,"It asked the government to review the deemed university status of various institutions.The court adjudicated a bunch of petitions on the validity of correspondence courses of four deemed universities — JRN Rajasthan Vidyapeeth, Institute of Advanced Studies in Education in Rajasthan, Allahabad Agricultural Institute and Vinayaka Mission’s Research Foundation in Tamil Nadu — which have been providing engineering education through correspondence since 2001 despite AICTE disapproval.The apex court restrained all deemed universities from offering correspondence courses without the approval of the AICTE and directed a CBI probe against officials who permitted the universities to run the programmes from 2001.The court passed the order after UGC’s counsel and ASG Maninder Singh and AICTE advocate Anil Soni informed the court that distance learning courses in engineering were not permitted.Holding the degree issued by universities invalid, the court, however, opened a small window for students who took admission between 2001 and 2005 to revive their degree by undergoing a fresh examination by AICTE.",max,91.28644561767578
target,47,"It asked the government to review the deemed university status of various institutions.The court adjudicated a bunch of petitions on the validity of correspondence courses of four deemed universities — JRN Rajasthan Vidyapeeth, Institute of Advanced Studies in Education in Rajasthan, Allahabad Agricultural Institute and Vinayaka Mission’s Research Foundation in Tamil Nadu — which have been providing engineering education through correspondence since 2001 despite AICTE disapproval.The apex court restrained all deemed universities from offering correspondence courses without the approval of the AICTE and directed a CBI probe against officials who permitted the universities to run the programmes from 2001.The court passed the order after UGC’s counsel and ASG Maninder Singh and AICTE advocate Anil Soni informed the court that distance learning courses in engineering were not permitted.Holding the degree issued by universities invalid, the court, however, opened a small window for students who took admission between 2001 and 2005 to revive their degree by undergoing a fresh examination by AICTE.",last,69.48529052734375
target,48,"Catch News

Singh who belonged to Harda area and was living with his family in Baitul, was suffering from critical health condition to which he succumbed on 20 September.",mean,45.034759521484375
target,48,"Catch News

Singh who belonged to Harda area and was living with his family in Baitul, was suffering from critical health condition to which he succumbed on 20 September.",max,76.79618835449219
target,48,"Catch News

Singh who belonged to Harda area and was living with his family in Baitul, was suffering from critical health condition to which he succumbed on 20 September.",last,69.19509887695312
target,49,"The Lok Sabha results reflect that Shah managed to break traditional caste barriers and attract all sections of voters, including other backward classes (OBCs), Dalits and some sections of Yadavs too.",mean,59.08250045776367
target,49,"The Lok Sabha results reflect that Shah managed to break traditional caste barriers and attract all sections of voters, including other backward classes (OBCs), Dalits and some sections of Yadavs too.",max,93.51466369628906
target,49,"The Lok Sabha results reflect that Shah managed to break traditional caste barriers and attract all sections of voters, including other backward classes (OBCs), Dalits and some sections of Yadavs too.",last,93.44178771972656
target,50,"Consumers need to take them on,” Kamath prodded.He claimed that in surveys conducted by the organization at least 60% of women respondents had used such creams and 16% even admitted that it had reacted badly on their skin.Kamath suggested that there should be a regulatory agency to control and restrict such misleading advertisements.Referring to another beauty product shampoos, Kamath said that the product does nothing but clean one’s hair and scalp.",mean,50.79420852661133
target,50,"Consumers need to take them on,” Kamath prodded.He claimed that in surveys conducted by the organization at least 60% of women respondents had used such creams and 16% even admitted that it had reacted badly on their skin.Kamath suggested that there should be a regulatory agency to control and restrict such misleading advertisements.Referring to another beauty product shampoos, Kamath said that the product does nothing but clean one’s hair and scalp.",max,95.59413146972656
target,50,"Consumers need to take them on,” Kamath prodded.He claimed that in surveys conducted by the organization at least 60% of women respondents had used such creams and 16% even admitted that it had reacted badly on their skin.Kamath suggested that there should be a regulatory agency to control and restrict such misleading advertisements.Referring to another beauty product shampoos, Kamath said that the product does nothing but clean one’s hair and scalp.",last,71.69395446777344
target,51,Karnataka Tourism Minister Roshan Baig says Bijapur's monuments are being considered in a plan the Government is drawing up to promote tourism in the state.,mean,49.16995620727539
target,51,Karnataka Tourism Minister Roshan Baig says Bijapur's monuments are being considered in a plan the Government is drawing up to promote tourism in the state.,max,92.00919342041016
target,51,Karnataka Tourism Minister Roshan Baig says Bijapur's monuments are being considered in a plan the Government is drawing up to promote tourism in the state.,last,70.63409423828125
target,52,"""I had demanded an inquiry against Pachauri in a letter I wrote to Petroleum Minister Murli Deora some time back,"" he confirmed.",mean,49.84585952758789
target,52,"""I had demanded an inquiry against Pachauri in a letter I wrote to Petroleum Minister Murli Deora some time back,"" he confirmed.",max,88.3547592163086
target,52,"""I had demanded an inquiry against Pachauri in a letter I wrote to Petroleum Minister Murli Deora some time back,"" he confirmed.",last,78.7223129272461
target,53,Now Kejriwal is Chief Minister and the lady is now the head of a powerful Statutory Body in Delhi.,mean,59.22939682006836
target,53,Now Kejriwal is Chief Minister and the lady is now the head of a powerful Statutory Body in Delhi.,max,90.8701171875
target,53,Now Kejriwal is Chief Minister and the lady is now the head of a powerful Statutory Body in Delhi.,last,82.57791900634766
target,54,"In 2007 Sinha had also complained to Sebi against DLF which related to the company’s dealings with other companies which were alleged to be closely related to the real estate major.After serving a show cause notice (SCN), giving DLF and its directors to examine relevant documents based on which the SCN was served, Sebi also gave them a chance for personal representation.",mean,60.91181945800781
target,54,"In 2007 Sinha had also complained to Sebi against DLF which related to the company’s dealings with other companies which were alleged to be closely related to the real estate major.After serving a show cause notice (SCN), giving DLF and its directors to examine relevant documents based on which the SCN was served, Sebi also gave them a chance for personal representation.",max,92.03236389160156
target,54,"In 2007 Sinha had also complained to Sebi against DLF which related to the company’s dealings with other companies which were alleged to be closely related to the real estate major.After serving a show cause notice (SCN), giving DLF and its directors to examine relevant documents based on which the SCN was served, Sebi also gave them a chance for personal representation.",last,77.49981689453125
target,55,"According to reports, Delhi BJP leader Sunil Yadav said on Tuesday that he would distribute two kilogram onions each to the women who tie the Rakhi on his wrist and added that he would be visiting the JJ camp on Tughlak Lane, located behind the official residence of Rahul Gandhi and Race Course Road jhuggi camp near the PM residence at 11 am.",mean,49.37412643432617
target,55,"According to reports, Delhi BJP leader Sunil Yadav said on Tuesday that he would distribute two kilogram onions each to the women who tie the Rakhi on his wrist and added that he would be visiting the JJ camp on Tughlak Lane, located behind the official residence of Rahul Gandhi and Race Course Road jhuggi camp near the PM residence at 11 am.",max,93.01449584960938
target,55,"According to reports, Delhi BJP leader Sunil Yadav said on Tuesday that he would distribute two kilogram onions each to the women who tie the Rakhi on his wrist and added that he would be visiting the JJ camp on Tughlak Lane, located behind the official residence of Rahul Gandhi and Race Course Road jhuggi camp near the PM residence at 11 am.",last,70.90425109863281
target,56,"Through this app, user can determine GST rate for a good or a service by entering the name or chapter heading of the commodity or service.",mean,30.557086944580078
target,56,"Through this app, user can determine GST rate for a good or a service by entering the name or chapter heading of the commodity or service.",max,53.41807174682617
target,56,"Through this app, user can determine GST rate for a good or a service by entering the name or chapter heading of the commodity or service.",last,51.90187454223633
target,57,"Investigations have revealed that Kumar’s Mumbai-based aide would ask for call details of personalities, which the he procured and duly handed over during personal meetings at posh hotels of Delhi.",mean,52.14175796508789
target,57,"Investigations have revealed that Kumar’s Mumbai-based aide would ask for call details of personalities, which the he procured and duly handed over during personal meetings at posh hotels of Delhi.",max,85.44216918945312
target,57,"Investigations have revealed that Kumar’s Mumbai-based aide would ask for call details of personalities, which the he procured and duly handed over during personal meetings at posh hotels of Delhi.",last,85.44216918945312
target,58,​In another incident recently a hotel in Jaipur was sealed within hours by the JMC (Jaipur Municipal Corporation) and its manager and staffer were detained after a cow vigilante Sadhvi Kamal led protests outside the hotel on suspicion of beef being cooked and meat leftovers being dumped outside.,mean,48.2762565612793
target,58,​In another incident recently a hotel in Jaipur was sealed within hours by the JMC (Jaipur Municipal Corporation) and its manager and staffer were detained after a cow vigilante Sadhvi Kamal led protests outside the hotel on suspicion of beef being cooked and meat leftovers being dumped outside.,max,84.07237243652344
target,58,​In another incident recently a hotel in Jaipur was sealed within hours by the JMC (Jaipur Municipal Corporation) and its manager and staffer were detained after a cow vigilante Sadhvi Kamal led protests outside the hotel on suspicion of beef being cooked and meat leftovers being dumped outside.,last,83.72138977050781
target,59,"The likes of Manish Sisodia, who worked with Zee News as a producer, and Shazia Ilmi, who was one of the lead anchors at Star News for several years, help Team Anna get an insider's perspective on how TV channels run and how to stay on top of the news cycle.",mean,59.0438346862793
target,59,"The likes of Manish Sisodia, who worked with Zee News as a producer, and Shazia Ilmi, who was one of the lead anchors at Star News for several years, help Team Anna get an insider's perspective on how TV channels run and how to stay on top of the news cycle.",max,95.9879150390625
target,59,"The likes of Manish Sisodia, who worked with Zee News as a producer, and Shazia Ilmi, who was one of the lead anchors at Star News for several years, help Team Anna get an insider's perspective on how TV channels run and how to stay on top of the news cycle.",last,84.30990600585938
target,60,Before Starting Services by Private operators in the year 1994 BSNL (then DOT) was the backbone of the country’s telecom network with 100% market share along with MTNL.,mean,40.58082580566406
target,60,Before Starting Services by Private operators in the year 1994 BSNL (then DOT) was the backbone of the country’s telecom network with 100% market share along with MTNL.,max,68.60526275634766
target,60,Before Starting Services by Private operators in the year 1994 BSNL (then DOT) was the backbone of the country’s telecom network with 100% market share along with MTNL.,last,68.60526275634766
target,61,"The Congress vice president, who was supposed to come back today from his ""leave of absence,"" will now do so on Wednesday, sources have told NDTV.",mean,59.42094802856445
target,61,"The Congress vice president, who was supposed to come back today from his ""leave of absence,"" will now do so on Wednesday, sources have told NDTV.",max,81.5221176147461
target,61,"The Congress vice president, who was supposed to come back today from his ""leave of absence,"" will now do so on Wednesday, sources have told NDTV.",last,75.91132354736328
target,62,"He commanded the Southern Command at Pune, whose orientation is in the desert areas, before assuming the appointment of VCOAS under Gen Singh.",mean,46.78351593017578
target,62,"He commanded the Southern Command at Pune, whose orientation is in the desert areas, before assuming the appointment of VCOAS under Gen Singh.",max,78.8531494140625
target,62,"He commanded the Southern Command at Pune, whose orientation is in the desert areas, before assuming the appointment of VCOAS under Gen Singh.",last,62.22791290283203
target,63,Firstpost is now on WhatsApp.,mean,30.06155014038086
target,63,Firstpost is now on WhatsApp.,max,57.82415771484375
target,63,Firstpost is now on WhatsApp.,last,23.270263671875
target,64,Firstpost is now on WhatsApp.,mean,30.06155014038086
target,64,Firstpost is now on WhatsApp.,max,57.82415771484375
target,64,Firstpost is now on WhatsApp.,last,23.270263671875
target,65,"""During the polls, the Prime Minister had attacked the then government (led by Manmohan Singh) for the rupee downfall, but now that he is in power for the past 15 months, the currency downfall continues,"" AAP leader Ashutosh said.He added that Mr Modi had promised several reforms to boost the economy, but that has not been able to make any impact on the economy.",mean,61.954715728759766
target,65,"""During the polls, the Prime Minister had attacked the then government (led by Manmohan Singh) for the rupee downfall, but now that he is in power for the past 15 months, the currency downfall continues,"" AAP leader Ashutosh said.He added that Mr Modi had promised several reforms to boost the economy, but that has not been able to make any impact on the economy.",max,99.40662384033203
target,65,"""During the polls, the Prime Minister had attacked the then government (led by Manmohan Singh) for the rupee downfall, but now that he is in power for the past 15 months, the currency downfall continues,"" AAP leader Ashutosh said.He added that Mr Modi had promised several reforms to boost the economy, but that has not been able to make any impact on the economy.",last,75.88165283203125
target,66,Vikas Barala and Ashish are in judicial custody and their bail applications have been rejected by the court.,mean,44.2095947265625
target,66,Vikas Barala and Ashish are in judicial custody and their bail applications have been rejected by the court.,max,77.68708801269531
target,66,Vikas Barala and Ashish are in judicial custody and their bail applications have been rejected by the court.,last,74.357177734375
target,67,"""PM's speech yesterday with regard to all sections including market players contributing to the national exchequer has been misinterpreted in some parts of media,"" Arun Jaitley said.",mean,55.41482162475586
target,67,"""PM's speech yesterday with regard to all sections including market players contributing to the national exchequer has been misinterpreted in some parts of media,"" Arun Jaitley said.",max,89.18904113769531
target,67,"""PM's speech yesterday with regard to all sections including market players contributing to the national exchequer has been misinterpreted in some parts of media,"" Arun Jaitley said.",last,75.81490325927734
target,68,"“Had Rahul Gandhi been effective, he would have talked about the country at large.",mean,60.3113899230957
target,68,"“Had Rahul Gandhi been effective, he would have talked about the country at large.",max,102.00936889648438
target,68,"“Had Rahul Gandhi been effective, he would have talked about the country at large.",last,81.74736022949219
target,69,Lignite based Thermal power plant has been established at Giral in Barmer district.,mean,17.01694107055664
target,69,Lignite based Thermal power plant has been established at Giral in Barmer district.,max,53.01460266113281
target,69,Lignite based Thermal power plant has been established at Giral in Barmer district.,last,53.01460266113281
target,70,"Casting agent: Vijay Rawal

After a conversation over the phone, Vijay Rawal agreed to meet around 3 pm at Bhaidas Hall, Vile Parle.",mean,29.102489471435547
target,70,"Casting agent: Vijay Rawal

After a conversation over the phone, Vijay Rawal agreed to meet around 3 pm at Bhaidas Hall, Vile Parle.",max,72.38111114501953
target,70,"Casting agent: Vijay Rawal

After a conversation over the phone, Vijay Rawal agreed to meet around 3 pm at Bhaidas Hall, Vile Parle.",last,58.118194580078125
target,71,"P Vaidyanathan Iyer: In the last one year, the economy has been struggling to cross the 7-8 per cent growth mark.",mean,50.340057373046875
target,71,"P Vaidyanathan Iyer: In the last one year, the economy has been struggling to cross the 7-8 per cent growth mark.",max,101.24992370605469
target,71,"P Vaidyanathan Iyer: In the last one year, the economy has been struggling to cross the 7-8 per cent growth mark.",last,88.03092956542969
target,72,"Reacting to the deteriorating and order situation in Uttar Pradesh, (BJP) leader Subramanian Swamy on Monday said that Article 256 empowers the government to give directions to a state government, and that even President's rule can be imposed on Uttar Pradesh, if they refused to follow those directions.",mean,54.328800201416016
target,72,"Reacting to the deteriorating and order situation in Uttar Pradesh, (BJP) leader Subramanian Swamy on Monday said that Article 256 empowers the government to give directions to a state government, and that even President's rule can be imposed on Uttar Pradesh, if they refused to follow those directions.",max,93.8127212524414
target,72,"Reacting to the deteriorating and order situation in Uttar Pradesh, (BJP) leader Subramanian Swamy on Monday said that Article 256 empowers the government to give directions to a state government, and that even President's rule can be imposed on Uttar Pradesh, if they refused to follow those directions.",last,79.11591339111328
target,73,"""Exactly two years ago, the Congress necked out MPs of Seemandhra region from Parliament and committed a grave

mistake by splitting the state.",mean,47.17756652832031
target,73,"""Exactly two years ago, the Congress necked out MPs of Seemandhra region from Parliament and committed a grave

mistake by splitting the state.",max,87.98822021484375
target,73,"""Exactly two years ago, the Congress necked out MPs of Seemandhra region from Parliament and committed a grave

mistake by splitting the state.",last,78.17810821533203
target,74,"Today, Terra Greens has 4,000 farmers from Maharashtra, Rajasthan, Tamil Nadu, Karnataka and Telengana working for them and the products are distributed through distributors in 600 major stores in India.",mean,40.63494110107422
target,74,"Today, Terra Greens has 4,000 farmers from Maharashtra, Rajasthan, Tamil Nadu, Karnataka and Telengana working for them and the products are distributed through distributors in 600 major stores in India.",max,84.51409149169922
target,74,"Today, Terra Greens has 4,000 farmers from Maharashtra, Rajasthan, Tamil Nadu, Karnataka and Telengana working for them and the products are distributed through distributors in 600 major stores in India.",last,71.17822265625
target,75,"Mewat and Shekhawati

The two regions of Mewat and Shekhawati, while geographically adjacent, have not much in common when it comes to Muslim population.",mean,32.186729431152344
target,75,"Mewat and Shekhawati

The two regions of Mewat and Shekhawati, while geographically adjacent, have not much in common when it comes to Muslim population.",max,63.72246170043945
target,75,"Mewat and Shekhawati

The two regions of Mewat and Shekhawati, while geographically adjacent, have not much in common when it comes to Muslim population.",last,63.72246170043945
target,76,"Accompanied by Army chief General Bikram Singh, Jaitley arrived in Srinagar on his maiden visit since assuming charge as defence minister last month and will be meeting Governor N N Vohra and Chief Minister Omar Abdullah.",mean,38.29584503173828
target,76,"Accompanied by Army chief General Bikram Singh, Jaitley arrived in Srinagar on his maiden visit since assuming charge as defence minister last month and will be meeting Governor N N Vohra and Chief Minister Omar Abdullah.",max,85.76531982421875
target,76,"Accompanied by Army chief General Bikram Singh, Jaitley arrived in Srinagar on his maiden visit since assuming charge as defence minister last month and will be meeting Governor N N Vohra and Chief Minister Omar Abdullah.",last,71.94474792480469
target,77,- Gupta I love to sing and my inspiration was Matt.,mean,27.740262985229492
target,77,- Gupta I love to sing and my inspiration was Matt.,max,51.43728256225586
target,77,- Gupta I love to sing and my inspiration was Matt.,last,27.4294490814209
target,78,The government will have to spend around Rs 148 crore to issue these Aadhar cards for cows.,mean,44.10172653198242
target,78,The government will have to spend around Rs 148 crore to issue these Aadhar cards for cows.,max,89.81845092773438
target,78,The government will have to spend around Rs 148 crore to issue these Aadhar cards for cows.,last,89.81845092773438
target,79,"Apart from the celebrated personalities, there are a number of professional doctors who have predicted the four long years of Donald Trump as the president.",mean,32.58341979980469
target,79,"Apart from the celebrated personalities, there are a number of professional doctors who have predicted the four long years of Donald Trump as the president.",max,68.27323913574219
target,79,"Apart from the celebrated personalities, there are a number of professional doctors who have predicted the four long years of Donald Trump as the president.",last,26.174463272094727
target,80,Minister said that Pakistan has abundant IT talent and IT parks would be a good way of leveraging that talent to boost Pakistan’s IT exports which have already grown over 40% since last year.,mean,27.772436141967773
target,80,Minister said that Pakistan has abundant IT talent and IT parks would be a good way of leveraging that talent to boost Pakistan’s IT exports which have already grown over 40% since last year.,max,47.66965103149414
target,80,Minister said that Pakistan has abundant IT talent and IT parks would be a good way of leveraging that talent to boost Pakistan’s IT exports which have already grown over 40% since last year.,last,16.354019165039062
target,81,Police sources said the previous government led by Omar Abdullah had once decided to release Masarat and a senior police officer was sent to speak to him.,mean,43.180850982666016
target,81,Police sources said the previous government led by Omar Abdullah had once decided to release Masarat and a senior police officer was sent to speak to him.,max,74.70005798339844
target,81,Police sources said the previous government led by Omar Abdullah had once decided to release Masarat and a senior police officer was sent to speak to him.,last,61.86660385131836
target,82,People like #RajShetye makes one feel ashamed of being a part of such a society!,mean,43.40684127807617
target,82,People like #RajShetye makes one feel ashamed of being a part of such a society!,max,88.47681427001953
target,82,People like #RajShetye makes one feel ashamed of being a part of such a society!,last,67.58208465576172
target,83,"Many quacks he has come across were originally compounders or paramedics who have worked in Maharashtra and Karnataka, who after a few years' 'experience', moved to Goa to open their own 'clinics'.A senior surgeon, who recently spoke at a medical conference, also hinted at a 'nexus' between top corporate hospitals and quacks in Goa.",mean,53.78281784057617
target,83,"Many quacks he has come across were originally compounders or paramedics who have worked in Maharashtra and Karnataka, who after a few years' 'experience', moved to Goa to open their own 'clinics'.A senior surgeon, who recently spoke at a medical conference, also hinted at a 'nexus' between top corporate hospitals and quacks in Goa.",max,95.96659088134766
target,83,"Many quacks he has come across were originally compounders or paramedics who have worked in Maharashtra and Karnataka, who after a few years' 'experience', moved to Goa to open their own 'clinics'.A senior surgeon, who recently spoke at a medical conference, also hinted at a 'nexus' between top corporate hospitals and quacks in Goa.",last,76.33366394042969
target,84,"Get all the latest updates on Lok Sabha elections throughout the day:

Advertising

9.20 pm Senior leader and BJP’s Lok Sabha candidate from Jhansi, Uma Bharti, on Friday denied reports that she had written to party president Rajnath Singh and asked for a ticket from Bhopal.",mean,48.034156799316406
target,84,"Get all the latest updates on Lok Sabha elections throughout the day:

Advertising

9.20 pm Senior leader and BJP’s Lok Sabha candidate from Jhansi, Uma Bharti, on Friday denied reports that she had written to party president Rajnath Singh and asked for a ticket from Bhopal.",max,90.65170288085938
target,84,"Get all the latest updates on Lok Sabha elections throughout the day:

Advertising

9.20 pm Senior leader and BJP’s Lok Sabha candidate from Jhansi, Uma Bharti, on Friday denied reports that she had written to party president Rajnath Singh and asked for a ticket from Bhopal.",last,74.0220718383789
target,85,"According to the special prosecutor, Pious Mathew, this was the first time in the state that such a harsh punishment has been awarded to an accused under the POCSO Act.Pious Mathew said the 35-year-old pastor had raped the girl, who was studying in seventh standard, at his presbytery (official residence) during the summer vacation in April 2014.The victim had gone to the pastor's residence to hand over the herbal medicine for treating his child.``The girl and her siblings were with the child of the convict, when he with evil motive to distract other children switched on TV and allowed them to watch shows.",mean,48.32441329956055
target,85,"According to the special prosecutor, Pious Mathew, this was the first time in the state that such a harsh punishment has been awarded to an accused under the POCSO Act.Pious Mathew said the 35-year-old pastor had raped the girl, who was studying in seventh standard, at his presbytery (official residence) during the summer vacation in April 2014.The victim had gone to the pastor's residence to hand over the herbal medicine for treating his child.``The girl and her siblings were with the child of the convict, when he with evil motive to distract other children switched on TV and allowed them to watch shows.",max,82.50831604003906
target,85,"According to the special prosecutor, Pious Mathew, this was the first time in the state that such a harsh punishment has been awarded to an accused under the POCSO Act.Pious Mathew said the 35-year-old pastor had raped the girl, who was studying in seventh standard, at his presbytery (official residence) during the summer vacation in April 2014.The victim had gone to the pastor's residence to hand over the herbal medicine for treating his child.``The girl and her siblings were with the child of the convict, when he with evil motive to distract other children switched on TV and allowed them to watch shows.",last,53.50148010253906
target,86,"This should be coupled with a thorough analysis of portfolio allocation of the fund, to arrive at a conclusion of the performance of the fund,"" Dutta says in a research report.",mean,32.0228157043457
target,86,"This should be coupled with a thorough analysis of portfolio allocation of the fund, to arrive at a conclusion of the performance of the fund,"" Dutta says in a research report.",max,84.84518432617188
target,86,"This should be coupled with a thorough analysis of portfolio allocation of the fund, to arrive at a conclusion of the performance of the fund,"" Dutta says in a research report.",last,84.84518432617188
target,87,The doubt over India's participation in the Champions Trophy arose after the BCCI missed the April 25 deadline to send its squad for the tournament to the ICC.,mean,35.154640197753906
target,87,The doubt over India's participation in the Champions Trophy arose after the BCCI missed the April 25 deadline to send its squad for the tournament to the ICC.,max,62.96125030517578
target,87,The doubt over India's participation in the Champions Trophy arose after the BCCI missed the April 25 deadline to send its squad for the tournament to the ICC.,last,53.35003662109375
target,88,"9.15 am: Markets recover following RBI steps

The Indian markets recovered today following RBI'ssteps to support the beaten-down bond market.",mean,48.37580108642578
target,88,"9.15 am: Markets recover following RBI steps

The Indian markets recovered today following RBI'ssteps to support the beaten-down bond market.",max,88.14810180664062
target,88,"9.15 am: Markets recover following RBI steps

The Indian markets recovered today following RBI'ssteps to support the beaten-down bond market.",last,84.05429077148438
target,89,"Political pundit and AAP strategist Yogendra Yadav is widely seen as Haryana's chief ministerial candidate and is also tipped to fight the Lok Sabha polls from Gurgaon, adjoining Delhi.",mean,50.20853805541992
target,89,"Political pundit and AAP strategist Yogendra Yadav is widely seen as Haryana's chief ministerial candidate and is also tipped to fight the Lok Sabha polls from Gurgaon, adjoining Delhi.",max,81.65309143066406
target,89,"Political pundit and AAP strategist Yogendra Yadav is widely seen as Haryana's chief ministerial candidate and is also tipped to fight the Lok Sabha polls from Gurgaon, adjoining Delhi.",last,80.39103698730469
target,90,"Watch him taking on Rahul Gandhi, making Narendra Modi laugh

The second FIR (file 198) in the case was registered against 12 people including names like late Ashok Singhal, Advani, Joshi, Vinay Katiyar and Uma Bharti.",mean,47.05474853515625
target,90,"Watch him taking on Rahul Gandhi, making Narendra Modi laugh

The second FIR (file 198) in the case was registered against 12 people including names like late Ashok Singhal, Advani, Joshi, Vinay Katiyar and Uma Bharti.",max,92.31481170654297
target,90,"Watch him taking on Rahul Gandhi, making Narendra Modi laugh

The second FIR (file 198) in the case was registered against 12 people including names like late Ashok Singhal, Advani, Joshi, Vinay Katiyar and Uma Bharti.",last,89.44731903076172
target,91,Bansdih inspector Vashistha Narayan Dubey told TOI over phone that the baraat returned without a bride after collecting their gifts given to the girl and her family members.,mean,43.97107696533203
target,91,Bansdih inspector Vashistha Narayan Dubey told TOI over phone that the baraat returned without a bride after collecting their gifts given to the girl and her family members.,max,83.32510375976562
target,91,Bansdih inspector Vashistha Narayan Dubey told TOI over phone that the baraat returned without a bride after collecting their gifts given to the girl and her family members.,last,71.56166076660156
target,92,"Hardline Hurriyat Conference leader Masarat Alam, who organised the anti-India protests of 2010 in the Valley that saw the death of 112 people, was freed from a Baramulla jail on Saturday evening.",mean,38.226558685302734
target,92,"Hardline Hurriyat Conference leader Masarat Alam, who organised the anti-India protests of 2010 in the Valley that saw the death of 112 people, was freed from a Baramulla jail on Saturday evening.",max,70.18900299072266
target,92,"Hardline Hurriyat Conference leader Masarat Alam, who organised the anti-India protests of 2010 in the Valley that saw the death of 112 people, was freed from a Baramulla jail on Saturday evening.",last,63.81641387939453
target,93,It is also an IT Enabled Service (ITES) provider in the domain of Call Center as well as e-Commerce Portal.,mean,33.76591110229492
target,93,It is also an IT Enabled Service (ITES) provider in the domain of Call Center as well as e-Commerce Portal.,max,57.468414306640625
target,93,It is also an IT Enabled Service (ITES) provider in the domain of Call Center as well as e-Commerce Portal.,last,52.82762908935547
target,94,It is Yadav who is now keeping the AAP flag flying.,mean,43.315345764160156
target,94,It is Yadav who is now keeping the AAP flag flying.,max,76.91830444335938
target,94,It is Yadav who is now keeping the AAP flag flying.,last,76.91830444335938
target,95,"A public interest litigation filed in the Calcutta High Court by a member of the activist organisation Young Bengal mentioned 13 official days for the Pujas, accounting for almost a three-week break including weekends.",mean,55.3554801940918
target,95,"A public interest litigation filed in the Calcutta High Court by a member of the activist organisation Young Bengal mentioned 13 official days for the Pujas, accounting for almost a three-week break including weekends.",max,92.48524475097656
target,95,"A public interest litigation filed in the Calcutta High Court by a member of the activist organisation Young Bengal mentioned 13 official days for the Pujas, accounting for almost a three-week break including weekends.",last,88.09818267822266
target,96,Additional Solicitor General Gopal Subramanium appearing for the Airlines' had contended that the action taken against them was justified.,mean,50.6553840637207
target,96,Additional Solicitor General Gopal Subramanium appearing for the Airlines' had contended that the action taken against them was justified.,max,91.90254211425781
target,96,Additional Solicitor General Gopal Subramanium appearing for the Airlines' had contended that the action taken against them was justified.,last,83.04811096191406
target,97,UP ke andar dekhunga to 22 crore logon ko dekhna hoga.,mean,36.984474182128906
target,97,UP ke andar dekhunga to 22 crore logon ko dekhna hoga.,max,77.29383850097656
target,97,UP ke andar dekhunga to 22 crore logon ko dekhna hoga.,last,77.29383850097656
target,98,Murali Vijay carried on with the momentum of the last game as he shimmed down the track repeatedly and his hoicks repeatedly found the gap.,mean,22.799556732177734
target,98,Murali Vijay carried on with the momentum of the last game as he shimmed down the track repeatedly and his hoicks repeatedly found the gap.,max,51.97812271118164
target,98,Murali Vijay carried on with the momentum of the last game as he shimmed down the track repeatedly and his hoicks repeatedly found the gap.,last,33.3431396484375
target,99,"""But the people of Gujarat have rejected the Congress over and over again, and these elections are not going to be any different,"" he said.Meanwhile, a group of Patidar youth tried to disrupt the speech of BJP President Amit Shah at Anand.",mean,54.11543273925781
target,99,"""But the people of Gujarat have rejected the Congress over and over again, and these elections are not going to be any different,"" he said.Meanwhile, a group of Patidar youth tried to disrupt the speech of BJP President Amit Shah at Anand.",max,89.0914077758789
target,99,"""But the people of Gujarat have rejected the Congress over and over again, and these elections are not going to be any different,"" he said.Meanwhile, a group of Patidar youth tried to disrupt the speech of BJP President Amit Shah at Anand.",last,71.00511169433594
control,0,"He was taken to a local hospital, where he succumbed to his injuries Thursday.",mean,0.7135141491889954
control,0,"He was taken to a local hospital, where he succumbed to his injuries Thursday.",max,12.843254089355469
control,0,"He was taken to a local hospital, where he succumbed to his injuries Thursday.",last,0.0
control,1,The life insurance part was standard; the retirement scheme was pure tontine.,mean,0.47623729705810547
control,1,The life insurance part was standard; the retirement scheme was pure tontine.,max,8.096034049987793
control,1,The life insurance part was standard; the retirement scheme was pure tontine.,last,0.0
control,2,Then meet me at the docks same time tomorrow night!,mean,0.0
control,2,Then meet me at the docks same time tomorrow night!,max,0.0
control,2,Then meet me at the docks same time tomorrow night!,last,0.0
control,3,"Charlotte County Sheriff's Office

A 52-year-old man that bleaches his hair platinum blonde:

One of the strongest anti-drug messages you will ever see.",mean,0.0
control,3,"Charlotte County Sheriff's Office

A 52-year-old man that bleaches his hair platinum blonde:

One of the strongest anti-drug messages you will ever see.",max,0.0
control,3,"Charlotte County Sheriff's Office

A 52-year-old man that bleaches his hair platinum blonde:

One of the strongest anti-drug messages you will ever see.",last,0.0
control,4,"What they – and other conservative reforms – could and should do is make our economy a little stronger, our society a little fairer, and life a little better for America’s moms, and dads, and children.",mean,0.0
control,4,"What they – and other conservative reforms – could and should do is make our economy a little stronger, our society a little fairer, and life a little better for America’s moms, and dads, and children.",max,0.0
control,4,"What they – and other conservative reforms – could and should do is make our economy a little stronger, our society a little fairer, and life a little better for America’s moms, and dads, and children.",last,0.0
control,5,"Reacting to a variety of dust-ups in the news during Trump’s transition, the Cleveland group said they remained distrustful of Russian President Vladimir Putin, but were not convinced that Russia was behind cyber breaches in the United States in an effort to put Trump in the White House.",mean,0.3065388798713684
control,5,"Reacting to a variety of dust-ups in the news during Trump’s transition, the Cleveland group said they remained distrustful of Russian President Vladimir Putin, but were not convinced that Russia was behind cyber breaches in the United States in an effort to put Trump in the White House.",max,17.166175842285156
control,5,"Reacting to a variety of dust-ups in the news during Trump’s transition, the Cleveland group said they remained distrustful of Russian President Vladimir Putin, but were not convinced that Russia was behind cyber breaches in the United States in an effort to put Trump in the White House.",last,0.0
control,6,We hope you enjoy Fraps 3!,mean,0.0
control,6,We hope you enjoy Fraps 3!,max,0.0
control,6,We hope you enjoy Fraps 3!,last,0.0
control,7,"At the neuronal level, studies have shown that difficulties or expertise with numbers are associated with functional and anatomical anomalies of the right parietal lobe, as compared to the normal population [].",mean,0.0
control,7,"At the neuronal level, studies have shown that difficulties or expertise with numbers are associated with functional and anatomical anomalies of the right parietal lobe, as compared to the normal population [].",max,0.0
control,7,"At the neuronal level, studies have shown that difficulties or expertise with numbers are associated with functional and anatomical anomalies of the right parietal lobe, as compared to the normal population [].",last,0.0
control,8,This made Herbenick and her colleagues wonder if Americans were more sexually adventurous than prior surveys had suggested.,mean,0.0
control,8,This made Herbenick and her colleagues wonder if Americans were more sexually adventurous than prior surveys had suggested.,max,0.0
control,8,This made Herbenick and her colleagues wonder if Americans were more sexually adventurous than prior surveys had suggested.,last,0.0
control,9,"""Battletoads.""",mean,0.0
control,9,"""Battletoads.""",max,0.0
control,9,"""Battletoads.""",last,0.0
control,10,"The Apple co founder sold this particular Apple-1 directly from his parents’ garage for $600 way back in the mid-’70s, reports the Guardian.",mean,0.0
control,10,"The Apple co founder sold this particular Apple-1 directly from his parents’ garage for $600 way back in the mid-’70s, reports the Guardian.",max,0.0
control,10,"The Apple co founder sold this particular Apple-1 directly from his parents’ garage for $600 way back in the mid-’70s, reports the Guardian.",last,0.0
control,11,The price of each unit is 1.25 mBTC (0.00125 BTC).,mean,0.8129928708076477
control,11,The price of each unit is 1.25 mBTC (0.00125 BTC).,max,16.259857177734375
control,11,The price of each unit is 1.25 mBTC (0.00125 BTC).,last,0.0
control,12,"The Vicentini’s unflattering tag is thought to have originated from an era in which Vicenza – and the Veneto as a whole – suffered crippling poverty, leading to rumours that the people of Vicenza resorted to eating cats.",mean,0.0
control,12,"The Vicentini’s unflattering tag is thought to have originated from an era in which Vicenza – and the Veneto as a whole – suffered crippling poverty, leading to rumours that the people of Vicenza resorted to eating cats.",max,0.0
control,12,"The Vicentini’s unflattering tag is thought to have originated from an era in which Vicenza – and the Veneto as a whole – suffered crippling poverty, leading to rumours that the people of Vicenza resorted to eating cats.",last,0.0
control,13,"Yes there are characters on TV that suffer from depression, but at the time I was suffering from it, none of them were actively having a conversation about it.",mean,0.0
control,13,"Yes there are characters on TV that suffer from depression, but at the time I was suffering from it, none of them were actively having a conversation about it.",max,0.0
control,13,"Yes there are characters on TV that suffer from depression, but at the time I was suffering from it, none of them were actively having a conversation about it.",last,0.0
control,14,"The president of the French Rugby Federation, Pierre Camou, walked out when he failed to persuade a majority of the other unions that the Heineken Cup should be controlled by Fira, the organisation that represents the smaller unions in Europe.",mean,0.0
control,14,"The president of the French Rugby Federation, Pierre Camou, walked out when he failed to persuade a majority of the other unions that the Heineken Cup should be controlled by Fira, the organisation that represents the smaller unions in Europe.",max,0.0
control,14,"The president of the French Rugby Federation, Pierre Camou, walked out when he failed to persuade a majority of the other unions that the Heineken Cup should be controlled by Fira, the organisation that represents the smaller unions in Europe.",last,0.0
control,15,You can’t be mad at us if we recoil in fear and confusion during sex when face-to-face with an uncut member!,mean,0.0
control,15,You can’t be mad at us if we recoil in fear and confusion during sex when face-to-face with an uncut member!,max,0.0
control,15,You can’t be mad at us if we recoil in fear and confusion during sex when face-to-face with an uncut member!,last,0.0
control,16,"Samoa were probably the most disappointing team on the night; I thought they had a genuine opportunity of upsetting England, but they were poor, made a lot of mistakes and couldn't match England's control.",mean,0.0
control,16,"Samoa were probably the most disappointing team on the night; I thought they had a genuine opportunity of upsetting England, but they were poor, made a lot of mistakes and couldn't match England's control.",max,0.0
control,16,"Samoa were probably the most disappointing team on the night; I thought they had a genuine opportunity of upsetting England, but they were poor, made a lot of mistakes and couldn't match England's control.",last,0.0
control,17,"For other uses, see Melbourne Star (disambiguation) The Melbourne Star (previously Southern Star) is a giant Ferris wheel in the Waterfront City precinct in the Docklands area of Melbourne, the state capital of Victoria, Australia.",mean,0.0
control,17,"For other uses, see Melbourne Star (disambiguation) The Melbourne Star (previously Southern Star) is a giant Ferris wheel in the Waterfront City precinct in the Docklands area of Melbourne, the state capital of Victoria, Australia.",max,0.0
control,17,"For other uses, see Melbourne Star (disambiguation) The Melbourne Star (previously Southern Star) is a giant Ferris wheel in the Waterfront City precinct in the Docklands area of Melbourne, the state capital of Victoria, Australia.",last,0.0
control,18,"Tasked with the responsibility of correcting the precarious drop in both figures is France, NASCAR’s much maligned leader.",mean,1.1040048599243164
control,18,"Tasked with the responsibility of correcting the precarious drop in both figures is France, NASCAR’s much maligned leader.",max,9.0465087890625
control,18,"Tasked with the responsibility of correcting the precarious drop in both figures is France, NASCAR’s much maligned leader.",last,0.0
control,19,"""We need to discuss which hallway we go through.""",mean,0.0
control,19,"""We need to discuss which hallway we go through.""",max,0.0
control,19,"""We need to discuss which hallway we go through.""",last,0.0
control,20,"""Spills are not part of our economic benefits analysis, nor do we in any way say that money spent on spill response would be justification for our project,"" he said.",mean,0.0
control,20,"""Spills are not part of our economic benefits analysis, nor do we in any way say that money spent on spill response would be justification for our project,"" he said.",max,0.0
control,20,"""Spills are not part of our economic benefits analysis, nor do we in any way say that money spent on spill response would be justification for our project,"" he said.",last,0.0
control,21,"Granted, there are a couple of comic book characters that utilize new and interesting technology,

and there are even plenty of super villains that use the power of explosives as their main weapon,

but I think the best place to put Doctor Nitro would be as a smart, capable, and behind the scenes antagonist to S.H.I.E.L.D.",mean,0.0
control,21,"Granted, there are a couple of comic book characters that utilize new and interesting technology,

and there are even plenty of super villains that use the power of explosives as their main weapon,

but I think the best place to put Doctor Nitro would be as a smart, capable, and behind the scenes antagonist to S.H.I.E.L.D.",max,0.0
control,21,"Granted, there are a couple of comic book characters that utilize new and interesting technology,

and there are even plenty of super villains that use the power of explosives as their main weapon,

but I think the best place to put Doctor Nitro would be as a smart, capable, and behind the scenes antagonist to S.H.I.E.L.D.",last,0.0
control,22,"Only one group was being turned back at the border: Palestinians, said Mai Mahmoud, a United Nations worker in Salum.",mean,0.0
control,22,"Only one group was being turned back at the border: Palestinians, said Mai Mahmoud, a United Nations worker in Salum.",max,0.0
control,22,"Only one group was being turned back at the border: Palestinians, said Mai Mahmoud, a United Nations worker in Salum.",last,0.0
control,23,"(I made this mistake already once, and I still feel dumb about it.)",mean,0.0
control,23,"(I made this mistake already once, and I still feel dumb about it.)",max,0.0
control,23,"(I made this mistake already once, and I still feel dumb about it.)",last,0.0
control,24,"Whether they can, if they are found at all, be produced at an economically viable level is quite another question, and one to which answers are mostly kept conveniently opaque.",mean,0.0
control,24,"Whether they can, if they are found at all, be produced at an economically viable level is quite another question, and one to which answers are mostly kept conveniently opaque.",max,0.0
control,24,"Whether they can, if they are found at all, be produced at an economically viable level is quite another question, and one to which answers are mostly kept conveniently opaque.",last,0.0
control,25,"On top of that, it requires more than a cursory glance to really see the benefit of these two very different styles of programming.",mean,0.0
control,25,"On top of that, it requires more than a cursory glance to really see the benefit of these two very different styles of programming.",max,0.0
control,25,"On top of that, it requires more than a cursory glance to really see the benefit of these two very different styles of programming.",last,0.0
control,26,"By Lindsay David , Paul Egan & Philip Soos, cross-posted from the Australia: Boom to Bust Blog

“With more and more Australians finding it difficult to break into home ownership, adopting the Canadian scheme would make a difference to thousands of Australians each year,” Senator Xenaphon said:

“As HomeStart Finance said this week, there’s something strange about being able to access your super fund if you are about to default on your housing loan, but you can’t access it to put a deposit on a home in the first place,” he said.",mean,0.0
control,26,"By Lindsay David , Paul Egan & Philip Soos, cross-posted from the Australia: Boom to Bust Blog

“With more and more Australians finding it difficult to break into home ownership, adopting the Canadian scheme would make a difference to thousands of Australians each year,” Senator Xenaphon said:

“As HomeStart Finance said this week, there’s something strange about being able to access your super fund if you are about to default on your housing loan, but you can’t access it to put a deposit on a home in the first place,” he said.",max,0.0
control,26,"By Lindsay David , Paul Egan & Philip Soos, cross-posted from the Australia: Boom to Bust Blog

“With more and more Australians finding it difficult to break into home ownership, adopting the Canadian scheme would make a difference to thousands of Australians each year,” Senator Xenaphon said:

“As HomeStart Finance said this week, there’s something strange about being able to access your super fund if you are about to default on your housing loan, but you can’t access it to put a deposit on a home in the first place,” he said.",last,0.0
control,27,The memorial and march were organized by All Out Atlanta but drew many other participants.,mean,0.0
control,27,The memorial and march were organized by All Out Atlanta but drew many other participants.,max,0.0
control,27,The memorial and march were organized by All Out Atlanta but drew many other participants.,last,0.0
control,28,20 Cohen T.M.,mean,0.0
control,28,20 Cohen T.M.,max,0.0
control,28,20 Cohen T.M.,last,0.0
control,29,"There were other fires and so on, but now when somebody died it wasn’t so bad.",mean,0.0
control,29,"There were other fires and so on, but now when somebody died it wasn’t so bad.",max,0.0
control,29,"There were other fires and so on, but now when somebody died it wasn’t so bad.",last,0.0
control,30,And it set in motion a transformation that would drastically alter every ecosystem on earth.,mean,0.0
control,30,And it set in motion a transformation that would drastically alter every ecosystem on earth.,max,0.0
control,30,And it set in motion a transformation that would drastically alter every ecosystem on earth.,last,0.0
control,31,Sometimes even less.,mean,0.0
control,31,Sometimes even less.,max,0.0
control,31,Sometimes even less.,last,0.0
control,32,"It has taken a lot of work by the Magic Lantern team to gain access to the camera and to build an understanding of the way it functions, so that they could run their own software alongside the camera firmware and new features could be added.",mean,0.0
control,32,"It has taken a lot of work by the Magic Lantern team to gain access to the camera and to build an understanding of the way it functions, so that they could run their own software alongside the camera firmware and new features could be added.",max,0.0
control,32,"It has taken a lot of work by the Magic Lantern team to gain access to the camera and to build an understanding of the way it functions, so that they could run their own software alongside the camera firmware and new features could be added.",last,0.0
control,33,"Ten billion dollars, less than the one fifth of the increase to the military/defense budget of $54 Billion.",mean,0.47780752182006836
control,33,"Ten billion dollars, less than the one fifth of the increase to the military/defense budget of $54 Billion.",max,11.46738052368164
control,33,"Ten billion dollars, less than the one fifth of the increase to the military/defense budget of $54 Billion.",last,0.0
control,34,"We rate this class medium to high on fun, and low on expense.",mean,0.0
control,34,"We rate this class medium to high on fun, and low on expense.",max,0.0
control,34,"We rate this class medium to high on fun, and low on expense.",last,0.0
control,35,"Chen said people with the “three highs” should pay special attention to their daily diet, exercise regularly and get regular follow-up examinations at a hospital to control their medical conditions.",mean,0.0
control,35,"Chen said people with the “three highs” should pay special attention to their daily diet, exercise regularly and get regular follow-up examinations at a hospital to control their medical conditions.",max,0.0
control,35,"Chen said people with the “three highs” should pay special attention to their daily diet, exercise regularly and get regular follow-up examinations at a hospital to control their medical conditions.",last,0.0
control,36,"“That’s how he wishes to be acknowledged is as a male.”

But the school is insisting that Damian wear the white gown intended for girls at graduation instead of the boys’ black black gown.",mean,0.0
control,36,"“That’s how he wishes to be acknowledged is as a male.”

But the school is insisting that Damian wear the white gown intended for girls at graduation instead of the boys’ black black gown.",max,0.0
control,36,"“That’s how he wishes to be acknowledged is as a male.”

But the school is insisting that Damian wear the white gown intended for girls at graduation instead of the boys’ black black gown.",last,0.0
control,37,"But at higher multiples, more and more value accrues to the equity.",mean,0.0
control,37,"But at higher multiples, more and more value accrues to the equity.",max,0.0
control,37,"But at higher multiples, more and more value accrues to the equity.",last,0.0
control,38,"Note: For PlayStation 4 in Japan, while the patch will be available on the morning of June 27, the Rise of the Necromancer pack and Eternal Collection will not be available until later that evening.",mean,0.0
control,38,"Note: For PlayStation 4 in Japan, while the patch will be available on the morning of June 27, the Rise of the Necromancer pack and Eternal Collection will not be available until later that evening.",max,0.0
control,38,"Note: For PlayStation 4 in Japan, while the patch will be available on the morning of June 27, the Rise of the Necromancer pack and Eternal Collection will not be available until later that evening.",last,0.0
control,39,"At McNeese State, Viator was 77-33 in 10 seasons with 5 FCS playoff appearances and 3 first-round wins.",mean,0.0
control,39,"At McNeese State, Viator was 77-33 in 10 seasons with 5 FCS playoff appearances and 3 first-round wins.",max,0.0
control,39,"At McNeese State, Viator was 77-33 in 10 seasons with 5 FCS playoff appearances and 3 first-round wins.",last,0.0
control,40,"Foto: Expressen The tradesmen are forced to adjust their businesses to new, tougher rules.",mean,0.0
control,40,"Foto: Expressen The tradesmen are forced to adjust their businesses to new, tougher rules.",max,0.0
control,40,"Foto: Expressen The tradesmen are forced to adjust their businesses to new, tougher rules.",last,0.0
control,41,"Calvary might be underestimated and seen by few as an indie film from Ireland but thanks to an Oscar worthy performance from Brendan Gleeson, a fantastic script and grade A direction it is one of the best films of 2014 thus far.",mean,0.0
control,41,"Calvary might be underestimated and seen by few as an indie film from Ireland but thanks to an Oscar worthy performance from Brendan Gleeson, a fantastic script and grade A direction it is one of the best films of 2014 thus far.",max,0.0
control,41,"Calvary might be underestimated and seen by few as an indie film from Ireland but thanks to an Oscar worthy performance from Brendan Gleeson, a fantastic script and grade A direction it is one of the best films of 2014 thus far.",last,0.0
control,42,"Astiz was taken to the UK, and although the French government asked prime minister Margaret Thatcher to hold him until they could charge him with the disappearance of the two French nuns, Astiz was repatriated to Argentina.",mean,0.0
control,42,"Astiz was taken to the UK, and although the French government asked prime minister Margaret Thatcher to hold him until they could charge him with the disappearance of the two French nuns, Astiz was repatriated to Argentina.",max,0.0
control,42,"Astiz was taken to the UK, and although the French government asked prime minister Margaret Thatcher to hold him until they could charge him with the disappearance of the two French nuns, Astiz was repatriated to Argentina.",last,0.0
control,43,"For example, we need not remember everything about an enemy in order to remember that someone is an enemy.",mean,0.0
control,43,"For example, we need not remember everything about an enemy in order to remember that someone is an enemy.",max,0.0
control,43,"For example, we need not remember everything about an enemy in order to remember that someone is an enemy.",last,0.0
control,44,But who needs jobs when you have student debt?,mean,0.0
control,44,But who needs jobs when you have student debt?,max,0.0
control,44,But who needs jobs when you have student debt?,last,0.0
control,45,Bei gleichen Ausbildungskosten sinkt der volkswirtschaftliche Nutzen durch die Frauenförderung massiv.,mean,0.0
control,45,Bei gleichen Ausbildungskosten sinkt der volkswirtschaftliche Nutzen durch die Frauenförderung massiv.,max,0.0
control,45,Bei gleichen Ausbildungskosten sinkt der volkswirtschaftliche Nutzen durch die Frauenförderung massiv.,last,0.0
control,46,"In a court filing this week, Contura said it believed that Alpha will have sufficient liquidity to meet its commitment.",mean,0.3067746162414551
control,46,"In a court filing this week, Contura said it believed that Alpha will have sufficient liquidity to meet its commitment.",max,7.362590312957764
control,46,"In a court filing this week, Contura said it believed that Alpha will have sufficient liquidity to meet its commitment.",last,0.0
control,47,"0 SHARES Facebook Twitter Google Whatsapp Pinterest Print Mail Flipboard

Sen. Bernie Sanders is calling out Hillary Clinton for being concerned about climate change, but refusing to take a stand against Keystone XL.",mean,0.0
control,47,"0 SHARES Facebook Twitter Google Whatsapp Pinterest Print Mail Flipboard

Sen. Bernie Sanders is calling out Hillary Clinton for being concerned about climate change, but refusing to take a stand against Keystone XL.",max,0.0
control,47,"0 SHARES Facebook Twitter Google Whatsapp Pinterest Print Mail Flipboard

Sen. Bernie Sanders is calling out Hillary Clinton for being concerned about climate change, but refusing to take a stand against Keystone XL.",last,0.0
control,48,"Looking around, she manages to spot Nora on a higher rooftop, running along it.",mean,0.0
control,48,"Looking around, she manages to spot Nora on a higher rooftop, running along it.",max,0.0
control,48,"Looking around, she manages to spot Nora on a higher rooftop, running along it.",last,0.0
control,49,"Linked Hybrid, Beijing

Designed as an ‘open city within a city’ oriented around pedestrians, the Linked Hybrid complex in Beijing by Steven Holl architects is a complex of shops, offices, public roof gardens, residential towers, restaurants, schools and more, all connected to green spaces.",mean,0.0
control,49,"Linked Hybrid, Beijing

Designed as an ‘open city within a city’ oriented around pedestrians, the Linked Hybrid complex in Beijing by Steven Holl architects is a complex of shops, offices, public roof gardens, residential towers, restaurants, schools and more, all connected to green spaces.",max,0.0
control,49,"Linked Hybrid, Beijing

Designed as an ‘open city within a city’ oriented around pedestrians, the Linked Hybrid complex in Beijing by Steven Holl architects is a complex of shops, offices, public roof gardens, residential towers, restaurants, schools and more, all connected to green spaces.",last,0.0
control,50,Twin Shadow is repped by Paradigm/Windish and manager Eddie Bezalel.,mean,0.0
control,50,Twin Shadow is repped by Paradigm/Windish and manager Eddie Bezalel.,max,0.0
control,50,Twin Shadow is repped by Paradigm/Windish and manager Eddie Bezalel.,last,0.0
control,51,Midwinter is stepping down.,mean,0.0
control,51,Midwinter is stepping down.,max,0.0
control,51,Midwinter is stepping down.,last,0.0
control,52,"On top of that, they say that Sinn Fein’s Rose Conway-Walsh, tallied with 6,397 first preferences (9.9 per cent) will see a greater share of her second preferences going to Chambers than Mulherin.",mean,0.0
control,52,"On top of that, they say that Sinn Fein’s Rose Conway-Walsh, tallied with 6,397 first preferences (9.9 per cent) will see a greater share of her second preferences going to Chambers than Mulherin.",max,0.0
control,52,"On top of that, they say that Sinn Fein’s Rose Conway-Walsh, tallied with 6,397 first preferences (9.9 per cent) will see a greater share of her second preferences going to Chambers than Mulherin.",last,0.0
control,53,Our podcast is now Mark’s actual age!,mean,0.0
control,53,Our podcast is now Mark’s actual age!,max,0.0
control,53,Our podcast is now Mark’s actual age!,last,0.0
control,54,"Seeing it, we feel a little deeper in our bones what has already been proven by praxeology.",mean,0.0
control,54,"Seeing it, we feel a little deeper in our bones what has already been proven by praxeology.",max,0.0
control,54,"Seeing it, we feel a little deeper in our bones what has already been proven by praxeology.",last,0.0
control,55,"To a fundamentalist, defending the fundamentals is the number one value.",mean,0.0
control,55,"To a fundamentalist, defending the fundamentals is the number one value.",max,0.0
control,55,"To a fundamentalist, defending the fundamentals is the number one value.",last,0.0
control,56,"His subscription covered a combination of services for a flat fee, and allowed him to use his login to use other telecommunications accounts and access techniques.",mean,0.0
control,56,"His subscription covered a combination of services for a flat fee, and allowed him to use his login to use other telecommunications accounts and access techniques.",max,0.0
control,56,"His subscription covered a combination of services for a flat fee, and allowed him to use his login to use other telecommunications accounts and access techniques.",last,0.0
control,57,Is the Red-Hooded Woman cross-crossing her own personal history by traveling in time?,mean,0.0
control,57,Is the Red-Hooded Woman cross-crossing her own personal history by traveling in time?,max,0.0
control,57,Is the Red-Hooded Woman cross-crossing her own personal history by traveling in time?,last,0.0
control,58,We have been talking with a lot of soccer fans around town who would love to see professional soccer in Baltimore.,mean,0.0
control,58,We have been talking with a lot of soccer fans around town who would love to see professional soccer in Baltimore.,max,0.0
control,58,We have been talking with a lot of soccer fans around town who would love to see professional soccer in Baltimore.,last,0.0
control,59,"I hope readers will add their own wisdom and comments, respond to my questions, ask their own questions, and correct me if I get something wrong.",mean,0.0
control,59,"I hope readers will add their own wisdom and comments, respond to my questions, ask their own questions, and correct me if I get something wrong.",max,0.0
control,59,"I hope readers will add their own wisdom and comments, respond to my questions, ask their own questions, and correct me if I get something wrong.",last,0.0
control,60,"Across a population of millions, widely-understood social expectations result in tectonic shifts of behavior.",mean,0.0
control,60,"Across a population of millions, widely-understood social expectations result in tectonic shifts of behavior.",max,0.0
control,60,"Across a population of millions, widely-understood social expectations result in tectonic shifts of behavior.",last,0.0
control,61,"#developing pic.twitter.com/uSIzSStA6P — Nefertiti Jáquez (@NefertitiWSB) March 25, 2017

© 2019 Cox Media Group.",mean,0.7298738360404968
control,61,"#developing pic.twitter.com/uSIzSStA6P — Nefertiti Jáquez (@NefertitiWSB) March 25, 2017

© 2019 Cox Media Group.",max,21.63072967529297
control,61,"#developing pic.twitter.com/uSIzSStA6P — Nefertiti Jáquez (@NefertitiWSB) March 25, 2017

© 2019 Cox Media Group.",last,0.0
control,62,"The article was followed by a series of responses, some in support, some critical.",mean,0.0
control,62,"The article was followed by a series of responses, some in support, some critical.",max,0.0
control,62,"The article was followed by a series of responses, some in support, some critical.",last,0.0
control,63,"If her count was right, only a day remained before the date set for her public execution.",mean,0.0
control,63,"If her count was right, only a day remained before the date set for her public execution.",max,0.0
control,63,"If her count was right, only a day remained before the date set for her public execution.",last,0.0
control,64,I think it looks awesome!,mean,0.0
control,64,I think it looks awesome!,max,0.0
control,64,I think it looks awesome!,last,0.0
control,65,He previously owned a few dollars’ worth of bitcoin.,mean,0.0
control,65,He previously owned a few dollars’ worth of bitcoin.,max,0.0
control,65,He previously owned a few dollars’ worth of bitcoin.,last,0.0
control,66,But what she was witnessing in the lab was telling her something very different.,mean,0.0
control,66,But what she was witnessing in the lab was telling her something very different.,max,0.0
control,66,But what she was witnessing in the lab was telling her something very different.,last,0.0
control,67,86.,mean,0.0
control,67,86.,max,0.0
control,67,86.,last,0.0
control,68,It was like the virus was frozen in time.,mean,0.0
control,68,It was like the virus was frozen in time.,max,0.0
control,68,It was like the virus was frozen in time.,last,0.0
control,69,"That said, not everyone hated Bush's address, especially after the follow-up Q&A.",mean,0.0
control,69,"That said, not everyone hated Bush's address, especially after the follow-up Q&A.",max,0.0
control,69,"That said, not everyone hated Bush's address, especially after the follow-up Q&A.",last,0.0
control,70,Any rape survivor can tell you that the two are not even close.,mean,9.031941413879395
control,70,Any rape survivor can tell you that the two are not even close.,max,33.87028884887695
control,70,Any rape survivor can tell you that the two are not even close.,last,0.0
control,71,"Tech Support: ""Ma'am, that's the printer.""",mean,0.0
control,71,"Tech Support: ""Ma'am, that's the printer.""",max,0.0
control,71,"Tech Support: ""Ma'am, that's the printer.""",last,0.0
control,72,Download it from the App Store.,mean,0.0
control,72,Download it from the App Store.,max,0.0
control,72,Download it from the App Store.,last,0.0
control,73,He was as slow as me climbing the mountain.,mean,0.0
control,73,He was as slow as me climbing the mountain.,max,0.0
control,73,He was as slow as me climbing the mountain.,last,0.0
control,74,"In the golden age of man-made pesticides, farmers were astonished by the agents’ effectiveness, and pesticide sales skyrocketed.",mean,0.6521722078323364
control,74,"In the golden age of man-made pesticides, farmers were astonished by the agents’ effectiveness, and pesticide sales skyrocketed.",max,8.564069747924805
control,74,"In the golden age of man-made pesticides, farmers were astonished by the agents’ effectiveness, and pesticide sales skyrocketed.",last,0.0
control,75,We are working diligently to make that process much smoother for you.,mean,0.0
control,75,We are working diligently to make that process much smoother for you.,max,0.0
control,75,We are working diligently to make that process much smoother for you.,last,0.0
control,76,Kinda?,mean,0.0
control,76,Kinda?,max,0.0
control,76,Kinda?,last,0.0
control,77,"He was arrested, released and trafficked me again

They knew where I was, they didn't care when I came back

She said social workers did not seem interested in helping her.",mean,0.30381494760513306
control,77,"He was arrested, released and trafficked me again

They knew where I was, they didn't care when I came back

She said social workers did not seem interested in helping her.",max,11.848782539367676
control,77,"He was arrested, released and trafficked me again

They knew where I was, they didn't care when I came back

She said social workers did not seem interested in helping her.",last,0.0
control,78,Terminate variant.,mean,0.0
control,78,Terminate variant.,max,0.0
control,78,Terminate variant.,last,0.0
control,79,"“Water is the driving force in nature.”

― Leonardo da Vinci

On November 9, 2013 the First Quarter Moon occurred in Aquarius (Fixed-Air), squaring the Sun in Scorpio (Fixed-Water).",mean,0.0
control,79,"“Water is the driving force in nature.”

― Leonardo da Vinci

On November 9, 2013 the First Quarter Moon occurred in Aquarius (Fixed-Air), squaring the Sun in Scorpio (Fixed-Water).",max,0.0
control,79,"“Water is the driving force in nature.”

― Leonardo da Vinci

On November 9, 2013 the First Quarter Moon occurred in Aquarius (Fixed-Air), squaring the Sun in Scorpio (Fixed-Water).",last,0.0
control,80,"For two generations of Salisburys, bookkeeping was both personal and practical.",mean,0.0
control,80,"For two generations of Salisburys, bookkeeping was both personal and practical.",max,0.0
control,80,"For two generations of Salisburys, bookkeeping was both personal and practical.",last,0.0
control,81,The Rhein-Main-Donau AG (RMD-AG) was founded on 30 December 1921 to undertake the project.,mean,0.0
control,81,The Rhein-Main-Donau AG (RMD-AG) was founded on 30 December 1921 to undertake the project.,max,0.0
control,81,The Rhein-Main-Donau AG (RMD-AG) was founded on 30 December 1921 to undertake the project.,last,0.0
control,82,The tradition of marriage is still attractive to singles.,mean,0.0
control,82,The tradition of marriage is still attractive to singles.,max,0.0
control,82,The tradition of marriage is still attractive to singles.,last,0.0
control,83,Their mission: to distribute as many Facebook likes as possible to desperate and starving children all over the world.,mean,0.0
control,83,Their mission: to distribute as many Facebook likes as possible to desperate and starving children all over the world.,max,0.0
control,83,Their mission: to distribute as many Facebook likes as possible to desperate and starving children all over the world.,last,0.0
control,84,The videos show all the evidence we need that there was explosives in the building.,mean,0.0
control,84,The videos show all the evidence we need that there was explosives in the building.,max,0.0
control,84,The videos show all the evidence we need that there was explosives in the building.,last,0.0
control,85,For the trick to be amazing the one on the stage needs to disappear.,mean,0.0
control,85,For the trick to be amazing the one on the stage needs to disappear.,max,0.0
control,85,For the trick to be amazing the one on the stage needs to disappear.,last,0.0
control,86,"Now perhaps this is a little unfair, since economists have also probed the political economy of trade policy—to help explain why protectionist policies persist, despite their inefficiency—but Bauer’s larger point—that we economists tend to overestimate our impact on policy outcomes, especially when they go our way—is surely valid.",mean,0.0
control,86,"Now perhaps this is a little unfair, since economists have also probed the political economy of trade policy—to help explain why protectionist policies persist, despite their inefficiency—but Bauer’s larger point—that we economists tend to overestimate our impact on policy outcomes, especially when they go our way—is surely valid.",max,0.0
control,86,"Now perhaps this is a little unfair, since economists have also probed the political economy of trade policy—to help explain why protectionist policies persist, despite their inefficiency—but Bauer’s larger point—that we economists tend to overestimate our impact on policy outcomes, especially when they go our way—is surely valid.",last,0.0
control,87,"If all three are close to each other, the system is unstable and one may go flying off, Burgasser said.",mean,0.0
control,87,"If all three are close to each other, the system is unstable and one may go flying off, Burgasser said.",max,0.0
control,87,"If all three are close to each other, the system is unstable and one may go flying off, Burgasser said.",last,0.0
control,88,Religion Walker is a former Mormon-turned non-denominational Christian.,mean,0.0
control,88,Religion Walker is a former Mormon-turned non-denominational Christian.,max,0.0
control,88,Religion Walker is a former Mormon-turned non-denominational Christian.,last,0.0
control,89,"The towel-folding robot, however, is doing something very new, according to the researchers, doctoral student Jeremy Maitin-Shepard and assistant professor Pieter Abbeel, both of UC Berkeley's Department of Electrical Engineering and Computer Sciences.",mean,0.0
control,89,"The towel-folding robot, however, is doing something very new, according to the researchers, doctoral student Jeremy Maitin-Shepard and assistant professor Pieter Abbeel, both of UC Berkeley's Department of Electrical Engineering and Computer Sciences.",max,0.0
control,89,"The towel-folding robot, however, is doing something very new, according to the researchers, doctoral student Jeremy Maitin-Shepard and assistant professor Pieter Abbeel, both of UC Berkeley's Department of Electrical Engineering and Computer Sciences.",last,0.0
control,90,"Then Quelle, he always sends stuff, so I was picking the best stuff that Quelle had.",mean,0.0
control,90,"Then Quelle, he always sends stuff, so I was picking the best stuff that Quelle had.",max,0.0
control,90,"Then Quelle, he always sends stuff, so I was picking the best stuff that Quelle had.",last,0.0
control,91,"Finally, I brought my timeline into After Effects and punched in all around.",mean,0.5768243074417114
control,91,"Finally, I brought my timeline into After Effects and punched in all around.",max,9.229188919067383
control,91,"Finally, I brought my timeline into After Effects and punched in all around.",last,0.0
control,92,"Y. Harburg)

235.",mean,0.0
control,92,"Y. Harburg)

235.",max,0.0
control,92,"Y. Harburg)

235.",last,0.0
control,93,"The full title of Dr. Walton’s book is Marihuana, America’s New Drug Problem.",mean,0.0
control,93,"The full title of Dr. Walton’s book is Marihuana, America’s New Drug Problem.",max,0.0
control,93,"The full title of Dr. Walton’s book is Marihuana, America’s New Drug Problem.",last,0.0
control,94,"Four years after he survived a brutal firefight in a remote Afghanistan valley that claimed the lives of five Americans, retired U.S. Army Capt.",mean,0.23649480938911438
control,94,"Four years after he survived a brutal firefight in a remote Afghanistan valley that claimed the lives of five Americans, retired U.S. Army Capt.",max,6.858349323272705
control,94,"Four years after he survived a brutal firefight in a remote Afghanistan valley that claimed the lives of five Americans, retired U.S. Army Capt.",last,0.0
control,95,"Perhaps a bit out of character, inspired by the love of a boy for his dog and the opportunity to delve into a brand new genre, Wright drew up plans that would earn him neither commission nor notoriety.",mean,0.0
control,95,"Perhaps a bit out of character, inspired by the love of a boy for his dog and the opportunity to delve into a brand new genre, Wright drew up plans that would earn him neither commission nor notoriety.",max,0.0
control,95,"Perhaps a bit out of character, inspired by the love of a boy for his dog and the opportunity to delve into a brand new genre, Wright drew up plans that would earn him neither commission nor notoriety.",last,0.0
control,96,How many hours does it take for you and the bobber to meet?,mean,0.0
control,96,How many hours does it take for you and the bobber to meet?,max,0.0
control,96,How many hours does it take for you and the bobber to meet?,last,0.0
control,97,"SYNOPSIS

Black Sands is a bold new visual novel drawing from African, Indian and Middle Eastern mythology, married to an innovative spin on speculation about ancient aliens and precursor races.",mean,0.5758601427078247
control,97,"SYNOPSIS

Black Sands is a bold new visual novel drawing from African, Indian and Middle Eastern mythology, married to an innovative spin on speculation about ancient aliens and precursor races.",max,21.306825637817383
control,97,"SYNOPSIS

Black Sands is a bold new visual novel drawing from African, Indian and Middle Eastern mythology, married to an innovative spin on speculation about ancient aliens and precursor races.",last,0.0
control,98,"“Over 600 images are alleged,” the judge said in his reasoning behind denying a release.",mean,2.5752804279327393
control,98,"“Over 600 images are alleged,” the judge said in his reasoning behind denying a release.",max,13.88166618347168
control,98,"“Over 600 images are alleged,” the judge said in his reasoning behind denying a release.",last,0.0
control,99,"Kramer applauded the EPA's action, but he said regulators have as yet failed to determine where the barrels full of hazardous waste are sent.",mean,0.0
control,99,"Kramer applauded the EPA's action, but he said regulators have as yet failed to determine where the barrels full of hazardous waste are sent.",max,0.0
control,99,"Kramer applauded the EPA's action, but he said regulators have as yet failed to determine where the barrels full of hazardous waste are sent.",last,0.0
control,100,"Most at stake: Illinois

The positive momentum from the Fighting Illini’s continued on-field improvement under coach Tim Beckman has been dashed this off-season by former Illinois offensive lineman Simon Cvijanovic’s allegations of “abuse and misuse of power” within the program.",mean,0.5880990028381348
control,100,"Most at stake: Illinois

The positive momentum from the Fighting Illini’s continued on-field improvement under coach Tim Beckman has been dashed this off-season by former Illinois offensive lineman Simon Cvijanovic’s allegations of “abuse and misuse of power” within the program.",max,17.15684700012207
control,100,"Most at stake: Illinois

The positive momentum from the Fighting Illini’s continued on-field improvement under coach Tim Beckman has been dashed this off-season by former Illinois offensive lineman Simon Cvijanovic’s allegations of “abuse and misuse of power” within the program.",last,0.0
control,101,"Crosses and statues jutting from tomb surfaces cast contrasting shadows, adding to the sense of mystery.",mean,0.0
control,101,"Crosses and statues jutting from tomb surfaces cast contrasting shadows, adding to the sense of mystery.",max,0.0
control,101,"Crosses and statues jutting from tomb surfaces cast contrasting shadows, adding to the sense of mystery.",last,0.0
control,102,It was a rare instance of bipartisanship in a bitterly divided Congress.,mean,7.518736839294434
control,102,It was a rare instance of bipartisanship in a bitterly divided Congress.,max,53.56468963623047
control,102,It was a rare instance of bipartisanship in a bitterly divided Congress.,last,0.0
control,103,Thank you.,mean,0.0
control,103,Thank you.,max,0.0
control,103,Thank you.,last,0.0
control,104,"Colorado Sen. Cory Gardner, who chairs the National Republican Senatorial Committee, had said the Senate should expel Moore if he wins.",mean,0.0
control,104,"Colorado Sen. Cory Gardner, who chairs the National Republican Senatorial Committee, had said the Senate should expel Moore if he wins.",max,0.0
control,104,"Colorado Sen. Cory Gardner, who chairs the National Republican Senatorial Committee, had said the Senate should expel Moore if he wins.",last,0.0
control,105,"When the first challenges within our coaching structure surfaced and I felt a change was necessary, I thought about getting in touch with Mitch as I could imagine that he would be a good potential coach, however, I decided to wait as he was taking a break from League.",mean,0.0
control,105,"When the first challenges within our coaching structure surfaced and I felt a change was necessary, I thought about getting in touch with Mitch as I could imagine that he would be a good potential coach, however, I decided to wait as he was taking a break from League.",max,0.0
control,105,"When the first challenges within our coaching structure surfaced and I felt a change was necessary, I thought about getting in touch with Mitch as I could imagine that he would be a good potential coach, however, I decided to wait as he was taking a break from League.",last,0.0
control,106,"That summer sci-fi geeks converged on Spokane, WA for WorldCon 73, on of the longest running literary conventions in the world.",mean,0.0
control,106,"That summer sci-fi geeks converged on Spokane, WA for WorldCon 73, on of the longest running literary conventions in the world.",max,0.0
control,106,"That summer sci-fi geeks converged on Spokane, WA for WorldCon 73, on of the longest running literary conventions in the world.",last,0.0
control,107,The third is the discovery of sickles and other stone tools for cutting and harvesting cereal plants.,mean,0.0
control,107,The third is the discovery of sickles and other stone tools for cutting and harvesting cereal plants.,max,0.0
control,107,The third is the discovery of sickles and other stone tools for cutting and harvesting cereal plants.,last,0.0
control,108,"First and foremost, it is a story of extraordinary personal generosity.",mean,0.0
control,108,"First and foremost, it is a story of extraordinary personal generosity.",max,0.0
control,108,"First and foremost, it is a story of extraordinary personal generosity.",last,0.0
control,109,It challenges the appellant’s position on the basis that it takes an inappropriately global or systemic focus of what is required to render the MMAR unconstitutional.,mean,1.3229275941848755
control,109,It challenges the appellant’s position on the basis that it takes an inappropriately global or systemic focus of what is required to render the MMAR unconstitutional.,max,11.660614967346191
control,109,It challenges the appellant’s position on the basis that it takes an inappropriately global or systemic focus of what is required to render the MMAR unconstitutional.,last,0.0
control,110,"“They deserve effective representation in Lansing, and it is clear Smith can no longer fulfill that duty.”

Smith is due back in court March 28 so attorneys can address additional matters in the case.",mean,0.0
control,110,"“They deserve effective representation in Lansing, and it is clear Smith can no longer fulfill that duty.”

Smith is due back in court March 28 so attorneys can address additional matters in the case.",max,0.0
control,110,"“They deserve effective representation in Lansing, and it is clear Smith can no longer fulfill that duty.”

Smith is due back in court March 28 so attorneys can address additional matters in the case.",last,0.0
control,111,"Notably: Angelo’s and Vince’s, both red-checked-tablecloth holdovers from the era of Frank Sinatra crooning “One for My Baby,” and Abruzzi’s, a downtown Seattle favorite from the same era that had closed in ’94 and resurfaced in nearby Normandy Park.",mean,0.0
control,111,"Notably: Angelo’s and Vince’s, both red-checked-tablecloth holdovers from the era of Frank Sinatra crooning “One for My Baby,” and Abruzzi’s, a downtown Seattle favorite from the same era that had closed in ’94 and resurfaced in nearby Normandy Park.",max,0.0
control,111,"Notably: Angelo’s and Vince’s, both red-checked-tablecloth holdovers from the era of Frank Sinatra crooning “One for My Baby,” and Abruzzi’s, a downtown Seattle favorite from the same era that had closed in ’94 and resurfaced in nearby Normandy Park.",last,0.0
control,112,"What Pete is great at – and Dane, for that matter – they’re great at, when you’re in a little bit of a rut, finding out why you’re in that rut.",mean,0.0
control,112,"What Pete is great at – and Dane, for that matter – they’re great at, when you’re in a little bit of a rut, finding out why you’re in that rut.",max,0.0
control,112,"What Pete is great at – and Dane, for that matter – they’re great at, when you’re in a little bit of a rut, finding out why you’re in that rut.",last,0.0
control,113,Within those seven you could have two different types of enemy.,mean,0.0
control,113,Within those seven you could have two different types of enemy.,max,0.0
control,113,Within those seven you could have two different types of enemy.,last,0.0
control,114,to learning the same sorts of things that plural marriage would have taught her.,mean,0.0
control,114,to learning the same sorts of things that plural marriage would have taught her.,max,0.0
control,114,to learning the same sorts of things that plural marriage would have taught her.,last,0.0
control,115,"The click-through rate for banners is still one in 1,000.",mean,0.0
control,115,"The click-through rate for banners is still one in 1,000.",max,0.0
control,115,"The click-through rate for banners is still one in 1,000.",last,0.0
control,116,"In the final, stunning denouement, Smith's freedom and independence are resolved by his race performance in the most unpredictable way.",mean,0.0
control,116,"In the final, stunning denouement, Smith's freedom and independence are resolved by his race performance in the most unpredictable way.",max,0.0
control,116,"In the final, stunning denouement, Smith's freedom and independence are resolved by his race performance in the most unpredictable way.",last,0.0
control,117,The midfielder converted to right back took over the left back spot in 2012.,mean,0.0
control,117,The midfielder converted to right back took over the left back spot in 2012.,max,0.0
control,117,The midfielder converted to right back took over the left back spot in 2012.,last,0.0
control,118,"I have been called many things such as hummus eating, camel shagging, Paki Muslim slut.",mean,0.0
control,118,"I have been called many things such as hummus eating, camel shagging, Paki Muslim slut.",max,0.0
control,118,"I have been called many things such as hummus eating, camel shagging, Paki Muslim slut.",last,0.0
control,119,"From the outside, it is inside the South-facing door with the Gaming Club flier on the Northeast corner of 30th and Jefferson.",mean,0.0
control,119,"From the outside, it is inside the South-facing door with the Gaming Club flier on the Northeast corner of 30th and Jefferson.",max,0.0
control,119,"From the outside, it is inside the South-facing door with the Gaming Club flier on the Northeast corner of 30th and Jefferson.",last,0.0
control,120,"The UN has previously warned that the impact of global warming is likely to be ""severe, pervasive and irreversible"", and would lead to problems including sea level rise, greater risk of flooding and changes to crop yields.",mean,0.0
control,120,"The UN has previously warned that the impact of global warming is likely to be ""severe, pervasive and irreversible"", and would lead to problems including sea level rise, greater risk of flooding and changes to crop yields.",max,0.0
control,120,"The UN has previously warned that the impact of global warming is likely to be ""severe, pervasive and irreversible"", and would lead to problems including sea level rise, greater risk of flooding and changes to crop yields.",last,0.0
control,121,A Gulfstream aircraft stuffed with Colombian cocaine crashed in the jungle of Mexico's Yucatan Peninsula in 2007.,mean,0.0
control,121,A Gulfstream aircraft stuffed with Colombian cocaine crashed in the jungle of Mexico's Yucatan Peninsula in 2007.,max,0.0
control,121,A Gulfstream aircraft stuffed with Colombian cocaine crashed in the jungle of Mexico's Yucatan Peninsula in 2007.,last,0.0
control,122,Functions on the database can be expressed by sqlalchemy.func.functionname in SQLAlchemy.,mean,0.0
control,122,Functions on the database can be expressed by sqlalchemy.func.functionname in SQLAlchemy.,max,0.0
control,122,Functions on the database can be expressed by sqlalchemy.func.functionname in SQLAlchemy.,last,0.0
control,123,"California faced similarly widespread blackouts in 2000 and 2001, triggered in part by an energy supply shortage.",mean,0.0
control,123,"California faced similarly widespread blackouts in 2000 and 2001, triggered in part by an energy supply shortage.",max,0.0
control,123,"California faced similarly widespread blackouts in 2000 and 2001, triggered in part by an energy supply shortage.",last,0.0
control,124,"FIFA players believe chemistry does in fact work for day one cards (normal versions of cards), but does not work properly for non-day one cards, even more expensive, better versions of the same day one cards.",mean,0.0
control,124,"FIFA players believe chemistry does in fact work for day one cards (normal versions of cards), but does not work properly for non-day one cards, even more expensive, better versions of the same day one cards.",max,0.0
control,124,"FIFA players believe chemistry does in fact work for day one cards (normal versions of cards), but does not work properly for non-day one cards, even more expensive, better versions of the same day one cards.",last,0.0
control,125,"As the silkmoth walks towards the female pheromone, the ball rolls around.",mean,0.0
control,125,"As the silkmoth walks towards the female pheromone, the ball rolls around.",max,0.0
control,125,"As the silkmoth walks towards the female pheromone, the ball rolls around.",last,0.0
control,126,"At times you will also need to show the subordinate compassion and, from time to time, that you agree with his thoughts or actions.",mean,0.3693883717060089
control,126,"At times you will also need to show the subordinate compassion and, from time to time, that you agree with his thoughts or actions.",max,10.342873573303223
control,126,"At times you will also need to show the subordinate compassion and, from time to time, that you agree with his thoughts or actions.",last,0.0
control,127,I think the short answer is this: it feels good to be good at something.,mean,0.0
control,127,I think the short answer is this: it feels good to be good at something.,max,0.0
control,127,I think the short answer is this: it feels good to be good at something.,last,0.0
control,128,"After all, it was only seven days ago the chancellor junked the planned tax rises for two million or so self-employed people.",mean,0.0
control,128,"After all, it was only seven days ago the chancellor junked the planned tax rises for two million or so self-employed people.",max,0.0
control,128,"After all, it was only seven days ago the chancellor junked the planned tax rises for two million or so self-employed people.",last,0.0
control,129,"Unlike Azerbaijan's poor opposition, Ibragimbekov can fund his own election campaign and the National Council.",mean,0.0
control,129,"Unlike Azerbaijan's poor opposition, Ibragimbekov can fund his own election campaign and the National Council.",max,0.0
control,129,"Unlike Azerbaijan's poor opposition, Ibragimbekov can fund his own election campaign and the National Council.",last,0.0
control,130,Happy Pony Games!,mean,0.0
control,130,Happy Pony Games!,max,0.0
control,130,Happy Pony Games!,last,0.0
control,131,It is passed down from people like the man who wrote me that email.,mean,0.0
control,131,It is passed down from people like the man who wrote me that email.,max,0.0
control,131,It is passed down from people like the man who wrote me that email.,last,0.0
control,132,These feelings are not the kind of feelings that the human body can endure.,mean,0.0
control,132,These feelings are not the kind of feelings that the human body can endure.,max,0.0
control,132,These feelings are not the kind of feelings that the human body can endure.,last,0.0
control,133,"Australia is progressive in embracing almost every form of international interaction in business, politics and culture.",mean,11.950611114501953
control,133,"Australia is progressive in embracing almost every form of international interaction in business, politics and culture.",max,22.62372589111328
control,133,"Australia is progressive in embracing almost every form of international interaction in business, politics and culture.",last,19.138076782226562
control,134,"Suffer from Temporary Hypoglycemia (low blood sugar if I don’t eat)

Acid Reflux/Gastritis.",mean,0.0
control,134,"Suffer from Temporary Hypoglycemia (low blood sugar if I don’t eat)

Acid Reflux/Gastritis.",max,0.0
control,134,"Suffer from Temporary Hypoglycemia (low blood sugar if I don’t eat)

Acid Reflux/Gastritis.",last,0.0
control,135,"DC Hilton Ritz Carlton used for congressional child sex says federal agent

Washington—October 11, 2006—TomFlocco.com—DC Hilton, Ritz Carlton used for congressional child sex says federal agent—According to a long-time senior intelligence agent, the Washington, DC Hilton was used for compromising House and Senate members who had sex with children in a legislative influence ring also involving male and female prostitutes at other Capitol Hill hotels.",mean,0.0
control,135,"DC Hilton Ritz Carlton used for congressional child sex says federal agent

Washington—October 11, 2006—TomFlocco.com—DC Hilton, Ritz Carlton used for congressional child sex says federal agent—According to a long-time senior intelligence agent, the Washington, DC Hilton was used for compromising House and Senate members who had sex with children in a legislative influence ring also involving male and female prostitutes at other Capitol Hill hotels.",max,0.0
control,135,"DC Hilton Ritz Carlton used for congressional child sex says federal agent

Washington—October 11, 2006—TomFlocco.com—DC Hilton, Ritz Carlton used for congressional child sex says federal agent—According to a long-time senior intelligence agent, the Washington, DC Hilton was used for compromising House and Senate members who had sex with children in a legislative influence ring also involving male and female prostitutes at other Capitol Hill hotels.",last,0.0
control,136,"There are a tremendous amount of theories put out about the way porn potentially affects people's brains, but these theories are not being critically assessed.",mean,0.0
control,136,"There are a tremendous amount of theories put out about the way porn potentially affects people's brains, but these theories are not being critically assessed.",max,0.0
control,136,"There are a tremendous amount of theories put out about the way porn potentially affects people's brains, but these theories are not being critically assessed.",last,0.0
control,137,"May 15-19, 2017, 8-11 p.m.",mean,0.0
control,137,"May 15-19, 2017, 8-11 p.m.",max,0.0
control,137,"May 15-19, 2017, 8-11 p.m.",last,0.0
control,138,"Shortly after the duel, Joey suddenly has irrational dreams about Kaiba and himself being a dog.",mean,0.0
control,138,"Shortly after the duel, Joey suddenly has irrational dreams about Kaiba and himself being a dog.",max,0.0
control,138,"Shortly after the duel, Joey suddenly has irrational dreams about Kaiba and himself being a dog.",last,0.0
control,139,?s chances to finish above Dortmund in the league and the second one in the Champions League final whose aftermath went into Chelseaai??i?,mean,2.1575279235839844
control,139,?s chances to finish above Dortmund in the league and the second one in the Champions League final whose aftermath went into Chelseaai??i?,max,15.549739837646484
control,139,?s chances to finish above Dortmund in the league and the second one in the Champions League final whose aftermath went into Chelseaai??i?,last,0.0
control,140,"[53]

Muhammad al-Baqir, the Fourth (Isma'ili) or Fifth (Twelver) Imam said of the Mahdi:

The Master of the Command was named as the Mahdi because he will dig out the Torah and other heavenly books from the cave in Antioch.",mean,0.0
control,140,"[53]

Muhammad al-Baqir, the Fourth (Isma'ili) or Fifth (Twelver) Imam said of the Mahdi:

The Master of the Command was named as the Mahdi because he will dig out the Torah and other heavenly books from the cave in Antioch.",max,0.0
control,140,"[53]

Muhammad al-Baqir, the Fourth (Isma'ili) or Fifth (Twelver) Imam said of the Mahdi:

The Master of the Command was named as the Mahdi because he will dig out the Torah and other heavenly books from the cave in Antioch.",last,0.0
control,141,Abundance relative to global standards of abundance should order domestic as well as household consumption patterns.,mean,0.0
control,141,Abundance relative to global standards of abundance should order domestic as well as household consumption patterns.,max,0.0
control,141,Abundance relative to global standards of abundance should order domestic as well as household consumption patterns.,last,0.0
control,142,"“This is predatory and counterproductive.”

The problem is getting worse, not better.",mean,0.0
control,142,"“This is predatory and counterproductive.”

The problem is getting worse, not better.",max,0.0
control,142,"“This is predatory and counterproductive.”

The problem is getting worse, not better.",last,0.0
control,143,World's 10 deadliest street drugs 1/10 10.,mean,3.3499484062194824
control,143,World's 10 deadliest street drugs 1/10 10.,max,17.844728469848633
control,143,World's 10 deadliest street drugs 1/10 10.,last,0.0
control,144,"Take the Quiz : According to Samwise Gamgee of the Shire, there are three ways to prepare potatoes.",mean,1.0934932231903076
control,144,"Take the Quiz : According to Samwise Gamgee of the Shire, there are three ways to prepare potatoes.",max,16.39466667175293
control,144,"Take the Quiz : According to Samwise Gamgee of the Shire, there are three ways to prepare potatoes.",last,0.0
control,145,The site can then read the text on subsequent visits and use the unique text the same way it would use a browser cookie to track the user's site habits.,mean,0.0
control,145,The site can then read the text on subsequent visits and use the unique text the same way it would use a browser cookie to track the user's site habits.,max,0.0
control,145,The site can then read the text on subsequent visits and use the unique text the same way it would use a browser cookie to track the user's site habits.,last,0.0
control,146,They also made a profit of more than $1.5 million by selling fetal body parts between 2013 and 2015.,mean,1.8815747499465942
control,146,They also made a profit of more than $1.5 million by selling fetal body parts between 2013 and 2015.,max,17.7491512298584
control,146,They also made a profit of more than $1.5 million by selling fetal body parts between 2013 and 2015.,last,0.0
control,147,"I appreciate seeing the man's well-built core -- these aren't showy, flashy abdominals here, no sir -- and sneaking tender nip glimpses through the strategically placed suspenders, but his codename is ""Naked Snake,"" damn it.",mean,0.0
control,147,"I appreciate seeing the man's well-built core -- these aren't showy, flashy abdominals here, no sir -- and sneaking tender nip glimpses through the strategically placed suspenders, but his codename is ""Naked Snake,"" damn it.",max,0.0
control,147,"I appreciate seeing the man's well-built core -- these aren't showy, flashy abdominals here, no sir -- and sneaking tender nip glimpses through the strategically placed suspenders, but his codename is ""Naked Snake,"" damn it.",last,0.0
control,148,I think he’s improving every year but you sometimes see scenes on the sideline where he yells at the referee or he jumps around or you see in his face that he’s full of anger and he’s furious with some decision.,mean,0.0
control,148,I think he’s improving every year but you sometimes see scenes on the sideline where he yells at the referee or he jumps around or you see in his face that he’s full of anger and he’s furious with some decision.,max,0.0
control,148,I think he’s improving every year but you sometimes see scenes on the sideline where he yells at the referee or he jumps around or you see in his face that he’s full of anger and he’s furious with some decision.,last,0.0
control,149,"A bullet fragment remains lodged in his neck, not far from his spine.",mean,0.0
control,149,"A bullet fragment remains lodged in his neck, not far from his spine.",max,0.0
control,149,"A bullet fragment remains lodged in his neck, not far from his spine.",last,0.0
control,150,“The innovative and financially strong Smilegate with its billion-dollar CROSSFIRE franchise is a perfect partner for us.,mean,0.0
control,150,“The innovative and financially strong Smilegate with its billion-dollar CROSSFIRE franchise is a perfect partner for us.,max,0.0
control,150,“The innovative and financially strong Smilegate with its billion-dollar CROSSFIRE franchise is a perfect partner for us.,last,0.0
control,151,"Jhonatan Solano hit his sixth home run, a two-run shot.",mean,0.0
control,151,"Jhonatan Solano hit his sixth home run, a two-run shot.",max,0.0
control,151,"Jhonatan Solano hit his sixth home run, a two-run shot.",last,0.0
control,152,The absurdity is just too much.,mean,0.0
control,152,The absurdity is just too much.,max,0.0
control,152,The absurdity is just too much.,last,0.0
control,153,"Nik Kovac, whose district includes Brady St., because of opposition from neighborhood residents and business operators who want more stores and fewer taverns on the street.",mean,0.0
control,153,"Nik Kovac, whose district includes Brady St., because of opposition from neighborhood residents and business operators who want more stores and fewer taverns on the street.",max,0.0
control,153,"Nik Kovac, whose district includes Brady St., because of opposition from neighborhood residents and business operators who want more stores and fewer taverns on the street.",last,0.0
control,154,We asked her if there is anyone around from Gulak.,mean,1.0674642324447632
control,154,We asked her if there is anyone around from Gulak.,max,13.877034187316895
control,154,We asked her if there is anyone around from Gulak.,last,13.877034187316895
control,155,"Sasser drove me to one of the sugar mills, this one run by the Sugarcane Growers Cooperative of Florida, an organization of 45 small and medium-sized farms.",mean,0.0
control,155,"Sasser drove me to one of the sugar mills, this one run by the Sugarcane Growers Cooperative of Florida, an organization of 45 small and medium-sized farms.",max,0.0
control,155,"Sasser drove me to one of the sugar mills, this one run by the Sugarcane Growers Cooperative of Florida, an organization of 45 small and medium-sized farms.",last,0.0
control,156,"The next morning, after unplugging Big White just as I would an iPhone or laptop, I take a maiden trip to the office on her.",mean,0.0
control,156,"The next morning, after unplugging Big White just as I would an iPhone or laptop, I take a maiden trip to the office on her.",max,0.0
control,156,"The next morning, after unplugging Big White just as I would an iPhone or laptop, I take a maiden trip to the office on her.",last,0.0
control,157,"The murdered-out color scheme is only the beginning, though.",mean,0.0
control,157,"The murdered-out color scheme is only the beginning, though.",max,0.0
control,157,"The murdered-out color scheme is only the beginning, though.",last,0.0
control,158,I was afraid it might rip through!,mean,0.0
control,158,I was afraid it might rip through!,max,0.0
control,158,I was afraid it might rip through!,last,0.0
control,159,"… Kickers have been successful on 83.9 percent of all field-goal attempts this season, the third-highest rate on record, trailing only last year’s 86.5 percent and 2008’s 84.5 percent.",mean,0.0
control,159,"… Kickers have been successful on 83.9 percent of all field-goal attempts this season, the third-highest rate on record, trailing only last year’s 86.5 percent and 2008’s 84.5 percent.",max,0.0
control,159,"… Kickers have been successful on 83.9 percent of all field-goal attempts this season, the third-highest rate on record, trailing only last year’s 86.5 percent and 2008’s 84.5 percent.",last,0.0
control,160,Never mind the relentless rain.,mean,0.0
control,160,Never mind the relentless rain.,max,0.0
control,160,Never mind the relentless rain.,last,0.0
control,161,"For the past two years, health insurers selling on Obamacare marketplaces had little information to estimate how much medical care their members would use.",mean,0.0
control,161,"For the past two years, health insurers selling on Obamacare marketplaces had little information to estimate how much medical care their members would use.",max,0.0
control,161,"For the past two years, health insurers selling on Obamacare marketplaces had little information to estimate how much medical care their members would use.",last,0.0
control,162,"Moscow’s Role in Terrorism

Could Moscow in fact be behind much of the conflict in the Middle East, including the rise of ISIS?",mean,0.0
control,162,"Moscow’s Role in Terrorism

Could Moscow in fact be behind much of the conflict in the Middle East, including the rise of ISIS?",max,0.0
control,162,"Moscow’s Role in Terrorism

Could Moscow in fact be behind much of the conflict in the Middle East, including the rise of ISIS?",last,0.0
control,163,"The government received 70% of the vote, an improvement from 60% in the 2011 “breakthrough” election – its worst electoral performance.",mean,2.5271406173706055
control,163,"The government received 70% of the vote, an improvement from 60% in the 2011 “breakthrough” election – its worst electoral performance.",max,24.31325912475586
control,163,"The government received 70% of the vote, an improvement from 60% in the 2011 “breakthrough” election – its worst electoral performance.",last,0.0
control,164,"A quick note also that in future updates, please understand that we are somewhat limited in our freedom in disclosing some key designs and/or visuals (not that we've shown off plenty anyway...) but we'll do our best to sneak in a few shots here and there and share some more ideas ""with the purpose of receiving constructive feedback and response from the community"" :)

We can only ask for your continued moral support and belief, so in due course, we can kick some serious butt!",mean,0.0
control,164,"A quick note also that in future updates, please understand that we are somewhat limited in our freedom in disclosing some key designs and/or visuals (not that we've shown off plenty anyway...) but we'll do our best to sneak in a few shots here and there and share some more ideas ""with the purpose of receiving constructive feedback and response from the community"" :)

We can only ask for your continued moral support and belief, so in due course, we can kick some serious butt!",max,0.0
control,164,"A quick note also that in future updates, please understand that we are somewhat limited in our freedom in disclosing some key designs and/or visuals (not that we've shown off plenty anyway...) but we'll do our best to sneak in a few shots here and there and share some more ideas ""with the purpose of receiving constructive feedback and response from the community"" :)

We can only ask for your continued moral support and belief, so in due course, we can kick some serious butt!",last,0.0
control,165,Moleskine or some a cheap one found at the store.,mean,0.0
control,165,Moleskine or some a cheap one found at the store.,max,0.0
control,165,Moleskine or some a cheap one found at the store.,last,0.0
control,166,"There’s nothing in scripture that says anything about drinking alcohol,” he tells me.",mean,0.0
control,166,"There’s nothing in scripture that says anything about drinking alcohol,” he tells me.",max,0.0
control,166,"There’s nothing in scripture that says anything about drinking alcohol,” he tells me.",last,0.0
control,167,"He hopes this social media board game will evolve into its own product range including music, a toy hover car and even a TV game show.",mean,0.0
control,167,"He hopes this social media board game will evolve into its own product range including music, a toy hover car and even a TV game show.",max,0.0
control,167,"He hopes this social media board game will evolve into its own product range including music, a toy hover car and even a TV game show.",last,0.0
control,168,Endocannabinoids are cannabinoids naturally occurring in the body.,mean,0.0
control,168,Endocannabinoids are cannabinoids naturally occurring in the body.,max,0.0
control,168,Endocannabinoids are cannabinoids naturally occurring in the body.,last,0.0
control,169,"He still refused to wear dresses, but to avoid scrutiny, he grew out his hair.",mean,0.0
control,169,"He still refused to wear dresses, but to avoid scrutiny, he grew out his hair.",max,0.0
control,169,"He still refused to wear dresses, but to avoid scrutiny, he grew out his hair.",last,0.0
control,170,"Ugly it may be, but here it was effective and perfectly legitimate.",mean,0.0
control,170,"Ugly it may be, but here it was effective and perfectly legitimate.",max,0.0
control,170,"Ugly it may be, but here it was effective and perfectly legitimate.",last,0.0
control,171,There was a really good article by Outside Magazine on the Tar Sands and Aaron Huey did the photography.,mean,0.0
control,171,There was a really good article by Outside Magazine on the Tar Sands and Aaron Huey did the photography.,max,0.0
control,171,There was a really good article by Outside Magazine on the Tar Sands and Aaron Huey did the photography.,last,0.0
control,172,But both victories leave the most fundamental injustice perfectly intact: inequality.,mean,0.0
control,172,But both victories leave the most fundamental injustice perfectly intact: inequality.,max,0.0
control,172,But both victories leave the most fundamental injustice perfectly intact: inequality.,last,0.0
control,173,"Most often, when things fail, they fail visibly.",mean,0.0
control,173,"Most often, when things fail, they fail visibly.",max,0.0
control,173,"Most often, when things fail, they fail visibly.",last,0.0
control,174,"Yes, there was messiness.",mean,0.0
control,174,"Yes, there was messiness.",max,0.0
control,174,"Yes, there was messiness.",last,0.0
control,175,It is often such a rare feat that it is celebrated with all the gusto of winning a championship.,mean,0.0
control,175,It is often such a rare feat that it is celebrated with all the gusto of winning a championship.,max,0.0
control,175,It is often such a rare feat that it is celebrated with all the gusto of winning a championship.,last,0.0
control,176,"In South Florida, the modified black tetras could upset an environment already burdened with 30 types of nonnative fish.",mean,0.0
control,176,"In South Florida, the modified black tetras could upset an environment already burdened with 30 types of nonnative fish.",max,0.0
control,176,"In South Florida, the modified black tetras could upset an environment already burdened with 30 types of nonnative fish.",last,0.0
control,177,Might of the Bear - Now works with Staves.,mean,0.0
control,177,Might of the Bear - Now works with Staves.,max,0.0
control,177,Might of the Bear - Now works with Staves.,last,0.0
control,178,"Its compass is not the centre of Melbourne, but the satellite city of Broadmeadows, around which the surrounding suburbs hover.",mean,0.0
control,178,"Its compass is not the centre of Melbourne, but the satellite city of Broadmeadows, around which the surrounding suburbs hover.",max,0.0
control,178,"Its compass is not the centre of Melbourne, but the satellite city of Broadmeadows, around which the surrounding suburbs hover.",last,0.0
control,179,"Whatever arises during class—good, bad, or ugly—have compassion, be an observer, and then let it go.",mean,0.0
control,179,"Whatever arises during class—good, bad, or ugly—have compassion, be an observer, and then let it go.",max,0.0
control,179,"Whatever arises during class—good, bad, or ugly—have compassion, be an observer, and then let it go.",last,0.0
control,180,It’s just here to contextualize the idea that follows.,mean,0.0
control,180,It’s just here to contextualize the idea that follows.,max,0.0
control,180,It’s just here to contextualize the idea that follows.,last,0.0
control,181,"The IDF has reportedly responded with artillery fire into Syrian-controlled territory, targeting Syrian military positions.",mean,0.0
control,181,"The IDF has reportedly responded with artillery fire into Syrian-controlled territory, targeting Syrian military positions.",max,0.0
control,181,"The IDF has reportedly responded with artillery fire into Syrian-controlled territory, targeting Syrian military positions.",last,0.0
control,182,"Sometimes, it’s difficult to find the storyline of a preseason contest.",mean,0.0
control,182,"Sometimes, it’s difficult to find the storyline of a preseason contest.",max,0.0
control,182,"Sometimes, it’s difficult to find the storyline of a preseason contest.",last,0.0
control,183,Powell.,mean,0.0
control,183,Powell.,max,0.0
control,183,Powell.,last,0.0
control,184,That apparently counts as a big thing.,mean,0.0
control,184,That apparently counts as a big thing.,max,0.0
control,184,That apparently counts as a big thing.,last,0.0
control,185,We want to create a digital sharing economy that doesn’t exist today.,mean,0.0
control,185,We want to create a digital sharing economy that doesn’t exist today.,max,0.0
control,185,We want to create a digital sharing economy that doesn’t exist today.,last,0.0
control,186,"Two weeks later, three members of the Panama Unit, including Jonathan Treviño and Alexis Espinoza, the son of Hidalgo Police Chief Rudy Espinoza, were indicted by a federal grand jury after an investigation by Immigration and Customs Enforcement and the FBI.",mean,0.0
control,186,"Two weeks later, three members of the Panama Unit, including Jonathan Treviño and Alexis Espinoza, the son of Hidalgo Police Chief Rudy Espinoza, were indicted by a federal grand jury after an investigation by Immigration and Customs Enforcement and the FBI.",max,0.0
control,186,"Two weeks later, three members of the Panama Unit, including Jonathan Treviño and Alexis Espinoza, the son of Hidalgo Police Chief Rudy Espinoza, were indicted by a federal grand jury after an investigation by Immigration and Customs Enforcement and the FBI.",last,0.0
control,187,"But it will come, say optimists, as surely as it has to parts of the planet once thought impervious to hope.",mean,0.0
control,187,"But it will come, say optimists, as surely as it has to parts of the planet once thought impervious to hope.",max,0.0
control,187,"But it will come, say optimists, as surely as it has to parts of the planet once thought impervious to hope.",last,0.0
control,188,"While they might advocate a split, the fact remains the clubs and the risk are inextricably linked.",mean,3.0383501052856445
control,188,"While they might advocate a split, the fact remains the clubs and the risk are inextricably linked.",max,18.131492614746094
control,188,"While they might advocate a split, the fact remains the clubs and the risk are inextricably linked.",last,0.0
control,189,"Practice What You Preach – Barry White

82.",mean,0.0
control,189,"Practice What You Preach – Barry White

82.",max,0.0
control,189,"Practice What You Preach – Barry White

82.",last,0.0
control,190,"If I ever get stranded on a desert island, it's apparently possible to build a TV out of coconuts, but there's apparently no way to fix a hole in a boat.",mean,0.0
control,190,"If I ever get stranded on a desert island, it's apparently possible to build a TV out of coconuts, but there's apparently no way to fix a hole in a boat.",max,0.0
control,190,"If I ever get stranded on a desert island, it's apparently possible to build a TV out of coconuts, but there's apparently no way to fix a hole in a boat.",last,0.0
control,191,What about the relievers getting it done when it matters?,mean,0.0
control,191,What about the relievers getting it done when it matters?,max,0.0
control,191,What about the relievers getting it done when it matters?,last,0.0
control,192,"“It would be about one-and-a-half kay.”

How close did he get to you?",mean,0.0
control,192,"“It would be about one-and-a-half kay.”

How close did he get to you?",max,0.0
control,192,"“It would be about one-and-a-half kay.”

How close did he get to you?",last,0.0
control,193,"The effect caused the next two platforms to drop as well with the treasure now resting some 119 feet below ground along with an estimated 10,000 feet of lumber.",mean,0.0
control,193,"The effect caused the next two platforms to drop as well with the treasure now resting some 119 feet below ground along with an estimated 10,000 feet of lumber.",max,0.0
control,193,"The effect caused the next two platforms to drop as well with the treasure now resting some 119 feet below ground along with an estimated 10,000 feet of lumber.",last,0.0
control,194,"St. Jude’s Children’s Hospital in Memphis, TN opted to place the baby on a combination of four drugs plus an experimental medication in a desperate bid to save his life.",mean,0.0
control,194,"St. Jude’s Children’s Hospital in Memphis, TN opted to place the baby on a combination of four drugs plus an experimental medication in a desperate bid to save his life.",max,0.0
control,194,"St. Jude’s Children’s Hospital in Memphis, TN opted to place the baby on a combination of four drugs plus an experimental medication in a desperate bid to save his life.",last,0.0
control,195,I thought using the Oceans 11 music towards the ending was a nice touch.,mean,0.0
control,195,I thought using the Oceans 11 music towards the ending was a nice touch.,max,0.0
control,195,I thought using the Oceans 11 music towards the ending was a nice touch.,last,0.0
control,196,But what hasss he done recently?,mean,0.0
control,196,But what hasss he done recently?,max,0.0
control,196,But what hasss he done recently?,last,0.0
control,197,I feel very rewarded.,mean,0.0
control,197,I feel very rewarded.,max,0.0
control,197,I feel very rewarded.,last,0.0
control,198,"Picasso Picasso Tea Bird by Colin George Jeffrey

12.",mean,0.0
control,198,"Picasso Picasso Tea Bird by Colin George Jeffrey

12.",max,0.0
control,198,"Picasso Picasso Tea Bird by Colin George Jeffrey

12.",last,0.0
control,199,He warned that political instability would hurt Italy as it fights for its economic future.,mean,0.0
control,199,He warned that political instability would hurt Italy as it fights for its economic future.,max,0.0
control,199,He warned that political instability would hurt Italy as it fights for its economic future.,last,0.0
