group,index,text,agg,val
target,0,"Prime Minister Stephen Harper answers a question during question period in the House of Commons in Ottawa on Wednesday, Feb. 18, 2015.",mean,20.20589256286621
target,0,"Prime Minister Stephen Harper answers a question during question period in the House of Commons in Ottawa on Wednesday, Feb. 18, 2015.",max,43.329071044921875
target,0,"Prime Minister Stephen Harper answers a question during question period in the House of Commons in Ottawa on Wednesday, Feb. 18, 2015.",last,38.144073486328125
target,1,With a report from CTV Kitchener and files from The Canadian Press,mean,11.647488594055176
target,1,With a report from CTV Kitchener and files from The Canadian Press,max,30.72344207763672
target,1,With a report from CTV Kitchener and files from The Canadian Press,last,30.72344207763672
target,2,Former Calgary Health CEO Jack Davis is also appealing the release of his expenses to CBC News.,mean,8.90615177154541
target,2,Former Calgary Health CEO Jack Davis is also appealing the release of his expenses to CBC News.,max,20.044254302978516
target,2,Former Calgary Health CEO Jack Davis is also appealing the release of his expenses to CBC News.,last,14.912372589111328
target,3,"With the Manitoba fires, and the addition of fires across the prairies and northern territories, many parts of Manitoba could see smoky conditions.",mean,7.947744369506836
target,3,"With the Manitoba fires, and the addition of fires across the prairies and northern territories, many parts of Manitoba could see smoky conditions.",max,24.998863220214844
target,3,"With the Manitoba fires, and the addition of fires across the prairies and northern territories, many parts of Manitoba could see smoky conditions.",last,10.533062934875488
target,4,Premier Rachel Notley has already stacked her inner circle with the best NDP brains in the country.,mean,10.232823371887207
target,4,Premier Rachel Notley has already stacked her inner circle with the best NDP brains in the country.,max,27.667648315429688
target,4,Premier Rachel Notley has already stacked her inner circle with the best NDP brains in the country.,last,7.054234504699707
target,5,The Trudeau government is trying to abandon their promise to upgrade Canada’s voting system ahead of the 2019 election.,mean,10.361787796020508
target,5,The Trudeau government is trying to abandon their promise to upgrade Canada’s voting system ahead of the 2019 election.,max,28.092315673828125
target,5,The Trudeau government is trying to abandon their promise to upgrade Canada’s voting system ahead of the 2019 election.,last,8.846646308898926
target,6,"Tory MLA Ted Flemming, the Opposition's justice critic, said Smith’s letter shows the Liberals have to pull the legislative amendments.",mean,9.895586967468262
target,6,"Tory MLA Ted Flemming, the Opposition's justice critic, said Smith’s letter shows the Liberals have to pull the legislative amendments.",max,29.270544052124023
target,6,"Tory MLA Ted Flemming, the Opposition's justice critic, said Smith’s letter shows the Liberals have to pull the legislative amendments.",last,13.082151412963867
target,7,"[3] Parliament responded to Parker by introducing the Marihuana Medical Access Regulations, SOR/2001-227, as amended (“MMAR”).",mean,9.880739212036133
target,7,"[3] Parliament responded to Parker by introducing the Marihuana Medical Access Regulations, SOR/2001-227, as amended (“MMAR”).",max,33.860740661621094
target,7,"[3] Parliament responded to Parker by introducing the Marihuana Medical Access Regulations, SOR/2001-227, as amended (“MMAR”).",last,11.944244384765625
target,8,"Sources tell CBC Toronto the team had the alleged gunman under surveillance, but Halton police have never confirmed why.",mean,9.780179977416992
target,8,"Sources tell CBC Toronto the team had the alleged gunman under surveillance, but Halton police have never confirmed why.",max,27.522998809814453
target,8,"Sources tell CBC Toronto the team had the alleged gunman under surveillance, but Halton police have never confirmed why.",last,18.988056182861328
target,9,"National voter support for the NDP, Conservatives and Liberals from January to August of 2015.",mean,7.5512285232543945
target,9,"National voter support for the NDP, Conservatives and Liberals from January to August of 2015.",max,21.63943099975586
target,9,"National voter support for the NDP, Conservatives and Liberals from January to August of 2015.",last,8.70797061920166
target,10,"NDP Leader Thomas Mulcair has waded into the TPP debate during the campaign, pledging an NDP government would fight for stronger rules in the Trans-Pacific Partnership accord to protect homegrown manufacturing.",mean,6.5191216468811035
target,10,"NDP Leader Thomas Mulcair has waded into the TPP debate during the campaign, pledging an NDP government would fight for stronger rules in the Trans-Pacific Partnership accord to protect homegrown manufacturing.",max,26.648759841918945
target,10,"NDP Leader Thomas Mulcair has waded into the TPP debate during the campaign, pledging an NDP government would fight for stronger rules in the Trans-Pacific Partnership accord to protect homegrown manufacturing.",last,18.256330490112305
target,11,Mélanie Meloche-Holubowski is a journalist intern at EvidenceNetwork.ca and a journalist with Radio-Canada.,mean,7.633022785186768
target,11,Mélanie Meloche-Holubowski is a journalist intern at EvidenceNetwork.ca and a journalist with Radio-Canada.,max,26.241634368896484
target,11,Mélanie Meloche-Holubowski is a journalist intern at EvidenceNetwork.ca and a journalist with Radio-Canada.,last,17.76018524169922
target,12,Federal Finance Minister Bill Morneau said the intent is to have all taxes included within that price.,mean,9.775282859802246
target,12,Federal Finance Minister Bill Morneau said the intent is to have all taxes included within that price.,max,28.34621810913086
target,12,Federal Finance Minister Bill Morneau said the intent is to have all taxes included within that price.,last,9.189348220825195
target,13,"In a piece published in the Ottawa Citizen last week, he wrote that the Prime Minister “is pro-war.",mean,5.781544208526611
target,13,"In a piece published in the Ottawa Citizen last week, he wrote that the Prime Minister “is pro-war.",max,26.93914794921875
target,13,"In a piece published in the Ottawa Citizen last week, he wrote that the Prime Minister “is pro-war.",last,0.0
target,14,Newfoundland and Labrador currently ties with New Brunswick for the lowest minimum wage in Canada ($11.00 per hour).,mean,6.38135290145874
target,14,Newfoundland and Labrador currently ties with New Brunswick for the lowest minimum wage in Canada ($11.00 per hour).,max,20.114015579223633
target,14,Newfoundland and Labrador currently ties with New Brunswick for the lowest minimum wage in Canada ($11.00 per hour).,last,10.153726577758789
target,15,"NDP Leader Dominic Cardy, meanwhile, failed to win his Fredericton-area seat and has resigned.",mean,10.235538482666016
target,15,"NDP Leader Dominic Cardy, meanwhile, failed to win his Fredericton-area seat and has resigned.",max,24.639766693115234
target,15,"NDP Leader Dominic Cardy, meanwhile, failed to win his Fredericton-area seat and has resigned.",last,15.805194854736328
target,16,Industry sources tell CBC News they believe cabinet could decide this week which way to go — perhaps as soon as tomorrow.,mean,8.259966850280762
target,16,Industry sources tell CBC News they believe cabinet could decide this week which way to go — perhaps as soon as tomorrow.,max,30.72449493408203
target,16,Industry sources tell CBC News they believe cabinet could decide this week which way to go — perhaps as soon as tomorrow.,last,9.96685791015625
target,17,"That said, while Health Canada approves medical devices, regulating their use is a provincial responsibility, said Ms. Meerburg.",mean,6.469073295593262
target,17,"That said, while Health Canada approves medical devices, regulating their use is a provincial responsibility, said Ms. Meerburg.",max,25.516464233398438
target,17,"That said, while Health Canada approves medical devices, regulating their use is a provincial responsibility, said Ms. Meerburg.",last,19.379066467285156
target,18,"(Robert Short/CBC)

Just after 8 a.m., police in Halifax were called to another report of a suspicious package in the area of the old Spring Garden Road Memorial Library, at 5381 Spring Garden Rd.",mean,7.3455634117126465
target,18,"(Robert Short/CBC)

Just after 8 a.m., police in Halifax were called to another report of a suspicious package in the area of the old Spring Garden Road Memorial Library, at 5381 Spring Garden Rd.",max,29.2998046875
target,18,"(Robert Short/CBC)

Just after 8 a.m., police in Halifax were called to another report of a suspicious package in the area of the old Spring Garden Road Memorial Library, at 5381 Spring Garden Rd.",last,7.011941909790039
target,19,"In Melville, Sask., 145 km north east of Regina, families also receive a season ticket for each player they host.",mean,7.838160991668701
target,19,"In Melville, Sask., 145 km north east of Regina, families also receive a season ticket for each player they host.",max,41.262794494628906
target,19,"In Melville, Sask., 145 km north east of Regina, families also receive a season ticket for each player they host.",last,12.029674530029297
target,20,Girl Guides of Canada and MADD Canada were among the charities whose expenses didn’t add up to the total.,mean,9.54899787902832
target,20,Girl Guides of Canada and MADD Canada were among the charities whose expenses didn’t add up to the total.,max,26.545434951782227
target,20,Girl Guides of Canada and MADD Canada were among the charities whose expenses didn’t add up to the total.,last,9.69751262664795
target,21,Drouin joins pole vaulter Shawn Barber as Canadians to win gold at the Beijing world championships.,mean,6.571061611175537
target,21,Drouin joins pole vaulter Shawn Barber as Canadians to win gold at the Beijing world championships.,max,22.37226104736328
target,21,Drouin joins pole vaulter Shawn Barber as Canadians to win gold at the Beijing world championships.,last,15.609299659729004
target,22,"Mr. Trudeau was speaking at a news conference to mark the start of the summer recess of Parliament, where he touched on a wide number of topics such as the state of the economy, Indigenous affairs and the future of Canadian peacekeeping.",mean,8.131731986999512
target,22,"Mr. Trudeau was speaking at a news conference to mark the start of the summer recess of Parliament, where he touched on a wide number of topics such as the state of the economy, Indigenous affairs and the future of Canadian peacekeeping.",max,24.54754066467285
target,22,"Mr. Trudeau was speaking at a news conference to mark the start of the summer recess of Parliament, where he touched on a wide number of topics such as the state of the economy, Indigenous affairs and the future of Canadian peacekeeping.",last,14.852104187011719
target,23,"In his last go-around as Canadian Tire CEO, Mr. Wetmore – a New Brunswick native and former CEO of Bell Aliant – spearheaded the acquisition of sports retailer Forzani Group Ltd., whose banners include Sport Chek, and streamlined administrative functions at head office.",mean,7.879817962646484
target,23,"In his last go-around as Canadian Tire CEO, Mr. Wetmore – a New Brunswick native and former CEO of Bell Aliant – spearheaded the acquisition of sports retailer Forzani Group Ltd., whose banners include Sport Chek, and streamlined administrative functions at head office.",max,25.21007537841797
target,23,"In his last go-around as Canadian Tire CEO, Mr. Wetmore – a New Brunswick native and former CEO of Bell Aliant – spearheaded the acquisition of sports retailer Forzani Group Ltd., whose banners include Sport Chek, and streamlined administrative functions at head office.",last,15.677101135253906
target,24,"He said he has had long conversations with former Veterans Affairs Minister Erin O’Toole, but hasn’t heard much from the new federal government.",mean,6.838372707366943
target,24,"He said he has had long conversations with former Veterans Affairs Minister Erin O’Toole, but hasn’t heard much from the new federal government.",max,28.710803985595703
target,24,"He said he has had long conversations with former Veterans Affairs Minister Erin O’Toole, but hasn’t heard much from the new federal government.",last,15.874706268310547
target,25,"Burnaby Community Services has teamed up with car-sharing company, Modo, as part of the Seniors on the Move regional program.",mean,7.444751739501953
target,25,"Burnaby Community Services has teamed up with car-sharing company, Modo, as part of the Seniors on the Move regional program.",max,23.679410934448242
target,25,"Burnaby Community Services has teamed up with car-sharing company, Modo, as part of the Seniors on the Move regional program.",last,11.464765548706055
target,26,"Speaking to reporters for the first time since he left the Tory caucus last week, Duffy said “Canadians deserve answers” and called for an “open inquiry” into the spending controversy.",mean,5.68808650970459
target,26,"Speaking to reporters for the first time since he left the Tory caucus last week, Duffy said “Canadians deserve answers” and called for an “open inquiry” into the spending controversy.",max,22.088672637939453
target,26,"Speaking to reporters for the first time since he left the Tory caucus last week, Duffy said “Canadians deserve answers” and called for an “open inquiry” into the spending controversy.",last,20.262590408325195
target,27,"Three high-profile cases in Calgary are also in danger of being thrown out with pending Jordan applications including a kidnapping, second-degree murder and manslaughter.",mean,5.303328037261963
target,27,"Three high-profile cases in Calgary are also in danger of being thrown out with pending Jordan applications including a kidnapping, second-degree murder and manslaughter.",max,21.810379028320312
target,27,"Three high-profile cases in Calgary are also in danger of being thrown out with pending Jordan applications including a kidnapping, second-degree murder and manslaughter.",last,17.100082397460938
target,28,"Federal Justice Minister Jody Wilson-Raybould

The most powerful Aboriginal in Canada

Federal Justice Minister Jody Wilson-Raybould was marked for great things early.",mean,8.828112602233887
target,28,"Federal Justice Minister Jody Wilson-Raybould

The most powerful Aboriginal in Canada

Federal Justice Minister Jody Wilson-Raybould was marked for great things early.",max,29.626712799072266
target,28,"Federal Justice Minister Jody Wilson-Raybould

The most powerful Aboriginal in Canada

Federal Justice Minister Jody Wilson-Raybould was marked for great things early.",last,0.0
target,29,Crown Attorney Alex Smith read an agreed statement of facts to Halifax Provincial Court Judge Greg Lenehan.,mean,8.97831916809082
target,29,Crown Attorney Alex Smith read an agreed statement of facts to Halifax Provincial Court Judge Greg Lenehan.,max,26.115726470947266
target,29,Crown Attorney Alex Smith read an agreed statement of facts to Halifax Provincial Court Judge Greg Lenehan.,last,13.409562110900879
target,30,"Just ask Premier Kathleen Wynne, who is escalating her feud with Toronto Mayor John Tory after his complaints that last Thursdays’ provincial budget did not do enough for the city.",mean,4.748536586761475
target,30,"Just ask Premier Kathleen Wynne, who is escalating her feud with Toronto Mayor John Tory after his complaints that last Thursdays’ provincial budget did not do enough for the city.",max,28.765220642089844
target,30,"Just ask Premier Kathleen Wynne, who is escalating her feud with Toronto Mayor John Tory after his complaints that last Thursdays’ provincial budget did not do enough for the city.",last,8.382189750671387
target,31,A collision between a vehicle and two young cyclists has some people in Saskatoon's Mayfair neighbourhood calling for changes on their street.,mean,6.682662487030029
target,31,A collision between a vehicle and two young cyclists has some people in Saskatoon's Mayfair neighbourhood calling for changes on their street.,max,29.489177703857422
target,31,A collision between a vehicle and two young cyclists has some people in Saskatoon's Mayfair neighbourhood calling for changes on their street.,last,29.489177703857422
target,32,Proposed name change for Scarborough Bluffs Park by CityNewsToronto on Scribd,mean,6.297244548797607
target,32,Proposed name change for Scarborough Bluffs Park by CityNewsToronto on Scribd,max,16.74034309387207
target,32,Proposed name change for Scarborough Bluffs Park by CityNewsToronto on Scribd,last,0.0
target,33,"The doctored image appeared on several government websites, including Canada’s Economic Action Plan and Citizenship and Immigration Canada.",mean,5.755583763122559
target,33,"The doctored image appeared on several government websites, including Canada’s Economic Action Plan and Citizenship and Immigration Canada.",max,18.463102340698242
target,33,"The doctored image appeared on several government websites, including Canada’s Economic Action Plan and Citizenship and Immigration Canada.",last,8.156730651855469
target,34,"Driver refused to go to hospital

An RCMP vehicle and a car collided in front of the Supreme Court of Canada after a short police pursuit Sunday.",mean,7.052433967590332
target,34,"Driver refused to go to hospital

An RCMP vehicle and a car collided in front of the Supreme Court of Canada after a short police pursuit Sunday.",max,27.22797966003418
target,34,"Driver refused to go to hospital

An RCMP vehicle and a car collided in front of the Supreme Court of Canada after a short police pursuit Sunday.",last,18.511960983276367
target,35,"On July 10, Andrew Baryluk, 52, saw Manitoba's top court deny his appeal of a recent Residential Tenancies Board order granting possession of 512 Stella Ave. to another family member.",mean,7.686774730682373
target,35,"On July 10, Andrew Baryluk, 52, saw Manitoba's top court deny his appeal of a recent Residential Tenancies Board order granting possession of 512 Stella Ave. to another family member.",max,23.80252456665039
target,35,"On July 10, Andrew Baryluk, 52, saw Manitoba's top court deny his appeal of a recent Residential Tenancies Board order granting possession of 512 Stella Ave. to another family member.",last,11.825765609741211
target,36,"National security law experts Craig Forcese and Kent Roach warned in an essay published earlier this year by The Walrus magazine that the new CSIS powers are the most ""radical"" aspect of Bill C-51.",mean,7.703403472900391
target,36,"National security law experts Craig Forcese and Kent Roach warned in an essay published earlier this year by The Walrus magazine that the new CSIS powers are the most ""radical"" aspect of Bill C-51.",max,33.66633987426758
target,36,"National security law experts Craig Forcese and Kent Roach warned in an essay published earlier this year by The Walrus magazine that the new CSIS powers are the most ""radical"" aspect of Bill C-51.",last,19.590864181518555
target,37,"The policy, released at a news conference at the downtown YMCA in Toronto, puts together two years of research into housing discrimination that involved hundreds of people and dozens of organizations in Toronto, Ottawa, Kitchener and Sudbury.",mean,6.982517242431641
target,37,"The policy, released at a news conference at the downtown YMCA in Toronto, puts together two years of research into housing discrimination that involved hundreds of people and dozens of organizations in Toronto, Ottawa, Kitchener and Sudbury.",max,31.38613510131836
target,37,"The policy, released at a news conference at the downtown YMCA in Toronto, puts together two years of research into housing discrimination that involved hundreds of people and dozens of organizations in Toronto, Ottawa, Kitchener and Sudbury.",last,29.891918182373047
target,38,"(Bank of Canada/CBC)

The selected person will not be the first Canadian female to appear on a banknote.",mean,5.622844219207764
target,38,"(Bank of Canada/CBC)

The selected person will not be the first Canadian female to appear on a banknote.",max,24.071134567260742
target,38,"(Bank of Canada/CBC)

The selected person will not be the first Canadian female to appear on a banknote.",last,0.0
target,39,The MP also apologized to Liberal MP Marc Garneau in 2013 after he insulted him while responding to a question from an NDP MP.,mean,6.138965606689453
target,39,The MP also apologized to Liberal MP Marc Garneau in 2013 after he insulted him while responding to a question from an NDP MP.,max,18.924306869506836
target,39,The MP also apologized to Liberal MP Marc Garneau in 2013 after he insulted him while responding to a question from an NDP MP.,last,12.273093223571777
target,40,"Therrien did praise the RCMP for the access it granted his office during his investigation, but warned the RCMP to ""continue to make efforts toward openness and accountability in terms of the technologies it employs in its law enforcement activities.""",mean,4.973624229431152
target,40,"Therrien did praise the RCMP for the access it granted his office during his investigation, but warned the RCMP to ""continue to make efforts toward openness and accountability in terms of the technologies it employs in its law enforcement activities.""",max,26.70650863647461
target,40,"Therrien did praise the RCMP for the access it granted his office during his investigation, but warned the RCMP to ""continue to make efforts toward openness and accountability in terms of the technologies it employs in its law enforcement activities.""",last,13.653051376342773
target,41,"Next time, we’ll be there to get the cup.”

In April, Mulcair faces a leadership vote at the party’s national convention in Edmonton.",mean,6.075200080871582
target,41,"Next time, we’ll be there to get the cup.”

In April, Mulcair faces a leadership vote at the party’s national convention in Edmonton.",max,28.549617767333984
target,41,"Next time, we’ll be there to get the cup.”

In April, Mulcair faces a leadership vote at the party’s national convention in Edmonton.",last,10.845181465148926
target,42,Surrey Councillor Barinder Rasode expects her government will take a lot of heat tonight but she agrees change is needed.,mean,5.68259334564209
target,42,Surrey Councillor Barinder Rasode expects her government will take a lot of heat tonight but she agrees change is needed.,max,17.20525550842285
target,42,Surrey Councillor Barinder Rasode expects her government will take a lot of heat tonight but she agrees change is needed.,last,13.051259994506836
target,43,"Lijphart’s criticism of referenda was countered by committee witness Benoit Pelletier, a University of Ottawa constitutional expert on electoral reform and former Liberal Quebec cabinet minister in the Jean Charest government.",mean,5.922209739685059
target,43,"Lijphart’s criticism of referenda was countered by committee witness Benoit Pelletier, a University of Ottawa constitutional expert on electoral reform and former Liberal Quebec cabinet minister in the Jean Charest government.",max,30.6485595703125
target,43,"Lijphart’s criticism of referenda was countered by committee witness Benoit Pelletier, a University of Ottawa constitutional expert on electoral reform and former Liberal Quebec cabinet minister in the Jean Charest government.",last,12.177730560302734
target,44,"“Then we want a free, open and fair debate that is ideas-driven, and this just has no place in politics in Saskatchewan today.”

Following his party’s campaign launch in Saskatoon on Monday, NDP leader Cam Broten condemned both incidents of vandalism.",mean,6.259407997131348
target,44,"“Then we want a free, open and fair debate that is ideas-driven, and this just has no place in politics in Saskatchewan today.”

Following his party’s campaign launch in Saskatoon on Monday, NDP leader Cam Broten condemned both incidents of vandalism.",max,19.728534698486328
target,44,"“Then we want a free, open and fair debate that is ideas-driven, and this just has no place in politics in Saskatchewan today.”

Following his party’s campaign launch in Saskatoon on Monday, NDP leader Cam Broten condemned both incidents of vandalism.",last,13.712408065795898
target,45,Sex worker advocacy groups in British Columbia and Ontario have also asked for the operation to end.,mean,6.868025779724121
target,45,Sex worker advocacy groups in British Columbia and Ontario have also asked for the operation to end.,max,24.24481964111328
target,45,Sex worker advocacy groups in British Columbia and Ontario have also asked for the operation to end.,last,11.27920913696289
target,46,"A new bus station and staging ground for buses may be built near Investors Group Field, Winnipeg Transit director Dave Wardrop said.",mean,5.628124713897705
target,46,"A new bus station and staging ground for buses may be built near Investors Group Field, Winnipeg Transit director Dave Wardrop said.",max,21.771259307861328
target,46,"A new bus station and staging ground for buses may be built near Investors Group Field, Winnipeg Transit director Dave Wardrop said.",last,13.951168060302734
target,47,"Melissa Kate Wheeler, president of the Concordia Student Union, thinks some are victims of ""political profiling"" influenced by broader debates on issues such as the proposed charter of values.",mean,4.320788860321045
target,47,"Melissa Kate Wheeler, president of the Concordia Student Union, thinks some are victims of ""political profiling"" influenced by broader debates on issues such as the proposed charter of values.",max,24.925395965576172
target,47,"Melissa Kate Wheeler, president of the Concordia Student Union, thinks some are victims of ""political profiling"" influenced by broader debates on issues such as the proposed charter of values.",last,16.35685920715332
target,48,"At the Ontario provincial level, then leader John Tory, after his defeat in the 2007 election, had to fight off activists from the party's evangelical wing, the leader of which was (and is) MPP Frank Klees.",mean,5.409409523010254
target,48,"At the Ontario provincial level, then leader John Tory, after his defeat in the 2007 election, had to fight off activists from the party's evangelical wing, the leader of which was (and is) MPP Frank Klees.",max,18.404743194580078
target,48,"At the Ontario provincial level, then leader John Tory, after his defeat in the 2007 election, had to fight off activists from the party's evangelical wing, the leader of which was (and is) MPP Frank Klees.",last,5.149753093719482
target,49,"7 election after the Parti Québécois accused Ontarians and other Canadians of trying to steal the result, but many are still confused about who is allowed a ballot.",mean,5.804162502288818
target,49,"7 election after the Parti Québécois accused Ontarians and other Canadians of trying to steal the result, but many are still confused about who is allowed a ballot.",max,34.315086364746094
target,49,"7 election after the Parti Québécois accused Ontarians and other Canadians of trying to steal the result, but many are still confused about who is allowed a ballot.",last,7.578766822814941
target,50,"Uncle Milty weighs in in tomorow's Spec and I'll post that in the a.m.

• Ticat QB Henry Burris and CFL commish Mark Cohon are in Moncton to promote the latest version of TD Atlantic.",mean,4.726919174194336
target,50,"Uncle Milty weighs in in tomorow's Spec and I'll post that in the a.m.

• Ticat QB Henry Burris and CFL commish Mark Cohon are in Moncton to promote the latest version of TD Atlantic.",max,29.45421600341797
target,50,"Uncle Milty weighs in in tomorow's Spec and I'll post that in the a.m.

• Ticat QB Henry Burris and CFL commish Mark Cohon are in Moncton to promote the latest version of TD Atlantic.",last,0.0
target,51,"While Liberal MPs support Trudeau's action as the only one he could have taken under the political circumstances, some of them say the men now deserve to have the matter dealt with as quickly as possible.",mean,3.6923024654388428
target,51,"While Liberal MPs support Trudeau's action as the only one he could have taken under the political circumstances, some of them say the men now deserve to have the matter dealt with as quickly as possible.",max,19.44891357421875
target,51,"While Liberal MPs support Trudeau's action as the only one he could have taken under the political circumstances, some of them say the men now deserve to have the matter dealt with as quickly as possible.",last,9.586088180541992
target,52,"Stoner, 30, acknowledged through his lawyer Wednesday that he had breached the provincial Wildlife Act during the hunt in May 2013.",mean,4.139042854309082
target,52,"Stoner, 30, acknowledged through his lawyer Wednesday that he had breached the provincial Wildlife Act during the hunt in May 2013.",max,29.905723571777344
target,52,"Stoner, 30, acknowledged through his lawyer Wednesday that he had breached the provincial Wildlife Act during the hunt in May 2013.",last,12.347504615783691
target,53,"For 48 minutes, he cited the history of the idea, referenced the Dauphin pilot project on mincome in the 1970s and talked about poverty in his riding, which is one of the poorest in the country.",mean,4.899840831756592
target,53,"For 48 minutes, he cited the history of the idea, referenced the Dauphin pilot project on mincome in the 1970s and talked about poverty in his riding, which is one of the poorest in the country.",max,24.26803207397461
target,53,"For 48 minutes, he cited the history of the idea, referenced the Dauphin pilot project on mincome in the 1970s and talked about poverty in his riding, which is one of the poorest in the country.",last,14.494367599487305
target,54,"There is no escaping the fact that, if the party does return to power, such a measured pace will be hard on those hot to unravel what the Liberals have done, says Vancouver city councillor Geoff Meggs, a friend since he worked with Mr. Dix for Glen Clark.",mean,2.99233341217041
target,54,"There is no escaping the fact that, if the party does return to power, such a measured pace will be hard on those hot to unravel what the Liberals have done, says Vancouver city councillor Geoff Meggs, a friend since he worked with Mr. Dix for Glen Clark.",max,19.206260681152344
target,54,"There is no escaping the fact that, if the party does return to power, such a measured pace will be hard on those hot to unravel what the Liberals have done, says Vancouver city councillor Geoff Meggs, a friend since he worked with Mr. Dix for Glen Clark.",last,15.61863899230957
control,0,"Beer B, Kurth R. 1999.",mean,0.0
control,0,"Beer B, Kurth R. 1999.",max,0.0
control,0,"Beer B, Kurth R. 1999.",last,0.0
control,1,The survey has lots of problems — dig via Scotty’s post if you’re interested — but it’s a question worth thinking about.,mean,0.0
control,1,The survey has lots of problems — dig via Scotty’s post if you’re interested — but it’s a question worth thinking about.,max,0.0
control,1,The survey has lots of problems — dig via Scotty’s post if you’re interested — but it’s a question worth thinking about.,last,0.0
control,2,"Jimmy Herget | RHP | 2017 Teams: Pensacola & Louisville

It’s been more of the same for Jimmy Herget in 2017: dominating the opposing hitters.",mean,0.0
control,2,"Jimmy Herget | RHP | 2017 Teams: Pensacola & Louisville

It’s been more of the same for Jimmy Herget in 2017: dominating the opposing hitters.",max,0.0
control,2,"Jimmy Herget | RHP | 2017 Teams: Pensacola & Louisville

It’s been more of the same for Jimmy Herget in 2017: dominating the opposing hitters.",last,0.0
control,3,"Despite saying he wouldn't lapse into the art criticism of Viz character Finbarr Saunders, that didn't stop him wondering how long the ""wonderful creature"" was going to stay up.",mean,0.0
control,3,"Despite saying he wouldn't lapse into the art criticism of Viz character Finbarr Saunders, that didn't stop him wondering how long the ""wonderful creature"" was going to stay up.",max,0.0
control,3,"Despite saying he wouldn't lapse into the art criticism of Viz character Finbarr Saunders, that didn't stop him wondering how long the ""wonderful creature"" was going to stay up.",last,0.0
control,4,"[7] A plain glass cylinder may be used, or a vacuum flask arrangement to keep the coffee hot; this is not to be confused with a vacuum brewer—see below.",mean,0.0
control,4,"[7] A plain glass cylinder may be used, or a vacuum flask arrangement to keep the coffee hot; this is not to be confused with a vacuum brewer—see below.",max,0.0
control,4,"[7] A plain glass cylinder may be used, or a vacuum flask arrangement to keep the coffee hot; this is not to be confused with a vacuum brewer—see below.",last,0.0
control,5,"They would get away with some fine,” she regretted.",mean,0.0
control,5,"They would get away with some fine,” she regretted.",max,0.0
control,5,"They would get away with some fine,” she regretted.",last,0.0
control,6,90022213-640-3927213-640-3911 fax,mean,0.0
control,6,90022213-640-3927213-640-3911 fax,max,0.0
control,6,90022213-640-3927213-640-3911 fax,last,0.0
control,7,"AI specialist Stuart Russell of the University of California says people were ""shocked"".",mean,0.0
control,7,"AI specialist Stuart Russell of the University of California says people were ""shocked"".",max,0.0
control,7,"AI specialist Stuart Russell of the University of California says people were ""shocked"".",last,0.0
control,8,"Details - Security removed in UPnP

UPnP allows to add firewall rules dynamically.",mean,0.0
control,8,"Details - Security removed in UPnP

UPnP allows to add firewall rules dynamically.",max,0.0
control,8,"Details - Security removed in UPnP

UPnP allows to add firewall rules dynamically.",last,0.0
control,9,"The former NRG Home employee pointed out that Apple, Amazon and Google didn't start with 3 million customers or $6 billion.",mean,0.0
control,9,"The former NRG Home employee pointed out that Apple, Amazon and Google didn't start with 3 million customers or $6 billion.",max,0.0
control,9,"The former NRG Home employee pointed out that Apple, Amazon and Google didn't start with 3 million customers or $6 billion.",last,0.0
control,10,"Two witnesses helped Inglett secure Keefer until deputies arrived at the scene, reports indicate.",mean,0.7103317975997925
control,10,"Two witnesses helped Inglett secure Keefer until deputies arrived at the scene, reports indicate.",max,13.49630355834961
control,10,"Two witnesses helped Inglett secure Keefer until deputies arrived at the scene, reports indicate.",last,0.0
control,11,"In other words, the plant-based eggs functioned just as they should, by not revealing they were actually not eggs.",mean,0.0
control,11,"In other words, the plant-based eggs functioned just as they should, by not revealing they were actually not eggs.",max,0.0
control,11,"In other words, the plant-based eggs functioned just as they should, by not revealing they were actually not eggs.",last,0.0
control,12,"""[41] He said DiMedio never hid the software's tracking features from administrators or board members.",mean,0.671222984790802
control,12,"""[41] He said DiMedio never hid the software's tracking features from administrators or board members.",max,14.766904830932617
control,12,"""[41] He said DiMedio never hid the software's tracking features from administrators or board members.",last,0.0
control,13,The $40 billion in SNAP cuts will no doubt generate their own costly consequences.,mean,0.0
control,13,The $40 billion in SNAP cuts will no doubt generate their own costly consequences.,max,0.0
control,13,The $40 billion in SNAP cuts will no doubt generate their own costly consequences.,last,0.0
control,14,"Hamilton Harris (right) with the late Harold Hunter (center) and pro skater Jeff Pang, around the time Kids was filmed.",mean,0.2755466401576996
control,14,"Hamilton Harris (right) with the late Harold Hunter (center) and pro skater Jeff Pang, around the time Kids was filmed.",max,7.715305328369141
control,14,"Hamilton Harris (right) with the late Harold Hunter (center) and pro skater Jeff Pang, around the time Kids was filmed.",last,0.0
control,15,"Upon learning in December that Hallmark was one of his biggest fans, Petty visited the boy's home on Christmas Day and spent hours talking with him and his family.",mean,0.0
control,15,"Upon learning in December that Hallmark was one of his biggest fans, Petty visited the boy's home on Christmas Day and spent hours talking with him and his family.",max,0.0
control,15,"Upon learning in December that Hallmark was one of his biggest fans, Petty visited the boy's home on Christmas Day and spent hours talking with him and his family.",last,0.0
control,16,The U.S. can not condone that.,mean,0.0
control,16,The U.S. can not condone that.,max,0.0
control,16,The U.S. can not condone that.,last,0.0
control,17,All three organizations are ecstatic to connect their services through the sport of soccer.,mean,0.0
control,17,All three organizations are ecstatic to connect their services through the sport of soccer.,max,0.0
control,17,All three organizations are ecstatic to connect their services through the sport of soccer.,last,0.0
control,18,"So as soon as I land in Bogota, my boss says, ‘Javier, you're going to be responsible for the investigation of the Medellin Cartel led by Pablo Escobar,’” remembers Pena.",mean,0.0
control,18,"So as soon as I land in Bogota, my boss says, ‘Javier, you're going to be responsible for the investigation of the Medellin Cartel led by Pablo Escobar,’” remembers Pena.",max,0.0
control,18,"So as soon as I land in Bogota, my boss says, ‘Javier, you're going to be responsible for the investigation of the Medellin Cartel led by Pablo Escobar,’” remembers Pena.",last,0.0
control,19,"If this half-step isn’t your thing, if you want more functionality, buy a Mac mini.",mean,0.0
control,19,"If this half-step isn’t your thing, if you want more functionality, buy a Mac mini.",max,0.0
control,19,"If this half-step isn’t your thing, if you want more functionality, buy a Mac mini.",last,0.0
control,20,"• Hot Stove Tracker

Trumbo, a native of Anaheim, Calif., would be a major boost to the A's lineup after setting a career high with 47 home runs with the Orioles in 2016.",mean,0.0
control,20,"• Hot Stove Tracker

Trumbo, a native of Anaheim, Calif., would be a major boost to the A's lineup after setting a career high with 47 home runs with the Orioles in 2016.",max,0.0
control,20,"• Hot Stove Tracker

Trumbo, a native of Anaheim, Calif., would be a major boost to the A's lineup after setting a career high with 47 home runs with the Orioles in 2016.",last,0.0
control,21,"Third, once contracts are offered, those who were not awarded contracts will cease to exist, and thus a legal monopoly is created.",mean,0.0
control,21,"Third, once contracts are offered, those who were not awarded contracts will cease to exist, and thus a legal monopoly is created.",max,0.0
control,21,"Third, once contracts are offered, those who were not awarded contracts will cease to exist, and thus a legal monopoly is created.",last,0.0
control,22,THE PRESIDENT: That’s right.,mean,0.0
control,22,THE PRESIDENT: That’s right.,max,0.0
control,22,THE PRESIDENT: That’s right.,last,0.0
control,23,"As you can imagine, these colossal battles are easily the title's most technically demanding events, so it'll be interesting to see just how well the PS4 copes with the strain of rendering hordes of players simultaneously hurling fireballs at each other.",mean,0.0
control,23,"As you can imagine, these colossal battles are easily the title's most technically demanding events, so it'll be interesting to see just how well the PS4 copes with the strain of rendering hordes of players simultaneously hurling fireballs at each other.",max,0.0
control,23,"As you can imagine, these colossal battles are easily the title's most technically demanding events, so it'll be interesting to see just how well the PS4 copes with the strain of rendering hordes of players simultaneously hurling fireballs at each other.",last,0.0
control,24,"She contends that under the restraining order, only Kruse’s parents were allowed to show up there.",mean,0.0
control,24,"She contends that under the restraining order, only Kruse’s parents were allowed to show up there.",max,0.0
control,24,"She contends that under the restraining order, only Kruse’s parents were allowed to show up there.",last,0.0
control,25,And the trailer sets him up to look shifty.,mean,0.0
control,25,And the trailer sets him up to look shifty.,max,0.0
control,25,And the trailer sets him up to look shifty.,last,0.0
control,26,"One for me, one for my partner, and one for Derek, who I've never heard of.",mean,0.0
control,26,"One for me, one for my partner, and one for Derek, who I've never heard of.",max,0.0
control,26,"One for me, one for my partner, and one for Derek, who I've never heard of.",last,0.0
control,27,School officials can see where the students are by logging into a district computer that uses chip readers installed throughout the campus to detect their badges.,mean,0.0
control,27,School officials can see where the students are by logging into a district computer that uses chip readers installed throughout the campus to detect their badges.,max,0.0
control,27,School officials can see where the students are by logging into a district computer that uses chip readers installed throughout the campus to detect their badges.,last,0.0
control,28,Or look at a girl named Juthika.,mean,0.0
control,28,Or look at a girl named Juthika.,max,0.0
control,28,Or look at a girl named Juthika.,last,0.0
control,29,"Author Edmund Garcia, a human rights and peace advocate, and political scientist, says amending the Constitution might just magnify current problems rather than solve them.",mean,0.0
control,29,"Author Edmund Garcia, a human rights and peace advocate, and political scientist, says amending the Constitution might just magnify current problems rather than solve them.",max,0.0
control,29,"Author Edmund Garcia, a human rights and peace advocate, and political scientist, says amending the Constitution might just magnify current problems rather than solve them.",last,0.0
control,30,"Across these same networks, President Obama’s first address of a joint session of Congress on Feb. 24, 2009, drew an overnight household rating of 33.4, a difference of about 17%.",mean,0.0
control,30,"Across these same networks, President Obama’s first address of a joint session of Congress on Feb. 24, 2009, drew an overnight household rating of 33.4, a difference of about 17%.",max,0.0
control,30,"Across these same networks, President Obama’s first address of a joint session of Congress on Feb. 24, 2009, drew an overnight household rating of 33.4, a difference of about 17%.",last,0.0
control,31,"In the second scenario, too few users switch to BIP148 and the UASF fails to encourage miners to update.",mean,0.0
control,31,"In the second scenario, too few users switch to BIP148 and the UASF fails to encourage miners to update.",max,0.0
control,31,"In the second scenario, too few users switch to BIP148 and the UASF fails to encourage miners to update.",last,0.0
control,32,"But if you gave $500 to every Democratic (or Republican) candidate, you would exceed the federal limits.",mean,0.0
control,32,"But if you gave $500 to every Democratic (or Republican) candidate, you would exceed the federal limits.",max,0.0
control,32,"But if you gave $500 to every Democratic (or Republican) candidate, you would exceed the federal limits.",last,0.0
control,33,"WASHINGTON (Reuters) - The United States said on Friday it would not grant a visa to Iran’s proposed U.N. ambassador, citing the envoy’s links to the 1979-1981 hostage crisis, in a rare step that raises questions about how much influence the White House can wield over the world body.",mean,0.0
control,33,"WASHINGTON (Reuters) - The United States said on Friday it would not grant a visa to Iran’s proposed U.N. ambassador, citing the envoy’s links to the 1979-1981 hostage crisis, in a rare step that raises questions about how much influence the White House can wield over the world body.",max,0.0
control,33,"WASHINGTON (Reuters) - The United States said on Friday it would not grant a visa to Iran’s proposed U.N. ambassador, citing the envoy’s links to the 1979-1981 hostage crisis, in a rare step that raises questions about how much influence the White House can wield over the world body.",last,0.0
control,34,"Thanks to our friends at Opera, we’re teaming up to give one away to one lucky winner!",mean,0.0
control,34,"Thanks to our friends at Opera, we’re teaming up to give one away to one lucky winner!",max,0.0
control,34,"Thanks to our friends at Opera, we’re teaming up to give one away to one lucky winner!",last,0.0
control,35,"It is the leader in the Asian online gaming industry, and China is one of the most important markets.",mean,0.0
control,35,"It is the leader in the Asian online gaming industry, and China is one of the most important markets.",max,0.0
control,35,"It is the leader in the Asian online gaming industry, and China is one of the most important markets.",last,0.0
control,36,"Indeed, as late as 2003, Sir Mike Rake, the CBI boss who now tells us we mustn’t leave the EU, was solemnly assuring us that ‘the risks of staying outside the euro far outweigh any risks of joining’.",mean,0.0
control,36,"Indeed, as late as 2003, Sir Mike Rake, the CBI boss who now tells us we mustn’t leave the EU, was solemnly assuring us that ‘the risks of staying outside the euro far outweigh any risks of joining’.",max,0.0
control,36,"Indeed, as late as 2003, Sir Mike Rake, the CBI boss who now tells us we mustn’t leave the EU, was solemnly assuring us that ‘the risks of staying outside the euro far outweigh any risks of joining’.",last,0.0
control,37,"After Nero’s death, Trajan built over the remains of the palace, and over the centuries the vast complex was buried underground.",mean,0.0
control,37,"After Nero’s death, Trajan built over the remains of the palace, and over the centuries the vast complex was buried underground.",max,0.0
control,37,"After Nero’s death, Trajan built over the remains of the palace, and over the centuries the vast complex was buried underground.",last,0.0
control,38,"Like Musk, Tumlinson is one of the true believers in settlement on other worlds, and he thinks the true purpose of NASA and the nation’s space program should be to enable humans to move into the solar system.",mean,0.0
control,38,"Like Musk, Tumlinson is one of the true believers in settlement on other worlds, and he thinks the true purpose of NASA and the nation’s space program should be to enable humans to move into the solar system.",max,0.0
control,38,"Like Musk, Tumlinson is one of the true believers in settlement on other worlds, and he thinks the true purpose of NASA and the nation’s space program should be to enable humans to move into the solar system.",last,0.0
control,39,"Like many of the pioneers of American camping, they had the idea of introducing young people to the simplicity of nature.",mean,0.0
control,39,"Like many of the pioneers of American camping, they had the idea of introducing young people to the simplicity of nature.",max,0.0
control,39,"Like many of the pioneers of American camping, they had the idea of introducing young people to the simplicity of nature.",last,0.0
control,40,The bill also repeals sections of federal law establishing a unique health identifier and requires patient consent before any electronic medical records can be released to a 3rd party.,mean,0.0
control,40,The bill also repeals sections of federal law establishing a unique health identifier and requires patient consent before any electronic medical records can be released to a 3rd party.,max,0.0
control,40,The bill also repeals sections of federal law establishing a unique health identifier and requires patient consent before any electronic medical records can be released to a 3rd party.,last,0.0
control,41,"Lead author of the study, University of WA researcher Lucy Georgiou, said the research suggested corals were tougher than originally thought, when it came to withstanding ocean acidification.",mean,0.4496154487133026
control,41,"Lead author of the study, University of WA researcher Lucy Georgiou, said the research suggested corals were tougher than originally thought, when it came to withstanding ocean acidification.",max,8.925943374633789
control,41,"Lead author of the study, University of WA researcher Lucy Georgiou, said the research suggested corals were tougher than originally thought, when it came to withstanding ocean acidification.",last,7.709827423095703
control,42,"During his therapy, Retsky took a job with the research team of Dr. Judah Folkman, a renowned cancer researcher whose Boston laboratory ushered in new understandings of the way tumors grow.",mean,0.10150495171546936
control,42,"During his therapy, Retsky took a job with the research team of Dr. Judah Folkman, a renowned cancer researcher whose Boston laboratory ushered in new understandings of the way tumors grow.",max,4.263207912445068
control,42,"During his therapy, Retsky took a job with the research team of Dr. Judah Folkman, a renowned cancer researcher whose Boston laboratory ushered in new understandings of the way tumors grow.",last,0.0
control,43,"White House officials have pushed back hard on Republican claims that the Rhodes email was a ""smoking gun"" that proves the administration politicized the attack.",mean,0.0
control,43,"White House officials have pushed back hard on Republican claims that the Rhodes email was a ""smoking gun"" that proves the administration politicized the attack.",max,0.0
control,43,"White House officials have pushed back hard on Republican claims that the Rhodes email was a ""smoking gun"" that proves the administration politicized the attack.",last,0.0
control,44,Family Matters was actually a spin-off series of Perfect Strangers.,mean,0.0
control,44,Family Matters was actually a spin-off series of Perfect Strangers.,max,0.0
control,44,Family Matters was actually a spin-off series of Perfect Strangers.,last,0.0
control,45,"The Good:

– Visually stunning with high production values from music to short cinematics.",mean,0.0
control,45,"The Good:

– Visually stunning with high production values from music to short cinematics.",max,0.0
control,45,"The Good:

– Visually stunning with high production values from music to short cinematics.",last,0.0
control,46,"With Zappa, you can run existing Python web applications on AWS Lambda thanks to the magic of WSGI.",mean,0.0
control,46,"With Zappa, you can run existing Python web applications on AWS Lambda thanks to the magic of WSGI.",max,0.0
control,46,"With Zappa, you can run existing Python web applications on AWS Lambda thanks to the magic of WSGI.",last,0.0
control,47,"At one point, he was quarantined due to illness away from the other riders for weeks.",mean,0.0
control,47,"At one point, he was quarantined due to illness away from the other riders for weeks.",max,0.0
control,47,"At one point, he was quarantined due to illness away from the other riders for weeks.",last,0.0
control,48,"For the latest analysis, commentary and news updates, sign up for our WhatsApp services.",mean,0.0
control,48,"For the latest analysis, commentary and news updates, sign up for our WhatsApp services.",max,0.0
control,48,"For the latest analysis, commentary and news updates, sign up for our WhatsApp services.",last,0.0
control,49,Russian President Vladimir Putin said so as soon as prices started to drop.,mean,0.0
control,49,Russian President Vladimir Putin said so as soon as prices started to drop.,max,0.0
control,49,Russian President Vladimir Putin said so as soon as prices started to drop.,last,0.0
control,50,"Anne McCaw ""I thought to myself, my goodness, I've got a seal on the roof, this is unreal.""",mean,0.0
control,50,"Anne McCaw ""I thought to myself, my goodness, I've got a seal on the roof, this is unreal.""",max,0.0
control,50,"Anne McCaw ""I thought to myself, my goodness, I've got a seal on the roof, this is unreal.""",last,0.0
control,51,It’s not going to change and they’re mostly going to be stapled to the bench however this game plays out.,mean,0.0
control,51,It’s not going to change and they’re mostly going to be stapled to the bench however this game plays out.,max,0.0
control,51,It’s not going to change and they’re mostly going to be stapled to the bench however this game plays out.,last,0.0
control,52,"""My dream is right now, the present,"" he concluded.",mean,0.0
control,52,"""My dream is right now, the present,"" he concluded.",max,0.0
control,52,"""My dream is right now, the present,"" he concluded.",last,0.0
control,53,New Orleans and Arlington are considered the overwhelming favorites.,mean,0.0
control,53,New Orleans and Arlington are considered the overwhelming favorites.,max,0.0
control,53,New Orleans and Arlington are considered the overwhelming favorites.,last,0.0
control,54,Yeah it's really nice to be back in Europe.,mean,0.0
control,54,Yeah it's really nice to be back in Europe.,max,0.0
control,54,Yeah it's really nice to be back in Europe.,last,0.0
control,55,Despite being of medium heat this was completely tolerable and was not hot for my often sensitive stomach.,mean,0.0
control,55,Despite being of medium heat this was completely tolerable and was not hot for my often sensitive stomach.,max,0.0
control,55,Despite being of medium heat this was completely tolerable and was not hot for my often sensitive stomach.,last,0.0
control,56,The man you see in public is the man you're going to get if you elect him to the White House.,mean,0.0
control,56,The man you see in public is the man you're going to get if you elect him to the White House.,max,0.0
control,56,The man you see in public is the man you're going to get if you elect him to the White House.,last,0.0
control,57,"In some cases, it's about keeping your data private.",mean,0.0
control,57,"In some cases, it's about keeping your data private.",max,0.0
control,57,"In some cases, it's about keeping your data private.",last,0.0
control,58,And most critics — including the men — are saying it’s a pretty good summer romp.,mean,0.0
control,58,And most critics — including the men — are saying it’s a pretty good summer romp.,max,0.0
control,58,And most critics — including the men — are saying it’s a pretty good summer romp.,last,0.0
control,59,"Spectre is a hero that has been held back competitively by aggressive trilanes, but her public win rates over the last couple patches have been consistently high, which I suspect is a result of people finally catching on to the buff Desolate saw back in 6.75.",mean,0.0
control,59,"Spectre is a hero that has been held back competitively by aggressive trilanes, but her public win rates over the last couple patches have been consistently high, which I suspect is a result of people finally catching on to the buff Desolate saw back in 6.75.",max,0.0
control,59,"Spectre is a hero that has been held back competitively by aggressive trilanes, but her public win rates over the last couple patches have been consistently high, which I suspect is a result of people finally catching on to the buff Desolate saw back in 6.75.",last,0.0
control,60,"Under the court's ruling, groups likely would have to disclose their donors if those ads run close to an election.",mean,0.0
control,60,"Under the court's ruling, groups likely would have to disclose their donors if those ads run close to an election.",max,0.0
control,60,"Under the court's ruling, groups likely would have to disclose their donors if those ads run close to an election.",last,0.0
control,61,"But the U.S. has sent back two Chinese fugitives in the past three months, including one suspected of rape.",mean,0.0
control,61,"But the U.S. has sent back two Chinese fugitives in the past three months, including one suspected of rape.",max,0.0
control,61,"But the U.S. has sent back two Chinese fugitives in the past three months, including one suspected of rape.",last,0.0
control,62,He thought he was a rapper.” Kent giggles.,mean,0.0
control,62,He thought he was a rapper.” Kent giggles.,max,0.0
control,62,He thought he was a rapper.” Kent giggles.,last,0.0
control,63,"While machine learning is certainly related to these fields, there are some notable differences.",mean,0.0
control,63,"While machine learning is certainly related to these fields, there are some notable differences.",max,0.0
control,63,"While machine learning is certainly related to these fields, there are some notable differences.",last,0.0
control,64,"“Fine, he votes for it years later when it’s more popular and the pressure is off.",mean,0.0
control,64,"“Fine, he votes for it years later when it’s more popular and the pressure is off.",max,0.0
control,64,"“Fine, he votes for it years later when it’s more popular and the pressure is off.",last,0.0
control,65,"An hour later another car bomb exploded in the same area, killing two children.",mean,0.0
control,65,"An hour later another car bomb exploded in the same area, killing two children.",max,0.0
control,65,"An hour later another car bomb exploded in the same area, killing two children.",last,0.0
control,66,"In the December 2004 issue of SPIN, we published Los Angeles journalist/musician Liam Gowing’s detailed, empathetic look at the last years of Elliott Smith’s life and the circumstances that led up to the Grammy-nominated singer-songwriter’s apparent suicide.",mean,0.0
control,66,"In the December 2004 issue of SPIN, we published Los Angeles journalist/musician Liam Gowing’s detailed, empathetic look at the last years of Elliott Smith’s life and the circumstances that led up to the Grammy-nominated singer-songwriter’s apparent suicide.",max,0.0
control,66,"In the December 2004 issue of SPIN, we published Los Angeles journalist/musician Liam Gowing’s detailed, empathetic look at the last years of Elliott Smith’s life and the circumstances that led up to the Grammy-nominated singer-songwriter’s apparent suicide.",last,0.0
control,67,I was glad to see clients of sex trade workers defended.,mean,2.4762327671051025
control,67,I was glad to see clients of sex trade workers defended.,max,18.71962547302246
control,67,I was glad to see clients of sex trade workers defended.,last,0.0
control,68,"Pretty straight forward, here’s an example:

@ Component ({ moduleId : module .",mean,0.0
control,68,"Pretty straight forward, here’s an example:

@ Component ({ moduleId : module .",max,0.0
control,68,"Pretty straight forward, here’s an example:

@ Component ({ moduleId : module .",last,0.0
control,69,The key points: it is an abdication of America’s exceptional role in the world to look away from the horrific use of poison gas to wipe out civilian populations and kill rebels in a civil war.,mean,0.0
control,69,The key points: it is an abdication of America’s exceptional role in the world to look away from the horrific use of poison gas to wipe out civilian populations and kill rebels in a civil war.,max,0.0
control,69,The key points: it is an abdication of America’s exceptional role in the world to look away from the horrific use of poison gas to wipe out civilian populations and kill rebels in a civil war.,last,0.0
control,70,"Ostrom’s protege, American palaeontologist Robert Bakker, produced sketches of Deinonychus and other dinosaurs in highly dynamic poses while depicting bird-like musculature instead of flaccid reptilian limbs.",mean,0.0
control,70,"Ostrom’s protege, American palaeontologist Robert Bakker, produced sketches of Deinonychus and other dinosaurs in highly dynamic poses while depicting bird-like musculature instead of flaccid reptilian limbs.",max,0.0
control,70,"Ostrom’s protege, American palaeontologist Robert Bakker, produced sketches of Deinonychus and other dinosaurs in highly dynamic poses while depicting bird-like musculature instead of flaccid reptilian limbs.",last,0.0
control,71,"Save integrity continues to be at the forefront of our minds, and thankfully there’s nothing to report on this matter.",mean,0.0
control,71,"Save integrity continues to be at the forefront of our minds, and thankfully there’s nothing to report on this matter.",max,0.0
control,71,"Save integrity continues to be at the forefront of our minds, and thankfully there’s nothing to report on this matter.",last,0.0
control,72,"It was a pity, Suradanna thought, as she threw another piece of wood onto the signal fire, that her parents had not thought to consider her prospects from the opposite angle: after a fifteen-year run of luck, the Phoenix With Seaweed Feathers was just about due for a colossal smash-up.",mean,0.0
control,72,"It was a pity, Suradanna thought, as she threw another piece of wood onto the signal fire, that her parents had not thought to consider her prospects from the opposite angle: after a fifteen-year run of luck, the Phoenix With Seaweed Feathers was just about due for a colossal smash-up.",max,0.0
control,72,"It was a pity, Suradanna thought, as she threw another piece of wood onto the signal fire, that her parents had not thought to consider her prospects from the opposite angle: after a fifteen-year run of luck, the Phoenix With Seaweed Feathers was just about due for a colossal smash-up.",last,0.0
control,73,"Open )) { using ( FileStream fileStream2 = new FileStream ( string_1 , FileMode .",mean,0.0
control,73,"Open )) { using ( FileStream fileStream2 = new FileStream ( string_1 , FileMode .",max,0.0
control,73,"Open )) { using ( FileStream fileStream2 = new FileStream ( string_1 , FileMode .",last,0.0
control,74,"So, we have only his art and the subjects he paints and that will have to do for purposes of this post.",mean,0.0
control,74,"So, we have only his art and the subjects he paints and that will have to do for purposes of this post.",max,0.0
control,74,"So, we have only his art and the subjects he paints and that will have to do for purposes of this post.",last,0.0
control,75,"He had worked the rest of the day, and had promised his children and their friends a vacation for months on July 4 weekend.",mean,0.0
control,75,"He had worked the rest of the day, and had promised his children and their friends a vacation for months on July 4 weekend.",max,0.0
control,75,"He had worked the rest of the day, and had promised his children and their friends a vacation for months on July 4 weekend.",last,0.0
control,76,"The Moral Case for AI in Healthcare

Medicine is life and death.",mean,0.0
control,76,"The Moral Case for AI in Healthcare

Medicine is life and death.",max,0.0
control,76,"The Moral Case for AI in Healthcare

Medicine is life and death.",last,0.0
control,77,There are also dining services on campus that are Halal.,mean,0.0
control,77,There are also dining services on campus that are Halal.,max,0.0
control,77,There are also dining services on campus that are Halal.,last,0.0
control,78,"“After much consideration about the direction we wanted to go from now on, we decided to focus on our individual activities for now and were discussing with our current agency about cancelling our contracts,” the singers revealed.",mean,0.0
control,78,"“After much consideration about the direction we wanted to go from now on, we decided to focus on our individual activities for now and were discussing with our current agency about cancelling our contracts,” the singers revealed.",max,0.0
control,78,"“After much consideration about the direction we wanted to go from now on, we decided to focus on our individual activities for now and were discussing with our current agency about cancelling our contracts,” the singers revealed.",last,0.0
control,79,"In their joint statement, Lavrov and Al-Faisal said that the stalled Geneva peace talks, which aim to agree on a transitional government, should remain the “basis of resolving the Syrian problem.”

The fact that the Saudi foreign minister came to Moscow “shows there is a real narrowing of positions but in practice it will be very hard,” Suponina said.",mean,0.0
control,79,"In their joint statement, Lavrov and Al-Faisal said that the stalled Geneva peace talks, which aim to agree on a transitional government, should remain the “basis of resolving the Syrian problem.”

The fact that the Saudi foreign minister came to Moscow “shows there is a real narrowing of positions but in practice it will be very hard,” Suponina said.",max,0.0
control,79,"In their joint statement, Lavrov and Al-Faisal said that the stalled Geneva peace talks, which aim to agree on a transitional government, should remain the “basis of resolving the Syrian problem.”

The fact that the Saudi foreign minister came to Moscow “shows there is a real narrowing of positions but in practice it will be very hard,” Suponina said.",last,0.0
control,80,"Instead, Abrams wanted to abolish the pseudonyms and make a website that would allow its users to connect to their friends and build an online social network.",mean,0.0
control,80,"Instead, Abrams wanted to abolish the pseudonyms and make a website that would allow its users to connect to their friends and build an online social network.",max,0.0
control,80,"Instead, Abrams wanted to abolish the pseudonyms and make a website that would allow its users to connect to their friends and build an online social network.",last,0.0
control,81,"Which I know, because she’d have put a slug in me at the door already if she could’ve.”

The cards split, turn, shuffle, stack.",mean,0.0
control,81,"Which I know, because she’d have put a slug in me at the door already if she could’ve.”

The cards split, turn, shuffle, stack.",max,0.0
control,81,"Which I know, because she’d have put a slug in me at the door already if she could’ve.”

The cards split, turn, shuffle, stack.",last,0.0
control,82,A large part of my research therefore deals with the question of how democratic media performance can be assessed in a comparative perspective.,mean,0.0
control,82,A large part of my research therefore deals with the question of how democratic media performance can be assessed in a comparative perspective.,max,0.0
control,82,A large part of my research therefore deals with the question of how democratic media performance can be assessed in a comparative perspective.,last,0.0
control,83,I am glad that I got this ramen and added the meat.,mean,0.0
control,83,I am glad that I got this ramen and added the meat.,max,0.0
control,83,I am glad that I got this ramen and added the meat.,last,0.0
control,84,"We are not warming, said Steele during a recent turn guest-hosting Bill Bennetts conservative radio show.",mean,0.0
control,84,"We are not warming, said Steele during a recent turn guest-hosting Bill Bennetts conservative radio show.",max,0.0
control,84,"We are not warming, said Steele during a recent turn guest-hosting Bill Bennetts conservative radio show.",last,0.0
control,85,"I asked the director where they got it from and he said, 'It's real, it happened in my life'.",mean,0.0
control,85,"I asked the director where they got it from and he said, 'It's real, it happened in my life'.",max,0.0
control,85,"I asked the director where they got it from and he said, 'It's real, it happened in my life'.",last,0.0
control,86,"0

jamois added 11:04 - Sep 2

Good stuff there Clive - you started off very well with a good common sense 5 paragraphs of text before the first picture.",mean,0.0
control,86,"0

jamois added 11:04 - Sep 2

Good stuff there Clive - you started off very well with a good common sense 5 paragraphs of text before the first picture.",max,0.0
control,86,"0

jamois added 11:04 - Sep 2

Good stuff there Clive - you started off very well with a good common sense 5 paragraphs of text before the first picture.",last,0.0
control,87,"In other words, wealth needs to be redistributed as a first step towards democratizing a nation and strengthening its institutions.",mean,0.0
control,87,"In other words, wealth needs to be redistributed as a first step towards democratizing a nation and strengthening its institutions.",max,0.0
control,87,"In other words, wealth needs to be redistributed as a first step towards democratizing a nation and strengthening its institutions.",last,0.0
control,88,"In part one, I looked at the game with a broad overview, examining where it might fit in the current games market.",mean,0.0
control,88,"In part one, I looked at the game with a broad overview, examining where it might fit in the current games market.",max,0.0
control,88,"In part one, I looked at the game with a broad overview, examining where it might fit in the current games market.",last,0.0
control,89,We also received multiple units from every test participant in order to test the consistency of sizing and build for each submission.,mean,0.0
control,89,We also received multiple units from every test participant in order to test the consistency of sizing and build for each submission.,max,0.0
control,89,We also received multiple units from every test participant in order to test the consistency of sizing and build for each submission.,last,0.0
control,90,"Email Filtering by ISPs and Deliverability Issues

Email filters are a fact of life, especially for an email marketer.",mean,0.0
control,90,"Email Filtering by ISPs and Deliverability Issues

Email filters are a fact of life, especially for an email marketer.",max,0.0
control,90,"Email Filtering by ISPs and Deliverability Issues

Email filters are a fact of life, especially for an email marketer.",last,0.0
control,91,"Watching the show on that Sunday night had been the man’s wife, who had wondered where he had been for the past few years after he walked out on her and their two small kids.",mean,0.0
control,91,"Watching the show on that Sunday night had been the man’s wife, who had wondered where he had been for the past few years after he walked out on her and their two small kids.",max,0.0
control,91,"Watching the show on that Sunday night had been the man’s wife, who had wondered where he had been for the past few years after he walked out on her and their two small kids.",last,0.0
control,92,"In the first stage (""learning""), volunteers learned to associate words with pictures.",mean,0.0
control,92,"In the first stage (""learning""), volunteers learned to associate words with pictures.",max,0.0
control,92,"In the first stage (""learning""), volunteers learned to associate words with pictures.",last,0.0
control,93,"When Craig Ritter found the first “rock” about the size of a pool ball, he remembered thinking, “This is not natural.” The “rocks” crumbled when rubbed together and left an oil sheen on the water surface.",mean,0.0
control,93,"When Craig Ritter found the first “rock” about the size of a pool ball, he remembered thinking, “This is not natural.” The “rocks” crumbled when rubbed together and left an oil sheen on the water surface.",max,0.0
control,93,"When Craig Ritter found the first “rock” about the size of a pool ball, he remembered thinking, “This is not natural.” The “rocks” crumbled when rubbed together and left an oil sheen on the water surface.",last,0.0
control,94,"We found that if the publishers don’t own your IP, they don’t have any incentive to push your game.",mean,0.0
control,94,"We found that if the publishers don’t own your IP, they don’t have any incentive to push your game.",max,0.0
control,94,"We found that if the publishers don’t own your IP, they don’t have any incentive to push your game.",last,0.0
control,95,"GETTY Farage repeatedly claimed the EU was a project in denial

GETTY Liam Fox welcomed the report that UK exports have hit record levels",mean,0.0
control,95,"GETTY Farage repeatedly claimed the EU was a project in denial

GETTY Liam Fox welcomed the report that UK exports have hit record levels",max,0.0
control,95,"GETTY Farage repeatedly claimed the EU was a project in denial

GETTY Liam Fox welcomed the report that UK exports have hit record levels",last,0.0
control,96,"It’s been rumored that Apple is now in “crunch time” with iOS 7, and pulling engineers of OS X 10.9 to make sure it gets out as soon as possible.",mean,0.0
control,96,"It’s been rumored that Apple is now in “crunch time” with iOS 7, and pulling engineers of OS X 10.9 to make sure it gets out as soon as possible.",max,0.0
control,96,"It’s been rumored that Apple is now in “crunch time” with iOS 7, and pulling engineers of OS X 10.9 to make sure it gets out as soon as possible.",last,0.0
control,97,"(Bastien Inzaurralde/The Washington Post)

Labor Secretary Tom Perez joined the race to lead the Democratic National Committee today, joining voting members of the DNC on a conference call to argue that his executive experience and organizing background made him uniquely qualified.",mean,0.0
control,97,"(Bastien Inzaurralde/The Washington Post)

Labor Secretary Tom Perez joined the race to lead the Democratic National Committee today, joining voting members of the DNC on a conference call to argue that his executive experience and organizing background made him uniquely qualified.",max,0.0
control,97,"(Bastien Inzaurralde/The Washington Post)

Labor Secretary Tom Perez joined the race to lead the Democratic National Committee today, joining voting members of the DNC on a conference call to argue that his executive experience and organizing background made him uniquely qualified.",last,0.0
control,98,"Michael Beaton, 77, received the 15-month conditional sentence in court Tuesday after being convicted in June of two cases of indecent assault and one case of sexual assault involving three male patients who had sought treatment from him for neck and back pain.",mean,1.414697527885437
control,98,"Michael Beaton, 77, received the 15-month conditional sentence in court Tuesday after being convicted in June of two cases of indecent assault and one case of sexual assault involving three male patients who had sought treatment from him for neck and back pain.",max,17.33305549621582
control,98,"Michael Beaton, 77, received the 15-month conditional sentence in court Tuesday after being convicted in June of two cases of indecent assault and one case of sexual assault involving three male patients who had sought treatment from him for neck and back pain.",last,10.312037467956543
control,99,He couldn’t even leave home without help.,mean,0.0
control,99,He couldn’t even leave home without help.,max,0.0
control,99,He couldn’t even leave home without help.,last,0.0
control,100,And every time I hear that CLOP-LOMP!,mean,0.0
control,100,And every time I hear that CLOP-LOMP!,max,0.0
control,100,And every time I hear that CLOP-LOMP!,last,0.0
control,101,"While it was “bad enough” that patients were given false hope, the department wrote, “what is even worse is that the patients and their physicians were diverted from prescribing other medications that may have been effective.”

2nd quarter, 2002 $10,535,280 Trisenox’s cumulative revenue

Wining and dining the doctors

In May 2002, 16 physicians gathered at the W San Francisco Hotel, a luxurious urban retreat with panoramic views of the city.",mean,0.0
control,101,"While it was “bad enough” that patients were given false hope, the department wrote, “what is even worse is that the patients and their physicians were diverted from prescribing other medications that may have been effective.”

2nd quarter, 2002 $10,535,280 Trisenox’s cumulative revenue

Wining and dining the doctors

In May 2002, 16 physicians gathered at the W San Francisco Hotel, a luxurious urban retreat with panoramic views of the city.",max,0.0
control,101,"While it was “bad enough” that patients were given false hope, the department wrote, “what is even worse is that the patients and their physicians were diverted from prescribing other medications that may have been effective.”

2nd quarter, 2002 $10,535,280 Trisenox’s cumulative revenue

Wining and dining the doctors

In May 2002, 16 physicians gathered at the W San Francisco Hotel, a luxurious urban retreat with panoramic views of the city.",last,0.0
control,102,"In the song's bridge, Morrison repeats the phrase ""Mr. Mojo Risin',"" which is an anagram of ""Jim Morrison"".",mean,0.0
control,102,"In the song's bridge, Morrison repeats the phrase ""Mr. Mojo Risin',"" which is an anagram of ""Jim Morrison"".",max,0.0
control,102,"In the song's bridge, Morrison repeats the phrase ""Mr. Mojo Risin',"" which is an anagram of ""Jim Morrison"".",last,0.0
control,103,"Further, Austria, Bulgaria, Czech Republic, Estonia, Finland, France, Germany, Greece, Lithuania, Norway, Portugal, Slovakia, and Spain have all issued formal comments on the proposal.",mean,0.0
control,103,"Further, Austria, Bulgaria, Czech Republic, Estonia, Finland, France, Germany, Greece, Lithuania, Norway, Portugal, Slovakia, and Spain have all issued formal comments on the proposal.",max,0.0
control,103,"Further, Austria, Bulgaria, Czech Republic, Estonia, Finland, France, Germany, Greece, Lithuania, Norway, Portugal, Slovakia, and Spain have all issued formal comments on the proposal.",last,0.0
control,104,"The OOW divides them up into four buckets:

Projects along the main Alaskan Way north/south corridor;

East-west connections from the waterfront;

Restoration, development and activation of public piers; and

Partner projects such as the seawall replacement, the Washington State Ferries Colman Dock replacement, and the Aquarium expansion.",mean,0.0
control,104,"The OOW divides them up into four buckets:

Projects along the main Alaskan Way north/south corridor;

East-west connections from the waterfront;

Restoration, development and activation of public piers; and

Partner projects such as the seawall replacement, the Washington State Ferries Colman Dock replacement, and the Aquarium expansion.",max,0.0
control,104,"The OOW divides them up into four buckets:

Projects along the main Alaskan Way north/south corridor;

East-west connections from the waterfront;

Restoration, development and activation of public piers; and

Partner projects such as the seawall replacement, the Washington State Ferries Colman Dock replacement, and the Aquarium expansion.",last,0.0
control,105,"The US Supreme Court will likely determine the case's final outcome.Mr Trump's January 27 executive order barred entry for citizens from Iran, Iraq, Libya, Somalia, Sudan, Syria and Yemen for 90 days and imposed a 120-day halt on all refugees, except refugees from Syria who are barred indefinitely.Shortly after the ruling, Mr Trump tweeted:Ms Clinton was not the only critic celebrating the decision, politicians, pundits and activists around the country celebrated the victory against the administration.",mean,0.0
control,105,"The US Supreme Court will likely determine the case's final outcome.Mr Trump's January 27 executive order barred entry for citizens from Iran, Iraq, Libya, Somalia, Sudan, Syria and Yemen for 90 days and imposed a 120-day halt on all refugees, except refugees from Syria who are barred indefinitely.Shortly after the ruling, Mr Trump tweeted:Ms Clinton was not the only critic celebrating the decision, politicians, pundits and activists around the country celebrated the victory against the administration.",max,0.0
control,105,"The US Supreme Court will likely determine the case's final outcome.Mr Trump's January 27 executive order barred entry for citizens from Iran, Iraq, Libya, Somalia, Sudan, Syria and Yemen for 90 days and imposed a 120-day halt on all refugees, except refugees from Syria who are barred indefinitely.Shortly after the ruling, Mr Trump tweeted:Ms Clinton was not the only critic celebrating the decision, politicians, pundits and activists around the country celebrated the victory against the administration.",last,0.0
control,106,"""We created Cylon.js to make IoT development as easy as web development"" says Ron Evans, the creator of Cylon.js and 'Ringleader' of The Hybrid Group, the software consultancy that has sponsored the open source project.",mean,0.0
control,106,"""We created Cylon.js to make IoT development as easy as web development"" says Ron Evans, the creator of Cylon.js and 'Ringleader' of The Hybrid Group, the software consultancy that has sponsored the open source project.",max,0.0
control,106,"""We created Cylon.js to make IoT development as easy as web development"" says Ron Evans, the creator of Cylon.js and 'Ringleader' of The Hybrid Group, the software consultancy that has sponsored the open source project.",last,0.0
control,107,"(See the related story, KGOV.com/pot.)",mean,0.0
control,107,"(See the related story, KGOV.com/pot.)",max,0.0
control,107,"(See the related story, KGOV.com/pot.)",last,0.0
control,108,"In another official teaser issued by the Shenzhen, Guangdong-based OEM, the company confirmed that its next high-end phone will be powered by the Snapdragon 835 system-on-chip (SoC), Qualcomm's octa-core piece of silicon manufactured on the 10nm process.",mean,0.0
control,108,"In another official teaser issued by the Shenzhen, Guangdong-based OEM, the company confirmed that its next high-end phone will be powered by the Snapdragon 835 system-on-chip (SoC), Qualcomm's octa-core piece of silicon manufactured on the 10nm process.",max,0.0
control,108,"In another official teaser issued by the Shenzhen, Guangdong-based OEM, the company confirmed that its next high-end phone will be powered by the Snapdragon 835 system-on-chip (SoC), Qualcomm's octa-core piece of silicon manufactured on the 10nm process.",last,0.0
control,109,All they have is a trial and error approach to learning which mostly produces mediocre results.,mean,0.0
control,109,All they have is a trial and error approach to learning which mostly produces mediocre results.,max,0.0
control,109,All they have is a trial and error approach to learning which mostly produces mediocre results.,last,0.0
control,110,The fact of the matter is that it's in the past.,mean,0.0
control,110,The fact of the matter is that it's in the past.,max,0.0
control,110,The fact of the matter is that it's in the past.,last,0.0
control,111,"The bulk freighter named Jie Shun was flying Cambodian colors but had sailed from North Korea, the warning said, with a North Korean crew and an unknown cargo shrouded by heavy tarps.",mean,0.0
control,111,"The bulk freighter named Jie Shun was flying Cambodian colors but had sailed from North Korea, the warning said, with a North Korean crew and an unknown cargo shrouded by heavy tarps.",max,0.0
control,111,"The bulk freighter named Jie Shun was flying Cambodian colors but had sailed from North Korea, the warning said, with a North Korean crew and an unknown cargo shrouded by heavy tarps.",last,0.0
control,112,The application lists the location as 3511 Lincolnway West.,mean,0.0
control,112,The application lists the location as 3511 Lincolnway West.,max,0.0
control,112,The application lists the location as 3511 Lincolnway West.,last,0.0
control,113,"In her TED Talk, she discusses what she's learned from her career and how she is learning to become a hero in her own life.",mean,0.0
control,113,"In her TED Talk, she discusses what she's learned from her career and how she is learning to become a hero in her own life.",max,0.0
control,113,"In her TED Talk, she discusses what she's learned from her career and how she is learning to become a hero in her own life.",last,0.0
control,114,"When, in the United States, you commit an illegal act, do you justify it in terms of justice or of a superior legality, or do you justify it by the necessity of the class struggle, which is at the present time essential for the proletariat in their struggle against the ruling class?",mean,0.0
control,114,"When, in the United States, you commit an illegal act, do you justify it in terms of justice or of a superior legality, or do you justify it by the necessity of the class struggle, which is at the present time essential for the proletariat in their struggle against the ruling class?",max,0.0
control,114,"When, in the United States, you commit an illegal act, do you justify it in terms of justice or of a superior legality, or do you justify it by the necessity of the class struggle, which is at the present time essential for the proletariat in their struggle against the ruling class?",last,0.0
control,115,"Rudder did a number of things at Microsoft over the last quarter century, but his final tenure involved the same education efforts that Lu is taking on.",mean,0.0
control,115,"Rudder did a number of things at Microsoft over the last quarter century, but his final tenure involved the same education efforts that Lu is taking on.",max,0.0
control,115,"Rudder did a number of things at Microsoft over the last quarter century, but his final tenure involved the same education efforts that Lu is taking on.",last,0.0
control,116,All rights reserved.,mean,0.0
control,116,All rights reserved.,max,0.0
control,116,All rights reserved.,last,0.0
control,117,"In 2017, a ConsumerLabs.com report found arsenic contamination in one of six supplements they tested in the U.S.",mean,0.0
control,117,"In 2017, a ConsumerLabs.com report found arsenic contamination in one of six supplements they tested in the U.S.",max,0.0
control,117,"In 2017, a ConsumerLabs.com report found arsenic contamination in one of six supplements they tested in the U.S.",last,0.0
control,118,"Oh, and in case you’re wondering, the squid ink pasta, does not have any fishy taste, or smell.",mean,0.0
control,118,"Oh, and in case you’re wondering, the squid ink pasta, does not have any fishy taste, or smell.",max,0.0
control,118,"Oh, and in case you’re wondering, the squid ink pasta, does not have any fishy taste, or smell.",last,0.0
control,119,"[173] Sometimes, they are incorporated into ritual objects for their religious significance.",mean,0.0
control,119,"[173] Sometimes, they are incorporated into ritual objects for their religious significance.",max,0.0
control,119,"[173] Sometimes, they are incorporated into ritual objects for their religious significance.",last,0.0
control,120,"[6]

The band's first 7"" EPs, Minor Threat and In My Eyes, were released in 1981.",mean,0.15183717012405396
control,120,"[6]

The band's first 7"" EPs, Minor Threat and In My Eyes, were released in 1981.",max,4.251440525054932
control,120,"[6]

The band's first 7"" EPs, Minor Threat and In My Eyes, were released in 1981.",last,0.0
control,121,"Since then, there have been at least 11 other instances where attackers used cars to kill dozens and injure many more.",mean,0.0
control,121,"Since then, there have been at least 11 other instances where attackers used cars to kill dozens and injure many more.",max,0.0
control,121,"Since then, there have been at least 11 other instances where attackers used cars to kill dozens and injure many more.",last,0.0
control,122,"In a world where the developer's time is orders of magnitude more expensive than the hardware (a recent phenomenon), this also means faster iterations and less data-optimization overhead.",mean,0.0
control,122,"In a world where the developer's time is orders of magnitude more expensive than the hardware (a recent phenomenon), this also means faster iterations and less data-optimization overhead.",max,0.0
control,122,"In a world where the developer's time is orders of magnitude more expensive than the hardware (a recent phenomenon), this also means faster iterations and less data-optimization overhead.",last,0.0
control,123,"The film was produced by Allspark Pictures and DHX Media,[4][5] using traditional animation created with Toon Boom Harmony.",mean,1.4705532789230347
control,123,"The film was produced by Allspark Pictures and DHX Media,[4][5] using traditional animation created with Toon Boom Harmony.",max,20.025938034057617
control,123,"The film was produced by Allspark Pictures and DHX Media,[4][5] using traditional animation created with Toon Boom Harmony.",last,0.0
control,124,"Daniel Lieberman, the Harvard evolutionary biologist sometimes credited for sparking the barefoot running revolution, has a new book out—The Story of the Human Body—and it’s a doozy.",mean,0.0
control,124,"Daniel Lieberman, the Harvard evolutionary biologist sometimes credited for sparking the barefoot running revolution, has a new book out—The Story of the Human Body—and it’s a doozy.",max,0.0
control,124,"Daniel Lieberman, the Harvard evolutionary biologist sometimes credited for sparking the barefoot running revolution, has a new book out—The Story of the Human Body—and it’s a doozy.",last,0.0
control,125,"According to the flyer posted on OIS’s facebook page, Dr. Swamy is scheduled to speak on the topic, “Economic development over the years and new reforms needed to take India forward.” Mr. Malhotra will present his views on the subject of “Rethinking India History based on the book Breaking India: Western Intervention in Dravidian and Dalit faultlines”.",mean,0.0
control,125,"According to the flyer posted on OIS’s facebook page, Dr. Swamy is scheduled to speak on the topic, “Economic development over the years and new reforms needed to take India forward.” Mr. Malhotra will present his views on the subject of “Rethinking India History based on the book Breaking India: Western Intervention in Dravidian and Dalit faultlines”.",max,0.0
control,125,"According to the flyer posted on OIS’s facebook page, Dr. Swamy is scheduled to speak on the topic, “Economic development over the years and new reforms needed to take India forward.” Mr. Malhotra will present his views on the subject of “Rethinking India History based on the book Breaking India: Western Intervention in Dravidian and Dalit faultlines”.",last,0.0
control,126,"[138]

On 7 February, Civil Protection director Franco Gabrielli told the Italian Senate that the waters were not crystal-clear but are ""within the legal limits.",mean,0.0
control,126,"[138]

On 7 February, Civil Protection director Franco Gabrielli told the Italian Senate that the waters were not crystal-clear but are ""within the legal limits.",max,0.0
control,126,"[138]

On 7 February, Civil Protection director Franco Gabrielli told the Italian Senate that the waters were not crystal-clear but are ""within the legal limits.",last,0.0
control,127,The goal is very close and you can see the build-up of plays clearly right up to the finish.,mean,0.0
control,127,The goal is very close and you can see the build-up of plays clearly right up to the finish.,max,0.0
control,127,The goal is very close and you can see the build-up of plays clearly right up to the finish.,last,0.0
control,128,Torrey Mitchell is a tenacious checker and a solid member of the PK unit.,mean,0.0
control,128,Torrey Mitchell is a tenacious checker and a solid member of the PK unit.,max,0.0
control,128,Torrey Mitchell is a tenacious checker and a solid member of the PK unit.,last,0.0
control,129,"Wearing Levi's, boots, and a light-blue dress shirt, he ate a Reuben sandwich and chatted up the waitress.",mean,0.0
control,129,"Wearing Levi's, boots, and a light-blue dress shirt, he ate a Reuben sandwich and chatted up the waitress.",max,0.0
control,129,"Wearing Levi's, boots, and a light-blue dress shirt, he ate a Reuben sandwich and chatted up the waitress.",last,0.0
control,130,"Although Liwa al-Islam had been part of the Saudi-backed FSA, the spokesman of the new grouping told an Arabic television channel that the Army of Islam is not part of the FSA.",mean,0.0
control,130,"Although Liwa al-Islam had been part of the Saudi-backed FSA, the spokesman of the new grouping told an Arabic television channel that the Army of Islam is not part of the FSA.",max,0.0
control,130,"Although Liwa al-Islam had been part of the Saudi-backed FSA, the spokesman of the new grouping told an Arabic television channel that the Army of Islam is not part of the FSA.",last,0.0
control,131,"Test it yourself – here is how

For Twitter, we’ve experimented with A/B testing the right headline.",mean,0.0
control,131,"Test it yourself – here is how

For Twitter, we’ve experimented with A/B testing the right headline.",max,0.0
control,131,"Test it yourself – here is how

For Twitter, we’ve experimented with A/B testing the right headline.",last,0.0
control,132,Dozens of players kneeled during the US anthem while several teams elected to stay in their locker rooms during the anthem to avoid the controversy.,mean,0.0
control,132,Dozens of players kneeled during the US anthem while several teams elected to stay in their locker rooms during the anthem to avoid the controversy.,max,0.0
control,132,Dozens of players kneeled during the US anthem while several teams elected to stay in their locker rooms during the anthem to avoid the controversy.,last,0.0
control,133,"""It was really just a weight off of my shoulders to finally just get the announcement that what I have been working for is finally came to fruition and I can actually know where I am going, know who I am going up against and know the schedule,"" said Garrett, who did not attend the draft in Philadelphia, instead watching with family and friends in Arlington, Texas.",mean,0.0
control,133,"""It was really just a weight off of my shoulders to finally just get the announcement that what I have been working for is finally came to fruition and I can actually know where I am going, know who I am going up against and know the schedule,"" said Garrett, who did not attend the draft in Philadelphia, instead watching with family and friends in Arlington, Texas.",max,0.0
control,133,"""It was really just a weight off of my shoulders to finally just get the announcement that what I have been working for is finally came to fruition and I can actually know where I am going, know who I am going up against and know the schedule,"" said Garrett, who did not attend the draft in Philadelphia, instead watching with family and friends in Arlington, Texas.",last,0.0
control,134,"By 1986, it had sold four million copies.",mean,0.0
control,134,"By 1986, it had sold four million copies.",max,0.0
control,134,"By 1986, it had sold four million copies.",last,0.0
control,135,"BARCELONA

Madrid 06:30h CEST

Sidnei y el Barcelona habrían llegado a un principio de acuerdo según ha podido saber AS.",mean,0.0
control,135,"BARCELONA

Madrid 06:30h CEST

Sidnei y el Barcelona habrían llegado a un principio de acuerdo según ha podido saber AS.",max,0.0
control,135,"BARCELONA

Madrid 06:30h CEST

Sidnei y el Barcelona habrían llegado a un principio de acuerdo según ha podido saber AS.",last,0.0
control,136,"“Clothing prices fell unexpectedly sharply last month, which may well herald a strong rebound this time,” he says.",mean,0.0
control,136,"“Clothing prices fell unexpectedly sharply last month, which may well herald a strong rebound this time,” he says.",max,0.0
control,136,"“Clothing prices fell unexpectedly sharply last month, which may well herald a strong rebound this time,” he says.",last,0.0
control,137,"Those eight didn’t just come on catch-and-runs, as six occurred on passes that traveled at least 25 yards.",mean,0.0
control,137,"Those eight didn’t just come on catch-and-runs, as six occurred on passes that traveled at least 25 yards.",max,0.0
control,137,"Those eight didn’t just come on catch-and-runs, as six occurred on passes that traveled at least 25 yards.",last,0.0
control,138,"He appears to the heroes now in a form that could only be vaguely described as human- composed of rot-blackened organs that swell and split, clustered around his crumbling bones like sacks of stinking awful, with his intestines hanging in ropey coils from his belly.",mean,0.0
control,138,"He appears to the heroes now in a form that could only be vaguely described as human- composed of rot-blackened organs that swell and split, clustered around his crumbling bones like sacks of stinking awful, with his intestines hanging in ropey coils from his belly.",max,0.0
control,138,"He appears to the heroes now in a form that could only be vaguely described as human- composed of rot-blackened organs that swell and split, clustered around his crumbling bones like sacks of stinking awful, with his intestines hanging in ropey coils from his belly.",last,0.0
control,139,"There was nothing to suggest any criminal connection.”

Two days later, Farage and Banks found out why Cottrell had been led away: “Nasty shock today as Nigel got Posh George’s full rap sheet.",mean,0.0
control,139,"There was nothing to suggest any criminal connection.”

Two days later, Farage and Banks found out why Cottrell had been led away: “Nasty shock today as Nigel got Posh George’s full rap sheet.",max,0.0
control,139,"There was nothing to suggest any criminal connection.”

Two days later, Farage and Banks found out why Cottrell had been led away: “Nasty shock today as Nigel got Posh George’s full rap sheet.",last,0.0
control,140,"When Rep. Krysten Sinema, a Democrat from Arizona, was approached, she simply repeated that she supports the right of Israel to defend itself.",mean,0.0
control,140,"When Rep. Krysten Sinema, a Democrat from Arizona, was approached, she simply repeated that she supports the right of Israel to defend itself.",max,0.0
control,140,"When Rep. Krysten Sinema, a Democrat from Arizona, was approached, she simply repeated that she supports the right of Israel to defend itself.",last,0.0
control,141,"“I think that’s where my anxieties over making mistakes started.”

As a kid, Le figured, her family was just like all the other Vietnamese families in the community.",mean,0.0
control,141,"“I think that’s where my anxieties over making mistakes started.”

As a kid, Le figured, her family was just like all the other Vietnamese families in the community.",max,0.0
control,141,"“I think that’s where my anxieties over making mistakes started.”

As a kid, Le figured, her family was just like all the other Vietnamese families in the community.",last,0.0
control,142,"Reed and English had deserved different fates in their final match, they thought, and everything about it felt deeply unfair.",mean,0.0
control,142,"Reed and English had deserved different fates in their final match, they thought, and everything about it felt deeply unfair.",max,0.0
control,142,"Reed and English had deserved different fates in their final match, they thought, and everything about it felt deeply unfair.",last,0.0
control,143,"You are, and I mean this without an ounce of hyperbole, the lifeblood of this industry.",mean,0.0
control,143,"You are, and I mean this without an ounce of hyperbole, the lifeblood of this industry.",max,0.0
control,143,"You are, and I mean this without an ounce of hyperbole, the lifeblood of this industry.",last,0.0
control,144,"The ""Gravity"" director's next project will be set in early '70s Mexico City.",mean,0.0
control,144,"The ""Gravity"" director's next project will be set in early '70s Mexico City.",max,0.0
control,144,"The ""Gravity"" director's next project will be set in early '70s Mexico City.",last,0.0
control,145,"Turnips, water and cold bathing formed a majority of this type of cure.",mean,0.0
control,145,"Turnips, water and cold bathing formed a majority of this type of cure.",max,0.0
control,145,"Turnips, water and cold bathing formed a majority of this type of cure.",last,0.0
control,146,"Tell Congress to oppose the GMA bill that would block state GE food labeling, and instead to support the Boxer-DeFazio bill to label GE food.",mean,0.0
control,146,"Tell Congress to oppose the GMA bill that would block state GE food labeling, and instead to support the Boxer-DeFazio bill to label GE food.",max,0.0
control,146,"Tell Congress to oppose the GMA bill that would block state GE food labeling, and instead to support the Boxer-DeFazio bill to label GE food.",last,0.0
control,147,Who argues that MFA grads write differently from their mainstream literary fiction peers?,mean,0.0
control,147,Who argues that MFA grads write differently from their mainstream literary fiction peers?,max,0.0
control,147,Who argues that MFA grads write differently from their mainstream literary fiction peers?,last,0.0
control,148,Let's make a clipboard that can hold more than one item at at time.,mean,0.0
control,148,Let's make a clipboard that can hold more than one item at at time.,max,0.0
control,148,Let's make a clipboard that can hold more than one item at at time.,last,0.0
control,149,"ADVERTISING:

This petition arises from an ongoing situation regarding one of the best Super Smash Bros. Melee players in the world, William ""Leffen"" Hjelte.",mean,0.0
control,149,"ADVERTISING:

This petition arises from an ongoing situation regarding one of the best Super Smash Bros. Melee players in the world, William ""Leffen"" Hjelte.",max,0.0
control,149,"ADVERTISING:

This petition arises from an ongoing situation regarding one of the best Super Smash Bros. Melee players in the world, William ""Leffen"" Hjelte.",last,0.0
control,150,I just couldn’t stop thinking about the whole baffling mess.,mean,0.0
control,150,I just couldn’t stop thinking about the whole baffling mess.,max,0.0
control,150,I just couldn’t stop thinking about the whole baffling mess.,last,0.0
control,151,This activation is similar to a face-specific ERP component N170.,mean,0.0
control,151,This activation is similar to a face-specific ERP component N170.,max,0.0
control,151,This activation is similar to a face-specific ERP component N170.,last,0.0
control,152,"WowWee plans to officially announce CHiP early next year, and may launch a Kickstarter or Indiegogo campaign to support it.",mean,0.0
control,152,"WowWee plans to officially announce CHiP early next year, and may launch a Kickstarter or Indiegogo campaign to support it.",max,0.0
control,152,"WowWee plans to officially announce CHiP early next year, and may launch a Kickstarter or Indiegogo campaign to support it.",last,0.0
control,153,"And although he made two films while in office (Heartbreak Ridge and Bird), in early 1988, Clint was back to devote a full time effort to his career in film.",mean,0.0
control,153,"And although he made two films while in office (Heartbreak Ridge and Bird), in early 1988, Clint was back to devote a full time effort to his career in film.",max,0.0
control,153,"And although he made two films while in office (Heartbreak Ridge and Bird), in early 1988, Clint was back to devote a full time effort to his career in film.",last,0.0
control,154,"Told to line up at the end of the claims queue, he attempted to explain that he was there to pay back what he felt he owed the Australian Government.",mean,0.0
control,154,"Told to line up at the end of the claims queue, he attempted to explain that he was there to pay back what he felt he owed the Australian Government.",max,0.0
control,154,"Told to line up at the end of the claims queue, he attempted to explain that he was there to pay back what he felt he owed the Australian Government.",last,0.0
control,155,“Gigio Donnarumma had to make more saves than he has done before and proved he’s a really good goalkeeper with a bright future.,mean,0.0
control,155,“Gigio Donnarumma had to make more saves than he has done before and proved he’s a really good goalkeeper with a bright future.,max,0.0
control,155,“Gigio Donnarumma had to make more saves than he has done before and proved he’s a really good goalkeeper with a bright future.,last,0.0
control,156,"Moments ago, the 5 day grace period on the missed $50.3 million payment on the TIAMK 5.75% 2022s privately placed by 1MDB Energy (Langat) expired, and as Bloomberg reported, 1MDB is now officially in default after missing its interest payment.",mean,0.0
control,156,"Moments ago, the 5 day grace period on the missed $50.3 million payment on the TIAMK 5.75% 2022s privately placed by 1MDB Energy (Langat) expired, and as Bloomberg reported, 1MDB is now officially in default after missing its interest payment.",max,0.0
control,156,"Moments ago, the 5 day grace period on the missed $50.3 million payment on the TIAMK 5.75% 2022s privately placed by 1MDB Energy (Langat) expired, and as Bloomberg reported, 1MDB is now officially in default after missing its interest payment.",last,0.0
control,157,Another challenge is knowing when to finish a simulation.,mean,0.0
control,157,Another challenge is knowing when to finish a simulation.,max,0.0
control,157,Another challenge is knowing when to finish a simulation.,last,0.0
control,158,"Combined cycle gas turbine

The Combined Cycle Power Plant or combined cycle gas turbine, a gas turbine generator generates electricity and waste heat is used to make steam to generate additional electricity via a steam turbine.",mean,0.0
control,158,"Combined cycle gas turbine

The Combined Cycle Power Plant or combined cycle gas turbine, a gas turbine generator generates electricity and waste heat is used to make steam to generate additional electricity via a steam turbine.",max,0.0
control,158,"Combined cycle gas turbine

The Combined Cycle Power Plant or combined cycle gas turbine, a gas turbine generator generates electricity and waste heat is used to make steam to generate additional electricity via a steam turbine.",last,0.0
control,159,PMID: 12695268 Amiodarone Versus Placebo and Class Ic Drugs for Cardioversion of Recent-Onset Atrial Fibrillation: A Meta-Analysis.,mean,0.0
control,159,PMID: 12695268 Amiodarone Versus Placebo and Class Ic Drugs for Cardioversion of Recent-Onset Atrial Fibrillation: A Meta-Analysis.,max,0.0
control,159,PMID: 12695268 Amiodarone Versus Placebo and Class Ic Drugs for Cardioversion of Recent-Onset Atrial Fibrillation: A Meta-Analysis.,last,0.0
control,160,"Next, the number of outstanding shares is used to determine the inferred probabilities of each team winning: C# Copy double [] probs = Probabilities(outstanding, liq); Console.WriteLine( ""Initial probabilities of winning:"" ); ShowVector(probs, 4, "" "" ); Next, the demo displays the costs of buying a single share of each of the two teams: C# Copy double [] costPerShare = CostForOneShare(outstanding, liq); Console.WriteLine( ""Current costs for one share are: "" ); ShowVector(costPerShare, 4, "" $"" ); In a realistic prediction market, this information would be useful to the market experts to help them assess whether the share price of a team is too high or too low relative to the expert’s perception that the team will win.",mean,0.0
control,160,"Next, the number of outstanding shares is used to determine the inferred probabilities of each team winning: C# Copy double [] probs = Probabilities(outstanding, liq); Console.WriteLine( ""Initial probabilities of winning:"" ); ShowVector(probs, 4, "" "" ); Next, the demo displays the costs of buying a single share of each of the two teams: C# Copy double [] costPerShare = CostForOneShare(outstanding, liq); Console.WriteLine( ""Current costs for one share are: "" ); ShowVector(costPerShare, 4, "" $"" ); In a realistic prediction market, this information would be useful to the market experts to help them assess whether the share price of a team is too high or too low relative to the expert’s perception that the team will win.",max,0.0
control,160,"Next, the number of outstanding shares is used to determine the inferred probabilities of each team winning: C# Copy double [] probs = Probabilities(outstanding, liq); Console.WriteLine( ""Initial probabilities of winning:"" ); ShowVector(probs, 4, "" "" ); Next, the demo displays the costs of buying a single share of each of the two teams: C# Copy double [] costPerShare = CostForOneShare(outstanding, liq); Console.WriteLine( ""Current costs for one share are: "" ); ShowVector(costPerShare, 4, "" $"" ); In a realistic prediction market, this information would be useful to the market experts to help them assess whether the share price of a team is too high or too low relative to the expert’s perception that the team will win.",last,0.0
control,161,"When we bought this building 16 years ago people thought that we were crazy, because the neighborhood it wasn’t by then what it is today.",mean,0.0
control,161,"When we bought this building 16 years ago people thought that we were crazy, because the neighborhood it wasn’t by then what it is today.",max,0.0
control,161,"When we bought this building 16 years ago people thought that we were crazy, because the neighborhood it wasn’t by then what it is today.",last,0.0
control,162,"Everyone knows Urban Taggers is the biggest and best blog and do a helluva lot more for the Nerf brand than any other marketing channel,” wrote one commenter.",mean,0.0
control,162,"Everyone knows Urban Taggers is the biggest and best blog and do a helluva lot more for the Nerf brand than any other marketing channel,” wrote one commenter.",max,0.0
control,162,"Everyone knows Urban Taggers is the biggest and best blog and do a helluva lot more for the Nerf brand than any other marketing channel,” wrote one commenter.",last,0.0
control,163,"Riffing on everything from iconic John Hughes movies to the American Pie series, the film is a hilarious send-up of the genre’s cliches.",mean,0.0
control,163,"Riffing on everything from iconic John Hughes movies to the American Pie series, the film is a hilarious send-up of the genre’s cliches.",max,0.0
control,163,"Riffing on everything from iconic John Hughes movies to the American Pie series, the film is a hilarious send-up of the genre’s cliches.",last,0.0
control,164,"Humility was key for the desert monastics, and it needs to be key for us to.",mean,0.0
control,164,"Humility was key for the desert monastics, and it needs to be key for us to.",max,0.0
control,164,"Humility was key for the desert monastics, and it needs to be key for us to.",last,0.0
control,165,"Advertisement

'THEY DIDN'T EVEN KNOW IT WAS ON'

In the various televised nostalgia fests which chronicle the Charlton era, Italia 90 hogs most of the limelight.",mean,0.0
control,165,"Advertisement

'THEY DIDN'T EVEN KNOW IT WAS ON'

In the various televised nostalgia fests which chronicle the Charlton era, Italia 90 hogs most of the limelight.",max,0.0
control,165,"Advertisement

'THEY DIDN'T EVEN KNOW IT WAS ON'

In the various televised nostalgia fests which chronicle the Charlton era, Italia 90 hogs most of the limelight.",last,0.0
control,166,"However, the Government Center T station will close temporarily at 9:30 a.m. through the end of the parade, according to the MBTA’s website.",mean,0.0
control,166,"However, the Government Center T station will close temporarily at 9:30 a.m. through the end of the parade, according to the MBTA’s website.",max,0.0
control,166,"However, the Government Center T station will close temporarily at 9:30 a.m. through the end of the parade, according to the MBTA’s website.",last,0.0
control,167,Or the hardened musculature against the softness of a skirt’s drape.,mean,0.0
control,167,Or the hardened musculature against the softness of a skirt’s drape.,max,0.0
control,167,Or the hardened musculature against the softness of a skirt’s drape.,last,0.0
control,168,"Pictured: Migrants from Syria, Iraq and Afghanistan walk this week in very cold weather, through snow in Macedonia to a camp

The International Organization for Migration warned the surge suggests the number arriving in Greece in 2016 'may significantly exceed the record 853,650 migrants' who arrived last year.",mean,0.0
control,168,"Pictured: Migrants from Syria, Iraq and Afghanistan walk this week in very cold weather, through snow in Macedonia to a camp

The International Organization for Migration warned the surge suggests the number arriving in Greece in 2016 'may significantly exceed the record 853,650 migrants' who arrived last year.",max,0.0
control,168,"Pictured: Migrants from Syria, Iraq and Afghanistan walk this week in very cold weather, through snow in Macedonia to a camp

The International Organization for Migration warned the surge suggests the number arriving in Greece in 2016 'may significantly exceed the record 853,650 migrants' who arrived last year.",last,0.0
control,169,"On top of being separated from his wife, he knows Míriel will miss the first years of Fëanor’s young life—which any parent knows is an especially wonderful (if challenging) time.",mean,0.0
control,169,"On top of being separated from his wife, he knows Míriel will miss the first years of Fëanor’s young life—which any parent knows is an especially wonderful (if challenging) time.",max,0.0
control,169,"On top of being separated from his wife, he knows Míriel will miss the first years of Fëanor’s young life—which any parent knows is an especially wonderful (if challenging) time.",last,0.0
control,170,"We understand that many good people, including Catholics, have been attracted to the Trump campaign because the candidate speaks to issues of legitimate and genuine concern: wage stagnation, grossly incompetent governance, profligate governmental spending, the breakdown of immigration law, inept foreign policy, stifling “political correctness” — for starters.",mean,0.0
control,170,"We understand that many good people, including Catholics, have been attracted to the Trump campaign because the candidate speaks to issues of legitimate and genuine concern: wage stagnation, grossly incompetent governance, profligate governmental spending, the breakdown of immigration law, inept foreign policy, stifling “political correctness” — for starters.",max,0.0
control,170,"We understand that many good people, including Catholics, have been attracted to the Trump campaign because the candidate speaks to issues of legitimate and genuine concern: wage stagnation, grossly incompetent governance, profligate governmental spending, the breakdown of immigration law, inept foreign policy, stifling “political correctness” — for starters.",last,0.0
control,171,"Because his name isn’t “Bison” in the Japanese Street Fighter series, it makes sense that this Japanese line doesn’t have a joke about his name being an animal’s name.",mean,0.0
control,171,"Because his name isn’t “Bison” in the Japanese Street Fighter series, it makes sense that this Japanese line doesn’t have a joke about his name being an animal’s name.",max,0.0
control,171,"Because his name isn’t “Bison” in the Japanese Street Fighter series, it makes sense that this Japanese line doesn’t have a joke about his name being an animal’s name.",last,0.0
control,172,"Sign Up You will receive emails containing news content , updates and promotions from The New York Times.",mean,0.0
control,172,"Sign Up You will receive emails containing news content , updates and promotions from The New York Times.",max,0.0
control,172,"Sign Up You will receive emails containing news content , updates and promotions from The New York Times.",last,0.0
control,173,I don’t know how many times a week I tell him he’s a great shooter.,mean,0.0
control,173,I don’t know how many times a week I tell him he’s a great shooter.,max,0.0
control,173,I don’t know how many times a week I tell him he’s a great shooter.,last,0.0
control,174,Howard said it sounds like Flav's life was pretty tough.,mean,0.0
control,174,Howard said it sounds like Flav's life was pretty tough.,max,0.0
control,174,Howard said it sounds like Flav's life was pretty tough.,last,0.0
control,175,(A) The distribution of (the absolute electron density normalized by the average electron density) in a-GST under various pressures.,mean,0.0
control,175,(A) The distribution of (the absolute electron density normalized by the average electron density) in a-GST under various pressures.,max,0.0
control,175,(A) The distribution of (the absolute electron density normalized by the average electron density) in a-GST under various pressures.,last,0.0
control,176,"As Roxy, your goal is to take out the robots on the platforms.",mean,0.0
control,176,"As Roxy, your goal is to take out the robots on the platforms.",max,0.0
control,176,"As Roxy, your goal is to take out the robots on the platforms.",last,0.0
control,177,Hood Community College and continues to perform regularly in Portland with many ensembles including the Chuck Israels Jazz Orchestra.,mean,0.19288866221904755
control,177,Hood Community College and continues to perform regularly in Portland with many ensembles including the Chuck Israels Jazz Orchestra.,max,4.822216510772705
control,177,Hood Community College and continues to perform regularly in Portland with many ensembles including the Chuck Israels Jazz Orchestra.,last,0.0
control,178,"Dirt, at the very least, was an opportunity to look at something new.",mean,0.0
control,178,"Dirt, at the very least, was an opportunity to look at something new.",max,0.0
control,178,"Dirt, at the very least, was an opportunity to look at something new.",last,0.0
control,179,The times when it failed were almost exclusively limited to instances of confrontation with police and feds.,mean,0.0
control,179,The times when it failed were almost exclusively limited to instances of confrontation with police and feds.,max,0.0
control,179,The times when it failed were almost exclusively limited to instances of confrontation with police and feds.,last,0.0
control,180,"1: Indianapolis Motor Speedway, 9,000 kW (Speedway, Ind.)",mean,0.0
control,180,"1: Indianapolis Motor Speedway, 9,000 kW (Speedway, Ind.)",max,0.0
control,180,"1: Indianapolis Motor Speedway, 9,000 kW (Speedway, Ind.)",last,0.0
control,181,"However, there are also cases where the traditional conception is merely misleading and sometimes leads to paradoxical ways of reasoning about things.",mean,0.0
control,181,"However, there are also cases where the traditional conception is merely misleading and sometimes leads to paradoxical ways of reasoning about things.",max,0.0
control,181,"However, there are also cases where the traditional conception is merely misleading and sometimes leads to paradoxical ways of reasoning about things.",last,0.0
control,182,Israel says its sea blockade stops weapons from reaching Iranian-backed Hamas militants.,mean,0.0
control,182,Israel says its sea blockade stops weapons from reaching Iranian-backed Hamas militants.,max,0.0
control,182,Israel says its sea blockade stops weapons from reaching Iranian-backed Hamas militants.,last,0.0
control,183,"Grade: E or Ungraded

UK Essay Writing Services

Sample:

The genre of the texts if largely informatory since it follows the newspaper reporting type of composition.",mean,0.0
control,183,"Grade: E or Ungraded

UK Essay Writing Services

Sample:

The genre of the texts if largely informatory since it follows the newspaper reporting type of composition.",max,0.0
control,183,"Grade: E or Ungraded

UK Essay Writing Services

Sample:

The genre of the texts if largely informatory since it follows the newspaper reporting type of composition.",last,0.0
control,184,"Our default user-facing theme is, well, lame.",mean,0.0
control,184,"Our default user-facing theme is, well, lame.",max,0.0
control,184,"Our default user-facing theme is, well, lame.",last,0.0
control,185,"Back in 2008, the blog Who Cares About That?",mean,0.0
control,185,"Back in 2008, the blog Who Cares About That?",max,0.0
control,185,"Back in 2008, the blog Who Cares About That?",last,0.0
control,186,The global temperature for May was 1.67 °F (0.93 °C) warmer than the May base period.,mean,0.0
control,186,The global temperature for May was 1.67 °F (0.93 °C) warmer than the May base period.,max,0.0
control,186,The global temperature for May was 1.67 °F (0.93 °C) warmer than the May base period.,last,0.0
control,187,"He has a hard, accurate shot and is strong enough on his skates to get to the net to score from prime locations.",mean,0.0
control,187,"He has a hard, accurate shot and is strong enough on his skates to get to the net to score from prime locations.",max,0.0
control,187,"He has a hard, accurate shot and is strong enough on his skates to get to the net to score from prime locations.",last,0.0
control,188,"Second, the government has linked repayments to RPI, which is generally higher than CPI, and which even the ONS says is no longer a proper national statistic.",mean,0.0
control,188,"Second, the government has linked repayments to RPI, which is generally higher than CPI, and which even the ONS says is no longer a proper national statistic.",max,0.0
control,188,"Second, the government has linked repayments to RPI, which is generally higher than CPI, and which even the ONS says is no longer a proper national statistic.",last,0.0
control,189,"The first tranche of our investment capital was raised on Kiva.org, an innovative platform that allows anyone around the world lend to entrepreneurs from developing countries.",mean,0.0
control,189,"The first tranche of our investment capital was raised on Kiva.org, an innovative platform that allows anyone around the world lend to entrepreneurs from developing countries.",max,0.0
control,189,"The first tranche of our investment capital was raised on Kiva.org, an innovative platform that allows anyone around the world lend to entrepreneurs from developing countries.",last,0.0
control,190,The gunmen also handed a message to Aushev with their demands: the withdrawal of troops from Chechnya and full sovereignty to the republic.,mean,0.0
control,190,The gunmen also handed a message to Aushev with their demands: the withdrawal of troops from Chechnya and full sovereignty to the republic.,max,0.0
control,190,The gunmen also handed a message to Aushev with their demands: the withdrawal of troops from Chechnya and full sovereignty to the republic.,last,0.0
control,191,"So far, Congress is keeping Sea Grant running for at least the rest of this fiscal year.",mean,0.0
control,191,"So far, Congress is keeping Sea Grant running for at least the rest of this fiscal year.",max,0.0
control,191,"So far, Congress is keeping Sea Grant running for at least the rest of this fiscal year.",last,0.0
control,192,"A small group of protesters, although “no body knows who they are“, have responded by throwing fireworks and stones at police.",mean,0.0
control,192,"A small group of protesters, although “no body knows who they are“, have responded by throwing fireworks and stones at police.",max,0.0
control,192,"A small group of protesters, although “no body knows who they are“, have responded by throwing fireworks and stones at police.",last,0.0
control,193,"And one also has to blame the Trayvon Martin legal team, who put the last person on earth (besides George Zimmerman) to talk with Trayvon Martin on the witness stand for two days and never once previously checked whether she could read the very letter she had dictated.",mean,0.0
control,193,"And one also has to blame the Trayvon Martin legal team, who put the last person on earth (besides George Zimmerman) to talk with Trayvon Martin on the witness stand for two days and never once previously checked whether she could read the very letter she had dictated.",max,0.0
control,193,"And one also has to blame the Trayvon Martin legal team, who put the last person on earth (besides George Zimmerman) to talk with Trayvon Martin on the witness stand for two days and never once previously checked whether she could read the very letter she had dictated.",last,0.0
control,194,Food and eating are a crucial part of that context.,mean,0.0
control,194,Food and eating are a crucial part of that context.,max,0.0
control,194,Food and eating are a crucial part of that context.,last,0.0
control,195,"It is in the original language spoken by Adam, as revealed to the Prophet Joseph.",mean,0.0
control,195,"It is in the original language spoken by Adam, as revealed to the Prophet Joseph.",max,0.0
control,195,"It is in the original language spoken by Adam, as revealed to the Prophet Joseph.",last,0.0
control,196,"Soon, Golden Gate Park has many happy campers slowly making their way to Hippie Hill waiting for the grand moment of 20 after 4.",mean,0.0
control,196,"Soon, Golden Gate Park has many happy campers slowly making their way to Hippie Hill waiting for the grand moment of 20 after 4.",max,0.0
control,196,"Soon, Golden Gate Park has many happy campers slowly making their way to Hippie Hill waiting for the grand moment of 20 after 4.",last,0.0
control,197,"• Read more about Day’s U.S. Open finish

Day was diagnosed with a viral infection that affects a nerve in his inner right ear, leading to bouts of vertigo that leave him unbalanced, Golf Channel’s Todd Lewis reported.",mean,0.0
control,197,"• Read more about Day’s U.S. Open finish

Day was diagnosed with a viral infection that affects a nerve in his inner right ear, leading to bouts of vertigo that leave him unbalanced, Golf Channel’s Todd Lewis reported.",max,0.0
control,197,"• Read more about Day’s U.S. Open finish

Day was diagnosed with a viral infection that affects a nerve in his inner right ear, leading to bouts of vertigo that leave him unbalanced, Golf Channel’s Todd Lewis reported.",last,0.0
control,198,"Reports also have suggested that the wiretaps were part of an investigation into alleged work done by Washington Consulting Firms for Ukrainian politicians, but so far those on the left and in the Obama Administration have claimed that no such wiretaps existed to begin with.",mean,0.0
control,198,"Reports also have suggested that the wiretaps were part of an investigation into alleged work done by Washington Consulting Firms for Ukrainian politicians, but so far those on the left and in the Obama Administration have claimed that no such wiretaps existed to begin with.",max,0.0
control,198,"Reports also have suggested that the wiretaps were part of an investigation into alleged work done by Washington Consulting Firms for Ukrainian politicians, but so far those on the left and in the Obama Administration have claimed that no such wiretaps existed to begin with.",last,0.0
control,199,"It’s about pathos; you get to feel bad for a minute, and then feel good about how bad you felt.",mean,0.0
control,199,"It’s about pathos; you get to feel bad for a minute, and then feel good about how bad you felt.",max,0.0
control,199,"It’s about pathos; you get to feel bad for a minute, and then feel good about how bad you felt.",last,0.0
