group,index,text,agg,val
target,0,Shri Parrikar was taken on a whirlwind tour of the massive complex spread across hundreds of acres of land and was briefed on the future expansion plans including the proposed naval air station and housing complex.,mean,7.212278842926025
target,0,Shri Parrikar was taken on a whirlwind tour of the massive complex spread across hundreds of acres of land and was briefed on the future expansion plans including the proposed naval air station and housing complex.,max,11.154459953308105
target,0,Shri Parrikar was taken on a whirlwind tour of the massive complex spread across hundreds of acres of land and was briefed on the future expansion plans including the proposed naval air station and housing complex.,last,8.69923210144043
target,1,"With the passage of stringent laws like Benami Act, the department needed this technological tool to make “sense” of the data that is with them.",mean,7.408924579620361
target,1,"With the passage of stringent laws like Benami Act, the department needed this technological tool to make “sense” of the data that is with them.",max,11.451395988464355
target,1,"With the passage of stringent laws like Benami Act, the department needed this technological tool to make “sense” of the data that is with them.",last,10.182843208312988
target,2,The clearance from the Home Ministry came during the second week of June and the review is likely to be started soon whereby Robert Vadra and many other VVIPs would be likely to lose the ‘no-frisking’ at the airports privilege very soon.,mean,7.274230003356934
target,2,The clearance from the Home Ministry came during the second week of June and the review is likely to be started soon whereby Robert Vadra and many other VVIPs would be likely to lose the ‘no-frisking’ at the airports privilege very soon.,max,11.794607162475586
target,2,The clearance from the Home Ministry came during the second week of June and the review is likely to be started soon whereby Robert Vadra and many other VVIPs would be likely to lose the ‘no-frisking’ at the airports privilege very soon.,last,8.925540924072266
target,3,But till date every bag made by the brand boasts of the same signature quality.,mean,6.9509806632995605
target,3,But till date every bag made by the brand boasts of the same signature quality.,max,12.759237289428711
target,3,But till date every bag made by the brand boasts of the same signature quality.,last,9.796262741088867
target,4,Congress president Sonia Gandhi had flagged off these trucks fron New Delhi on Monday.,mean,7.6508307456970215
target,4,Congress president Sonia Gandhi had flagged off these trucks fron New Delhi on Monday.,max,11.404187202453613
target,4,Congress president Sonia Gandhi had flagged off these trucks fron New Delhi on Monday.,last,8.643649101257324
target,5,CRPF personnel were also present.,mean,7.047599792480469
target,5,CRPF personnel were also present.,max,10.408659934997559
target,5,CRPF personnel were also present.,last,8.725024223327637
target,6,"Kejriwal also congratulated all the people present at the function and said, ""When we won in Delhi we thought there will be a full stop on the corruption, but despite being in government for five months we have to fight to curb it.""",mean,7.240316390991211
target,6,"Kejriwal also congratulated all the people present at the function and said, ""When we won in Delhi we thought there will be a full stop on the corruption, but despite being in government for five months we have to fight to curb it.""",max,11.612353324890137
target,6,"Kejriwal also congratulated all the people present at the function and said, ""When we won in Delhi we thought there will be a full stop on the corruption, but despite being in government for five months we have to fight to curb it.""",last,8.657270431518555
target,7,Sachin GIDC police had intimated the Income tax department officials to assist and interrogate all the four people.,mean,7.585721969604492
target,7,Sachin GIDC police had intimated the Income tax department officials to assist and interrogate all the four people.,max,11.03747844696045
target,7,Sachin GIDC police had intimated the Income tax department officials to assist and interrogate all the four people.,last,9.980077743530273
target,8,"The additional capacity will also help Intel India consolidate its R&D operations to a large extent at the SRR campus, the company said in a statement.“Karnataka has always been in the forefront when it comes to the IT industry, being the centre of investment, our Invest Karnataka initiative is proving its worth with such beneficial investments in the recent years.",mean,6.891933441162109
target,8,"The additional capacity will also help Intel India consolidate its R&D operations to a large extent at the SRR campus, the company said in a statement.“Karnataka has always been in the forefront when it comes to the IT industry, being the centre of investment, our Invest Karnataka initiative is proving its worth with such beneficial investments in the recent years.",max,11.198538780212402
target,8,"The additional capacity will also help Intel India consolidate its R&D operations to a large extent at the SRR campus, the company said in a statement.“Karnataka has always been in the forefront when it comes to the IT industry, being the centre of investment, our Invest Karnataka initiative is proving its worth with such beneficial investments in the recent years.",last,4.656276702880859
target,9,"The lead actor of the film Prabhas retweeted all the congratulatory messages which poured in, including from Anuskha Shetty, who also featured in the film.",mean,7.514170169830322
target,9,"The lead actor of the film Prabhas retweeted all the congratulatory messages which poured in, including from Anuskha Shetty, who also featured in the film.",max,12.341894149780273
target,9,"The lead actor of the film Prabhas retweeted all the congratulatory messages which poured in, including from Anuskha Shetty, who also featured in the film.",last,8.400155067443848
target,10,"Besides, the AAP's membership drive is not as vibrant as the media hype surrounding it.",mean,5.588803291320801
target,10,"Besides, the AAP's membership drive is not as vibrant as the media hype surrounding it.",max,12.216387748718262
target,10,"Besides, the AAP's membership drive is not as vibrant as the media hype surrounding it.",last,7.933109760284424
target,11,"jawans of the Indian Army and BSF in Gurez valley +

Spending time with our Forces gives me new energy.",mean,7.268970012664795
target,11,"jawans of the Indian Army and BSF in Gurez valley +

Spending time with our Forces gives me new energy.",max,11.558210372924805
target,11,"jawans of the Indian Army and BSF in Gurez valley +

Spending time with our Forces gives me new energy.",last,7.722565174102783
target,12,"According to Harish -an organiser- more than 50,000 people will join the protest, with 7000-odd people expected to join from Vijayawada alone.",mean,6.225123405456543
target,12,"According to Harish -an organiser- more than 50,000 people will join the protest, with 7000-odd people expected to join from Vijayawada alone.",max,11.915711402893066
target,12,"According to Harish -an organiser- more than 50,000 people will join the protest, with 7000-odd people expected to join from Vijayawada alone.",last,9.140345573425293
target,13,"Here CM Amarinder Singh, offsetting past reputation of vacillation, is working over time to address the grievances of the people who have thrown out the BJP-Akali combine in the recent Assembly polls.",mean,6.197768688201904
target,13,"Here CM Amarinder Singh, offsetting past reputation of vacillation, is working over time to address the grievances of the people who have thrown out the BJP-Akali combine in the recent Assembly polls.",max,10.123047828674316
target,13,"Here CM Amarinder Singh, offsetting past reputation of vacillation, is working over time to address the grievances of the people who have thrown out the BJP-Akali combine in the recent Assembly polls.",last,8.1316499710083
target,14,Maharashtra CM Devendra Fadnavis is likely to make a statement in the assembly.,mean,7.966695308685303
target,14,Maharashtra CM Devendra Fadnavis is likely to make a statement in the assembly.,max,11.091509819030762
target,14,Maharashtra CM Devendra Fadnavis is likely to make a statement in the assembly.,last,9.008988380432129
target,15,"The National Commission for Women has decided to take suo motu cognisance of the allegations of Bollywood actress Preity Zinta against her former boyfriend and businessman Ness Wadia, and will conduct a detailed investigation into the case.",mean,7.001173496246338
target,15,"The National Commission for Women has decided to take suo motu cognisance of the allegations of Bollywood actress Preity Zinta against her former boyfriend and businessman Ness Wadia, and will conduct a detailed investigation into the case.",max,11.563582420349121
target,15,"The National Commission for Women has decided to take suo motu cognisance of the allegations of Bollywood actress Preity Zinta against her former boyfriend and businessman Ness Wadia, and will conduct a detailed investigation into the case.",last,9.148799896240234
target,16,"The film has been received well in AP, thanks to no big releases in the state.",mean,6.77616024017334
target,16,"The film has been received well in AP, thanks to no big releases in the state.",max,10.703112602233887
target,16,"The film has been received well in AP, thanks to no big releases in the state.",last,9.559475898742676
target,17,"Also Read: Art of Living’s Yamuna event: NGT panel says rehabilitation to cost Rs42 crore

“The AOL had obtained all the necessary permission including the NGT’s.",mean,6.727242946624756
target,17,"Also Read: Art of Living’s Yamuna event: NGT panel says rehabilitation to cost Rs42 crore

“The AOL had obtained all the necessary permission including the NGT’s.",max,10.867815971374512
target,17,"Also Read: Art of Living’s Yamuna event: NGT panel says rehabilitation to cost Rs42 crore

“The AOL had obtained all the necessary permission including the NGT’s.",last,6.226662635803223
target,18,"NEW DELHI: Accusing Pakistan of fomenting trouble in India, home minister Sushilkumar Shinde said it was helping terrorists to infiltrate into the country.",mean,7.701826572418213
target,18,"NEW DELHI: Accusing Pakistan of fomenting trouble in India, home minister Sushilkumar Shinde said it was helping terrorists to infiltrate into the country.",max,11.846803665161133
target,18,"NEW DELHI: Accusing Pakistan of fomenting trouble in India, home minister Sushilkumar Shinde said it was helping terrorists to infiltrate into the country.",last,9.02153491973877
target,19,"education

New Delhi, Nov 28 (PTI) The Leader of Opposition in the Delhi Assembly, Vijender Gupta, today demanded that the AAP government presented a ""white paper"" on the status of school education in the national capital, saying that its data pointed towards various shortcomings in it.",mean,6.800713539123535
target,19,"education

New Delhi, Nov 28 (PTI) The Leader of Opposition in the Delhi Assembly, Vijender Gupta, today demanded that the AAP government presented a ""white paper"" on the status of school education in the national capital, saying that its data pointed towards various shortcomings in it.",max,11.733253479003906
target,19,"education

New Delhi, Nov 28 (PTI) The Leader of Opposition in the Delhi Assembly, Vijender Gupta, today demanded that the AAP government presented a ""white paper"" on the status of school education in the national capital, saying that its data pointed towards various shortcomings in it.",last,8.630900382995605
target,20,"In each institution with the help of the Skill Development Ministry, we will provide an environment such that after college a youth will secure a job, or some assurance for his own Start-Up.",mean,6.566575527191162
target,20,"In each institution with the help of the Skill Development Ministry, we will provide an environment such that after college a youth will secure a job, or some assurance for his own Start-Up.",max,11.730603218078613
target,20,"In each institution with the help of the Skill Development Ministry, we will provide an environment such that after college a youth will secure a job, or some assurance for his own Start-Up.",last,7.292944431304932
target,21,The plea had alleged that the Tamil Nadu ministers were bargaining with the central government for presidential assent for their proposed ordinance to exempt the Tamil Nadu students from NEET as a “quid pro quo for supporting the NDA candidates for the Presidential and Vice Presidential polls.,mean,6.655568599700928
target,21,The plea had alleged that the Tamil Nadu ministers were bargaining with the central government for presidential assent for their proposed ordinance to exempt the Tamil Nadu students from NEET as a “quid pro quo for supporting the NDA candidates for the Presidential and Vice Presidential polls.,max,10.592653274536133
target,21,The plea had alleged that the Tamil Nadu ministers were bargaining with the central government for presidential assent for their proposed ordinance to exempt the Tamil Nadu students from NEET as a “quid pro quo for supporting the NDA candidates for the Presidential and Vice Presidential polls.,last,9.90601634979248
target,22,"Read: Aadhaar payment: Forget debit and credit cards, now pay bills with your thumb

First Published: Mar 08, 2017 21:41 IST",mean,5.887373447418213
target,22,"Read: Aadhaar payment: Forget debit and credit cards, now pay bills with your thumb

First Published: Mar 08, 2017 21:41 IST",max,11.1138334274292
target,22,"Read: Aadhaar payment: Forget debit and credit cards, now pay bills with your thumb

First Published: Mar 08, 2017 21:41 IST",last,8.445016860961914
target,23,"(As Karnataka places cooking gas subsidies under the ration card programme, unlike many other states, we had a bigger net.)",mean,5.977953910827637
target,23,"(As Karnataka places cooking gas subsidies under the ration card programme, unlike many other states, we had a bigger net.)",max,11.04378604888916
target,23,"(As Karnataka places cooking gas subsidies under the ration card programme, unlike many other states, we had a bigger net.)",last,4.930145740509033
target,24,"Advertising

Kejriwal also noted that there are a lot of good individuals in the bureaucracy, but despite that, governance has not improved.",mean,6.127197265625
target,24,"Advertising

Kejriwal also noted that there are a lot of good individuals in the bureaucracy, but despite that, governance has not improved.",max,9.418662071228027
target,24,"Advertising

Kejriwal also noted that there are a lot of good individuals in the bureaucracy, but despite that, governance has not improved.",last,6.4612956047058105
target,25,A committee headed by Revenue Secretary Hasmukh Adhia met exporters on Tuesday to look into the worries of the sector and assured faster relief.,mean,7.286896705627441
target,25,A committee headed by Revenue Secretary Hasmukh Adhia met exporters on Tuesday to look into the worries of the sector and assured faster relief.,max,11.246007919311523
target,25,A committee headed by Revenue Secretary Hasmukh Adhia met exporters on Tuesday to look into the worries of the sector and assured faster relief.,last,11.246007919311523
target,26,"However, the CBI's idea to give a break in National Insurance contributions of newly hired youngsters is a welcome start.",mean,6.219090938568115
target,26,"However, the CBI's idea to give a break in National Insurance contributions of newly hired youngsters is a welcome start.",max,11.748673439025879
target,26,"However, the CBI's idea to give a break in National Insurance contributions of newly hired youngsters is a welcome start.",last,10.59654712677002
target,27,The bench passed the order despite counsel for Dr. Sen seeking adjournment of the matter.,mean,6.493176460266113
target,27,The bench passed the order despite counsel for Dr. Sen seeking adjournment of the matter.,max,10.652955055236816
target,27,The bench passed the order despite counsel for Dr. Sen seeking adjournment of the matter.,last,6.540902137756348
target,28,"You have some great actors from the nation in your house, who are willing to give their advice, so why not take it,"" asked Abhishek, who likes to deal with criticism ""positively"".",mean,6.206973075866699
target,28,"You have some great actors from the nation in your house, who are willing to give their advice, so why not take it,"" asked Abhishek, who likes to deal with criticism ""positively"".",max,12.678964614868164
target,28,"You have some great actors from the nation in your house, who are willing to give their advice, so why not take it,"" asked Abhishek, who likes to deal with criticism ""positively"".",last,11.738458633422852
target,29,"Lakhpat is one of the many talukas in Kuchchh district where the Gujarat government has banned mutation, or transfer of ownership, of land.",mean,6.510171413421631
target,29,"Lakhpat is one of the many talukas in Kuchchh district where the Gujarat government has banned mutation, or transfer of ownership, of land.",max,11.01432991027832
target,29,"Lakhpat is one of the many talukas in Kuchchh district where the Gujarat government has banned mutation, or transfer of ownership, of land.",last,4.809040546417236
target,30,New Delhi: The Supreme Court on Tuesday asked the Tamil Nadu government to start counselling for admissions for MBBS and BDS seats in the state based on the NEET merit list and complete the process by 4 September.,mean,7.029367923736572
target,30,New Delhi: The Supreme Court on Tuesday asked the Tamil Nadu government to start counselling for admissions for MBBS and BDS seats in the state based on the NEET merit list and complete the process by 4 September.,max,11.018877029418945
target,30,New Delhi: The Supreme Court on Tuesday asked the Tamil Nadu government to start counselling for admissions for MBBS and BDS seats in the state based on the NEET merit list and complete the process by 4 September.,last,9.255257606506348
target,31,"The three phone conversations that Prime Minister Narendra Modi and Trump had, along with the officials meeting, has shown that the two governments are going to build on this momentum in the years to come, the officials said.",mean,5.932832717895508
target,31,"The three phone conversations that Prime Minister Narendra Modi and Trump had, along with the officials meeting, has shown that the two governments are going to build on this momentum in the years to come, the officials said.",max,11.222780227661133
target,31,"The three phone conversations that Prime Minister Narendra Modi and Trump had, along with the officials meeting, has shown that the two governments are going to build on this momentum in the years to come, the officials said.",last,7.024065971374512
target,32,"While Modi was to attend a string of events at the Dereka ground, DLW guest house and the army campus, almost all major schools in the town were shut owing to the ""VVIP movement"", said an informed source.",mean,7.298609733581543
target,32,"While Modi was to attend a string of events at the Dereka ground, DLW guest house and the army campus, almost all major schools in the town were shut owing to the ""VVIP movement"", said an informed source.",max,11.588939666748047
target,32,"While Modi was to attend a string of events at the Dereka ground, DLW guest house and the army campus, almost all major schools in the town were shut owing to the ""VVIP movement"", said an informed source.",last,10.262660026550293
target,33,The Aam Aadmi Party (AAP) came back to power in Delhi in February 2015.,mean,7.627843856811523
target,33,The Aam Aadmi Party (AAP) came back to power in Delhi in February 2015.,max,13.789865493774414
target,33,The Aam Aadmi Party (AAP) came back to power in Delhi in February 2015.,last,7.291861534118652
target,34,"Advertising

He has also filed a complaint at the airport police station against the airline officials for allegedly misbehaving with him.",mean,6.491446018218994
target,34,"Advertising

He has also filed a complaint at the airport police station against the airline officials for allegedly misbehaving with him.",max,11.30519962310791
target,34,"Advertising

He has also filed a complaint at the airport police station against the airline officials for allegedly misbehaving with him.",last,7.754101753234863
target,35,"If the Indian establishment, too, honours the ancient Vedic rishis and the modern Sanskrit pandits by discovering and spreading their insights, it would not only help character building in a big way, but also would instill pride in Indians to be the offspring of such great ancestors.",mean,5.816999435424805
target,35,"If the Indian establishment, too, honours the ancient Vedic rishis and the modern Sanskrit pandits by discovering and spreading their insights, it would not only help character building in a big way, but also would instill pride in Indians to be the offspring of such great ancestors.",max,10.683899879455566
target,35,"If the Indian establishment, too, honours the ancient Vedic rishis and the modern Sanskrit pandits by discovering and spreading their insights, it would not only help character building in a big way, but also would instill pride in Indians to be the offspring of such great ancestors.",last,6.450045108795166
target,36,Naidu's shifting positions have created confusion in the minds of voters about the TDP's real position.,mean,7.4597320556640625
target,36,Naidu's shifting positions have created confusion in the minds of voters about the TDP's real position.,max,11.705918312072754
target,36,Naidu's shifting positions have created confusion in the minds of voters about the TDP's real position.,last,7.964401721954346
target,37,Kerala Blasters had initially taken the lead in the shootout but ATK managed to keep their calm and came out on top.,mean,5.92014741897583
target,37,Kerala Blasters had initially taken the lead in the shootout but ATK managed to keep their calm and came out on top.,max,10.17359447479248
target,37,Kerala Blasters had initially taken the lead in the shootout but ATK managed to keep their calm and came out on top.,last,8.540616035461426
target,38,"[Bihar Polls: 1st phase Live Updates]

""As soon as we came to know about the sting operation, I had a meeting with Chief Minister Nitish Kumar and state party president Bashishtha Narayan Singh.",mean,7.13863468170166
target,38,"[Bihar Polls: 1st phase Live Updates]

""As soon as we came to know about the sting operation, I had a meeting with Chief Minister Nitish Kumar and state party president Bashishtha Narayan Singh.",max,9.078805923461914
target,38,"[Bihar Polls: 1st phase Live Updates]

""As soon as we came to know about the sting operation, I had a meeting with Chief Minister Nitish Kumar and state party president Bashishtha Narayan Singh.",last,7.943999767303467
target,39,"Ashok Vajpeyi, former chairman of Lalit Kala Academy, strongly condemned the attack, saying, ""This is a violation of an artist's freedom of expression.",mean,7.1307373046875
target,39,"Ashok Vajpeyi, former chairman of Lalit Kala Academy, strongly condemned the attack, saying, ""This is a violation of an artist's freedom of expression.",max,10.28875732421875
target,39,"Ashok Vajpeyi, former chairman of Lalit Kala Academy, strongly condemned the attack, saying, ""This is a violation of an artist's freedom of expression.",last,6.710951328277588
target,40,"Can you ever forget Hindu civilisations' contribution to the world ""zero"", or the preservation of sanskrit language or invention of wireless communication by our scientists, but credit for which went to European scientists.",mean,6.464615821838379
target,40,"Can you ever forget Hindu civilisations' contribution to the world ""zero"", or the preservation of sanskrit language or invention of wireless communication by our scientists, but credit for which went to European scientists.",max,11.025052070617676
target,40,"Can you ever forget Hindu civilisations' contribution to the world ""zero"", or the preservation of sanskrit language or invention of wireless communication by our scientists, but credit for which went to European scientists.",last,6.888361930847168
target,41,"'Make in India' is one of the flagship programmes of the Government of India which is aimed at transforming the Indian economy towards making it a ""global manufacturing hub"", India's Consul General in Chicago Neeta Bhushan said in her address to a business community from the mid-west region recently, a media release said yesterday.",mean,6.78261137008667
target,41,"'Make in India' is one of the flagship programmes of the Government of India which is aimed at transforming the Indian economy towards making it a ""global manufacturing hub"", India's Consul General in Chicago Neeta Bhushan said in her address to a business community from the mid-west region recently, a media release said yesterday.",max,11.283374786376953
target,41,"'Make in India' is one of the flagship programmes of the Government of India which is aimed at transforming the Indian economy towards making it a ""global manufacturing hub"", India's Consul General in Chicago Neeta Bhushan said in her address to a business community from the mid-west region recently, a media release said yesterday.",last,8.563385009765625
target,42,"Finance Minister Arun Jaitley said that it would take two to three weeks to re-calibrate the machines, according to the Financial Times.",mean,6.870511531829834
target,42,"Finance Minister Arun Jaitley said that it would take two to three weeks to re-calibrate the machines, according to the Financial Times.",max,12.110553741455078
target,42,"Finance Minister Arun Jaitley said that it would take two to three weeks to re-calibrate the machines, according to the Financial Times.",last,5.322484016418457
target,43,"If the government brings this law, we will not follow it.”

The rules also said that the committee will retain every declaration for six months and also take an undertaking that the animals are bought for agriculture purposes and not for slaughter and also keep a record of name and address of the purchaser.",mean,6.450789928436279
target,43,"If the government brings this law, we will not follow it.”

The rules also said that the committee will retain every declaration for six months and also take an undertaking that the animals are bought for agriculture purposes and not for slaughter and also keep a record of name and address of the purchaser.",max,12.364794731140137
target,43,"If the government brings this law, we will not follow it.”

The rules also said that the committee will retain every declaration for six months and also take an undertaking that the animals are bought for agriculture purposes and not for slaughter and also keep a record of name and address of the purchaser.",last,12.364794731140137
target,44,"Finances:

NTA will be given a one-time grant of Rs.25 crore from the Government of India to start its operation in the first year.",mean,4.44645881652832
target,44,"Finances:

NTA will be given a one-time grant of Rs.25 crore from the Government of India to start its operation in the first year.",max,10.498664855957031
target,44,"Finances:

NTA will be given a one-time grant of Rs.25 crore from the Government of India to start its operation in the first year.",last,4.753513813018799
target,45,"Calangute (Goa): HRD Minister Smriti Irani finds hidden camera at garment store’s trial room - 4 persons arrested April 3, 2015

The Minister along with her businessman husband Zubin Irani are on a private visit to Goa.",mean,6.22219705581665
target,45,"Calangute (Goa): HRD Minister Smriti Irani finds hidden camera at garment store’s trial room - 4 persons arrested April 3, 2015

The Minister along with her businessman husband Zubin Irani are on a private visit to Goa.",max,11.857660293579102
target,45,"Calangute (Goa): HRD Minister Smriti Irani finds hidden camera at garment store’s trial room - 4 persons arrested April 3, 2015

The Minister along with her businessman husband Zubin Irani are on a private visit to Goa.",last,7.5139851570129395
target,46,Paytm already has close to 135 million wallets.,mean,5.637086391448975
target,46,Paytm already has close to 135 million wallets.,max,8.751669883728027
target,46,Paytm already has close to 135 million wallets.,last,6.858561992645264
target,47,"It asked the government to review the deemed university status of various institutions.The court adjudicated a bunch of petitions on the validity of correspondence courses of four deemed universities — JRN Rajasthan Vidyapeeth, Institute of Advanced Studies in Education in Rajasthan, Allahabad Agricultural Institute and Vinayaka Mission’s Research Foundation in Tamil Nadu — which have been providing engineering education through correspondence since 2001 despite AICTE disapproval.The apex court restrained all deemed universities from offering correspondence courses without the approval of the AICTE and directed a CBI probe against officials who permitted the universities to run the programmes from 2001.The court passed the order after UGC’s counsel and ASG Maninder Singh and AICTE advocate Anil Soni informed the court that distance learning courses in engineering were not permitted.Holding the degree issued by universities invalid, the court, however, opened a small window for students who took admission between 2001 and 2005 to revive their degree by undergoing a fresh examination by AICTE.",mean,6.424388408660889
target,47,"It asked the government to review the deemed university status of various institutions.The court adjudicated a bunch of petitions on the validity of correspondence courses of four deemed universities — JRN Rajasthan Vidyapeeth, Institute of Advanced Studies in Education in Rajasthan, Allahabad Agricultural Institute and Vinayaka Mission’s Research Foundation in Tamil Nadu — which have been providing engineering education through correspondence since 2001 despite AICTE disapproval.The apex court restrained all deemed universities from offering correspondence courses without the approval of the AICTE and directed a CBI probe against officials who permitted the universities to run the programmes from 2001.The court passed the order after UGC’s counsel and ASG Maninder Singh and AICTE advocate Anil Soni informed the court that distance learning courses in engineering were not permitted.Holding the degree issued by universities invalid, the court, however, opened a small window for students who took admission between 2001 and 2005 to revive their degree by undergoing a fresh examination by AICTE.",max,12.11705207824707
target,47,"It asked the government to review the deemed university status of various institutions.The court adjudicated a bunch of petitions on the validity of correspondence courses of four deemed universities — JRN Rajasthan Vidyapeeth, Institute of Advanced Studies in Education in Rajasthan, Allahabad Agricultural Institute and Vinayaka Mission’s Research Foundation in Tamil Nadu — which have been providing engineering education through correspondence since 2001 despite AICTE disapproval.The apex court restrained all deemed universities from offering correspondence courses without the approval of the AICTE and directed a CBI probe against officials who permitted the universities to run the programmes from 2001.The court passed the order after UGC’s counsel and ASG Maninder Singh and AICTE advocate Anil Soni informed the court that distance learning courses in engineering were not permitted.Holding the degree issued by universities invalid, the court, however, opened a small window for students who took admission between 2001 and 2005 to revive their degree by undergoing a fresh examination by AICTE.",last,6.613811492919922
target,48,"Catch News

Singh who belonged to Harda area and was living with his family in Baitul, was suffering from critical health condition to which he succumbed on 20 September.",mean,7.199161529541016
target,48,"Catch News

Singh who belonged to Harda area and was living with his family in Baitul, was suffering from critical health condition to which he succumbed on 20 September.",max,11.788764953613281
target,48,"Catch News

Singh who belonged to Harda area and was living with his family in Baitul, was suffering from critical health condition to which he succumbed on 20 September.",last,6.385165691375732
target,49,"The Lok Sabha results reflect that Shah managed to break traditional caste barriers and attract all sections of voters, including other backward classes (OBCs), Dalits and some sections of Yadavs too.",mean,6.915989875793457
target,49,"The Lok Sabha results reflect that Shah managed to break traditional caste barriers and attract all sections of voters, including other backward classes (OBCs), Dalits and some sections of Yadavs too.",max,11.80506706237793
target,49,"The Lok Sabha results reflect that Shah managed to break traditional caste barriers and attract all sections of voters, including other backward classes (OBCs), Dalits and some sections of Yadavs too.",last,9.990745544433594
target,50,"Consumers need to take them on,” Kamath prodded.He claimed that in surveys conducted by the organization at least 60% of women respondents had used such creams and 16% even admitted that it had reacted badly on their skin.Kamath suggested that there should be a regulatory agency to control and restrict such misleading advertisements.Referring to another beauty product shampoos, Kamath said that the product does nothing but clean one’s hair and scalp.",mean,5.178069591522217
target,50,"Consumers need to take them on,” Kamath prodded.He claimed that in surveys conducted by the organization at least 60% of women respondents had used such creams and 16% even admitted that it had reacted badly on their skin.Kamath suggested that there should be a regulatory agency to control and restrict such misleading advertisements.Referring to another beauty product shampoos, Kamath said that the product does nothing but clean one’s hair and scalp.",max,11.190895080566406
target,50,"Consumers need to take them on,” Kamath prodded.He claimed that in surveys conducted by the organization at least 60% of women respondents had used such creams and 16% even admitted that it had reacted badly on their skin.Kamath suggested that there should be a regulatory agency to control and restrict such misleading advertisements.Referring to another beauty product shampoos, Kamath said that the product does nothing but clean one’s hair and scalp.",last,7.25060510635376
target,51,Karnataka Tourism Minister Roshan Baig says Bijapur's monuments are being considered in a plan the Government is drawing up to promote tourism in the state.,mean,6.152048587799072
target,51,Karnataka Tourism Minister Roshan Baig says Bijapur's monuments are being considered in a plan the Government is drawing up to promote tourism in the state.,max,10.834181785583496
target,51,Karnataka Tourism Minister Roshan Baig says Bijapur's monuments are being considered in a plan the Government is drawing up to promote tourism in the state.,last,6.611236572265625
target,52,"""I had demanded an inquiry against Pachauri in a letter I wrote to Petroleum Minister Murli Deora some time back,"" he confirmed.",mean,6.9171576499938965
target,52,"""I had demanded an inquiry against Pachauri in a letter I wrote to Petroleum Minister Murli Deora some time back,"" he confirmed.",max,11.003836631774902
target,52,"""I had demanded an inquiry against Pachauri in a letter I wrote to Petroleum Minister Murli Deora some time back,"" he confirmed.",last,6.847710609436035
target,53,Now Kejriwal is Chief Minister and the lady is now the head of a powerful Statutory Body in Delhi.,mean,6.260622501373291
target,53,Now Kejriwal is Chief Minister and the lady is now the head of a powerful Statutory Body in Delhi.,max,8.57776165008545
target,53,Now Kejriwal is Chief Minister and the lady is now the head of a powerful Statutory Body in Delhi.,last,7.089406967163086
target,54,"In 2007 Sinha had also complained to Sebi against DLF which related to the company’s dealings with other companies which were alleged to be closely related to the real estate major.After serving a show cause notice (SCN), giving DLF and its directors to examine relevant documents based on which the SCN was served, Sebi also gave them a chance for personal representation.",mean,5.928475856781006
target,54,"In 2007 Sinha had also complained to Sebi against DLF which related to the company’s dealings with other companies which were alleged to be closely related to the real estate major.After serving a show cause notice (SCN), giving DLF and its directors to examine relevant documents based on which the SCN was served, Sebi also gave them a chance for personal representation.",max,11.753706932067871
target,54,"In 2007 Sinha had also complained to Sebi against DLF which related to the company’s dealings with other companies which were alleged to be closely related to the real estate major.After serving a show cause notice (SCN), giving DLF and its directors to examine relevant documents based on which the SCN was served, Sebi also gave them a chance for personal representation.",last,8.390223503112793
target,55,"According to reports, Delhi BJP leader Sunil Yadav said on Tuesday that he would distribute two kilogram onions each to the women who tie the Rakhi on his wrist and added that he would be visiting the JJ camp on Tughlak Lane, located behind the official residence of Rahul Gandhi and Race Course Road jhuggi camp near the PM residence at 11 am.",mean,6.467913627624512
target,55,"According to reports, Delhi BJP leader Sunil Yadav said on Tuesday that he would distribute two kilogram onions each to the women who tie the Rakhi on his wrist and added that he would be visiting the JJ camp on Tughlak Lane, located behind the official residence of Rahul Gandhi and Race Course Road jhuggi camp near the PM residence at 11 am.",max,10.664361000061035
target,55,"According to reports, Delhi BJP leader Sunil Yadav said on Tuesday that he would distribute two kilogram onions each to the women who tie the Rakhi on his wrist and added that he would be visiting the JJ camp on Tughlak Lane, located behind the official residence of Rahul Gandhi and Race Course Road jhuggi camp near the PM residence at 11 am.",last,8.09974193572998
target,56,"Through this app, user can determine GST rate for a good or a service by entering the name or chapter heading of the commodity or service.",mean,5.704080581665039
target,56,"Through this app, user can determine GST rate for a good or a service by entering the name or chapter heading of the commodity or service.",max,10.961589813232422
target,56,"Through this app, user can determine GST rate for a good or a service by entering the name or chapter heading of the commodity or service.",last,8.800140380859375
target,57,"Investigations have revealed that Kumar’s Mumbai-based aide would ask for call details of personalities, which the he procured and duly handed over during personal meetings at posh hotels of Delhi.",mean,5.916998386383057
target,57,"Investigations have revealed that Kumar’s Mumbai-based aide would ask for call details of personalities, which the he procured and duly handed over during personal meetings at posh hotels of Delhi.",max,10.588200569152832
target,57,"Investigations have revealed that Kumar’s Mumbai-based aide would ask for call details of personalities, which the he procured and duly handed over during personal meetings at posh hotels of Delhi.",last,10.588200569152832
target,58,​In another incident recently a hotel in Jaipur was sealed within hours by the JMC (Jaipur Municipal Corporation) and its manager and staffer were detained after a cow vigilante Sadhvi Kamal led protests outside the hotel on suspicion of beef being cooked and meat leftovers being dumped outside.,mean,6.107040882110596
target,58,​In another incident recently a hotel in Jaipur was sealed within hours by the JMC (Jaipur Municipal Corporation) and its manager and staffer were detained after a cow vigilante Sadhvi Kamal led protests outside the hotel on suspicion of beef being cooked and meat leftovers being dumped outside.,max,10.802250862121582
target,58,​In another incident recently a hotel in Jaipur was sealed within hours by the JMC (Jaipur Municipal Corporation) and its manager and staffer were detained after a cow vigilante Sadhvi Kamal led protests outside the hotel on suspicion of beef being cooked and meat leftovers being dumped outside.,last,8.990052223205566
target,59,"The likes of Manish Sisodia, who worked with Zee News as a producer, and Shazia Ilmi, who was one of the lead anchors at Star News for several years, help Team Anna get an insider's perspective on how TV channels run and how to stay on top of the news cycle.",mean,5.803286552429199
target,59,"The likes of Manish Sisodia, who worked with Zee News as a producer, and Shazia Ilmi, who was one of the lead anchors at Star News for several years, help Team Anna get an insider's perspective on how TV channels run and how to stay on top of the news cycle.",max,10.933121681213379
target,59,"The likes of Manish Sisodia, who worked with Zee News as a producer, and Shazia Ilmi, who was one of the lead anchors at Star News for several years, help Team Anna get an insider's perspective on how TV channels run and how to stay on top of the news cycle.",last,8.287818908691406
target,60,Before Starting Services by Private operators in the year 1994 BSNL (then DOT) was the backbone of the country’s telecom network with 100% market share along with MTNL.,mean,6.007348537445068
target,60,Before Starting Services by Private operators in the year 1994 BSNL (then DOT) was the backbone of the country’s telecom network with 100% market share along with MTNL.,max,9.76728630065918
target,60,Before Starting Services by Private operators in the year 1994 BSNL (then DOT) was the backbone of the country’s telecom network with 100% market share along with MTNL.,last,7.52177619934082
target,61,"The Congress vice president, who was supposed to come back today from his ""leave of absence,"" will now do so on Wednesday, sources have told NDTV.",mean,6.1367902755737305
target,61,"The Congress vice president, who was supposed to come back today from his ""leave of absence,"" will now do so on Wednesday, sources have told NDTV.",max,10.68359088897705
target,61,"The Congress vice president, who was supposed to come back today from his ""leave of absence,"" will now do so on Wednesday, sources have told NDTV.",last,5.210771560668945
target,62,"He commanded the Southern Command at Pune, whose orientation is in the desert areas, before assuming the appointment of VCOAS under Gen Singh.",mean,5.4832682609558105
target,62,"He commanded the Southern Command at Pune, whose orientation is in the desert areas, before assuming the appointment of VCOAS under Gen Singh.",max,12.052967071533203
target,62,"He commanded the Southern Command at Pune, whose orientation is in the desert areas, before assuming the appointment of VCOAS under Gen Singh.",last,5.180182456970215
target,63,Firstpost is now on WhatsApp.,mean,4.701735496520996
target,63,Firstpost is now on WhatsApp.,max,7.189136981964111
target,63,Firstpost is now on WhatsApp.,last,7.189136981964111
target,64,Firstpost is now on WhatsApp.,mean,4.701735496520996
target,64,Firstpost is now on WhatsApp.,max,7.189136981964111
target,64,Firstpost is now on WhatsApp.,last,7.189136981964111
target,65,"""During the polls, the Prime Minister had attacked the then government (led by Manmohan Singh) for the rupee downfall, but now that he is in power for the past 15 months, the currency downfall continues,"" AAP leader Ashutosh said.He added that Mr Modi had promised several reforms to boost the economy, but that has not been able to make any impact on the economy.",mean,6.4626617431640625
target,65,"""During the polls, the Prime Minister had attacked the then government (led by Manmohan Singh) for the rupee downfall, but now that he is in power for the past 15 months, the currency downfall continues,"" AAP leader Ashutosh said.He added that Mr Modi had promised several reforms to boost the economy, but that has not been able to make any impact on the economy.",max,13.310742378234863
target,65,"""During the polls, the Prime Minister had attacked the then government (led by Manmohan Singh) for the rupee downfall, but now that he is in power for the past 15 months, the currency downfall continues,"" AAP leader Ashutosh said.He added that Mr Modi had promised several reforms to boost the economy, but that has not been able to make any impact on the economy.",last,8.837723731994629
target,66,Vikas Barala and Ashish are in judicial custody and their bail applications have been rejected by the court.,mean,6.543057441711426
target,66,Vikas Barala and Ashish are in judicial custody and their bail applications have been rejected by the court.,max,9.408940315246582
target,66,Vikas Barala and Ashish are in judicial custody and their bail applications have been rejected by the court.,last,7.01686429977417
target,67,"""PM's speech yesterday with regard to all sections including market players contributing to the national exchequer has been misinterpreted in some parts of media,"" Arun Jaitley said.",mean,6.636144638061523
target,67,"""PM's speech yesterday with regard to all sections including market players contributing to the national exchequer has been misinterpreted in some parts of media,"" Arun Jaitley said.",max,10.61968994140625
target,67,"""PM's speech yesterday with regard to all sections including market players contributing to the national exchequer has been misinterpreted in some parts of media,"" Arun Jaitley said.",last,8.334897994995117
target,68,"“Had Rahul Gandhi been effective, he would have talked about the country at large.",mean,6.17047643661499
target,68,"“Had Rahul Gandhi been effective, he would have talked about the country at large.",max,10.173196792602539
target,68,"“Had Rahul Gandhi been effective, he would have talked about the country at large.",last,7.1892828941345215
target,69,Lignite based Thermal power plant has been established at Giral in Barmer district.,mean,6.111666679382324
target,69,Lignite based Thermal power plant has been established at Giral in Barmer district.,max,11.230005264282227
target,69,Lignite based Thermal power plant has been established at Giral in Barmer district.,last,7.7235107421875
target,70,"Casting agent: Vijay Rawal

After a conversation over the phone, Vijay Rawal agreed to meet around 3 pm at Bhaidas Hall, Vile Parle.",mean,5.124731063842773
target,70,"Casting agent: Vijay Rawal

After a conversation over the phone, Vijay Rawal agreed to meet around 3 pm at Bhaidas Hall, Vile Parle.",max,9.35439395904541
target,70,"Casting agent: Vijay Rawal

After a conversation over the phone, Vijay Rawal agreed to meet around 3 pm at Bhaidas Hall, Vile Parle.",last,6.514766216278076
target,71,"P Vaidyanathan Iyer: In the last one year, the economy has been struggling to cross the 7-8 per cent growth mark.",mean,6.508002281188965
target,71,"P Vaidyanathan Iyer: In the last one year, the economy has been struggling to cross the 7-8 per cent growth mark.",max,9.276129722595215
target,71,"P Vaidyanathan Iyer: In the last one year, the economy has been struggling to cross the 7-8 per cent growth mark.",last,7.345178127288818
target,72,"Reacting to the deteriorating and order situation in Uttar Pradesh, (BJP) leader Subramanian Swamy on Monday said that Article 256 empowers the government to give directions to a state government, and that even President's rule can be imposed on Uttar Pradesh, if they refused to follow those directions.",mean,6.315284252166748
target,72,"Reacting to the deteriorating and order situation in Uttar Pradesh, (BJP) leader Subramanian Swamy on Monday said that Article 256 empowers the government to give directions to a state government, and that even President's rule can be imposed on Uttar Pradesh, if they refused to follow those directions.",max,11.260408401489258
target,72,"Reacting to the deteriorating and order situation in Uttar Pradesh, (BJP) leader Subramanian Swamy on Monday said that Article 256 empowers the government to give directions to a state government, and that even President's rule can be imposed on Uttar Pradesh, if they refused to follow those directions.",last,8.185638427734375
target,73,"""Exactly two years ago, the Congress necked out MPs of Seemandhra region from Parliament and committed a grave

mistake by splitting the state.",mean,6.1461501121521
target,73,"""Exactly two years ago, the Congress necked out MPs of Seemandhra region from Parliament and committed a grave

mistake by splitting the state.",max,10.700655937194824
target,73,"""Exactly two years ago, the Congress necked out MPs of Seemandhra region from Parliament and committed a grave

mistake by splitting the state.",last,9.454174041748047
target,74,"Today, Terra Greens has 4,000 farmers from Maharashtra, Rajasthan, Tamil Nadu, Karnataka and Telengana working for them and the products are distributed through distributors in 600 major stores in India.",mean,5.281292915344238
target,74,"Today, Terra Greens has 4,000 farmers from Maharashtra, Rajasthan, Tamil Nadu, Karnataka and Telengana working for them and the products are distributed through distributors in 600 major stores in India.",max,10.819320678710938
target,74,"Today, Terra Greens has 4,000 farmers from Maharashtra, Rajasthan, Tamil Nadu, Karnataka and Telengana working for them and the products are distributed through distributors in 600 major stores in India.",last,6.683919906616211
target,75,"Mewat and Shekhawati

The two regions of Mewat and Shekhawati, while geographically adjacent, have not much in common when it comes to Muslim population.",mean,5.6381449699401855
target,75,"Mewat and Shekhawati

The two regions of Mewat and Shekhawati, while geographically adjacent, have not much in common when it comes to Muslim population.",max,10.428608894348145
target,75,"Mewat and Shekhawati

The two regions of Mewat and Shekhawati, while geographically adjacent, have not much in common when it comes to Muslim population.",last,6.154113292694092
target,76,"Accompanied by Army chief General Bikram Singh, Jaitley arrived in Srinagar on his maiden visit since assuming charge as defence minister last month and will be meeting Governor N N Vohra and Chief Minister Omar Abdullah.",mean,6.43668270111084
target,76,"Accompanied by Army chief General Bikram Singh, Jaitley arrived in Srinagar on his maiden visit since assuming charge as defence minister last month and will be meeting Governor N N Vohra and Chief Minister Omar Abdullah.",max,10.52284049987793
target,76,"Accompanied by Army chief General Bikram Singh, Jaitley arrived in Srinagar on his maiden visit since assuming charge as defence minister last month and will be meeting Governor N N Vohra and Chief Minister Omar Abdullah.",last,10.52284049987793
target,77,- Gupta I love to sing and my inspiration was Matt.,mean,4.197815895080566
target,77,- Gupta I love to sing and my inspiration was Matt.,max,7.994388580322266
target,77,- Gupta I love to sing and my inspiration was Matt.,last,1.9324376583099365
target,78,The government will have to spend around Rs 148 crore to issue these Aadhar cards for cows.,mean,6.086760997772217
target,78,The government will have to spend around Rs 148 crore to issue these Aadhar cards for cows.,max,10.819991111755371
target,78,The government will have to spend around Rs 148 crore to issue these Aadhar cards for cows.,last,9.206367492675781
target,79,"Apart from the celebrated personalities, there are a number of professional doctors who have predicted the four long years of Donald Trump as the president.",mean,6.326451778411865
target,79,"Apart from the celebrated personalities, there are a number of professional doctors who have predicted the four long years of Donald Trump as the president.",max,12.268254280090332
target,79,"Apart from the celebrated personalities, there are a number of professional doctors who have predicted the four long years of Donald Trump as the president.",last,7.660743713378906
target,80,Minister said that Pakistan has abundant IT talent and IT parks would be a good way of leveraging that talent to boost Pakistan’s IT exports which have already grown over 40% since last year.,mean,5.598657608032227
target,80,Minister said that Pakistan has abundant IT talent and IT parks would be a good way of leveraging that talent to boost Pakistan’s IT exports which have already grown over 40% since last year.,max,8.598365783691406
target,80,Minister said that Pakistan has abundant IT talent and IT parks would be a good way of leveraging that talent to boost Pakistan’s IT exports which have already grown over 40% since last year.,last,6.344061374664307
target,81,Police sources said the previous government led by Omar Abdullah had once decided to release Masarat and a senior police officer was sent to speak to him.,mean,6.03915548324585
target,81,Police sources said the previous government led by Omar Abdullah had once decided to release Masarat and a senior police officer was sent to speak to him.,max,9.200616836547852
target,81,Police sources said the previous government led by Omar Abdullah had once decided to release Masarat and a senior police officer was sent to speak to him.,last,8.497315406799316
target,82,People like #RajShetye makes one feel ashamed of being a part of such a society!,mean,5.761389255523682
target,82,People like #RajShetye makes one feel ashamed of being a part of such a society!,max,10.079347610473633
target,82,People like #RajShetye makes one feel ashamed of being a part of such a society!,last,7.690610885620117
target,83,"Many quacks he has come across were originally compounders or paramedics who have worked in Maharashtra and Karnataka, who after a few years' 'experience', moved to Goa to open their own 'clinics'.A senior surgeon, who recently spoke at a medical conference, also hinted at a 'nexus' between top corporate hospitals and quacks in Goa.",mean,6.01668119430542
target,83,"Many quacks he has come across were originally compounders or paramedics who have worked in Maharashtra and Karnataka, who after a few years' 'experience', moved to Goa to open their own 'clinics'.A senior surgeon, who recently spoke at a medical conference, also hinted at a 'nexus' between top corporate hospitals and quacks in Goa.",max,13.274004936218262
target,83,"Many quacks he has come across were originally compounders or paramedics who have worked in Maharashtra and Karnataka, who after a few years' 'experience', moved to Goa to open their own 'clinics'.A senior surgeon, who recently spoke at a medical conference, also hinted at a 'nexus' between top corporate hospitals and quacks in Goa.",last,8.414597511291504
target,84,"Get all the latest updates on Lok Sabha elections throughout the day:

Advertising

9.20 pm Senior leader and BJP’s Lok Sabha candidate from Jhansi, Uma Bharti, on Friday denied reports that she had written to party president Rajnath Singh and asked for a ticket from Bhopal.",mean,6.237715244293213
target,84,"Get all the latest updates on Lok Sabha elections throughout the day:

Advertising

9.20 pm Senior leader and BJP’s Lok Sabha candidate from Jhansi, Uma Bharti, on Friday denied reports that she had written to party president Rajnath Singh and asked for a ticket from Bhopal.",max,10.00114917755127
target,84,"Get all the latest updates on Lok Sabha elections throughout the day:

Advertising

9.20 pm Senior leader and BJP’s Lok Sabha candidate from Jhansi, Uma Bharti, on Friday denied reports that she had written to party president Rajnath Singh and asked for a ticket from Bhopal.",last,8.090962409973145
target,85,"According to the special prosecutor, Pious Mathew, this was the first time in the state that such a harsh punishment has been awarded to an accused under the POCSO Act.Pious Mathew said the 35-year-old pastor had raped the girl, who was studying in seventh standard, at his presbytery (official residence) during the summer vacation in April 2014.The victim had gone to the pastor's residence to hand over the herbal medicine for treating his child.``The girl and her siblings were with the child of the convict, when he with evil motive to distract other children switched on TV and allowed them to watch shows.",mean,5.632658004760742
target,85,"According to the special prosecutor, Pious Mathew, this was the first time in the state that such a harsh punishment has been awarded to an accused under the POCSO Act.Pious Mathew said the 35-year-old pastor had raped the girl, who was studying in seventh standard, at his presbytery (official residence) during the summer vacation in April 2014.The victim had gone to the pastor's residence to hand over the herbal medicine for treating his child.``The girl and her siblings were with the child of the convict, when he with evil motive to distract other children switched on TV and allowed them to watch shows.",max,12.540950775146484
target,85,"According to the special prosecutor, Pious Mathew, this was the first time in the state that such a harsh punishment has been awarded to an accused under the POCSO Act.Pious Mathew said the 35-year-old pastor had raped the girl, who was studying in seventh standard, at his presbytery (official residence) during the summer vacation in April 2014.The victim had gone to the pastor's residence to hand over the herbal medicine for treating his child.``The girl and her siblings were with the child of the convict, when he with evil motive to distract other children switched on TV and allowed them to watch shows.",last,6.02181339263916
target,86,"This should be coupled with a thorough analysis of portfolio allocation of the fund, to arrive at a conclusion of the performance of the fund,"" Dutta says in a research report.",mean,5.762051105499268
target,86,"This should be coupled with a thorough analysis of portfolio allocation of the fund, to arrive at a conclusion of the performance of the fund,"" Dutta says in a research report.",max,11.8287353515625
target,86,"This should be coupled with a thorough analysis of portfolio allocation of the fund, to arrive at a conclusion of the performance of the fund,"" Dutta says in a research report.",last,11.8287353515625
target,87,The doubt over India's participation in the Champions Trophy arose after the BCCI missed the April 25 deadline to send its squad for the tournament to the ICC.,mean,6.264372825622559
target,87,The doubt over India's participation in the Champions Trophy arose after the BCCI missed the April 25 deadline to send its squad for the tournament to the ICC.,max,12.584858894348145
target,87,The doubt over India's participation in the Champions Trophy arose after the BCCI missed the April 25 deadline to send its squad for the tournament to the ICC.,last,9.356361389160156
target,88,"9.15 am: Markets recover following RBI steps

The Indian markets recovered today following RBI'ssteps to support the beaten-down bond market.",mean,4.722756862640381
target,88,"9.15 am: Markets recover following RBI steps

The Indian markets recovered today following RBI'ssteps to support the beaten-down bond market.",max,9.888253211975098
target,88,"9.15 am: Markets recover following RBI steps

The Indian markets recovered today following RBI'ssteps to support the beaten-down bond market.",last,8.255284309387207
target,89,"Political pundit and AAP strategist Yogendra Yadav is widely seen as Haryana's chief ministerial candidate and is also tipped to fight the Lok Sabha polls from Gurgaon, adjoining Delhi.",mean,6.285455226898193
target,89,"Political pundit and AAP strategist Yogendra Yadav is widely seen as Haryana's chief ministerial candidate and is also tipped to fight the Lok Sabha polls from Gurgaon, adjoining Delhi.",max,10.763114929199219
target,89,"Political pundit and AAP strategist Yogendra Yadav is widely seen as Haryana's chief ministerial candidate and is also tipped to fight the Lok Sabha polls from Gurgaon, adjoining Delhi.",last,8.850482940673828
target,90,"Watch him taking on Rahul Gandhi, making Narendra Modi laugh

The second FIR (file 198) in the case was registered against 12 people including names like late Ashok Singhal, Advani, Joshi, Vinay Katiyar and Uma Bharti.",mean,6.420040607452393
target,90,"Watch him taking on Rahul Gandhi, making Narendra Modi laugh

The second FIR (file 198) in the case was registered against 12 people including names like late Ashok Singhal, Advani, Joshi, Vinay Katiyar and Uma Bharti.",max,11.173847198486328
target,90,"Watch him taking on Rahul Gandhi, making Narendra Modi laugh

The second FIR (file 198) in the case was registered against 12 people including names like late Ashok Singhal, Advani, Joshi, Vinay Katiyar and Uma Bharti.",last,7.36461877822876
target,91,Bansdih inspector Vashistha Narayan Dubey told TOI over phone that the baraat returned without a bride after collecting their gifts given to the girl and her family members.,mean,6.28203821182251
target,91,Bansdih inspector Vashistha Narayan Dubey told TOI over phone that the baraat returned without a bride after collecting their gifts given to the girl and her family members.,max,10.970590591430664
target,91,Bansdih inspector Vashistha Narayan Dubey told TOI over phone that the baraat returned without a bride after collecting their gifts given to the girl and her family members.,last,7.717092990875244
target,92,"Hardline Hurriyat Conference leader Masarat Alam, who organised the anti-India protests of 2010 in the Valley that saw the death of 112 people, was freed from a Baramulla jail on Saturday evening.",mean,5.9438090324401855
target,92,"Hardline Hurriyat Conference leader Masarat Alam, who organised the anti-India protests of 2010 in the Valley that saw the death of 112 people, was freed from a Baramulla jail on Saturday evening.",max,10.339614868164062
target,92,"Hardline Hurriyat Conference leader Masarat Alam, who organised the anti-India protests of 2010 in the Valley that saw the death of 112 people, was freed from a Baramulla jail on Saturday evening.",last,7.799115180969238
target,93,It is also an IT Enabled Service (ITES) provider in the domain of Call Center as well as e-Commerce Portal.,mean,5.396603107452393
target,93,It is also an IT Enabled Service (ITES) provider in the domain of Call Center as well as e-Commerce Portal.,max,9.52042007446289
target,93,It is also an IT Enabled Service (ITES) provider in the domain of Call Center as well as e-Commerce Portal.,last,7.80171537399292
target,94,It is Yadav who is now keeping the AAP flag flying.,mean,5.713790416717529
target,94,It is Yadav who is now keeping the AAP flag flying.,max,9.438054084777832
target,94,It is Yadav who is now keeping the AAP flag flying.,last,8.72588062286377
target,95,"A public interest litigation filed in the Calcutta High Court by a member of the activist organisation Young Bengal mentioned 13 official days for the Pujas, accounting for almost a three-week break including weekends.",mean,5.537915229797363
target,95,"A public interest litigation filed in the Calcutta High Court by a member of the activist organisation Young Bengal mentioned 13 official days for the Pujas, accounting for almost a three-week break including weekends.",max,9.936927795410156
target,95,"A public interest litigation filed in the Calcutta High Court by a member of the activist organisation Young Bengal mentioned 13 official days for the Pujas, accounting for almost a three-week break including weekends.",last,7.71806001663208
target,96,Additional Solicitor General Gopal Subramanium appearing for the Airlines' had contended that the action taken against them was justified.,mean,7.022357940673828
target,96,Additional Solicitor General Gopal Subramanium appearing for the Airlines' had contended that the action taken against them was justified.,max,10.015281677246094
target,96,Additional Solicitor General Gopal Subramanium appearing for the Airlines' had contended that the action taken against them was justified.,last,10.0088472366333
target,97,UP ke andar dekhunga to 22 crore logon ko dekhna hoga.,mean,6.866075038909912
target,97,UP ke andar dekhunga to 22 crore logon ko dekhna hoga.,max,10.657360076904297
target,97,UP ke andar dekhunga to 22 crore logon ko dekhna hoga.,last,7.6820149421691895
target,98,Murali Vijay carried on with the momentum of the last game as he shimmed down the track repeatedly and his hoicks repeatedly found the gap.,mean,6.191768646240234
target,98,Murali Vijay carried on with the momentum of the last game as he shimmed down the track repeatedly and his hoicks repeatedly found the gap.,max,10.775257110595703
target,98,Murali Vijay carried on with the momentum of the last game as he shimmed down the track repeatedly and his hoicks repeatedly found the gap.,last,7.868991374969482
target,99,"""But the people of Gujarat have rejected the Congress over and over again, and these elections are not going to be any different,"" he said.Meanwhile, a group of Patidar youth tried to disrupt the speech of BJP President Amit Shah at Anand.",mean,5.683340549468994
target,99,"""But the people of Gujarat have rejected the Congress over and over again, and these elections are not going to be any different,"" he said.Meanwhile, a group of Patidar youth tried to disrupt the speech of BJP President Amit Shah at Anand.",max,11.415584564208984
target,99,"""But the people of Gujarat have rejected the Congress over and over again, and these elections are not going to be any different,"" he said.Meanwhile, a group of Patidar youth tried to disrupt the speech of BJP President Amit Shah at Anand.",last,8.41297721862793
control,0,"He was taken to a local hospital, where he succumbed to his injuries Thursday.",mean,0.25826752185821533
control,0,"He was taken to a local hospital, where he succumbed to his injuries Thursday.",max,1.4455398321151733
control,0,"He was taken to a local hospital, where he succumbed to his injuries Thursday.",last,0.0
control,1,The life insurance part was standard; the retirement scheme was pure tontine.,mean,0.3497088551521301
control,1,The life insurance part was standard; the retirement scheme was pure tontine.,max,2.1197330951690674
control,1,The life insurance part was standard; the retirement scheme was pure tontine.,last,0.6518128514289856
control,2,Then meet me at the docks same time tomorrow night!,mean,0.023574229329824448
control,2,Then meet me at the docks same time tomorrow night!,max,0.19475772976875305
control,2,Then meet me at the docks same time tomorrow night!,last,0.0
control,3,"Charlotte County Sheriff's Office

A 52-year-old man that bleaches his hair platinum blonde:

One of the strongest anti-drug messages you will ever see.",mean,0.054202016443014145
control,3,"Charlotte County Sheriff's Office

A 52-year-old man that bleaches his hair platinum blonde:

One of the strongest anti-drug messages you will ever see.",max,0.6719767451286316
control,3,"Charlotte County Sheriff's Office

A 52-year-old man that bleaches his hair platinum blonde:

One of the strongest anti-drug messages you will ever see.",last,0.02438151277601719
control,4,"What they – and other conservative reforms – could and should do is make our economy a little stronger, our society a little fairer, and life a little better for America’s moms, and dads, and children.",mean,0.028367450460791588
control,4,"What they – and other conservative reforms – could and should do is make our economy a little stronger, our society a little fairer, and life a little better for America’s moms, and dads, and children.",max,0.5716851949691772
control,4,"What they – and other conservative reforms – could and should do is make our economy a little stronger, our society a little fairer, and life a little better for America’s moms, and dads, and children.",last,0.0
control,5,"Reacting to a variety of dust-ups in the news during Trump’s transition, the Cleveland group said they remained distrustful of Russian President Vladimir Putin, but were not convinced that Russia was behind cyber breaches in the United States in an effort to put Trump in the White House.",mean,0.17709055542945862
control,5,"Reacting to a variety of dust-ups in the news during Trump’s transition, the Cleveland group said they remained distrustful of Russian President Vladimir Putin, but were not convinced that Russia was behind cyber breaches in the United States in an effort to put Trump in the White House.",max,1.9614430665969849
control,5,"Reacting to a variety of dust-ups in the news during Trump’s transition, the Cleveland group said they remained distrustful of Russian President Vladimir Putin, but were not convinced that Russia was behind cyber breaches in the United States in an effort to put Trump in the White House.",last,0.0
control,6,We hope you enjoy Fraps 3!,mean,0.2311570942401886
control,6,We hope you enjoy Fraps 3!,max,0.6822773814201355
control,6,We hope you enjoy Fraps 3!,last,0.0
control,7,"At the neuronal level, studies have shown that difficulties or expertise with numbers are associated with functional and anatomical anomalies of the right parietal lobe, as compared to the normal population [].",mean,0.12463363260030746
control,7,"At the neuronal level, studies have shown that difficulties or expertise with numbers are associated with functional and anatomical anomalies of the right parietal lobe, as compared to the normal population [].",max,1.5444259643554688
control,7,"At the neuronal level, studies have shown that difficulties or expertise with numbers are associated with functional and anatomical anomalies of the right parietal lobe, as compared to the normal population [].",last,0.7527021169662476
control,8,This made Herbenick and her colleagues wonder if Americans were more sexually adventurous than prior surveys had suggested.,mean,0.11473903059959412
control,8,This made Herbenick and her colleagues wonder if Americans were more sexually adventurous than prior surveys had suggested.,max,0.5418590307235718
control,8,This made Herbenick and her colleagues wonder if Americans were more sexually adventurous than prior surveys had suggested.,last,0.08213075995445251
control,9,"""Battletoads.""",mean,0.0
control,9,"""Battletoads.""",max,0.0
control,9,"""Battletoads.""",last,0.0
control,10,"The Apple co founder sold this particular Apple-1 directly from his parents’ garage for $600 way back in the mid-’70s, reports the Guardian.",mean,0.6511204838752747
control,10,"The Apple co founder sold this particular Apple-1 directly from his parents’ garage for $600 way back in the mid-’70s, reports the Guardian.",max,3.5284438133239746
control,10,"The Apple co founder sold this particular Apple-1 directly from his parents’ garage for $600 way back in the mid-’70s, reports the Guardian.",last,0.9481630921363831
control,11,The price of each unit is 1.25 mBTC (0.00125 BTC).,mean,0.3523305058479309
control,11,The price of each unit is 1.25 mBTC (0.00125 BTC).,max,1.6079248189926147
control,11,The price of each unit is 1.25 mBTC (0.00125 BTC).,last,0.8052853345870972
control,12,"The Vicentini’s unflattering tag is thought to have originated from an era in which Vicenza – and the Veneto as a whole – suffered crippling poverty, leading to rumours that the people of Vicenza resorted to eating cats.",mean,0.1659269630908966
control,12,"The Vicentini’s unflattering tag is thought to have originated from an era in which Vicenza – and the Veneto as a whole – suffered crippling poverty, leading to rumours that the people of Vicenza resorted to eating cats.",max,1.6375521421432495
control,12,"The Vicentini’s unflattering tag is thought to have originated from an era in which Vicenza – and the Veneto as a whole – suffered crippling poverty, leading to rumours that the people of Vicenza resorted to eating cats.",last,0.0
control,13,"Yes there are characters on TV that suffer from depression, but at the time I was suffering from it, none of them were actively having a conversation about it.",mean,0.05060897767543793
control,13,"Yes there are characters on TV that suffer from depression, but at the time I was suffering from it, none of them were actively having a conversation about it.",max,0.5539783239364624
control,13,"Yes there are characters on TV that suffer from depression, but at the time I was suffering from it, none of them were actively having a conversation about it.",last,0.0
control,14,"The president of the French Rugby Federation, Pierre Camou, walked out when he failed to persuade a majority of the other unions that the Heineken Cup should be controlled by Fira, the organisation that represents the smaller unions in Europe.",mean,0.07652123272418976
control,14,"The president of the French Rugby Federation, Pierre Camou, walked out when he failed to persuade a majority of the other unions that the Heineken Cup should be controlled by Fira, the organisation that represents the smaller unions in Europe.",max,0.6402785181999207
control,14,"The president of the French Rugby Federation, Pierre Camou, walked out when he failed to persuade a majority of the other unions that the Heineken Cup should be controlled by Fira, the organisation that represents the smaller unions in Europe.",last,0.0
control,15,You can’t be mad at us if we recoil in fear and confusion during sex when face-to-face with an uncut member!,mean,0.2161625176668167
control,15,You can’t be mad at us if we recoil in fear and confusion during sex when face-to-face with an uncut member!,max,1.2785484790802002
control,15,You can’t be mad at us if we recoil in fear and confusion during sex when face-to-face with an uncut member!,last,0.8673154711723328
control,16,"Samoa were probably the most disappointing team on the night; I thought they had a genuine opportunity of upsetting England, but they were poor, made a lot of mistakes and couldn't match England's control.",mean,0.13892194628715515
control,16,"Samoa were probably the most disappointing team on the night; I thought they had a genuine opportunity of upsetting England, but they were poor, made a lot of mistakes and couldn't match England's control.",max,1.227821707725525
control,16,"Samoa were probably the most disappointing team on the night; I thought they had a genuine opportunity of upsetting England, but they were poor, made a lot of mistakes and couldn't match England's control.",last,0.0
control,17,"For other uses, see Melbourne Star (disambiguation) The Melbourne Star (previously Southern Star) is a giant Ferris wheel in the Waterfront City precinct in the Docklands area of Melbourne, the state capital of Victoria, Australia.",mean,0.2775847315788269
control,17,"For other uses, see Melbourne Star (disambiguation) The Melbourne Star (previously Southern Star) is a giant Ferris wheel in the Waterfront City precinct in the Docklands area of Melbourne, the state capital of Victoria, Australia.",max,1.2431542873382568
control,17,"For other uses, see Melbourne Star (disambiguation) The Melbourne Star (previously Southern Star) is a giant Ferris wheel in the Waterfront City precinct in the Docklands area of Melbourne, the state capital of Victoria, Australia.",last,0.0
control,18,"Tasked with the responsibility of correcting the precarious drop in both figures is France, NASCAR’s much maligned leader.",mean,0.2482733577489853
control,18,"Tasked with the responsibility of correcting the precarious drop in both figures is France, NASCAR’s much maligned leader.",max,2.1170945167541504
control,18,"Tasked with the responsibility of correcting the precarious drop in both figures is France, NASCAR’s much maligned leader.",last,0.0
control,19,"""We need to discuss which hallway we go through.""",mean,0.009057976305484772
control,19,"""We need to discuss which hallway we go through.""",max,0.09963773190975189
control,19,"""We need to discuss which hallway we go through.""",last,0.0
control,20,"""Spills are not part of our economic benefits analysis, nor do we in any way say that money spent on spill response would be justification for our project,"" he said.",mean,0.055705197155475616
control,20,"""Spills are not part of our economic benefits analysis, nor do we in any way say that money spent on spill response would be justification for our project,"" he said.",max,0.3414286971092224
control,20,"""Spills are not part of our economic benefits analysis, nor do we in any way say that money spent on spill response would be justification for our project,"" he said.",last,0.0
control,21,"Granted, there are a couple of comic book characters that utilize new and interesting technology,

and there are even plenty of super villains that use the power of explosives as their main weapon,

but I think the best place to put Doctor Nitro would be as a smart, capable, and behind the scenes antagonist to S.H.I.E.L.D.",mean,0.07840684801340103
control,21,"Granted, there are a couple of comic book characters that utilize new and interesting technology,

and there are even plenty of super villains that use the power of explosives as their main weapon,

but I think the best place to put Doctor Nitro would be as a smart, capable, and behind the scenes antagonist to S.H.I.E.L.D.",max,0.7006701231002808
control,21,"Granted, there are a couple of comic book characters that utilize new and interesting technology,

and there are even plenty of super villains that use the power of explosives as their main weapon,

but I think the best place to put Doctor Nitro would be as a smart, capable, and behind the scenes antagonist to S.H.I.E.L.D.",last,0.0
control,22,"Only one group was being turned back at the border: Palestinians, said Mai Mahmoud, a United Nations worker in Salum.",mean,0.02117912657558918
control,22,"Only one group was being turned back at the border: Palestinians, said Mai Mahmoud, a United Nations worker in Salum.",max,0.49469903111457825
control,22,"Only one group was being turned back at the border: Palestinians, said Mai Mahmoud, a United Nations worker in Salum.",last,0.0
control,23,"(I made this mistake already once, and I still feel dumb about it.)",mean,0.12985387444496155
control,23,"(I made this mistake already once, and I still feel dumb about it.)",max,0.9641540050506592
control,23,"(I made this mistake already once, and I still feel dumb about it.)",last,0.0
control,24,"Whether they can, if they are found at all, be produced at an economically viable level is quite another question, and one to which answers are mostly kept conveniently opaque.",mean,0.5113638043403625
control,24,"Whether they can, if they are found at all, be produced at an economically viable level is quite another question, and one to which answers are mostly kept conveniently opaque.",max,1.9214200973510742
control,24,"Whether they can, if they are found at all, be produced at an economically viable level is quite another question, and one to which answers are mostly kept conveniently opaque.",last,0.9455228447914124
control,25,"On top of that, it requires more than a cursory glance to really see the benefit of these two very different styles of programming.",mean,0.05322214588522911
control,25,"On top of that, it requires more than a cursory glance to really see the benefit of these two very different styles of programming.",max,0.517885148525238
control,25,"On top of that, it requires more than a cursory glance to really see the benefit of these two very different styles of programming.",last,0.0
control,26,"By Lindsay David , Paul Egan & Philip Soos, cross-posted from the Australia: Boom to Bust Blog

“With more and more Australians finding it difficult to break into home ownership, adopting the Canadian scheme would make a difference to thousands of Australians each year,” Senator Xenaphon said:

“As HomeStart Finance said this week, there’s something strange about being able to access your super fund if you are about to default on your housing loan, but you can’t access it to put a deposit on a home in the first place,” he said.",mean,0.13267476856708527
control,26,"By Lindsay David , Paul Egan & Philip Soos, cross-posted from the Australia: Boom to Bust Blog

“With more and more Australians finding it difficult to break into home ownership, adopting the Canadian scheme would make a difference to thousands of Australians each year,” Senator Xenaphon said:

“As HomeStart Finance said this week, there’s something strange about being able to access your super fund if you are about to default on your housing loan, but you can’t access it to put a deposit on a home in the first place,” he said.",max,1.2010974884033203
control,26,"By Lindsay David , Paul Egan & Philip Soos, cross-posted from the Australia: Boom to Bust Blog

“With more and more Australians finding it difficult to break into home ownership, adopting the Canadian scheme would make a difference to thousands of Australians each year,” Senator Xenaphon said:

“As HomeStart Finance said this week, there’s something strange about being able to access your super fund if you are about to default on your housing loan, but you can’t access it to put a deposit on a home in the first place,” he said.",last,0.14998668432235718
control,27,The memorial and march were organized by All Out Atlanta but drew many other participants.,mean,0.029608488082885742
control,27,The memorial and march were organized by All Out Atlanta but drew many other participants.,max,0.3721618354320526
control,27,The memorial and march were organized by All Out Atlanta but drew many other participants.,last,0.0
control,28,20 Cohen T.M.,mean,0.0
control,28,20 Cohen T.M.,max,0.0
control,28,20 Cohen T.M.,last,0.0
control,29,"There were other fires and so on, but now when somebody died it wasn’t so bad.",mean,0.036530401557683945
control,29,"There were other fires and so on, but now when somebody died it wasn’t so bad.",max,0.2952144742012024
control,29,"There were other fires and so on, but now when somebody died it wasn’t so bad.",last,0.0
control,30,And it set in motion a transformation that would drastically alter every ecosystem on earth.,mean,0.07919350266456604
control,30,And it set in motion a transformation that would drastically alter every ecosystem on earth.,max,0.6692607402801514
control,30,And it set in motion a transformation that would drastically alter every ecosystem on earth.,last,0.04964924976229668
control,31,Sometimes even less.,mean,0.4543256461620331
control,31,Sometimes even less.,max,1.417177438735962
control,31,Sometimes even less.,last,0.09358952194452286
control,32,"It has taken a lot of work by the Magic Lantern team to gain access to the camera and to build an understanding of the way it functions, so that they could run their own software alongside the camera firmware and new features could be added.",mean,0.17086321115493774
control,32,"It has taken a lot of work by the Magic Lantern team to gain access to the camera and to build an understanding of the way it functions, so that they could run their own software alongside the camera firmware and new features could be added.",max,0.8806442022323608
control,32,"It has taken a lot of work by the Magic Lantern team to gain access to the camera and to build an understanding of the way it functions, so that they could run their own software alongside the camera firmware and new features could be added.",last,0.15113642811775208
control,33,"Ten billion dollars, less than the one fifth of the increase to the military/defense budget of $54 Billion.",mean,0.47675108909606934
control,33,"Ten billion dollars, less than the one fifth of the increase to the military/defense budget of $54 Billion.",max,2.3158349990844727
control,33,"Ten billion dollars, less than the one fifth of the increase to the military/defense budget of $54 Billion.",last,0.36565929651260376
control,34,"We rate this class medium to high on fun, and low on expense.",mean,0.3062191605567932
control,34,"We rate this class medium to high on fun, and low on expense.",max,0.8822059631347656
control,34,"We rate this class medium to high on fun, and low on expense.",last,0.683342456817627
control,35,"Chen said people with the “three highs” should pay special attention to their daily diet, exercise regularly and get regular follow-up examinations at a hospital to control their medical conditions.",mean,0.42074716091156006
control,35,"Chen said people with the “three highs” should pay special attention to their daily diet, exercise regularly and get regular follow-up examinations at a hospital to control their medical conditions.",max,1.4408050775527954
control,35,"Chen said people with the “three highs” should pay special attention to their daily diet, exercise regularly and get regular follow-up examinations at a hospital to control their medical conditions.",last,0.1125064492225647
control,36,"“That’s how he wishes to be acknowledged is as a male.”

But the school is insisting that Damian wear the white gown intended for girls at graduation instead of the boys’ black black gown.",mean,0.32674407958984375
control,36,"“That’s how he wishes to be acknowledged is as a male.”

But the school is insisting that Damian wear the white gown intended for girls at graduation instead of the boys’ black black gown.",max,1.9177616834640503
control,36,"“That’s how he wishes to be acknowledged is as a male.”

But the school is insisting that Damian wear the white gown intended for girls at graduation instead of the boys’ black black gown.",last,0.0
control,37,"But at higher multiples, more and more value accrues to the equity.",mean,0.2945234179496765
control,37,"But at higher multiples, more and more value accrues to the equity.",max,1.1157382726669312
control,37,"But at higher multiples, more and more value accrues to the equity.",last,1.1157382726669312
control,38,"Note: For PlayStation 4 in Japan, while the patch will be available on the morning of June 27, the Rise of the Necromancer pack and Eternal Collection will not be available until later that evening.",mean,0.16089658439159393
control,38,"Note: For PlayStation 4 in Japan, while the patch will be available on the morning of June 27, the Rise of the Necromancer pack and Eternal Collection will not be available until later that evening.",max,1.125168800354004
control,38,"Note: For PlayStation 4 in Japan, while the patch will be available on the morning of June 27, the Rise of the Necromancer pack and Eternal Collection will not be available until later that evening.",last,0.0
control,39,"At McNeese State, Viator was 77-33 in 10 seasons with 5 FCS playoff appearances and 3 first-round wins.",mean,0.02231627143919468
control,39,"At McNeese State, Viator was 77-33 in 10 seasons with 5 FCS playoff appearances and 3 first-round wins.",max,0.2844582498073578
control,39,"At McNeese State, Viator was 77-33 in 10 seasons with 5 FCS playoff appearances and 3 first-round wins.",last,0.0
control,40,"Foto: Expressen The tradesmen are forced to adjust their businesses to new, tougher rules.",mean,0.17149846255779266
control,40,"Foto: Expressen The tradesmen are forced to adjust their businesses to new, tougher rules.",max,1.147375464439392
control,40,"Foto: Expressen The tradesmen are forced to adjust their businesses to new, tougher rules.",last,0.0
control,41,"Calvary might be underestimated and seen by few as an indie film from Ireland but thanks to an Oscar worthy performance from Brendan Gleeson, a fantastic script and grade A direction it is one of the best films of 2014 thus far.",mean,0.05174943432211876
control,41,"Calvary might be underestimated and seen by few as an indie film from Ireland but thanks to an Oscar worthy performance from Brendan Gleeson, a fantastic script and grade A direction it is one of the best films of 2014 thus far.",max,0.5722540020942688
control,41,"Calvary might be underestimated and seen by few as an indie film from Ireland but thanks to an Oscar worthy performance from Brendan Gleeson, a fantastic script and grade A direction it is one of the best films of 2014 thus far.",last,0.0
control,42,"Astiz was taken to the UK, and although the French government asked prime minister Margaret Thatcher to hold him until they could charge him with the disappearance of the two French nuns, Astiz was repatriated to Argentina.",mean,0.04164889082312584
control,42,"Astiz was taken to the UK, and although the French government asked prime minister Margaret Thatcher to hold him until they could charge him with the disappearance of the two French nuns, Astiz was repatriated to Argentina.",max,0.7444205284118652
control,42,"Astiz was taken to the UK, and although the French government asked prime minister Margaret Thatcher to hold him until they could charge him with the disappearance of the two French nuns, Astiz was repatriated to Argentina.",last,0.0
control,43,"For example, we need not remember everything about an enemy in order to remember that someone is an enemy.",mean,0.25595831871032715
control,43,"For example, we need not remember everything about an enemy in order to remember that someone is an enemy.",max,0.7912055253982544
control,43,"For example, we need not remember everything about an enemy in order to remember that someone is an enemy.",last,0.0
control,44,But who needs jobs when you have student debt?,mean,0.10497230291366577
control,44,But who needs jobs when you have student debt?,max,0.5876462459564209
control,44,But who needs jobs when you have student debt?,last,0.0
control,45,Bei gleichen Ausbildungskosten sinkt der volkswirtschaftliche Nutzen durch die Frauenförderung massiv.,mean,0.42943063378334045
control,45,Bei gleichen Ausbildungskosten sinkt der volkswirtschaftliche Nutzen durch die Frauenförderung massiv.,max,1.370634913444519
control,45,Bei gleichen Ausbildungskosten sinkt der volkswirtschaftliche Nutzen durch die Frauenförderung massiv.,last,1.2356488704681396
control,46,"In a court filing this week, Contura said it believed that Alpha will have sufficient liquidity to meet its commitment.",mean,0.1372600495815277
control,46,"In a court filing this week, Contura said it believed that Alpha will have sufficient liquidity to meet its commitment.",max,2.262235641479492
control,46,"In a court filing this week, Contura said it believed that Alpha will have sufficient liquidity to meet its commitment.",last,0.0
control,47,"0 SHARES Facebook Twitter Google Whatsapp Pinterest Print Mail Flipboard

Sen. Bernie Sanders is calling out Hillary Clinton for being concerned about climate change, but refusing to take a stand against Keystone XL.",mean,0.2821711003780365
control,47,"0 SHARES Facebook Twitter Google Whatsapp Pinterest Print Mail Flipboard

Sen. Bernie Sanders is calling out Hillary Clinton for being concerned about climate change, but refusing to take a stand against Keystone XL.",max,1.6437896490097046
control,47,"0 SHARES Facebook Twitter Google Whatsapp Pinterest Print Mail Flipboard

Sen. Bernie Sanders is calling out Hillary Clinton for being concerned about climate change, but refusing to take a stand against Keystone XL.",last,0.0
control,48,"Looking around, she manages to spot Nora on a higher rooftop, running along it.",mean,0.5121277570724487
control,48,"Looking around, she manages to spot Nora on a higher rooftop, running along it.",max,1.5910316705703735
control,48,"Looking around, she manages to spot Nora on a higher rooftop, running along it.",last,1.5910316705703735
control,49,"Linked Hybrid, Beijing

Designed as an ‘open city within a city’ oriented around pedestrians, the Linked Hybrid complex in Beijing by Steven Holl architects is a complex of shops, offices, public roof gardens, residential towers, restaurants, schools and more, all connected to green spaces.",mean,0.1085866317152977
control,49,"Linked Hybrid, Beijing

Designed as an ‘open city within a city’ oriented around pedestrians, the Linked Hybrid complex in Beijing by Steven Holl architects is a complex of shops, offices, public roof gardens, residential towers, restaurants, schools and more, all connected to green spaces.",max,1.1298832893371582
control,49,"Linked Hybrid, Beijing

Designed as an ‘open city within a city’ oriented around pedestrians, the Linked Hybrid complex in Beijing by Steven Holl architects is a complex of shops, offices, public roof gardens, residential towers, restaurants, schools and more, all connected to green spaces.",last,0.0
control,50,Twin Shadow is repped by Paradigm/Windish and manager Eddie Bezalel.,mean,0.054773759096860886
control,50,Twin Shadow is repped by Paradigm/Windish and manager Eddie Bezalel.,max,0.5657868981361389
control,50,Twin Shadow is repped by Paradigm/Windish and manager Eddie Bezalel.,last,0.028107337653636932
control,51,Midwinter is stepping down.,mean,0.05325084179639816
control,51,Midwinter is stepping down.,max,0.37275588512420654
control,51,Midwinter is stepping down.,last,0.0
control,52,"On top of that, they say that Sinn Fein’s Rose Conway-Walsh, tallied with 6,397 first preferences (9.9 per cent) will see a greater share of her second preferences going to Chambers than Mulherin.",mean,0.18883100152015686
control,52,"On top of that, they say that Sinn Fein’s Rose Conway-Walsh, tallied with 6,397 first preferences (9.9 per cent) will see a greater share of her second preferences going to Chambers than Mulherin.",max,0.9785836935043335
control,52,"On top of that, they say that Sinn Fein’s Rose Conway-Walsh, tallied with 6,397 first preferences (9.9 per cent) will see a greater share of her second preferences going to Chambers than Mulherin.",last,0.23313865065574646
control,53,Our podcast is now Mark’s actual age!,mean,0.06770861893892288
control,53,Our podcast is now Mark’s actual age!,max,0.21976296603679657
control,53,Our podcast is now Mark’s actual age!,last,0.12758523225784302
control,54,"Seeing it, we feel a little deeper in our bones what has already been proven by praxeology.",mean,0.2747645378112793
control,54,"Seeing it, we feel a little deeper in our bones what has already been proven by praxeology.",max,2.242788076400757
control,54,"Seeing it, we feel a little deeper in our bones what has already been proven by praxeology.",last,0.0
control,55,"To a fundamentalist, defending the fundamentals is the number one value.",mean,0.20857147872447968
control,55,"To a fundamentalist, defending the fundamentals is the number one value.",max,0.7969845533370972
control,55,"To a fundamentalist, defending the fundamentals is the number one value.",last,0.3155081868171692
control,56,"His subscription covered a combination of services for a flat fee, and allowed him to use his login to use other telecommunications accounts and access techniques.",mean,0.035912465304136276
control,56,"His subscription covered a combination of services for a flat fee, and allowed him to use his login to use other telecommunications accounts and access techniques.",max,0.3183695375919342
control,56,"His subscription covered a combination of services for a flat fee, and allowed him to use his login to use other telecommunications accounts and access techniques.",last,0.0
control,57,Is the Red-Hooded Woman cross-crossing her own personal history by traveling in time?,mean,0.03543475642800331
control,57,Is the Red-Hooded Woman cross-crossing her own personal history by traveling in time?,max,0.40063461661338806
control,57,Is the Red-Hooded Woman cross-crossing her own personal history by traveling in time?,last,0.0
control,58,We have been talking with a lot of soccer fans around town who would love to see professional soccer in Baltimore.,mean,0.025031203404068947
control,58,We have been talking with a lot of soccer fans around town who would love to see professional soccer in Baltimore.,max,0.36582231521606445
control,58,We have been talking with a lot of soccer fans around town who would love to see professional soccer in Baltimore.,last,0.1105075553059578
control,59,"I hope readers will add their own wisdom and comments, respond to my questions, ask their own questions, and correct me if I get something wrong.",mean,0.0815659910440445
control,59,"I hope readers will add their own wisdom and comments, respond to my questions, ask their own questions, and correct me if I get something wrong.",max,0.5432774424552917
control,59,"I hope readers will add their own wisdom and comments, respond to my questions, ask their own questions, and correct me if I get something wrong.",last,0.0
control,60,"Across a population of millions, widely-understood social expectations result in tectonic shifts of behavior.",mean,0.15862026810646057
control,60,"Across a population of millions, widely-understood social expectations result in tectonic shifts of behavior.",max,0.7327408790588379
control,60,"Across a population of millions, widely-understood social expectations result in tectonic shifts of behavior.",last,0.4545475244522095
control,61,"#developing pic.twitter.com/uSIzSStA6P — Nefertiti Jáquez (@NefertitiWSB) March 25, 2017

© 2019 Cox Media Group.",mean,0.27101728320121765
control,61,"#developing pic.twitter.com/uSIzSStA6P — Nefertiti Jáquez (@NefertitiWSB) March 25, 2017

© 2019 Cox Media Group.",max,4.297039985656738
control,61,"#developing pic.twitter.com/uSIzSStA6P — Nefertiti Jáquez (@NefertitiWSB) March 25, 2017

© 2019 Cox Media Group.",last,0.0235715601593256
control,62,"The article was followed by a series of responses, some in support, some critical.",mean,0.337996244430542
control,62,"The article was followed by a series of responses, some in support, some critical.",max,1.794940710067749
control,62,"The article was followed by a series of responses, some in support, some critical.",last,0.8178712129592896
control,63,"If her count was right, only a day remained before the date set for her public execution.",mean,0.3874490559101105
control,63,"If her count was right, only a day remained before the date set for her public execution.",max,1.7058387994766235
control,63,"If her count was right, only a day remained before the date set for her public execution.",last,0.0
control,64,I think it looks awesome!,mean,0.0
control,64,I think it looks awesome!,max,0.0
control,64,I think it looks awesome!,last,0.0
control,65,He previously owned a few dollars’ worth of bitcoin.,mean,0.01930856890976429
control,65,He previously owned a few dollars’ worth of bitcoin.,max,0.18926957249641418
control,65,He previously owned a few dollars’ worth of bitcoin.,last,0.0
control,66,But what she was witnessing in the lab was telling her something very different.,mean,0.07819373905658722
control,66,But what she was witnessing in the lab was telling her something very different.,max,0.42957887053489685
control,66,But what she was witnessing in the lab was telling her something very different.,last,0.0
control,67,86.,mean,0.18318116664886475
control,67,86.,max,0.5495434999465942
control,67,86.,last,0.5495434999465942
control,68,It was like the virus was frozen in time.,mean,0.0699247270822525
control,68,It was like the virus was frozen in time.,max,0.769171953201294
control,68,It was like the virus was frozen in time.,last,0.0
control,69,"That said, not everyone hated Bush's address, especially after the follow-up Q&A.",mean,0.020558224990963936
control,69,"That said, not everyone hated Bush's address, especially after the follow-up Q&A.",max,0.2913942039012909
control,69,"That said, not everyone hated Bush's address, especially after the follow-up Q&A.",last,0.03728082776069641
control,70,Any rape survivor can tell you that the two are not even close.,mean,1.5392836332321167
control,70,Any rape survivor can tell you that the two are not even close.,max,5.7314887046813965
control,70,Any rape survivor can tell you that the two are not even close.,last,0.2892560660839081
control,71,"Tech Support: ""Ma'am, that's the printer.""",mean,0.33722350001335144
control,71,"Tech Support: ""Ma'am, that's the printer.""",max,1.1116379499435425
control,71,"Tech Support: ""Ma'am, that's the printer.""",last,0.4295111894607544
control,72,Download it from the App Store.,mean,0.13396354019641876
control,72,Download it from the App Store.,max,0.5060035586357117
control,72,Download it from the App Store.,last,0.0
control,73,He was as slow as me climbing the mountain.,mean,0.07803690433502197
control,73,He was as slow as me climbing the mountain.,max,0.3603493869304657
control,73,He was as slow as me climbing the mountain.,last,0.0
control,74,"In the golden age of man-made pesticides, farmers were astonished by the agents’ effectiveness, and pesticide sales skyrocketed.",mean,0.29907792806625366
control,74,"In the golden age of man-made pesticides, farmers were astonished by the agents’ effectiveness, and pesticide sales skyrocketed.",max,1.6963790655136108
control,74,"In the golden age of man-made pesticides, farmers were astonished by the agents’ effectiveness, and pesticide sales skyrocketed.",last,0.0
control,75,We are working diligently to make that process much smoother for you.,mean,0.17723986506462097
control,75,We are working diligently to make that process much smoother for you.,max,1.2281643152236938
control,75,We are working diligently to make that process much smoother for you.,last,0.0
control,76,Kinda?,mean,0.0
control,76,Kinda?,max,0.0
control,76,Kinda?,last,0.0
control,77,"He was arrested, released and trafficked me again

They knew where I was, they didn't care when I came back

She said social workers did not seem interested in helping her.",mean,0.3287735879421234
control,77,"He was arrested, released and trafficked me again

They knew where I was, they didn't care when I came back

She said social workers did not seem interested in helping her.",max,1.5806159973144531
control,77,"He was arrested, released and trafficked me again

They knew where I was, they didn't care when I came back

She said social workers did not seem interested in helping her.",last,0.6333528161048889
control,78,Terminate variant.,mean,0.07946668565273285
control,78,Terminate variant.,max,0.3178667426109314
control,78,Terminate variant.,last,0.0
control,79,"“Water is the driving force in nature.”

― Leonardo da Vinci

On November 9, 2013 the First Quarter Moon occurred in Aquarius (Fixed-Air), squaring the Sun in Scorpio (Fixed-Water).",mean,0.18247663974761963
control,79,"“Water is the driving force in nature.”

― Leonardo da Vinci

On November 9, 2013 the First Quarter Moon occurred in Aquarius (Fixed-Air), squaring the Sun in Scorpio (Fixed-Water).",max,1.3458572626113892
control,79,"“Water is the driving force in nature.”

― Leonardo da Vinci

On November 9, 2013 the First Quarter Moon occurred in Aquarius (Fixed-Air), squaring the Sun in Scorpio (Fixed-Water).",last,0.0
control,80,"For two generations of Salisburys, bookkeeping was both personal and practical.",mean,0.08081001043319702
control,80,"For two generations of Salisburys, bookkeeping was both personal and practical.",max,0.38162705302238464
control,80,"For two generations of Salisburys, bookkeeping was both personal and practical.",last,0.0
control,81,The Rhein-Main-Donau AG (RMD-AG) was founded on 30 December 1921 to undertake the project.,mean,0.16882005333900452
control,81,The Rhein-Main-Donau AG (RMD-AG) was founded on 30 December 1921 to undertake the project.,max,0.7823930978775024
control,81,The Rhein-Main-Donau AG (RMD-AG) was founded on 30 December 1921 to undertake the project.,last,0.5143536329269409
control,82,The tradition of marriage is still attractive to singles.,mean,0.42453664541244507
control,82,The tradition of marriage is still attractive to singles.,max,1.7224376201629639
control,82,The tradition of marriage is still attractive to singles.,last,0.19844195246696472
control,83,Their mission: to distribute as many Facebook likes as possible to desperate and starving children all over the world.,mean,0.07180523127317429
control,83,Their mission: to distribute as many Facebook likes as possible to desperate and starving children all over the world.,max,0.5989522933959961
control,83,Their mission: to distribute as many Facebook likes as possible to desperate and starving children all over the world.,last,0.1805114448070526
control,84,The videos show all the evidence we need that there was explosives in the building.,mean,0.04798169061541557
control,84,The videos show all the evidence we need that there was explosives in the building.,max,0.39592114090919495
control,84,The videos show all the evidence we need that there was explosives in the building.,last,0.0
control,85,For the trick to be amazing the one on the stage needs to disappear.,mean,0.6104331612586975
control,85,For the trick to be amazing the one on the stage needs to disappear.,max,1.9365414381027222
control,85,For the trick to be amazing the one on the stage needs to disappear.,last,0.739218533039093
control,86,"Now perhaps this is a little unfair, since economists have also probed the political economy of trade policy—to help explain why protectionist policies persist, despite their inefficiency—but Bauer’s larger point—that we economists tend to overestimate our impact on policy outcomes, especially when they go our way—is surely valid.",mean,0.39790529012680054
control,86,"Now perhaps this is a little unfair, since economists have also probed the political economy of trade policy—to help explain why protectionist policies persist, despite their inefficiency—but Bauer’s larger point—that we economists tend to overestimate our impact on policy outcomes, especially when they go our way—is surely valid.",max,2.1736443042755127
control,86,"Now perhaps this is a little unfair, since economists have also probed the political economy of trade policy—to help explain why protectionist policies persist, despite their inefficiency—but Bauer’s larger point—that we economists tend to overestimate our impact on policy outcomes, especially when they go our way—is surely valid.",last,1.1613749265670776
control,87,"If all three are close to each other, the system is unstable and one may go flying off, Burgasser said.",mean,0.4896875023841858
control,87,"If all three are close to each other, the system is unstable and one may go flying off, Burgasser said.",max,2.8241446018218994
control,87,"If all three are close to each other, the system is unstable and one may go flying off, Burgasser said.",last,0.25564056634902954
control,88,Religion Walker is a former Mormon-turned non-denominational Christian.,mean,0.16531290113925934
control,88,Religion Walker is a former Mormon-turned non-denominational Christian.,max,0.7480658292770386
control,88,Religion Walker is a former Mormon-turned non-denominational Christian.,last,0.0
control,89,"The towel-folding robot, however, is doing something very new, according to the researchers, doctoral student Jeremy Maitin-Shepard and assistant professor Pieter Abbeel, both of UC Berkeley's Department of Electrical Engineering and Computer Sciences.",mean,0.11520344763994217
control,89,"The towel-folding robot, however, is doing something very new, according to the researchers, doctoral student Jeremy Maitin-Shepard and assistant professor Pieter Abbeel, both of UC Berkeley's Department of Electrical Engineering and Computer Sciences.",max,1.0381779670715332
control,89,"The towel-folding robot, however, is doing something very new, according to the researchers, doctoral student Jeremy Maitin-Shepard and assistant professor Pieter Abbeel, both of UC Berkeley's Department of Electrical Engineering and Computer Sciences.",last,0.0
control,90,"Then Quelle, he always sends stuff, so I was picking the best stuff that Quelle had.",mean,0.09350447356700897
control,90,"Then Quelle, he always sends stuff, so I was picking the best stuff that Quelle had.",max,0.5028964281082153
control,90,"Then Quelle, he always sends stuff, so I was picking the best stuff that Quelle had.",last,0.0
control,91,"Finally, I brought my timeline into After Effects and punched in all around.",mean,0.18025632202625275
control,91,"Finally, I brought my timeline into After Effects and punched in all around.",max,1.463096022605896
control,91,"Finally, I brought my timeline into After Effects and punched in all around.",last,0.0
control,92,"Y. Harburg)

235.",mean,0.27272045612335205
control,92,"Y. Harburg)

235.",max,1.4274650812149048
control,92,"Y. Harburg)

235.",last,0.7503188848495483
control,93,"The full title of Dr. Walton’s book is Marihuana, America’s New Drug Problem.",mean,0.18280072510242462
control,93,"The full title of Dr. Walton’s book is Marihuana, America’s New Drug Problem.",max,0.8175520300865173
control,93,"The full title of Dr. Walton’s book is Marihuana, America’s New Drug Problem.",last,0.012781340628862381
control,94,"Four years after he survived a brutal firefight in a remote Afghanistan valley that claimed the lives of five Americans, retired U.S. Army Capt.",mean,0.19662600755691528
control,94,"Four years after he survived a brutal firefight in a remote Afghanistan valley that claimed the lives of five Americans, retired U.S. Army Capt.",max,2.1571860313415527
control,94,"Four years after he survived a brutal firefight in a remote Afghanistan valley that claimed the lives of five Americans, retired U.S. Army Capt.",last,0.2666698098182678
control,95,"Perhaps a bit out of character, inspired by the love of a boy for his dog and the opportunity to delve into a brand new genre, Wright drew up plans that would earn him neither commission nor notoriety.",mean,0.09094011783599854
control,95,"Perhaps a bit out of character, inspired by the love of a boy for his dog and the opportunity to delve into a brand new genre, Wright drew up plans that would earn him neither commission nor notoriety.",max,0.585413932800293
control,95,"Perhaps a bit out of character, inspired by the love of a boy for his dog and the opportunity to delve into a brand new genre, Wright drew up plans that would earn him neither commission nor notoriety.",last,0.0
control,96,How many hours does it take for you and the bobber to meet?,mean,1.0043978691101074
control,96,How many hours does it take for you and the bobber to meet?,max,2.22926926612854
control,96,How many hours does it take for you and the bobber to meet?,last,0.809699535369873
control,97,"SYNOPSIS

Black Sands is a bold new visual novel drawing from African, Indian and Middle Eastern mythology, married to an innovative spin on speculation about ancient aliens and precursor races.",mean,0.30560627579689026
control,97,"SYNOPSIS

Black Sands is a bold new visual novel drawing from African, Indian and Middle Eastern mythology, married to an innovative spin on speculation about ancient aliens and precursor races.",max,3.393326759338379
control,97,"SYNOPSIS

Black Sands is a bold new visual novel drawing from African, Indian and Middle Eastern mythology, married to an innovative spin on speculation about ancient aliens and precursor races.",last,0.0
control,98,"“Over 600 images are alleged,” the judge said in his reasoning behind denying a release.",mean,0.441768079996109
control,98,"“Over 600 images are alleged,” the judge said in his reasoning behind denying a release.",max,3.3094587326049805
control,98,"“Over 600 images are alleged,” the judge said in his reasoning behind denying a release.",last,0.0
control,99,"Kramer applauded the EPA's action, but he said regulators have as yet failed to determine where the barrels full of hazardous waste are sent.",mean,0.06948915123939514
control,99,"Kramer applauded the EPA's action, but he said regulators have as yet failed to determine where the barrels full of hazardous waste are sent.",max,0.47160279750823975
control,99,"Kramer applauded the EPA's action, but he said regulators have as yet failed to determine where the barrels full of hazardous waste are sent.",last,0.028309855610132217
control,100,"Most at stake: Illinois

The positive momentum from the Fighting Illini’s continued on-field improvement under coach Tim Beckman has been dashed this off-season by former Illinois offensive lineman Simon Cvijanovic’s allegations of “abuse and misuse of power” within the program.",mean,0.08544643968343735
control,100,"Most at stake: Illinois

The positive momentum from the Fighting Illini’s continued on-field improvement under coach Tim Beckman has been dashed this off-season by former Illinois offensive lineman Simon Cvijanovic’s allegations of “abuse and misuse of power” within the program.",max,1.7120695114135742
control,100,"Most at stake: Illinois

The positive momentum from the Fighting Illini’s continued on-field improvement under coach Tim Beckman has been dashed this off-season by former Illinois offensive lineman Simon Cvijanovic’s allegations of “abuse and misuse of power” within the program.",last,0.0
control,101,"Crosses and statues jutting from tomb surfaces cast contrasting shadows, adding to the sense of mystery.",mean,0.06045565754175186
control,101,"Crosses and statues jutting from tomb surfaces cast contrasting shadows, adding to the sense of mystery.",max,0.42655718326568604
control,101,"Crosses and statues jutting from tomb surfaces cast contrasting shadows, adding to the sense of mystery.",last,0.0
control,102,It was a rare instance of bipartisanship in a bitterly divided Congress.,mean,1.6962591409683228
control,102,It was a rare instance of bipartisanship in a bitterly divided Congress.,max,9.345173835754395
control,102,It was a rare instance of bipartisanship in a bitterly divided Congress.,last,0.4887620508670807
control,103,Thank you.,mean,0.0
control,103,Thank you.,max,0.0
control,103,Thank you.,last,0.0
control,104,"Colorado Sen. Cory Gardner, who chairs the National Republican Senatorial Committee, had said the Senate should expel Moore if he wins.",mean,0.1866876631975174
control,104,"Colorado Sen. Cory Gardner, who chairs the National Republican Senatorial Committee, had said the Senate should expel Moore if he wins.",max,1.3275108337402344
control,104,"Colorado Sen. Cory Gardner, who chairs the National Republican Senatorial Committee, had said the Senate should expel Moore if he wins.",last,0.0
control,105,"When the first challenges within our coaching structure surfaced and I felt a change was necessary, I thought about getting in touch with Mitch as I could imagine that he would be a good potential coach, however, I decided to wait as he was taking a break from League.",mean,0.051309749484062195
control,105,"When the first challenges within our coaching structure surfaced and I felt a change was necessary, I thought about getting in touch with Mitch as I could imagine that he would be a good potential coach, however, I decided to wait as he was taking a break from League.",max,0.40809667110443115
control,105,"When the first challenges within our coaching structure surfaced and I felt a change was necessary, I thought about getting in touch with Mitch as I could imagine that he would be a good potential coach, however, I decided to wait as he was taking a break from League.",last,0.335443377494812
control,106,"That summer sci-fi geeks converged on Spokane, WA for WorldCon 73, on of the longest running literary conventions in the world.",mean,0.017233701422810555
control,106,"That summer sci-fi geeks converged on Spokane, WA for WorldCon 73, on of the longest running literary conventions in the world.",max,0.49977734684944153
control,106,"That summer sci-fi geeks converged on Spokane, WA for WorldCon 73, on of the longest running literary conventions in the world.",last,0.0
control,107,The third is the discovery of sickles and other stone tools for cutting and harvesting cereal plants.,mean,0.1271384209394455
control,107,The third is the discovery of sickles and other stone tools for cutting and harvesting cereal plants.,max,1.0052802562713623
control,107,The third is the discovery of sickles and other stone tools for cutting and harvesting cereal plants.,last,0.0
control,108,"First and foremost, it is a story of extraordinary personal generosity.",mean,0.5637331008911133
control,108,"First and foremost, it is a story of extraordinary personal generosity.",max,2.3045313358306885
control,108,"First and foremost, it is a story of extraordinary personal generosity.",last,0.0
control,109,It challenges the appellant’s position on the basis that it takes an inappropriately global or systemic focus of what is required to render the MMAR unconstitutional.,mean,0.10853011906147003
control,109,It challenges the appellant’s position on the basis that it takes an inappropriately global or systemic focus of what is required to render the MMAR unconstitutional.,max,0.6310439109802246
control,109,It challenges the appellant’s position on the basis that it takes an inappropriately global or systemic focus of what is required to render the MMAR unconstitutional.,last,0.0
control,110,"“They deserve effective representation in Lansing, and it is clear Smith can no longer fulfill that duty.”

Smith is due back in court March 28 so attorneys can address additional matters in the case.",mean,0.07363633811473846
control,110,"“They deserve effective representation in Lansing, and it is clear Smith can no longer fulfill that duty.”

Smith is due back in court March 28 so attorneys can address additional matters in the case.",max,0.6707996726036072
control,110,"“They deserve effective representation in Lansing, and it is clear Smith can no longer fulfill that duty.”

Smith is due back in court March 28 so attorneys can address additional matters in the case.",last,0.05632895603775978
control,111,"Notably: Angelo’s and Vince’s, both red-checked-tablecloth holdovers from the era of Frank Sinatra crooning “One for My Baby,” and Abruzzi’s, a downtown Seattle favorite from the same era that had closed in ’94 and resurfaced in nearby Normandy Park.",mean,0.09551531821489334
control,111,"Notably: Angelo’s and Vince’s, both red-checked-tablecloth holdovers from the era of Frank Sinatra crooning “One for My Baby,” and Abruzzi’s, a downtown Seattle favorite from the same era that had closed in ’94 and resurfaced in nearby Normandy Park.",max,0.8445205092430115
control,111,"Notably: Angelo’s and Vince’s, both red-checked-tablecloth holdovers from the era of Frank Sinatra crooning “One for My Baby,” and Abruzzi’s, a downtown Seattle favorite from the same era that had closed in ’94 and resurfaced in nearby Normandy Park.",last,0.0
control,112,"What Pete is great at – and Dane, for that matter – they’re great at, when you’re in a little bit of a rut, finding out why you’re in that rut.",mean,0.15463432669639587
control,112,"What Pete is great at – and Dane, for that matter – they’re great at, when you’re in a little bit of a rut, finding out why you’re in that rut.",max,0.9140938520431519
control,112,"What Pete is great at – and Dane, for that matter – they’re great at, when you’re in a little bit of a rut, finding out why you’re in that rut.",last,0.9140938520431519
control,113,Within those seven you could have two different types of enemy.,mean,0.0015181013150140643
control,113,Within those seven you could have two different types of enemy.,max,0.019735315814614296
control,113,Within those seven you could have two different types of enemy.,last,0.0
control,114,to learning the same sorts of things that plural marriage would have taught her.,mean,0.1683918535709381
control,114,to learning the same sorts of things that plural marriage would have taught her.,max,0.6211912035942078
control,114,to learning the same sorts of things that plural marriage would have taught her.,last,0.0
control,115,"The click-through rate for banners is still one in 1,000.",mean,0.1198083758354187
control,115,"The click-through rate for banners is still one in 1,000.",max,0.6568912863731384
control,115,"The click-through rate for banners is still one in 1,000.",last,0.0
control,116,"In the final, stunning denouement, Smith's freedom and independence are resolved by his race performance in the most unpredictable way.",mean,0.24535636603832245
control,116,"In the final, stunning denouement, Smith's freedom and independence are resolved by his race performance in the most unpredictable way.",max,1.868434190750122
control,116,"In the final, stunning denouement, Smith's freedom and independence are resolved by his race performance in the most unpredictable way.",last,0.0
control,117,The midfielder converted to right back took over the left back spot in 2012.,mean,0.11548034101724625
control,117,The midfielder converted to right back took over the left back spot in 2012.,max,0.7673262357711792
control,117,The midfielder converted to right back took over the left back spot in 2012.,last,0.0
control,118,"I have been called many things such as hummus eating, camel shagging, Paki Muslim slut.",mean,0.50958651304245
control,118,"I have been called many things such as hummus eating, camel shagging, Paki Muslim slut.",max,2.8427932262420654
control,118,"I have been called many things such as hummus eating, camel shagging, Paki Muslim slut.",last,0.21442052721977234
control,119,"From the outside, it is inside the South-facing door with the Gaming Club flier on the Northeast corner of 30th and Jefferson.",mean,0.07972944527864456
control,119,"From the outside, it is inside the South-facing door with the Gaming Club flier on the Northeast corner of 30th and Jefferson.",max,0.53465336561203
control,119,"From the outside, it is inside the South-facing door with the Gaming Club flier on the Northeast corner of 30th and Jefferson.",last,0.0
control,120,"The UN has previously warned that the impact of global warming is likely to be ""severe, pervasive and irreversible"", and would lead to problems including sea level rise, greater risk of flooding and changes to crop yields.",mean,0.1598798781633377
control,120,"The UN has previously warned that the impact of global warming is likely to be ""severe, pervasive and irreversible"", and would lead to problems including sea level rise, greater risk of flooding and changes to crop yields.",max,1.0897573232650757
control,120,"The UN has previously warned that the impact of global warming is likely to be ""severe, pervasive and irreversible"", and would lead to problems including sea level rise, greater risk of flooding and changes to crop yields.",last,0.0
control,121,A Gulfstream aircraft stuffed with Colombian cocaine crashed in the jungle of Mexico's Yucatan Peninsula in 2007.,mean,0.1073390543460846
control,121,A Gulfstream aircraft stuffed with Colombian cocaine crashed in the jungle of Mexico's Yucatan Peninsula in 2007.,max,0.6212368607521057
control,121,A Gulfstream aircraft stuffed with Colombian cocaine crashed in the jungle of Mexico's Yucatan Peninsula in 2007.,last,0.0
control,122,Functions on the database can be expressed by sqlalchemy.func.functionname in SQLAlchemy.,mean,0.47712528705596924
control,122,Functions on the database can be expressed by sqlalchemy.func.functionname in SQLAlchemy.,max,2.779336452484131
control,122,Functions on the database can be expressed by sqlalchemy.func.functionname in SQLAlchemy.,last,2.779336452484131
control,123,"California faced similarly widespread blackouts in 2000 and 2001, triggered in part by an energy supply shortage.",mean,0.1574479192495346
control,123,"California faced similarly widespread blackouts in 2000 and 2001, triggered in part by an energy supply shortage.",max,0.712293267250061
control,123,"California faced similarly widespread blackouts in 2000 and 2001, triggered in part by an energy supply shortage.",last,0.712293267250061
control,124,"FIFA players believe chemistry does in fact work for day one cards (normal versions of cards), but does not work properly for non-day one cards, even more expensive, better versions of the same day one cards.",mean,0.31502172350883484
control,124,"FIFA players believe chemistry does in fact work for day one cards (normal versions of cards), but does not work properly for non-day one cards, even more expensive, better versions of the same day one cards.",max,1.4075055122375488
control,124,"FIFA players believe chemistry does in fact work for day one cards (normal versions of cards), but does not work properly for non-day one cards, even more expensive, better versions of the same day one cards.",last,0.0
control,125,"As the silkmoth walks towards the female pheromone, the ball rolls around.",mean,0.37848374247550964
control,125,"As the silkmoth walks towards the female pheromone, the ball rolls around.",max,1.3364397287368774
control,125,"As the silkmoth walks towards the female pheromone, the ball rolls around.",last,0.04326405003666878
control,126,"At times you will also need to show the subordinate compassion and, from time to time, that you agree with his thoughts or actions.",mean,0.8036646246910095
control,126,"At times you will also need to show the subordinate compassion and, from time to time, that you agree with his thoughts or actions.",max,3.079932451248169
control,126,"At times you will also need to show the subordinate compassion and, from time to time, that you agree with his thoughts or actions.",last,0.2415774017572403
control,127,I think the short answer is this: it feels good to be good at something.,mean,0.091698557138443
control,127,I think the short answer is this: it feels good to be good at something.,max,0.6237432956695557
control,127,I think the short answer is this: it feels good to be good at something.,last,0.0
control,128,"After all, it was only seven days ago the chancellor junked the planned tax rises for two million or so self-employed people.",mean,0.14852313697338104
control,128,"After all, it was only seven days ago the chancellor junked the planned tax rises for two million or so self-employed people.",max,0.7722403407096863
control,128,"After all, it was only seven days ago the chancellor junked the planned tax rises for two million or so self-employed people.",last,0.0
control,129,"Unlike Azerbaijan's poor opposition, Ibragimbekov can fund his own election campaign and the National Council.",mean,0.2676745355129242
control,129,"Unlike Azerbaijan's poor opposition, Ibragimbekov can fund his own election campaign and the National Council.",max,1.0158768892288208
control,129,"Unlike Azerbaijan's poor opposition, Ibragimbekov can fund his own election campaign and the National Council.",last,0.5590024590492249
control,130,Happy Pony Games!,mean,0.2852773368358612
control,130,Happy Pony Games!,max,1.4263865947723389
control,130,Happy Pony Games!,last,0.0
control,131,It is passed down from people like the man who wrote me that email.,mean,0.13953061401844025
control,131,It is passed down from people like the man who wrote me that email.,max,1.9135546684265137
control,131,It is passed down from people like the man who wrote me that email.,last,0.0
control,132,These feelings are not the kind of feelings that the human body can endure.,mean,0.10251858830451965
control,132,These feelings are not the kind of feelings that the human body can endure.,max,0.96528160572052
control,132,These feelings are not the kind of feelings that the human body can endure.,last,0.0
control,133,"Australia is progressive in embracing almost every form of international interaction in business, politics and culture.",mean,2.1297664642333984
control,133,"Australia is progressive in embracing almost every form of international interaction in business, politics and culture.",max,5.5933756828308105
control,133,"Australia is progressive in embracing almost every form of international interaction in business, politics and culture.",last,2.6351301670074463
control,134,"Suffer from Temporary Hypoglycemia (low blood sugar if I don’t eat)

Acid Reflux/Gastritis.",mean,0.33163249492645264
control,134,"Suffer from Temporary Hypoglycemia (low blood sugar if I don’t eat)

Acid Reflux/Gastritis.",max,1.7779282331466675
control,134,"Suffer from Temporary Hypoglycemia (low blood sugar if I don’t eat)

Acid Reflux/Gastritis.",last,0.0
control,135,"DC Hilton Ritz Carlton used for congressional child sex says federal agent

Washington—October 11, 2006—TomFlocco.com—DC Hilton, Ritz Carlton used for congressional child sex says federal agent—According to a long-time senior intelligence agent, the Washington, DC Hilton was used for compromising House and Senate members who had sex with children in a legislative influence ring also involving male and female prostitutes at other Capitol Hill hotels.",mean,0.0928516685962677
control,135,"DC Hilton Ritz Carlton used for congressional child sex says federal agent

Washington—October 11, 2006—TomFlocco.com—DC Hilton, Ritz Carlton used for congressional child sex says federal agent—According to a long-time senior intelligence agent, the Washington, DC Hilton was used for compromising House and Senate members who had sex with children in a legislative influence ring also involving male and female prostitutes at other Capitol Hill hotels.",max,0.7989578247070312
control,135,"DC Hilton Ritz Carlton used for congressional child sex says federal agent

Washington—October 11, 2006—TomFlocco.com—DC Hilton, Ritz Carlton used for congressional child sex says federal agent—According to a long-time senior intelligence agent, the Washington, DC Hilton was used for compromising House and Senate members who had sex with children in a legislative influence ring also involving male and female prostitutes at other Capitol Hill hotels.",last,0.0
control,136,"There are a tremendous amount of theories put out about the way porn potentially affects people's brains, but these theories are not being critically assessed.",mean,0.12453216314315796
control,136,"There are a tremendous amount of theories put out about the way porn potentially affects people's brains, but these theories are not being critically assessed.",max,0.9288625717163086
control,136,"There are a tremendous amount of theories put out about the way porn potentially affects people's brains, but these theories are not being critically assessed.",last,0.0
control,137,"May 15-19, 2017, 8-11 p.m.",mean,0.0421801395714283
control,137,"May 15-19, 2017, 8-11 p.m.",max,0.3314287066459656
control,137,"May 15-19, 2017, 8-11 p.m.",last,0.13659141957759857
control,138,"Shortly after the duel, Joey suddenly has irrational dreams about Kaiba and himself being a dog.",mean,0.3212147653102875
control,138,"Shortly after the duel, Joey suddenly has irrational dreams about Kaiba and himself being a dog.",max,1.2187706232070923
control,138,"Shortly after the duel, Joey suddenly has irrational dreams about Kaiba and himself being a dog.",last,0.0
control,139,?s chances to finish above Dortmund in the league and the second one in the Champions League final whose aftermath went into Chelseaai??i?,mean,1.8086692094802856
control,139,?s chances to finish above Dortmund in the league and the second one in the Champions League final whose aftermath went into Chelseaai??i?,max,5.972178936004639
control,139,?s chances to finish above Dortmund in the league and the second one in the Champions League final whose aftermath went into Chelseaai??i?,last,4.827267646789551
control,140,"[53]

Muhammad al-Baqir, the Fourth (Isma'ili) or Fifth (Twelver) Imam said of the Mahdi:

The Master of the Command was named as the Mahdi because he will dig out the Torah and other heavenly books from the cave in Antioch.",mean,0.7306474447250366
control,140,"[53]

Muhammad al-Baqir, the Fourth (Isma'ili) or Fifth (Twelver) Imam said of the Mahdi:

The Master of the Command was named as the Mahdi because he will dig out the Torah and other heavenly books from the cave in Antioch.",max,4.262950897216797
control,140,"[53]

Muhammad al-Baqir, the Fourth (Isma'ili) or Fifth (Twelver) Imam said of the Mahdi:

The Master of the Command was named as the Mahdi because he will dig out the Torah and other heavenly books from the cave in Antioch.",last,0.9080182909965515
control,141,Abundance relative to global standards of abundance should order domestic as well as household consumption patterns.,mean,0.7499801516532898
control,141,Abundance relative to global standards of abundance should order domestic as well as household consumption patterns.,max,2.780057668685913
control,141,Abundance relative to global standards of abundance should order domestic as well as household consumption patterns.,last,2.6086645126342773
control,142,"“This is predatory and counterproductive.”

The problem is getting worse, not better.",mean,0.035408273339271545
control,142,"“This is predatory and counterproductive.”

The problem is getting worse, not better.",max,0.21378326416015625
control,142,"“This is predatory and counterproductive.”

The problem is getting worse, not better.",last,0.09142325818538666
control,143,World's 10 deadliest street drugs 1/10 10.,mean,1.2533198595046997
control,143,World's 10 deadliest street drugs 1/10 10.,max,5.4310455322265625
control,143,World's 10 deadliest street drugs 1/10 10.,last,0.3943937122821808
control,144,"Take the Quiz : According to Samwise Gamgee of the Shire, there are three ways to prepare potatoes.",mean,0.46001434326171875
control,144,"Take the Quiz : According to Samwise Gamgee of the Shire, there are three ways to prepare potatoes.",max,5.473562717437744
control,144,"Take the Quiz : According to Samwise Gamgee of the Shire, there are three ways to prepare potatoes.",last,0.0
control,145,The site can then read the text on subsequent visits and use the unique text the same way it would use a browser cookie to track the user's site habits.,mean,0.06294218450784683
control,145,The site can then read the text on subsequent visits and use the unique text the same way it would use a browser cookie to track the user's site habits.,max,0.3088013827800751
control,145,The site can then read the text on subsequent visits and use the unique text the same way it would use a browser cookie to track the user's site habits.,last,0.0
control,146,They also made a profit of more than $1.5 million by selling fetal body parts between 2013 and 2015.,mean,0.37267032265663147
control,146,They also made a profit of more than $1.5 million by selling fetal body parts between 2013 and 2015.,max,2.4579639434814453
control,146,They also made a profit of more than $1.5 million by selling fetal body parts between 2013 and 2015.,last,1.2450804710388184
control,147,"I appreciate seeing the man's well-built core -- these aren't showy, flashy abdominals here, no sir -- and sneaking tender nip glimpses through the strategically placed suspenders, but his codename is ""Naked Snake,"" damn it.",mean,0.055510133504867554
control,147,"I appreciate seeing the man's well-built core -- these aren't showy, flashy abdominals here, no sir -- and sneaking tender nip glimpses through the strategically placed suspenders, but his codename is ""Naked Snake,"" damn it.",max,0.8908669352531433
control,147,"I appreciate seeing the man's well-built core -- these aren't showy, flashy abdominals here, no sir -- and sneaking tender nip glimpses through the strategically placed suspenders, but his codename is ""Naked Snake,"" damn it.",last,0.513637125492096
control,148,I think he’s improving every year but you sometimes see scenes on the sideline where he yells at the referee or he jumps around or you see in his face that he’s full of anger and he’s furious with some decision.,mean,0.06162752956151962
control,148,I think he’s improving every year but you sometimes see scenes on the sideline where he yells at the referee or he jumps around or you see in his face that he’s full of anger and he’s furious with some decision.,max,0.6413819789886475
control,148,I think he’s improving every year but you sometimes see scenes on the sideline where he yells at the referee or he jumps around or you see in his face that he’s full of anger and he’s furious with some decision.,last,0.05996357277035713
control,149,"A bullet fragment remains lodged in his neck, not far from his spine.",mean,0.18101122975349426
control,149,"A bullet fragment remains lodged in his neck, not far from his spine.",max,1.4054956436157227
control,149,"A bullet fragment remains lodged in his neck, not far from his spine.",last,0.0
control,150,“The innovative and financially strong Smilegate with its billion-dollar CROSSFIRE franchise is a perfect partner for us.,mean,0.3893066644668579
control,150,“The innovative and financially strong Smilegate with its billion-dollar CROSSFIRE franchise is a perfect partner for us.,max,1.9249098300933838
control,150,“The innovative and financially strong Smilegate with its billion-dollar CROSSFIRE franchise is a perfect partner for us.,last,0.9012013673782349
control,151,"Jhonatan Solano hit his sixth home run, a two-run shot.",mean,0.17576128244400024
control,151,"Jhonatan Solano hit his sixth home run, a two-run shot.",max,1.2410110235214233
control,151,"Jhonatan Solano hit his sixth home run, a two-run shot.",last,0.04187843203544617
control,152,The absurdity is just too much.,mean,0.0
control,152,The absurdity is just too much.,max,0.0
control,152,The absurdity is just too much.,last,0.0
control,153,"Nik Kovac, whose district includes Brady St., because of opposition from neighborhood residents and business operators who want more stores and fewer taverns on the street.",mean,0.1815883368253708
control,153,"Nik Kovac, whose district includes Brady St., because of opposition from neighborhood residents and business operators who want more stores and fewer taverns on the street.",max,0.693294107913971
control,153,"Nik Kovac, whose district includes Brady St., because of opposition from neighborhood residents and business operators who want more stores and fewer taverns on the street.",last,0.0
control,154,We asked her if there is anyone around from Gulak.,mean,0.7017859220504761
control,154,We asked her if there is anyone around from Gulak.,max,3.1488595008850098
control,154,We asked her if there is anyone around from Gulak.,last,1.4302629232406616
control,155,"Sasser drove me to one of the sugar mills, this one run by the Sugarcane Growers Cooperative of Florida, an organization of 45 small and medium-sized farms.",mean,0.2716017961502075
control,155,"Sasser drove me to one of the sugar mills, this one run by the Sugarcane Growers Cooperative of Florida, an organization of 45 small and medium-sized farms.",max,2.5382120609283447
control,155,"Sasser drove me to one of the sugar mills, this one run by the Sugarcane Growers Cooperative of Florida, an organization of 45 small and medium-sized farms.",last,0.0
control,156,"The next morning, after unplugging Big White just as I would an iPhone or laptop, I take a maiden trip to the office on her.",mean,0.05992211773991585
control,156,"The next morning, after unplugging Big White just as I would an iPhone or laptop, I take a maiden trip to the office on her.",max,0.48913490772247314
control,156,"The next morning, after unplugging Big White just as I would an iPhone or laptop, I take a maiden trip to the office on her.",last,0.0
control,157,"The murdered-out color scheme is only the beginning, though.",mean,0.02098756842315197
control,157,"The murdered-out color scheme is only the beginning, though.",max,0.27283838391304016
control,157,"The murdered-out color scheme is only the beginning, though.",last,0.0
control,158,I was afraid it might rip through!,mean,0.04627304524183273
control,158,I was afraid it might rip through!,max,0.3390859067440033
control,158,I was afraid it might rip through!,last,0.0
control,159,"… Kickers have been successful on 83.9 percent of all field-goal attempts this season, the third-highest rate on record, trailing only last year’s 86.5 percent and 2008’s 84.5 percent.",mean,0.09661844372749329
control,159,"… Kickers have been successful on 83.9 percent of all field-goal attempts this season, the third-highest rate on record, trailing only last year’s 86.5 percent and 2008’s 84.5 percent.",max,1.0380476713180542
control,159,"… Kickers have been successful on 83.9 percent of all field-goal attempts this season, the third-highest rate on record, trailing only last year’s 86.5 percent and 2008’s 84.5 percent.",last,0.0
control,160,Never mind the relentless rain.,mean,0.07766574621200562
control,160,Never mind the relentless rain.,max,0.39449164271354675
control,160,Never mind the relentless rain.,last,0.0
control,161,"For the past two years, health insurers selling on Obamacare marketplaces had little information to estimate how much medical care their members would use.",mean,0.1394709199666977
control,161,"For the past two years, health insurers selling on Obamacare marketplaces had little information to estimate how much medical care their members would use.",max,1.0215932130813599
control,161,"For the past two years, health insurers selling on Obamacare marketplaces had little information to estimate how much medical care their members would use.",last,0.29167765378952026
control,162,"Moscow’s Role in Terrorism

Could Moscow in fact be behind much of the conflict in the Middle East, including the rise of ISIS?",mean,0.29957297444343567
control,162,"Moscow’s Role in Terrorism

Could Moscow in fact be behind much of the conflict in the Middle East, including the rise of ISIS?",max,1.1708709001541138
control,162,"Moscow’s Role in Terrorism

Could Moscow in fact be behind much of the conflict in the Middle East, including the rise of ISIS?",last,0.0
control,163,"The government received 70% of the vote, an improvement from 60% in the 2011 “breakthrough” election – its worst electoral performance.",mean,0.19685854017734528
control,163,"The government received 70% of the vote, an improvement from 60% in the 2011 “breakthrough” election – its worst electoral performance.",max,1.7467892169952393
control,163,"The government received 70% of the vote, an improvement from 60% in the 2011 “breakthrough” election – its worst electoral performance.",last,0.3214816749095917
control,164,"A quick note also that in future updates, please understand that we are somewhat limited in our freedom in disclosing some key designs and/or visuals (not that we've shown off plenty anyway...) but we'll do our best to sneak in a few shots here and there and share some more ideas ""with the purpose of receiving constructive feedback and response from the community"" :)

We can only ask for your continued moral support and belief, so in due course, we can kick some serious butt!",mean,0.22730101644992828
control,164,"A quick note also that in future updates, please understand that we are somewhat limited in our freedom in disclosing some key designs and/or visuals (not that we've shown off plenty anyway...) but we'll do our best to sneak in a few shots here and there and share some more ideas ""with the purpose of receiving constructive feedback and response from the community"" :)

We can only ask for your continued moral support and belief, so in due course, we can kick some serious butt!",max,1.6258777379989624
control,164,"A quick note also that in future updates, please understand that we are somewhat limited in our freedom in disclosing some key designs and/or visuals (not that we've shown off plenty anyway...) but we'll do our best to sneak in a few shots here and there and share some more ideas ""with the purpose of receiving constructive feedback and response from the community"" :)

We can only ask for your continued moral support and belief, so in due course, we can kick some serious butt!",last,1.6258777379989624
control,165,Moleskine or some a cheap one found at the store.,mean,0.15641891956329346
control,165,Moleskine or some a cheap one found at the store.,max,0.7516915798187256
control,165,Moleskine or some a cheap one found at the store.,last,0.0
control,166,"There’s nothing in scripture that says anything about drinking alcohol,” he tells me.",mean,0.06107432767748833
control,166,"There’s nothing in scripture that says anything about drinking alcohol,” he tells me.",max,0.2903214395046234
control,166,"There’s nothing in scripture that says anything about drinking alcohol,” he tells me.",last,0.0
control,167,"He hopes this social media board game will evolve into its own product range including music, a toy hover car and even a TV game show.",mean,0.1031094565987587
control,167,"He hopes this social media board game will evolve into its own product range including music, a toy hover car and even a TV game show.",max,0.8661029934883118
control,167,"He hopes this social media board game will evolve into its own product range including music, a toy hover car and even a TV game show.",last,0.0
control,168,Endocannabinoids are cannabinoids naturally occurring in the body.,mean,0.00042082538129761815
control,168,Endocannabinoids are cannabinoids naturally occurring in the body.,max,0.005470729898661375
control,168,Endocannabinoids are cannabinoids naturally occurring in the body.,last,0.0
control,169,"He still refused to wear dresses, but to avoid scrutiny, he grew out his hair.",mean,0.17717991769313812
control,169,"He still refused to wear dresses, but to avoid scrutiny, he grew out his hair.",max,1.312979817390442
control,169,"He still refused to wear dresses, but to avoid scrutiny, he grew out his hair.",last,0.0
control,170,"Ugly it may be, but here it was effective and perfectly legitimate.",mean,0.17993520200252533
control,170,"Ugly it may be, but here it was effective and perfectly legitimate.",max,0.8533153533935547
control,170,"Ugly it may be, but here it was effective and perfectly legitimate.",last,0.0
control,171,There was a really good article by Outside Magazine on the Tar Sands and Aaron Huey did the photography.,mean,0.053838785737752914
control,171,There was a really good article by Outside Magazine on the Tar Sands and Aaron Huey did the photography.,max,0.2719780504703522
control,171,There was a really good article by Outside Magazine on the Tar Sands and Aaron Huey did the photography.,last,0.10534204542636871
control,172,But both victories leave the most fundamental injustice perfectly intact: inequality.,mean,0.02430541254580021
control,172,But both victories leave the most fundamental injustice perfectly intact: inequality.,max,0.13280273973941803
control,172,But both victories leave the most fundamental injustice perfectly intact: inequality.,last,0.0
control,173,"Most often, when things fail, they fail visibly.",mean,0.7636691927909851
control,173,"Most often, when things fail, they fail visibly.",max,1.9872914552688599
control,173,"Most often, when things fail, they fail visibly.",last,1.6578433513641357
control,174,"Yes, there was messiness.",mean,0.22842103242874146
control,174,"Yes, there was messiness.",max,0.8557942509651184
control,174,"Yes, there was messiness.",last,0.0
control,175,It is often such a rare feat that it is celebrated with all the gusto of winning a championship.,mean,0.28800904750823975
control,175,It is often such a rare feat that it is celebrated with all the gusto of winning a championship.,max,1.098097801208496
control,175,It is often such a rare feat that it is celebrated with all the gusto of winning a championship.,last,0.9309824109077454
control,176,"In South Florida, the modified black tetras could upset an environment already burdened with 30 types of nonnative fish.",mean,0.38020971417427063
control,176,"In South Florida, the modified black tetras could upset an environment already burdened with 30 types of nonnative fish.",max,2.037523031234741
control,176,"In South Florida, the modified black tetras could upset an environment already burdened with 30 types of nonnative fish.",last,0.0
control,177,Might of the Bear - Now works with Staves.,mean,0.013317926786839962
control,177,Might of the Bear - Now works with Staves.,max,0.12038726359605789
control,177,Might of the Bear - Now works with Staves.,last,0.0
control,178,"Its compass is not the centre of Melbourne, but the satellite city of Broadmeadows, around which the surrounding suburbs hover.",mean,0.29660314321517944
control,178,"Its compass is not the centre of Melbourne, but the satellite city of Broadmeadows, around which the surrounding suburbs hover.",max,1.219627022743225
control,178,"Its compass is not the centre of Melbourne, but the satellite city of Broadmeadows, around which the surrounding suburbs hover.",last,0.8674105405807495
control,179,"Whatever arises during class—good, bad, or ugly—have compassion, be an observer, and then let it go.",mean,0.13031840324401855
control,179,"Whatever arises during class—good, bad, or ugly—have compassion, be an observer, and then let it go.",max,0.6706578135490417
control,179,"Whatever arises during class—good, bad, or ugly—have compassion, be an observer, and then let it go.",last,0.19760075211524963
control,180,It’s just here to contextualize the idea that follows.,mean,0.02494407631456852
control,180,It’s just here to contextualize the idea that follows.,max,0.2756232023239136
control,180,It’s just here to contextualize the idea that follows.,last,0.0
control,181,"The IDF has reportedly responded with artillery fire into Syrian-controlled territory, targeting Syrian military positions.",mean,0.08846748620271683
control,181,"The IDF has reportedly responded with artillery fire into Syrian-controlled territory, targeting Syrian military positions.",max,0.5658708214759827
control,181,"The IDF has reportedly responded with artillery fire into Syrian-controlled territory, targeting Syrian military positions.",last,0.0
control,182,"Sometimes, it’s difficult to find the storyline of a preseason contest.",mean,0.24492646753787994
control,182,"Sometimes, it’s difficult to find the storyline of a preseason contest.",max,1.2206428050994873
control,182,"Sometimes, it’s difficult to find the storyline of a preseason contest.",last,0.0
control,183,Powell.,mean,0.0
control,183,Powell.,max,0.0
control,183,Powell.,last,0.0
control,184,That apparently counts as a big thing.,mean,0.01484755054116249
control,184,That apparently counts as a big thing.,max,0.13362795114517212
control,184,That apparently counts as a big thing.,last,0.0
control,185,We want to create a digital sharing economy that doesn’t exist today.,mean,0.03290829062461853
control,185,We want to create a digital sharing economy that doesn’t exist today.,max,0.37289074063301086
control,185,We want to create a digital sharing economy that doesn’t exist today.,last,0.0
control,186,"Two weeks later, three members of the Panama Unit, including Jonathan Treviño and Alexis Espinoza, the son of Hidalgo Police Chief Rudy Espinoza, were indicted by a federal grand jury after an investigation by Immigration and Customs Enforcement and the FBI.",mean,0.10489827394485474
control,186,"Two weeks later, three members of the Panama Unit, including Jonathan Treviño and Alexis Espinoza, the son of Hidalgo Police Chief Rudy Espinoza, were indicted by a federal grand jury after an investigation by Immigration and Customs Enforcement and the FBI.",max,0.7584831118583679
control,186,"Two weeks later, three members of the Panama Unit, including Jonathan Treviño and Alexis Espinoza, the son of Hidalgo Police Chief Rudy Espinoza, were indicted by a federal grand jury after an investigation by Immigration and Customs Enforcement and the FBI.",last,0.0
control,187,"But it will come, say optimists, as surely as it has to parts of the planet once thought impervious to hope.",mean,0.21039949357509613
control,187,"But it will come, say optimists, as surely as it has to parts of the planet once thought impervious to hope.",max,1.331817626953125
control,187,"But it will come, say optimists, as surely as it has to parts of the planet once thought impervious to hope.",last,0.05582128092646599
control,188,"While they might advocate a split, the fact remains the clubs and the risk are inextricably linked.",mean,0.6653889417648315
control,188,"While they might advocate a split, the fact remains the clubs and the risk are inextricably linked.",max,2.5274064540863037
control,188,"While they might advocate a split, the fact remains the clubs and the risk are inextricably linked.",last,0.8269891738891602
control,189,"Practice What You Preach – Barry White

82.",mean,0.6262186765670776
control,189,"Practice What You Preach – Barry White

82.",max,2.2097184658050537
control,189,"Practice What You Preach – Barry White

82.",last,2.2097184658050537
control,190,"If I ever get stranded on a desert island, it's apparently possible to build a TV out of coconuts, but there's apparently no way to fix a hole in a boat.",mean,0.08360408991575241
control,190,"If I ever get stranded on a desert island, it's apparently possible to build a TV out of coconuts, but there's apparently no way to fix a hole in a boat.",max,0.7246085405349731
control,190,"If I ever get stranded on a desert island, it's apparently possible to build a TV out of coconuts, but there's apparently no way to fix a hole in a boat.",last,0.0
control,191,What about the relievers getting it done when it matters?,mean,0.6994414329528809
control,191,What about the relievers getting it done when it matters?,max,1.5251414775848389
control,191,What about the relievers getting it done when it matters?,last,0.708389401435852
control,192,"“It would be about one-and-a-half kay.”

How close did he get to you?",mean,0.03588163107633591
control,192,"“It would be about one-and-a-half kay.”

How close did he get to you?",max,0.24904857575893402
control,192,"“It would be about one-and-a-half kay.”

How close did he get to you?",last,0.0
control,193,"The effect caused the next two platforms to drop as well with the treasure now resting some 119 feet below ground along with an estimated 10,000 feet of lumber.",mean,0.14806592464447021
control,193,"The effect caused the next two platforms to drop as well with the treasure now resting some 119 feet below ground along with an estimated 10,000 feet of lumber.",max,0.6601603031158447
control,193,"The effect caused the next two platforms to drop as well with the treasure now resting some 119 feet below ground along with an estimated 10,000 feet of lumber.",last,0.5478976964950562
control,194,"St. Jude’s Children’s Hospital in Memphis, TN opted to place the baby on a combination of four drugs plus an experimental medication in a desperate bid to save his life.",mean,0.25902432203292847
control,194,"St. Jude’s Children’s Hospital in Memphis, TN opted to place the baby on a combination of four drugs plus an experimental medication in a desperate bid to save his life.",max,2.852579355239868
control,194,"St. Jude’s Children’s Hospital in Memphis, TN opted to place the baby on a combination of four drugs plus an experimental medication in a desperate bid to save his life.",last,0.0
control,195,I thought using the Oceans 11 music towards the ending was a nice touch.,mean,0.051865071058273315
control,195,I thought using the Oceans 11 music towards the ending was a nice touch.,max,0.35806509852409363
control,195,I thought using the Oceans 11 music towards the ending was a nice touch.,last,0.0
control,196,But what hasss he done recently?,mean,0.43585458397865295
control,196,But what hasss he done recently?,max,1.2991795539855957
control,196,But what hasss he done recently?,last,0.2379479706287384
control,197,I feel very rewarded.,mean,0.3540879487991333
control,197,I feel very rewarded.,max,0.9256865978240967
control,197,I feel very rewarded.,last,0.27657005190849304
control,198,"Picasso Picasso Tea Bird by Colin George Jeffrey

12.",mean,0.29657846689224243
control,198,"Picasso Picasso Tea Bird by Colin George Jeffrey

12.",max,0.8450034856796265
control,198,"Picasso Picasso Tea Bird by Colin George Jeffrey

12.",last,0.11902140825986862
control,199,He warned that political instability would hurt Italy as it fights for its economic future.,mean,0.21576207876205444
control,199,He warned that political instability would hurt Italy as it fights for its economic future.,max,1.1260859966278076
control,199,He warned that political instability would hurt Italy as it fights for its economic future.,last,0.07100100070238113
