group,index,text,agg,val
target,0,Roberto Firmino hasn’t scored or assisted in a month.,mean,27.392152786254883
target,0,Roberto Firmino hasn’t scored or assisted in a month.,max,44.77069854736328
target,0,Roberto Firmino hasn’t scored or assisted in a month.,last,43.66657257080078
target,1,Former Barcelona forward Bojan Krkic impressed for the home side but they were unable to find an equaliser.,mean,16.636077880859375
target,1,Former Barcelona forward Bojan Krkic impressed for the home side but they were unable to find an equaliser.,max,47.501953125
target,1,Former Barcelona forward Bojan Krkic impressed for the home side but they were unable to find an equaliser.,last,24.64557647705078
target,2,"At Fulham on Saturday, the 25 year-old will have to wait until an hour before kick-off until learning who will protect his goal against Martin Jol’s team.",mean,31.28137969970703
target,2,"At Fulham on Saturday, the 25 year-old will have to wait until an hour before kick-off until learning who will protect his goal against Martin Jol’s team.",max,51.955322265625
target,2,"At Fulham on Saturday, the 25 year-old will have to wait until an hour before kick-off until learning who will protect his goal against Martin Jol’s team.",last,34.183265686035156
target,3,"This year's summer signings included Federico Fazio, Benji Stambouli and Ben Davies, with the latter two struggling to get on the pitch while the former can barely stay on it having already picked up two red cards.",mean,26.797985076904297
target,3,"This year's summer signings included Federico Fazio, Benji Stambouli and Ben Davies, with the latter two struggling to get on the pitch while the former can barely stay on it having already picked up two red cards.",max,53.830772399902344
target,3,"This year's summer signings included Federico Fazio, Benji Stambouli and Ben Davies, with the latter two struggling to get on the pitch while the former can barely stay on it having already picked up two red cards.",last,35.914154052734375
target,4,The striker – who specialised in not threatening the opponent’s goal during this summer’s tournament – has scored five goals in his last seven games for Brazilian club Fluminense.,mean,27.460220336914062
target,4,The striker – who specialised in not threatening the opponent’s goal during this summer’s tournament – has scored five goals in his last seven games for Brazilian club Fluminense.,max,49.94704818725586
target,4,The striker – who specialised in not threatening the opponent’s goal during this summer’s tournament – has scored five goals in his last seven games for Brazilian club Fluminense.,last,31.25214385986328
target,5,"Arsenal have also been offered Emiliano Viviano, the Palermo and Italy goalkeeper, but Wenger has been impressed this season with the form of Wojciech Szczesny.",mean,28.136571884155273
target,5,"Arsenal have also been offered Emiliano Viviano, the Palermo and Italy goalkeeper, but Wenger has been impressed this season with the form of Wojciech Szczesny.",max,51.733367919921875
target,5,"Arsenal have also been offered Emiliano Viviano, the Palermo and Italy goalkeeper, but Wenger has been impressed this season with the form of Wojciech Szczesny.",last,49.25473403930664
target,6,"Chelsea, for instance, made light work on the return of Nemanja Matic.",mean,26.111713409423828
target,6,"Chelsea, for instance, made light work on the return of Nemanja Matic.",max,56.56542205810547
target,6,"Chelsea, for instance, made light work on the return of Nemanja Matic.",last,54.67041778564453
target,7,"Rangers manager Mark Warburton, who has spoken of the importance of finding value for money in his transfer dealings, has targeted two more players before the deadline at the end of August.",mean,37.3910026550293
target,7,"Rangers manager Mark Warburton, who has spoken of the importance of finding value for money in his transfer dealings, has targeted two more players before the deadline at the end of August.",max,58.18115997314453
target,7,"Rangers manager Mark Warburton, who has spoken of the importance of finding value for money in his transfer dealings, has targeted two more players before the deadline at the end of August.",last,43.193660736083984
target,8,Hugo Lloris has hailed Tottenham Hotspur’s performance in their 2-0 victory over Manchester City and said hard work is behind the London’s club’s excellent start to the season.,mean,29.334253311157227
target,8,Hugo Lloris has hailed Tottenham Hotspur’s performance in their 2-0 victory over Manchester City and said hard work is behind the London’s club’s excellent start to the season.,max,49.51025390625
target,8,Hugo Lloris has hailed Tottenham Hotspur’s performance in their 2-0 victory over Manchester City and said hard work is behind the London’s club’s excellent start to the season.,last,37.84410095214844
target,9,"Wenger had wanted to take Wilshere off, due to the England midfielder's history of ankle problems, but the player was determined to play on.

'",mean,37.498565673828125
target,9,"Wenger had wanted to take Wilshere off, due to the England midfielder's history of ankle problems, but the player was determined to play on.

'",max,53.82274627685547
target,9,"Wenger had wanted to take Wilshere off, due to the England midfielder's history of ankle problems, but the player was determined to play on.

'",last,42.63914489746094
target,10,"West Brom, Newcastle and Bournemouth have been linked with the Scotland international this month.",mean,39.570003509521484
target,10,"West Brom, Newcastle and Bournemouth have been linked with the Scotland international this month.",max,58.09634017944336
target,10,"West Brom, Newcastle and Bournemouth have been linked with the Scotland international this month.",last,47.70653533935547
target,11,"- Arsenal look set to edge out Everton for Norwegian defensive midfielder Sander Berge from Belgian club Genk, according to the Mirror.",mean,26.109346389770508
target,11,"- Arsenal look set to edge out Everton for Norwegian defensive midfielder Sander Berge from Belgian club Genk, according to the Mirror.",max,52.92686080932617
target,11,"- Arsenal look set to edge out Everton for Norwegian defensive midfielder Sander Berge from Belgian club Genk, according to the Mirror.",last,49.43977355957031
target,12,"Alongside flying wingers Yannick Bolasie and Wilfried Zaha, the same front three that helped Palace to promotion two years ago are relishing being reunited under Pardew this term.",mean,29.341569900512695
target,12,"Alongside flying wingers Yannick Bolasie and Wilfried Zaha, the same front three that helped Palace to promotion two years ago are relishing being reunited under Pardew this term.",max,59.19095993041992
target,12,"Alongside flying wingers Yannick Bolasie and Wilfried Zaha, the same front three that helped Palace to promotion two years ago are relishing being reunited under Pardew this term.",last,32.049381256103516
target,13,"How they will play

Chelsea will look for goals from the off.",mean,22.849626541137695
target,13,"How they will play

Chelsea will look for goals from the off.",max,46.40293884277344
target,13,"How they will play

Chelsea will look for goals from the off.",last,46.40293884277344
target,14,Was replaced by Alli in the 66th minute but enjoyed a good game.,mean,18.628400802612305
target,14,Was replaced by Alli in the 66th minute but enjoyed a good game.,max,45.975250244140625
target,14,Was replaced by Alli in the 66th minute but enjoyed a good game.,last,36.57625961303711
target,15,"Fernández played some of his best football under Montella, and the new Rossoneri coach would surely welcome his former charge to Casa Milan with open arms.",mean,24.6009521484375
target,15,"Fernández played some of his best football under Montella, and the new Rossoneri coach would surely welcome his former charge to Casa Milan with open arms.",max,49.89470291137695
target,15,"Fernández played some of his best football under Montella, and the new Rossoneri coach would surely welcome his former charge to Casa Milan with open arms.",last,33.938655853271484
target,16,Having so many United players in the squad can only help when you're making a debut.,mean,30.543432235717773
target,16,Having so many United players in the squad can only help when you're making a debut.,max,54.93362808227539
target,16,Having so many United players in the squad can only help when you're making a debut.,last,51.503448486328125
target,17,"Valencia, Jones, Marouane Fellaini and Michael Carrick also missed the 4-1 Champions League win over CSKA Moscow on Wednesday, while Anthony Martial was forced off in the second half.",mean,19.988426208496094
target,17,"Valencia, Jones, Marouane Fellaini and Michael Carrick also missed the 4-1 Champions League win over CSKA Moscow on Wednesday, while Anthony Martial was forced off in the second half.",max,47.34811019897461
target,17,"Valencia, Jones, Marouane Fellaini and Michael Carrick also missed the 4-1 Champions League win over CSKA Moscow on Wednesday, while Anthony Martial was forced off in the second half.",last,43.48128890991211
target,18,"Dejan Lovren – 4

Gave away a careless free-kick when the team were chasing the winner.",mean,29.685503005981445
target,18,"Dejan Lovren – 4

Gave away a careless free-kick when the team were chasing the winner.",max,50.40933609008789
target,18,"Dejan Lovren – 4

Gave away a careless free-kick when the team were chasing the winner.",last,38.15467834472656
target,19,"Wenger has made a habit of revealing the players he nearly signed, but this summer they must work proactively to secure their targets early in the window and give their squad as much time as possible to work together in pre-season.",mean,38.22340393066406
target,19,"Wenger has made a habit of revealing the players he nearly signed, but this summer they must work proactively to secure their targets early in the window and give their squad as much time as possible to work together in pre-season.",max,56.4537239074707
target,19,"Wenger has made a habit of revealing the players he nearly signed, but this summer they must work proactively to secure their targets early in the window and give their squad as much time as possible to work together in pre-season.",last,35.41804122924805
target,20,"The Leicester City players watched the match unfold at Jamie Vardy’s house, and Mahrez, who played an influential role in the club’s campaign, couldn’t hide his delight at watching Spurs stumble.",mean,31.284744262695312
target,20,"The Leicester City players watched the match unfold at Jamie Vardy’s house, and Mahrez, who played an influential role in the club’s campaign, couldn’t hide his delight at watching Spurs stumble.",max,55.11753845214844
target,20,"The Leicester City players watched the match unfold at Jamie Vardy’s house, and Mahrez, who played an influential role in the club’s campaign, couldn’t hide his delight at watching Spurs stumble.",last,48.93876647949219
target,21,David Silva continued to amaze with a breathtaking assist for James Milner.,mean,31.021987915039062
target,21,David Silva continued to amaze with a breathtaking assist for James Milner.,max,54.28889083862305
target,21,David Silva continued to amaze with a breathtaking assist for James Milner.,last,43.143638610839844
target,22,"The same article in Sport suggests Dos Santos’ contract ends in 2015 and that Ibrahim Afellay, Cristian Tello, Isaac Cuena, Sergi Roberto and Oier Olazabal are also set to leave the club.",mean,14.859379768371582
target,22,"The same article in Sport suggests Dos Santos’ contract ends in 2015 and that Ibrahim Afellay, Cristian Tello, Isaac Cuena, Sergi Roberto and Oier Olazabal are also set to leave the club.",max,45.93000030517578
target,22,"The same article in Sport suggests Dos Santos’ contract ends in 2015 and that Ibrahim Afellay, Cristian Tello, Isaac Cuena, Sergi Roberto and Oier Olazabal are also set to leave the club.",last,29.034046173095703
target,23,"Following a settling-in period at the Volkswagen Arena, De Bruyne excelled after a full preseason with the Bundesliga club, scoring 14 and setting up a further 24 goals in 37 matches for his club.",mean,19.717748641967773
target,23,"Following a settling-in period at the Volkswagen Arena, De Bruyne excelled after a full preseason with the Bundesliga club, scoring 14 and setting up a further 24 goals in 37 matches for his club.",max,52.69395065307617
target,23,"Following a settling-in period at the Volkswagen Arena, De Bruyne excelled after a full preseason with the Bundesliga club, scoring 14 and setting up a further 24 goals in 37 matches for his club.",last,43.387718200683594
target,24,"Maradona began brightly but when he faded the whole team fell away, losing rhythm and confidence and looking just another poor side.",mean,25.64687728881836
target,24,"Maradona began brightly but when he faded the whole team fell away, losing rhythm and confidence and looking just another poor side.",max,39.693359375
target,24,"Maradona began brightly but when he faded the whole team fell away, losing rhythm and confidence and looking just another poor side.",last,24.723865509033203
target,25,Barcelona were casual after the goal – maybe too focused upon keeping possession and not determined enough to get the second goal.,mean,28.15546989440918
target,25,Barcelona were casual after the goal – maybe too focused upon keeping possession and not determined enough to get the second goal.,max,39.930667877197266
target,25,Barcelona were casual after the goal – maybe too focused upon keeping possession and not determined enough to get the second goal.,last,27.5733642578125
target,26,"Needs a midfielder and a centre-back, and profligacy in front of goal might also mean he needs a striker.",mean,32.65653610229492
target,26,"Needs a midfielder and a centre-back, and profligacy in front of goal might also mean he needs a striker.",max,56.38679122924805
target,26,"Needs a midfielder and a centre-back, and profligacy in front of goal might also mean he needs a striker.",last,56.38679122924805
target,27,"Tiote has hardly featured for United during two injury-hit seasons, and he just needs to play.",mean,40.79253387451172
target,27,"Tiote has hardly featured for United during two injury-hit seasons, and he just needs to play.",max,56.66155242919922
target,27,"Tiote has hardly featured for United during two injury-hit seasons, and he just needs to play.",last,56.66155242919922
target,28,"With West Ham at home against Hull, we won 1-0 and they hit the post four times.",mean,25.83623504638672
target,28,"With West Ham at home against Hull, we won 1-0 and they hit the post four times.",max,52.118202209472656
target,28,"With West Ham at home against Hull, we won 1-0 and they hit the post four times.",last,44.044342041015625
target,29,Barça have the obligation to compete in all their games.,mean,9.836854934692383
target,29,Barça have the obligation to compete in all their games.,max,28.003677368164062
target,29,Barça have the obligation to compete in all their games.,last,17.991945266723633
target,30,"Bayern Munich are reluctant to sell, but could be helpless to stop Muller leaving.",mean,27.050058364868164
target,30,"Bayern Munich are reluctant to sell, but could be helpless to stop Muller leaving.",max,42.393280029296875
target,30,"Bayern Munich are reluctant to sell, but could be helpless to stop Muller leaving.",last,29.47646141052246
target,31,"Bale's camp told Spurs in late July that the 24-year-old wanted to speak to Real, who were reportedly set to break the £80m world record to sign him.",mean,29.243074417114258
target,31,"Bale's camp told Spurs in late July that the 24-year-old wanted to speak to Real, who were reportedly set to break the £80m world record to sign him.",max,45.18885040283203
target,31,"Bale's camp told Spurs in late July that the 24-year-old wanted to speak to Real, who were reportedly set to break the £80m world record to sign him.",last,27.612503051757812
target,32,"A Champions League winner with AC Milan in 2007, the French playmaker joined Lyon from Bordeaux for £20m in 2010, but a succession of injuries meant the France international made only 90 league appearances for the club in five years, scoring 14 goals and providing 17 assists.",mean,25.550048828125
target,32,"A Champions League winner with AC Milan in 2007, the French playmaker joined Lyon from Bordeaux for £20m in 2010, but a succession of injuries meant the France international made only 90 league appearances for the club in five years, scoring 14 goals and providing 17 assists.",max,45.41419982910156
target,32,"A Champions League winner with AC Milan in 2007, the French playmaker joined Lyon from Bordeaux for £20m in 2010, but a succession of injuries meant the France international made only 90 league appearances for the club in five years, scoring 14 goals and providing 17 assists.",last,43.68299865722656
target,33,"Meanwhile, Roberto Mancini throws in the towel and admits van Persie won't be joining Manchester City after all.",mean,28.511327743530273
target,33,"Meanwhile, Roberto Mancini throws in the towel and admits van Persie won't be joining Manchester City after all.",max,51.063941955566406
target,33,"Meanwhile, Roberto Mancini throws in the towel and admits van Persie won't be joining Manchester City after all.",last,42.54963684082031
target,34,Most Palace's goals come from open play crosses or set-pieces which our defence struggles to deal with.,mean,30.666915893554688
target,34,Most Palace's goals come from open play crosses or set-pieces which our defence struggles to deal with.,max,48.361785888671875
target,34,Most Palace's goals come from open play crosses or set-pieces which our defence struggles to deal with.,last,48.361785888671875
target,35,"With the Tottenham defence now in a right old state, Assou-Ekotto's dismal clearing header lands at the feet of Van Persie on the edge of the area.",mean,26.190263748168945
target,35,"With the Tottenham defence now in a right old state, Assou-Ekotto's dismal clearing header lands at the feet of Van Persie on the edge of the area.",max,51.59830093383789
target,35,"With the Tottenham defence now in a right old state, Assou-Ekotto's dismal clearing header lands at the feet of Van Persie on the edge of the area.",last,39.70355224609375
target,36,"Kaboul plays a pass during Watford's Boxing Day clash with Crystal Palace at Vicarage Road

Tottenham arrive at Vicarage Road on the back of three straight wins and trying to break into the elite of English football, much as they were when Kaboul signed from Auxerre in 2007.",mean,26.804933547973633
target,36,"Kaboul plays a pass during Watford's Boxing Day clash with Crystal Palace at Vicarage Road

Tottenham arrive at Vicarage Road on the back of three straight wins and trying to break into the elite of English football, much as they were when Kaboul signed from Auxerre in 2007.",max,50.0681037902832
target,36,"Kaboul plays a pass during Watford's Boxing Day clash with Crystal Palace at Vicarage Road

Tottenham arrive at Vicarage Road on the back of three straight wins and trying to break into the elite of English football, much as they were when Kaboul signed from Auxerre in 2007.",last,45.264591217041016
target,37,Ralph Hasenhuttl has taken RB Leipzig to the top of the table.,mean,17.64341163635254
target,37,Ralph Hasenhuttl has taken RB Leipzig to the top of the table.,max,51.472835540771484
target,37,Ralph Hasenhuttl has taken RB Leipzig to the top of the table.,last,27.450496673583984
target,38,Now admittedly the midfield as a striker options available to Spurs and Arsenal are probably better than the options available to Liverpool.,mean,37.60797882080078
target,38,Now admittedly the midfield as a striker options available to Spurs and Arsenal are probably better than the options available to Liverpool.,max,61.01446533203125
target,38,Now admittedly the midfield as a striker options available to Spurs and Arsenal are probably better than the options available to Liverpool.,last,46.873687744140625
target,39,Van der Vaart missed the 3-3 draw at Molineux and has not played since Spurs' 1-0 win in San Siro three weeks ago.,mean,22.351186752319336
target,39,Van der Vaart missed the 3-3 draw at Molineux and has not played since Spurs' 1-0 win in San Siro three weeks ago.,max,47.42251205444336
target,39,Van der Vaart missed the 3-3 draw at Molineux and has not played since Spurs' 1-0 win in San Siro three weeks ago.,last,42.19089889526367
target,40,Frank Lampard was one of Jose Mourinho's trusted generals at Chelsea.,mean,33.46394729614258
target,40,Frank Lampard was one of Jose Mourinho's trusted generals at Chelsea.,max,47.55061340332031
target,40,Frank Lampard was one of Jose Mourinho's trusted generals at Chelsea.,last,40.95762634277344
target,41,"Beitashour makes probing runs down the right flank, and like his teammate on the other side of the midfield, he’s known for his positioning, defensive awareness and consistent play.",mean,12.884574890136719
target,41,"Beitashour makes probing runs down the right flank, and like his teammate on the other side of the midfield, he’s known for his positioning, defensive awareness and consistent play.",max,27.172256469726562
target,41,"Beitashour makes probing runs down the right flank, and like his teammate on the other side of the midfield, he’s known for his positioning, defensive awareness and consistent play.",last,9.505193710327148
target,42,"Wenger knows, the staff at the Club all know just how good this fella can be between the sticks… Wenger has persisted with him, and the last few games has paid dividends.",mean,35.47846603393555
target,42,"Wenger knows, the staff at the Club all know just how good this fella can be between the sticks… Wenger has persisted with him, and the last few games has paid dividends.",max,57.445953369140625
target,42,"Wenger knows, the staff at the Club all know just how good this fella can be between the sticks… Wenger has persisted with him, and the last few games has paid dividends.",last,33.085548400878906
target,43,"Ranieri promised players pizza for a clean sheet

Leicester City had a very good start of season, but for the first 2 months they always conceded at least one goal every match.",mean,24.811429977416992
target,43,"Ranieri promised players pizza for a clean sheet

Leicester City had a very good start of season, but for the first 2 months they always conceded at least one goal every match.",max,52.45744705200195
target,43,"Ranieri promised players pizza for a clean sheet

Leicester City had a very good start of season, but for the first 2 months they always conceded at least one goal every match.",last,31.08102035522461
target,44,Januzaj hasn't featured much in the plans of Louis van Gaal yet and the school of thought seems to be to get him out on loan to gain some experience.,mean,35.081722259521484
target,44,Januzaj hasn't featured much in the plans of Louis van Gaal yet and the school of thought seems to be to get him out on loan to gain some experience.,max,52.72642135620117
target,44,Januzaj hasn't featured much in the plans of Louis van Gaal yet and the school of thought seems to be to get him out on loan to gain some experience.,last,49.57207489013672
target,45,The striker's run mesmerised Nemanja Vidic and the Cameroonian was clear on the right.,mean,24.498212814331055
target,45,The striker's run mesmerised Nemanja Vidic and the Cameroonian was clear on the right.,max,48.46453094482422
target,45,The striker's run mesmerised Nemanja Vidic and the Cameroonian was clear on the right.,last,35.03623962402344
target,46,"Sherwood has guided Spurs to seven wins and two draws from his 10 Premier League games in charge, and last night’s 4-0 win at Newcastle – their widest margin of victory in the competition since defeating Aston Villa by the same score on Boxing Day 2012 – took them to within seven points of leaders Chelsea.",mean,28.874427795410156
target,46,"Sherwood has guided Spurs to seven wins and two draws from his 10 Premier League games in charge, and last night’s 4-0 win at Newcastle – their widest margin of victory in the competition since defeating Aston Villa by the same score on Boxing Day 2012 – took them to within seven points of leaders Chelsea.",max,50.78902816772461
target,46,"Sherwood has guided Spurs to seven wins and two draws from his 10 Premier League games in charge, and last night’s 4-0 win at Newcastle – their widest margin of victory in the competition since defeating Aston Villa by the same score on Boxing Day 2012 – took them to within seven points of leaders Chelsea.",last,47.51465606689453
target,47,Redknapp must carry on as manager.,mean,32.70442581176758
target,47,Redknapp must carry on as manager.,max,52.93743896484375
target,47,Redknapp must carry on as manager.,last,41.209877014160156
target,48,"""Jordi Alba is playing better this season, defensively and attacking, as opposed to Marcelo, who hasn't been at his best.",mean,25.05552101135254
target,48,"""Jordi Alba is playing better this season, defensively and attacking, as opposed to Marcelo, who hasn't been at his best.",max,41.34363555908203
target,48,"""Jordi Alba is playing better this season, defensively and attacking, as opposed to Marcelo, who hasn't been at his best.",last,30.079530715942383
target,49,The 21-year-old midfielder’s claret and blue career has stalled after a series of serious injuries and he is currently battling a foot problem.,mean,31.652690887451172
target,49,The 21-year-old midfielder’s claret and blue career has stalled after a series of serious injuries and he is currently battling a foot problem.,max,60.183067321777344
target,49,The 21-year-old midfielder’s claret and blue career has stalled after a series of serious injuries and he is currently battling a foot problem.,last,47.576988220214844
target,50,"Danny Hylton, who scored Oxford's second at Griffin Park, was also on target in Saturday's 1-1 draw with Crawley

Brentford manager Marinus Dijkhuizen: ""It was an embarrassing performance from my team.",mean,22.525634765625
target,50,"Danny Hylton, who scored Oxford's second at Griffin Park, was also on target in Saturday's 1-1 draw with Crawley

Brentford manager Marinus Dijkhuizen: ""It was an embarrassing performance from my team.",max,46.08927917480469
target,50,"Danny Hylton, who scored Oxford's second at Griffin Park, was also on target in Saturday's 1-1 draw with Crawley

Brentford manager Marinus Dijkhuizen: ""It was an embarrassing performance from my team.",last,26.10552215576172
target,51,"Defensive numbers make bad reading for Guardiola

Guardiola has seen his side concede three or more goals in back-to-back league games for the first time as a manager.",mean,26.842594146728516
target,51,"Defensive numbers make bad reading for Guardiola

Guardiola has seen his side concede three or more goals in back-to-back league games for the first time as a manager.",max,55.753456115722656
target,51,"Defensive numbers make bad reading for Guardiola

Guardiola has seen his side concede three or more goals in back-to-back league games for the first time as a manager.",last,34.94502639770508
target,52,"Elsewhere, new title favourites Manchester City were fired on their way to victory by Yaya Toure against an in-form Crystal Palace team that includes Mile Jedinak and Jason Puncheon.",mean,21.701522827148438
target,52,"Elsewhere, new title favourites Manchester City were fired on their way to victory by Yaya Toure against an in-form Crystal Palace team that includes Mile Jedinak and Jason Puncheon.",max,52.03588104248047
target,52,"Elsewhere, new title favourites Manchester City were fired on their way to victory by Yaya Toure against an in-form Crystal Palace team that includes Mile Jedinak and Jason Puncheon.",last,52.03588104248047
target,53,He scored important goals for United.,mean,23.16497039794922
target,53,He scored important goals for United.,max,49.26935577392578
target,53,He scored important goals for United.,last,49.26935577392578
target,54,"Clark, 25, and Okore, 22, have started the last four Premier League games due to calf injuries to Vlaar and Philippe Senderos, as well as Nathan Baker’s knee problem.",mean,24.903560638427734
target,54,"Clark, 25, and Okore, 22, have started the last four Premier League games due to calf injuries to Vlaar and Philippe Senderos, as well as Nathan Baker’s knee problem.",max,47.55992889404297
target,54,"Clark, 25, and Okore, 22, have started the last four Premier League games due to calf injuries to Vlaar and Philippe Senderos, as well as Nathan Baker’s knee problem.",last,41.4835319519043
target,55,"He is a skilful, creative attacking midfielder who turned down the advances of Bayern Munich and Chelsea as a younger boy and became the Europa League's youngest goalscorer at 17 years and 157 days when he grabbed his side's fifth in a 5-1 win over Astra Giurgiu.",mean,20.010135650634766
target,55,"He is a skilful, creative attacking midfielder who turned down the advances of Bayern Munich and Chelsea as a younger boy and became the Europa League's youngest goalscorer at 17 years and 157 days when he grabbed his side's fifth in a 5-1 win over Astra Giurgiu.",max,47.605194091796875
target,55,"He is a skilful, creative attacking midfielder who turned down the advances of Bayern Munich and Chelsea as a younger boy and became the Europa League's youngest goalscorer at 17 years and 157 days when he grabbed his side's fifth in a 5-1 win over Astra Giurgiu.",last,45.57089614868164
target,56,Rodgers also signed Kolo Toure on a free and Skrtel’s future at Anfield is unclear.,mean,25.109619140625
target,56,Rodgers also signed Kolo Toure on a free and Skrtel’s future at Anfield is unclear.,max,50.60520935058594
target,56,Rodgers also signed Kolo Toure on a free and Skrtel’s future at Anfield is unclear.,last,47.457923889160156
target,57,Vidal is instrumental in quickly turning defence into attack and is an advocate of the counter attack.,mean,20.727445602416992
target,57,Vidal is instrumental in quickly turning defence into attack and is an advocate of the counter attack.,max,40.91156768798828
target,57,Vidal is instrumental in quickly turning defence into attack and is an advocate of the counter attack.,last,39.42626190185547
target,58,"Still at 24, Henrikh Mkhitaryan has the ability to go onto bigger and better things in football.",mean,18.752565383911133
target,58,"Still at 24, Henrikh Mkhitaryan has the ability to go onto bigger and better things in football.",max,42.86805725097656
target,58,"Still at 24, Henrikh Mkhitaryan has the ability to go onto bigger and better things in football.",last,42.86805725097656
target,59,"I’m going to juxtapose between Luiz Gustavo’s key performance metrics and Arsenal’s personnel in the successful double midfield pivot of last season, Aaron Ramsey and Mikel Arteta.",mean,22.86322021484375
target,59,"I’m going to juxtapose between Luiz Gustavo’s key performance metrics and Arsenal’s personnel in the successful double midfield pivot of last season, Aaron Ramsey and Mikel Arteta.",max,45.663360595703125
target,59,"I’m going to juxtapose between Luiz Gustavo’s key performance metrics and Arsenal’s personnel in the successful double midfield pivot of last season, Aaron Ramsey and Mikel Arteta.",last,32.00000762939453
target,60,"The Frenchman had just helped Southampton to their highest-ever Premier League finish, and the £25m fee seemed reasonable for a player who was also attracting interest from Arsenal and Tottenham.",mean,35.88990020751953
target,60,"The Frenchman had just helped Southampton to their highest-ever Premier League finish, and the £25m fee seemed reasonable for a player who was also attracting interest from Arsenal and Tottenham.",max,57.477500915527344
target,60,"The Frenchman had just helped Southampton to their highest-ever Premier League finish, and the £25m fee seemed reasonable for a player who was also attracting interest from Arsenal and Tottenham.",last,46.45655059814453
target,61,"Eriksen is often anaemic, Sissoko has been publicly chastised by his manager, and we’re still waiting for a goal from open play from Janssen.",mean,28.04349708557129
target,61,"Eriksen is often anaemic, Sissoko has been publicly chastised by his manager, and we’re still waiting for a goal from open play from Janssen.",max,51.35225296020508
target,61,"Eriksen is often anaemic, Sissoko has been publicly chastised by his manager, and we’re still waiting for a goal from open play from Janssen.",last,47.14588928222656
target,62,"The Argentinians, for whom centre-forward Guillermo Stabile was in great form, thrashed them 6-1.",mean,9.861053466796875
target,62,"The Argentinians, for whom centre-forward Guillermo Stabile was in great form, thrashed them 6-1.",max,38.78141784667969
target,62,"The Argentinians, for whom centre-forward Guillermo Stabile was in great form, thrashed them 6-1.",last,16.351192474365234
target,63,"According to the source, Pepe has been in talks with Les Parisiens for some time over a potential move to Parc des Princes -- before and after compatriot Antero Henrique's arrival as sporting director.",mean,19.78244972229004
target,63,"According to the source, Pepe has been in talks with Les Parisiens for some time over a potential move to Parc des Princes -- before and after compatriot Antero Henrique's arrival as sporting director.",max,45.05607604980469
target,63,"According to the source, Pepe has been in talks with Les Parisiens for some time over a potential move to Parc des Princes -- before and after compatriot Antero Henrique's arrival as sporting director.",last,32.48867416381836
target,64,Bild in Germany reported that Liverpool were the favourites to sign Sanches on loan before Thursday's deadline.,mean,23.062232971191406
target,64,Bild in Germany reported that Liverpool were the favourites to sign Sanches on loan before Thursday's deadline.,max,47.20743942260742
target,64,Bild in Germany reported that Liverpool were the favourites to sign Sanches on loan before Thursday's deadline.,last,25.528221130371094
target,65,Equally impressive is how Klopp has inspired improved performance and consistency from the nucleus of the squad inherited.,mean,34.54157638549805
target,65,Equally impressive is how Klopp has inspired improved performance and consistency from the nucleus of the squad inherited.,max,57.921119689941406
target,65,Equally impressive is how Klopp has inspired improved performance and consistency from the nucleus of the squad inherited.,last,53.58985137939453
target,66,Crouch had been bought from Queens Park Rangers in 2001 for £1.25m but stayed at Portsmouth for nine months before being sold a few days after Redknapp had changed jobs from director of football at Portsmouth to manager.,mean,29.866634368896484
target,66,Crouch had been bought from Queens Park Rangers in 2001 for £1.25m but stayed at Portsmouth for nine months before being sold a few days after Redknapp had changed jobs from director of football at Portsmouth to manager.,max,53.298377990722656
target,66,Crouch had been bought from Queens Park Rangers in 2001 for £1.25m but stayed at Portsmouth for nine months before being sold a few days after Redknapp had changed jobs from director of football at Portsmouth to manager.,last,46.565696716308594
target,67,"The Brazilian’s departure to Paris Saint-Germain hasn’t had much of an effect on Barcelona’s strong start to the season, but in a match like this, where Atletico are so structured in defense, it allowed for Simeone’s side to double up on Busquets and Messi in ways they couldn’t last season due to having to man-mark and double mark Neymar.",mean,24.659502029418945
target,67,"The Brazilian’s departure to Paris Saint-Germain hasn’t had much of an effect on Barcelona’s strong start to the season, but in a match like this, where Atletico are so structured in defense, it allowed for Simeone’s side to double up on Busquets and Messi in ways they couldn’t last season due to having to man-mark and double mark Neymar.",max,48.467437744140625
target,67,"The Brazilian’s departure to Paris Saint-Germain hasn’t had much of an effect on Barcelona’s strong start to the season, but in a match like this, where Atletico are so structured in defense, it allowed for Simeone’s side to double up on Busquets and Messi in ways they couldn’t last season due to having to man-mark and double mark Neymar.",last,26.721874237060547
target,68,"Alli, however, has drawn some criticism for the way he plays the game.",mean,9.012834548950195
target,68,"Alli, however, has drawn some criticism for the way he plays the game.",max,31.097640991210938
target,68,"Alli, however, has drawn some criticism for the way he plays the game.",last,25.674728393554688
target,69,It was no less than Welbeck and Arsenal deserved for a clinical attacking display that will give Wenger confidence that his side can progress from the group stage for the 17th successive season.,mean,28.5654354095459
target,69,It was no less than Welbeck and Arsenal deserved for a clinical attacking display that will give Wenger confidence that his side can progress from the group stage for the 17th successive season.,max,54.129451751708984
target,69,It was no less than Welbeck and Arsenal deserved for a clinical attacking display that will give Wenger confidence that his side can progress from the group stage for the 17th successive season.,last,44.709659576416016
target,70,Fred Rutton made two changes from PSV’s previous league game.,mean,10.776398658752441
target,70,Fred Rutton made two changes from PSV’s previous league game.,max,34.64335250854492
target,70,Fred Rutton made two changes from PSV’s previous league game.,last,13.840749740600586
target,71,Spurs forward Adebayor was at Villa's training ground last week for talks and a medical.,mean,24.379562377929688
target,71,Spurs forward Adebayor was at Villa's training ground last week for talks and a medical.,max,46.630760192871094
target,71,Spurs forward Adebayor was at Villa's training ground last week for talks and a medical.,last,45.51018524169922
target,72,"Rondon could even have won it but somehow turned over from inside the six-yard box, and the Baggies ultimately needed some fortune to hang on at the end of a breathless night.",mean,22.553176879882812
target,72,"Rondon could even have won it but somehow turned over from inside the six-yard box, and the Baggies ultimately needed some fortune to hang on at the end of a breathless night.",max,44.45661926269531
target,72,"Rondon could even have won it but somehow turned over from inside the six-yard box, and the Baggies ultimately needed some fortune to hang on at the end of a breathless night.",last,40.2426643371582
target,73,"""They boast the stellar transfer in Raheem Sterling and they arguably boast the bargain acquisition in Fabian Delph.""",mean,24.899343490600586
target,73,"""They boast the stellar transfer in Raheem Sterling and they arguably boast the bargain acquisition in Fabian Delph.""",max,55.816043853759766
target,73,"""They boast the stellar transfer in Raheem Sterling and they arguably boast the bargain acquisition in Fabian Delph.""",last,49.79975891113281
target,74,And Jordi Cruyff reckons Goodison Park can be a key asset for Everton FC as they bid to make their mark on Europe next season.,mean,29.378307342529297
target,74,And Jordi Cruyff reckons Goodison Park can be a key asset for Everton FC as they bid to make their mark on Europe next season.,max,51.97661590576172
target,74,And Jordi Cruyff reckons Goodison Park can be a key asset for Everton FC as they bid to make their mark on Europe next season.,last,40.700862884521484
target,75,"Bennett has had spells in the last couple of seasons on loan at Brighton and Sheffield Wednesday - both play-off participants in the previous campaign - and knows the Championship well from his time at Middlesbrough, too.",mean,30.24970817565918
target,75,"Bennett has had spells in the last couple of seasons on loan at Brighton and Sheffield Wednesday - both play-off participants in the previous campaign - and knows the Championship well from his time at Middlesbrough, too.",max,54.583770751953125
target,75,"Bennett has had spells in the last couple of seasons on loan at Brighton and Sheffield Wednesday - both play-off participants in the previous campaign - and knows the Championship well from his time at Middlesbrough, too.",last,53.473594665527344
target,76,“We lost Ozil and Giroud for long periods last year and they contributed a lot in the second part of the season.,mean,30.481035232543945
target,76,“We lost Ozil and Giroud for long periods last year and they contributed a lot in the second part of the season.,max,49.76940155029297
target,76,“We lost Ozil and Giroud for long periods last year and they contributed a lot in the second part of the season.,last,43.576332092285156
target,77,"Poveda went to Barca at the age of 12 after training with Arsenal for weeks, with the two clubs locked in a bitter battle for his services.",mean,19.417688369750977
target,77,"Poveda went to Barca at the age of 12 after training with Arsenal for weeks, with the two clubs locked in a bitter battle for his services.",max,43.86345291137695
target,77,"Poveda went to Barca at the age of 12 after training with Arsenal for weeks, with the two clubs locked in a bitter battle for his services.",last,41.97920227050781
target,78,"Jonjo Shelvey (Swansea) +52

The former Liverpool Swan has been in top form recently.",mean,27.397300720214844
target,78,"Jonjo Shelvey (Swansea) +52

The former Liverpool Swan has been in top form recently.",max,48.9156494140625
target,78,"Jonjo Shelvey (Swansea) +52

The former Liverpool Swan has been in top form recently.",last,44.455955505371094
target,79,"Similarly, Jurgen Klopp’s departure from Borussia Dortmund at the end of the season is likely to bring forward defender Mats Hummels’ decision to leave the Westfalenstadion and the Reds can snap up their target as soon as the Bundesliga relegation battle is decided.",mean,26.379718780517578
target,79,"Similarly, Jurgen Klopp’s departure from Borussia Dortmund at the end of the season is likely to bring forward defender Mats Hummels’ decision to leave the Westfalenstadion and the Reds can snap up their target as soon as the Bundesliga relegation battle is decided.",max,53.21833801269531
target,79,"Similarly, Jurgen Klopp’s departure from Borussia Dortmund at the end of the season is likely to bring forward defender Mats Hummels’ decision to leave the Westfalenstadion and the Reds can snap up their target as soon as the Bundesliga relegation battle is decided.",last,47.54315185546875
target,80,"Manchester City, Liverpool and Chelsea have all made brilliant starts to the Premier League season but that is unlikely to stop any of those clubs trying to make new signings.",mean,37.17924499511719
target,80,"Manchester City, Liverpool and Chelsea have all made brilliant starts to the Premier League season but that is unlikely to stop any of those clubs trying to make new signings.",max,58.94523620605469
target,80,"Manchester City, Liverpool and Chelsea have all made brilliant starts to the Premier League season but that is unlikely to stop any of those clubs trying to make new signings.",last,52.337249755859375
target,81,"Last year’s disastrous campaign means no European distractions, and the growth of Deulofeu and addition of Bolasie has made for a more dynamic attack.",mean,22.74293327331543
target,81,"Last year’s disastrous campaign means no European distractions, and the growth of Deulofeu and addition of Bolasie has made for a more dynamic attack.",max,49.915550231933594
target,81,"Last year’s disastrous campaign means no European distractions, and the growth of Deulofeu and addition of Bolasie has made for a more dynamic attack.",last,49.915550231933594
target,82,"Notable too was the level of communication among the defensive line and goalkeeper Mignolet, who clocked up a second clean sheet in three matches as pre-season concluded.",mean,17.42081642150879
target,82,"Notable too was the level of communication among the defensive line and goalkeeper Mignolet, who clocked up a second clean sheet in three matches as pre-season concluded.",max,52.32270812988281
target,82,"Notable too was the level of communication among the defensive line and goalkeeper Mignolet, who clocked up a second clean sheet in three matches as pre-season concluded.",last,52.32270812988281
target,83,Out wide Bayern has a rather assymmetrical setup.,mean,12.311443328857422
target,83,Out wide Bayern has a rather assymmetrical setup.,max,31.715599060058594
target,83,Out wide Bayern has a rather assymmetrical setup.,last,9.841774940490723
target,84,"He's like Sergio Aguero, trying to do everything easy, trying to reserve himself for the game.",mean,21.921661376953125
target,84,"He's like Sergio Aguero, trying to do everything easy, trying to reserve himself for the game.",max,46.977447509765625
target,84,"He's like Sergio Aguero, trying to do everything easy, trying to reserve himself for the game.",last,37.745147705078125
target,85,"They attack with speed and in numbers, helped out by the great passing ability of Mesut Ozil and Bastian Schweinsteiger in midfield.",mean,12.62770938873291
target,85,"They attack with speed and in numbers, helped out by the great passing ability of Mesut Ozil and Bastian Schweinsteiger in midfield.",max,46.41111755371094
target,85,"They attack with speed and in numbers, helped out by the great passing ability of Mesut Ozil and Bastian Schweinsteiger in midfield.",last,43.900848388671875
target,86,"Still there was some hope but when Heleno missed a penalty against Fluminese in their next game with the score at 2-2, Botafogo were doomed to a fourth successive runners-up spot.",mean,6.866261959075928
target,86,"Still there was some hope but when Heleno missed a penalty against Fluminese in their next game with the score at 2-2, Botafogo were doomed to a fourth successive runners-up spot.",max,26.23241424560547
target,86,"Still there was some hope but when Heleno missed a penalty against Fluminese in their next game with the score at 2-2, Botafogo were doomed to a fourth successive runners-up spot.",last,9.450536727905273
target,87,"Their main opponent this weekend will be Cedric Soares, the right-back who joined from Sporting Lisbon in the summer.",mean,23.718124389648438
target,87,"Their main opponent this weekend will be Cedric Soares, the right-back who joined from Sporting Lisbon in the summer.",max,55.94157409667969
target,87,"Their main opponent this weekend will be Cedric Soares, the right-back who joined from Sporting Lisbon in the summer.",last,52.02164840698242
target,88,I think we've got the players to do the job (a bevvy of midfielders) but i'm still not sure Redknapp knows his 'best' team.,mean,24.90654182434082
target,88,I think we've got the players to do the job (a bevvy of midfielders) but i'm still not sure Redknapp knows his 'best' team.,max,49.239036560058594
target,88,I think we've got the players to do the job (a bevvy of midfielders) but i'm still not sure Redknapp knows his 'best' team.,last,33.843814849853516
target,89,"Pogboom: Along with Ibrahimovic, Pogba is one of the most marketable players in the world; a one-man brand.",mean,19.08650016784668
target,89,"Pogboom: Along with Ibrahimovic, Pogba is one of the most marketable players in the world; a one-man brand.",max,44.90940856933594
target,89,"Pogboom: Along with Ibrahimovic, Pogba is one of the most marketable players in the world; a one-man brand.",last,35.42966079711914
target,90,"Mourinho added: ""He could play in one of these two matches, I think he will.",mean,28.22885513305664
target,90,"Mourinho added: ""He could play in one of these two matches, I think he will.",max,42.24736404418945
target,90,"Mourinho added: ""He could play in one of these two matches, I think he will.",last,41.185218811035156
target,91,"Neither are the key reason for Liverpool being so bad at the back this season – Dejan Lovren takes the gold medal in that respect, with Simon Mignolet and Joel Matip taking home silver and bronze, respectively – and Clyne’s steadying influence has been greatly missed.",mean,25.424121856689453
target,91,"Neither are the key reason for Liverpool being so bad at the back this season – Dejan Lovren takes the gold medal in that respect, with Simon Mignolet and Joel Matip taking home silver and bronze, respectively – and Clyne’s steadying influence has been greatly missed.",max,55.518978118896484
target,91,"Neither are the key reason for Liverpool being so bad at the back this season – Dejan Lovren takes the gold medal in that respect, with Simon Mignolet and Joel Matip taking home silver and bronze, respectively – and Clyne’s steadying influence has been greatly missed.",last,49.30466842651367
target,92,"It is debatable whether Capello would have been quite so keen on new young players such as Smalling, Phil Jones and Danny Welbeck if the path had not been prepared by Ferguson at United, though that is not something England need to worry about.",mean,28.410011291503906
target,92,"It is debatable whether Capello would have been quite so keen on new young players such as Smalling, Phil Jones and Danny Welbeck if the path had not been prepared by Ferguson at United, though that is not something England need to worry about.",max,52.761016845703125
target,92,"It is debatable whether Capello would have been quite so keen on new young players such as Smalling, Phil Jones and Danny Welbeck if the path had not been prepared by Ferguson at United, though that is not something England need to worry about.",last,52.160675048828125
target,93,"Yoann Barbet started regularly with Harlee Dean in central defense, displaying an impressive passing range from his left boot, and a team that could not win a match from Christmas through February suddenly could not lose.",mean,24.717681884765625
target,93,"Yoann Barbet started regularly with Harlee Dean in central defense, displaying an impressive passing range from his left boot, and a team that could not win a match from Christmas through February suddenly could not lose.",max,45.08753204345703
target,93,"Yoann Barbet started regularly with Harlee Dean in central defense, displaying an impressive passing range from his left boot, and a team that could not win a match from Christmas through February suddenly could not lose.",last,39.773956298828125
target,94,Standing together we can make Arsenal one of the leading clubs in the world and we can do it in a manner that will make all of our supporters proud.,mean,21.621278762817383
target,94,Standing together we can make Arsenal one of the leading clubs in the world and we can do it in a manner that will make all of our supporters proud.,max,37.150169372558594
target,94,Standing together we can make Arsenal one of the leading clubs in the world and we can do it in a manner that will make all of our supporters proud.,last,29.418485641479492
target,95,It said Guardiola has repeatedly highlighted that he does not have control over Bayern's transfer policy and discussed an ongoing row over the medical staff.,mean,31.59065818786621
target,95,It said Guardiola has repeatedly highlighted that he does not have control over Bayern's transfer policy and discussed an ongoing row over the medical staff.,max,54.067325592041016
target,95,It said Guardiola has repeatedly highlighted that he does not have control over Bayern's transfer policy and discussed an ongoing row over the medical staff.,last,21.873828887939453
target,96,Llambias explained: “Debuchy was a target.,mean,26.638782501220703
target,96,Llambias explained: “Debuchy was a target.,max,52.02840042114258
target,96,Llambias explained: “Debuchy was a target.,last,38.968223571777344
target,97,"A 2-0 win against Qatar at home was only obtained once the Qatari goalkeeper decided to gift us a goal in the 93rd minute, before their whole team capitulated, and a dreadful performance in China resulted in a 0-0 vs the Chinese.",mean,10.407543182373047
target,97,"A 2-0 win against Qatar at home was only obtained once the Qatari goalkeeper decided to gift us a goal in the 93rd minute, before their whole team capitulated, and a dreadful performance in China resulted in a 0-0 vs the Chinese.",max,28.63941192626953
target,97,"A 2-0 win against Qatar at home was only obtained once the Qatari goalkeeper decided to gift us a goal in the 93rd minute, before their whole team capitulated, and a dreadful performance in China resulted in a 0-0 vs the Chinese.",last,19.261138916015625
target,98,"But, in reality, De Bruyne falls in with the majority of these transfers in that he is a considerable risk signing—something which makes Milner truly stand out.",mean,29.41943359375
target,98,"But, in reality, De Bruyne falls in with the majority of these transfers in that he is a considerable risk signing—something which makes Milner truly stand out.",max,52.31917190551758
target,98,"But, in reality, De Bruyne falls in with the majority of these transfers in that he is a considerable risk signing—something which makes Milner truly stand out.",last,52.31917190551758
target,99,"The Brazilian was smiling as he walked onto the pitch after the final whistle, and Klopp will hope that it is a tweak rather than pull.",mean,29.924787521362305
target,99,"The Brazilian was smiling as he walked onto the pitch after the final whistle, and Klopp will hope that it is a tweak rather than pull.",max,53.66567611694336
target,99,"The Brazilian was smiling as he walked onto the pitch after the final whistle, and Klopp will hope that it is a tweak rather than pull.",last,44.43989944458008
control,0,Soccer:Manchester United could still be involved in the last 16 of the Champions League after Fifa today threatened to suspend Switzerland over the case involving first division club Sion.,mean,16.493833541870117
control,0,Soccer:Manchester United could still be involved in the last 16 of the Champions League after Fifa today threatened to suspend Switzerland over the case involving first division club Sion.,max,43.07821273803711
control,0,Soccer:Manchester United could still be involved in the last 16 of the Champions League after Fifa today threatened to suspend Switzerland over the case involving first division club Sion.,last,16.958675384521484
control,1,"I've just got a lot of confidence in his abilities as an offensive performer.""",mean,9.709177017211914
control,1,"I've just got a lot of confidence in his abilities as an offensive performer.""",max,28.978954315185547
control,1,"I've just got a lot of confidence in his abilities as an offensive performer.""",last,11.509771347045898
control,2,"Fraser has an appalling forecasting record, having issued dire and completely wrong forecasts on growth ever since the SNP came to power in Holyrood.",mean,0.0
control,2,"Fraser has an appalling forecasting record, having issued dire and completely wrong forecasts on growth ever since the SNP came to power in Holyrood.",max,0.0
control,2,"Fraser has an appalling forecasting record, having issued dire and completely wrong forecasts on growth ever since the SNP came to power in Holyrood.",last,0.0
control,3,"Today @DanAmrich posted a quite interesting clue on the official forums:

F- crazy with a capital F

n – sponsored by lower case “n”

J – DJ Capital J

g – unicode for lowercase “g”

s – formula is equal to “s”

M – “M” on the Bund

f – Forte represented as a lowercase “f”

what does that mean though?",mean,0.0
control,3,"Today @DanAmrich posted a quite interesting clue on the official forums:

F- crazy with a capital F

n – sponsored by lower case “n”

J – DJ Capital J

g – unicode for lowercase “g”

s – formula is equal to “s”

M – “M” on the Bund

f – Forte represented as a lowercase “f”

what does that mean though?",max,0.0
control,3,"Today @DanAmrich posted a quite interesting clue on the official forums:

F- crazy with a capital F

n – sponsored by lower case “n”

J – DJ Capital J

g – unicode for lowercase “g”

s – formula is equal to “s”

M – “M” on the Bund

f – Forte represented as a lowercase “f”

what does that mean though?",last,0.0
control,4,"Mistakes include:

Hesitating to continue the game.",mean,0.0
control,4,"Mistakes include:

Hesitating to continue the game.",max,0.0
control,4,"Mistakes include:

Hesitating to continue the game.",last,0.0
control,5,This attracts people from all across the globe.,mean,0.0
control,5,This attracts people from all across the globe.,max,0.0
control,5,This attracts people from all across the globe.,last,0.0
control,6,"Actually, it is a regional affiliation, or a moniker for poor migrants.",mean,0.0
control,6,"Actually, it is a regional affiliation, or a moniker for poor migrants.",max,0.0
control,6,"Actually, it is a regional affiliation, or a moniker for poor migrants.",last,0.0
control,7,"As the play is called Thursday, I guessed that the four exclamation marks reflected the neatness of having completed a play with that title on that particular weekday.",mean,0.0
control,7,"As the play is called Thursday, I guessed that the four exclamation marks reflected the neatness of having completed a play with that title on that particular weekday.",max,0.0
control,7,"As the play is called Thursday, I guessed that the four exclamation marks reflected the neatness of having completed a play with that title on that particular weekday.",last,0.0
control,8,"Despite the sassy roles, Heather Graham is generally viewed as a very all-American girl-next-door kind of actress.",mean,0.0
control,8,"Despite the sassy roles, Heather Graham is generally viewed as a very all-American girl-next-door kind of actress.",max,0.0
control,8,"Despite the sassy roles, Heather Graham is generally viewed as a very all-American girl-next-door kind of actress.",last,0.0
control,9,"Leider, S, T Rosenblat, M M M ̈obius and Q-A Do (2010), “What do we Expect from our Friends?” Journal of the European Economic Association 8(1):120–138.",mean,0.0
control,9,"Leider, S, T Rosenblat, M M M ̈obius and Q-A Do (2010), “What do we Expect from our Friends?” Journal of the European Economic Association 8(1):120–138.",max,0.0
control,9,"Leider, S, T Rosenblat, M M M ̈obius and Q-A Do (2010), “What do we Expect from our Friends?” Journal of the European Economic Association 8(1):120–138.",last,0.0
control,10,“Will they supply it to other teams?”,mean,2.5789413452148438
control,10,“Will they supply it to other teams?”,max,14.427286148071289
control,10,“Will they supply it to other teams?”,last,14.427286148071289
control,11,Make sure to then apply any additional permissions the user needs in other locations.,mean,0.0
control,11,Make sure to then apply any additional permissions the user needs in other locations.,max,0.0
control,11,Make sure to then apply any additional permissions the user needs in other locations.,last,0.0
control,12,He correctly diagnosed the national problem (as opposed to Rosa Luxemburg).,mean,0.0
control,12,He correctly diagnosed the national problem (as opposed to Rosa Luxemburg).,max,0.0
control,12,He correctly diagnosed the national problem (as opposed to Rosa Luxemburg).,last,0.0
control,13,"One of the biggest reasons is money, I / we have been broke for years and being 32 years old I can't live like this anymore.",mean,0.0
control,13,"One of the biggest reasons is money, I / we have been broke for years and being 32 years old I can't live like this anymore.",max,0.0
control,13,"One of the biggest reasons is money, I / we have been broke for years and being 32 years old I can't live like this anymore.",last,0.0
control,14,"In recent months I’ve written about others hoping to become Labour’s candidate for 2016: Tessa Jowell, Christian Wolmar, Sadiq Khan and Diane Abbott.",mean,0.0
control,14,"In recent months I’ve written about others hoping to become Labour’s candidate for 2016: Tessa Jowell, Christian Wolmar, Sadiq Khan and Diane Abbott.",max,0.0
control,14,"In recent months I’ve written about others hoping to become Labour’s candidate for 2016: Tessa Jowell, Christian Wolmar, Sadiq Khan and Diane Abbott.",last,0.0
control,15,"But if you get a second simply to tell someone that their issue or PR has been seen, it’s a nice thing to do.",mean,0.0
control,15,"But if you get a second simply to tell someone that their issue or PR has been seen, it’s a nice thing to do.",max,0.0
control,15,"But if you get a second simply to tell someone that their issue or PR has been seen, it’s a nice thing to do.",last,0.0
control,16,"There was therefore an urgent need, and a real opportunity, to tackle these issues that are blighting the lives of so many in the autumn budget.",mean,0.0
control,16,"There was therefore an urgent need, and a real opportunity, to tackle these issues that are blighting the lives of so many in the autumn budget.",max,0.0
control,16,"There was therefore an urgent need, and a real opportunity, to tackle these issues that are blighting the lives of so many in the autumn budget.",last,0.0
control,17,"Soldiers walking around usually carry radios, reflecting the reality that even a simple trip to the outhouse could turn into a life or death sprint for safety.",mean,0.0
control,17,"Soldiers walking around usually carry radios, reflecting the reality that even a simple trip to the outhouse could turn into a life or death sprint for safety.",max,0.0
control,17,"Soldiers walking around usually carry radios, reflecting the reality that even a simple trip to the outhouse could turn into a life or death sprint for safety.",last,0.0
control,18,"With its new FUSION line of products, children (both young and old) can take physical blocks and create things that come to life inside of a tablet or certain phones.",mean,0.0
control,18,"With its new FUSION line of products, children (both young and old) can take physical blocks and create things that come to life inside of a tablet or certain phones.",max,0.0
control,18,"With its new FUSION line of products, children (both young and old) can take physical blocks and create things that come to life inside of a tablet or certain phones.",last,0.0
control,19,"Singer also revealed that the movie will feature yet another PG-13 F-bomb, following up on Hugh Jackman's memorable cameo line from First Class.",mean,0.0
control,19,"Singer also revealed that the movie will feature yet another PG-13 F-bomb, following up on Hugh Jackman's memorable cameo line from First Class.",max,0.0
control,19,"Singer also revealed that the movie will feature yet another PG-13 F-bomb, following up on Hugh Jackman's memorable cameo line from First Class.",last,0.0
control,20,I never really grew to understand leadership and how to really fulfill that.,mean,0.0
control,20,I never really grew to understand leadership and how to really fulfill that.,max,0.0
control,20,I never really grew to understand leadership and how to really fulfill that.,last,0.0
control,21,He served eight months and was about to be released from prison when he was turned over to ICE.,mean,0.0
control,21,He served eight months and was about to be released from prison when he was turned over to ICE.,max,0.0
control,21,He served eight months and was about to be released from prison when he was turned over to ICE.,last,0.0
control,22,"It’s like woah, we’re really tempting fate here.",mean,0.0
control,22,"It’s like woah, we’re really tempting fate here.",max,0.0
control,22,"It’s like woah, we’re really tempting fate here.",last,0.0
control,23,"The two then discuss whether they should “step outside” and settle things, before the Trumpeter leaves the shop grumbling about the “absolutely ridiculous” experience.",mean,0.0
control,23,"The two then discuss whether they should “step outside” and settle things, before the Trumpeter leaves the shop grumbling about the “absolutely ridiculous” experience.",max,0.0
control,23,"The two then discuss whether they should “step outside” and settle things, before the Trumpeter leaves the shop grumbling about the “absolutely ridiculous” experience.",last,0.0
control,24,"The ascendancy of Donald J. Trump to the U.S. presidency sent reverberations throughout the world, but nowhere will his election be felt more, outside of America itself, than here in Canada.",mean,0.0
control,24,"The ascendancy of Donald J. Trump to the U.S. presidency sent reverberations throughout the world, but nowhere will his election be felt more, outside of America itself, than here in Canada.",max,0.0
control,24,"The ascendancy of Donald J. Trump to the U.S. presidency sent reverberations throughout the world, but nowhere will his election be felt more, outside of America itself, than here in Canada.",last,0.0
control,25,The Republican Party followed suit.,mean,0.0
control,25,The Republican Party followed suit.,max,0.0
control,25,The Republican Party followed suit.,last,0.0
control,26,"The standard version includes access to all subreddits, sharing via email, Twitter and Google+, submitting new stories from the app, and a homescreen widget.",mean,0.0
control,26,"The standard version includes access to all subreddits, sharing via email, Twitter and Google+, submitting new stories from the app, and a homescreen widget.",max,0.0
control,26,"The standard version includes access to all subreddits, sharing via email, Twitter and Google+, submitting new stories from the app, and a homescreen widget.",last,0.0
control,27,She said she wasn’t aware that she would be named in the Telegraph and only found out this morning while visiting her father in hospital.,mean,0.0
control,27,She said she wasn’t aware that she would be named in the Telegraph and only found out this morning while visiting her father in hospital.,max,0.0
control,27,She said she wasn’t aware that she would be named in the Telegraph and only found out this morning while visiting her father in hospital.,last,0.0
control,28,"From Palo Alto to Williamsburg back to Santa Monica, our wealthiest and most in-demand neighborhoods remain in their stunted states, walled off to growth, radiating everything from gentrification to global inequality.",mean,0.0
control,28,"From Palo Alto to Williamsburg back to Santa Monica, our wealthiest and most in-demand neighborhoods remain in their stunted states, walled off to growth, radiating everything from gentrification to global inequality.",max,0.0
control,28,"From Palo Alto to Williamsburg back to Santa Monica, our wealthiest and most in-demand neighborhoods remain in their stunted states, walled off to growth, radiating everything from gentrification to global inequality.",last,0.0
control,29,"“His experience, at the professional and college level, his attention to detail and his passion make him a great addition to our strong coaching staff, which is now complete for the next season.”

Read worked the last two seasons at the University of Nebraska under former Winnipeg Blue Bombers coach Mike Riley, but was fired in November with the Cornhuskers’ special teams struggling and with some fans questioning his reported US$450,000 salary.",mean,0.0
control,29,"“His experience, at the professional and college level, his attention to detail and his passion make him a great addition to our strong coaching staff, which is now complete for the next season.”

Read worked the last two seasons at the University of Nebraska under former Winnipeg Blue Bombers coach Mike Riley, but was fired in November with the Cornhuskers’ special teams struggling and with some fans questioning his reported US$450,000 salary.",max,0.0
control,29,"“His experience, at the professional and college level, his attention to detail and his passion make him a great addition to our strong coaching staff, which is now complete for the next season.”

Read worked the last two seasons at the University of Nebraska under former Winnipeg Blue Bombers coach Mike Riley, but was fired in November with the Cornhuskers’ special teams struggling and with some fans questioning his reported US$450,000 salary.",last,0.0
control,30,We are evaluating all of the feedback from the PTS and I wanted to take a moment to respond to the most popular topics we’ve seen.,mean,0.0
control,30,We are evaluating all of the feedback from the PTS and I wanted to take a moment to respond to the most popular topics we’ve seen.,max,0.0
control,30,We are evaluating all of the feedback from the PTS and I wanted to take a moment to respond to the most popular topics we’ve seen.,last,0.0
control,31,Throughout the legal action and appeal hearing The Pirate Bay website has continued to function.,mean,0.0
control,31,Throughout the legal action and appeal hearing The Pirate Bay website has continued to function.,max,0.0
control,31,Throughout the legal action and appeal hearing The Pirate Bay website has continued to function.,last,0.0
control,32,"Ten billion dollars, less than the one fifth of the increase to the military/defense budget of $54 Billion.",mean,0.0
control,32,"Ten billion dollars, less than the one fifth of the increase to the military/defense budget of $54 Billion.",max,0.0
control,32,"Ten billion dollars, less than the one fifth of the increase to the military/defense budget of $54 Billion.",last,0.0
control,33,"Technically, a small number of people can work to provide for a very large number of people in the future.",mean,0.0
control,33,"Technically, a small number of people can work to provide for a very large number of people in the future.",max,0.0
control,33,"Technically, a small number of people can work to provide for a very large number of people in the future.",last,0.0
control,34,"Currently, the game does not have a name, but this will be an adventure with swords and magic in a fantasy world.",mean,0.0
control,34,"Currently, the game does not have a name, but this will be an adventure with swords and magic in a fantasy world.",max,0.0
control,34,"Currently, the game does not have a name, but this will be an adventure with swords and magic in a fantasy world.",last,0.0
control,35,"For example, Jack (5) wants to go home, does he say “I want to go home!”?",mean,0.0
control,35,"For example, Jack (5) wants to go home, does he say “I want to go home!”?",max,0.0
control,35,"For example, Jack (5) wants to go home, does he say “I want to go home!”?",last,0.0
control,36,"In this specific situation, users would see an overlay representing their interaction, with GNL remaining visible in the background.",mean,0.0
control,36,"In this specific situation, users would see an overlay representing their interaction, with GNL remaining visible in the background.",max,0.0
control,36,"In this specific situation, users would see an overlay representing their interaction, with GNL remaining visible in the background.",last,0.0
control,37,Too cautious!,mean,1.9528254270553589
control,37,Too cautious!,max,7.8113017082214355
control,37,Too cautious!,last,7.8113017082214355
control,38,On a pegasus?,mean,0.0
control,38,On a pegasus?,max,0.0
control,38,On a pegasus?,last,0.0
control,39,"Luckily, it snapped back in without issue, and I pushed the button cover away from the side.",mean,0.0
control,39,"Luckily, it snapped back in without issue, and I pushed the button cover away from the side.",max,0.0
control,39,"Luckily, it snapped back in without issue, and I pushed the button cover away from the side.",last,0.0
control,40,"I lived on top of the barn, in this one bedroom shoebox sort of situation.",mean,0.0
control,40,"I lived on top of the barn, in this one bedroom shoebox sort of situation.",max,0.0
control,40,"I lived on top of the barn, in this one bedroom shoebox sort of situation.",last,0.0
control,41,"But remember, Germany’s population is 2.6 times larger than Canada’s.",mean,0.0
control,41,"But remember, Germany’s population is 2.6 times larger than Canada’s.",max,0.0
control,41,"But remember, Germany’s population is 2.6 times larger than Canada’s.",last,0.0
control,42,Adequate Zinc has to be present in order for Taurine to be used as a neuro transmitter smoother.,mean,0.0
control,42,Adequate Zinc has to be present in order for Taurine to be used as a neuro transmitter smoother.,max,0.0
control,42,Adequate Zinc has to be present in order for Taurine to be used as a neuro transmitter smoother.,last,0.0
control,43,"The HIV virus infects T-cells, white blood cells that play an important role in the immune system.",mean,0.0
control,43,"The HIV virus infects T-cells, white blood cells that play an important role in the immune system.",max,0.0
control,43,"The HIV virus infects T-cells, white blood cells that play an important role in the immune system.",last,0.0
control,44,"Anyway, the remainder of the article seems to be not about #1 or #2, but is actually about #3.",mean,0.0
control,44,"Anyway, the remainder of the article seems to be not about #1 or #2, but is actually about #3.",max,0.0
control,44,"Anyway, the remainder of the article seems to be not about #1 or #2, but is actually about #3.",last,0.0
control,45,"In a court filing this week, Contura said it believed that Alpha will have sufficient liquidity to meet its commitment.",mean,0.0
control,45,"In a court filing this week, Contura said it believed that Alpha will have sufficient liquidity to meet its commitment.",max,0.0
control,45,"In a court filing this week, Contura said it believed that Alpha will have sufficient liquidity to meet its commitment.",last,0.0
control,46,"The author, Steve McConnell, argues that routines should not be longer than 200 lines.",mean,0.0
control,46,"The author, Steve McConnell, argues that routines should not be longer than 200 lines.",max,0.0
control,46,"The author, Steve McConnell, argues that routines should not be longer than 200 lines.",last,0.0
control,47,Andrew Dunn and Mark Wilkening mixed the episode.,mean,0.0
control,47,Andrew Dunn and Mark Wilkening mixed the episode.,max,0.0
control,47,Andrew Dunn and Mark Wilkening mixed the episode.,last,0.0
control,48,"In Trustwave's Saturday blog post, and in comments added on Tuesday to the heated discussion in the Mozilla developer forum, Trustwave representatives stressed that the holder of the subordinate root was subject to strict terms that were enforced by on-site audits.",mean,0.0
control,48,"In Trustwave's Saturday blog post, and in comments added on Tuesday to the heated discussion in the Mozilla developer forum, Trustwave representatives stressed that the holder of the subordinate root was subject to strict terms that were enforced by on-site audits.",max,0.0
control,48,"In Trustwave's Saturday blog post, and in comments added on Tuesday to the heated discussion in the Mozilla developer forum, Trustwave representatives stressed that the holder of the subordinate root was subject to strict terms that were enforced by on-site audits.",last,0.0
control,49,LSU just signed the nation’s No.,mean,0.0
control,49,LSU just signed the nation’s No.,max,0.0
control,49,LSU just signed the nation’s No.,last,0.0
control,50,The move is an indication that the justices will likely rule on the case in the fall.,mean,0.0
control,50,The move is an indication that the justices will likely rule on the case in the fall.,max,0.0
control,50,The move is an indication that the justices will likely rule on the case in the fall.,last,0.0
control,51,How many clubs are copying the Galaxy model of player development pioneered by the academy > LA Galaxy II > first team model?,mean,5.349180698394775
control,51,How many clubs are copying the Galaxy model of player development pioneered by the academy > LA Galaxy II > first team model?,max,27.53702163696289
control,51,How many clubs are copying the Galaxy model of player development pioneered by the academy > LA Galaxy II > first team model?,last,0.0
control,52,Routes such as slants and posts can be effective against both man and zone and should be expected to be used heavily against the Bills’ mixed coverages.,mean,0.0
control,52,Routes such as slants and posts can be effective against both man and zone and should be expected to be used heavily against the Bills’ mixed coverages.,max,0.0
control,52,Routes such as slants and posts can be effective against both man and zone and should be expected to be used heavily against the Bills’ mixed coverages.,last,0.0
control,53,People on the street told me over and over that these people oppose the Lausanne/Vienna accords because their grip on international trade will be broken if the markets are opened.,mean,0.0
control,53,People on the street told me over and over that these people oppose the Lausanne/Vienna accords because their grip on international trade will be broken if the markets are opened.,max,0.0
control,53,People on the street told me over and over that these people oppose the Lausanne/Vienna accords because their grip on international trade will be broken if the markets are opened.,last,0.0
control,54,This recent study isn’t the first of its kind to suggest a relationship between spaceflight and negative immune system effects.,mean,0.0
control,54,This recent study isn’t the first of its kind to suggest a relationship between spaceflight and negative immune system effects.,max,0.0
control,54,This recent study isn’t the first of its kind to suggest a relationship between spaceflight and negative immune system effects.,last,0.0
control,55,"Picasso Picasso Tea Bird by Colin George Jeffrey

12.",mean,0.0
control,55,"Picasso Picasso Tea Bird by Colin George Jeffrey

12.",max,0.0
control,55,"Picasso Picasso Tea Bird by Colin George Jeffrey

12.",last,0.0
control,56,"Dear valued customers, It has come to our attention that a food blogger has accused our restaurant of being unhygienic and that she found a little something ‘extra’ in her soft-shell crab.",mean,0.0
control,56,"Dear valued customers, It has come to our attention that a food blogger has accused our restaurant of being unhygienic and that she found a little something ‘extra’ in her soft-shell crab.",max,0.0
control,56,"Dear valued customers, It has come to our attention that a food blogger has accused our restaurant of being unhygienic and that she found a little something ‘extra’ in her soft-shell crab.",last,0.0
control,57,"Given the extent to which rising prices are squeezing consumers and contributing to reduced spending, Ben Bernanke probably feels that, on balance, less inflation is better than more.",mean,0.0
control,57,"Given the extent to which rising prices are squeezing consumers and contributing to reduced spending, Ben Bernanke probably feels that, on balance, less inflation is better than more.",max,0.0
control,57,"Given the extent to which rising prices are squeezing consumers and contributing to reduced spending, Ben Bernanke probably feels that, on balance, less inflation is better than more.",last,0.0
control,58,If you don’t like the challenge you’re given (some are not very fun or do not reward as much xp) then it’s possible to reroll a challenge once using vis wax.,mean,0.0
control,58,If you don’t like the challenge you’re given (some are not very fun or do not reward as much xp) then it’s possible to reroll a challenge once using vis wax.,max,0.0
control,58,If you don’t like the challenge you’re given (some are not very fun or do not reward as much xp) then it’s possible to reroll a challenge once using vis wax.,last,0.0
control,59,"Aka Hitler, Castro and Stalin inc. As with ""Happy Birthday,"" any time you sing one of these songs in public, chances are good someone will hear you and file a lawsuit.",mean,0.0
control,59,"Aka Hitler, Castro and Stalin inc. As with ""Happy Birthday,"" any time you sing one of these songs in public, chances are good someone will hear you and file a lawsuit.",max,0.0
control,59,"Aka Hitler, Castro and Stalin inc. As with ""Happy Birthday,"" any time you sing one of these songs in public, chances are good someone will hear you and file a lawsuit.",last,0.0
control,60,"Programs are not just communications to a computer, they are communications to other human beings.",mean,0.0
control,60,"Programs are not just communications to a computer, they are communications to other human beings.",max,0.0
control,60,"Programs are not just communications to a computer, they are communications to other human beings.",last,0.0
control,61,"“Spread your legs wide, darling.",mean,0.0
control,61,"“Spread your legs wide, darling.",max,0.0
control,61,"“Spread your legs wide, darling.",last,0.0
control,62,Did players get what they wanted?,mean,3.4089603424072266
control,62,Did players get what they wanted?,max,10.024497032165527
control,62,Did players get what they wanted?,last,0.0
control,63,"That means these numbers may be slightly too kind to Clinton, though the back-of-the-envelope math still paints a very dark picture for Sanders.)",mean,0.0
control,63,"That means these numbers may be slightly too kind to Clinton, though the back-of-the-envelope math still paints a very dark picture for Sanders.)",max,0.0
control,63,"That means these numbers may be slightly too kind to Clinton, though the back-of-the-envelope math still paints a very dark picture for Sanders.)",last,0.0
control,64,"By Wednesday afternoon a Google search for the words ""lesbian bondage"" yielded, as the first link at the top of the screen, a picture of Republican National Committee Chairman Michael Steele -- who had nothing to do with the racy outing but whose leadership has been questioned since the revelation.",mean,0.0
control,64,"By Wednesday afternoon a Google search for the words ""lesbian bondage"" yielded, as the first link at the top of the screen, a picture of Republican National Committee Chairman Michael Steele -- who had nothing to do with the racy outing but whose leadership has been questioned since the revelation.",max,0.0
control,64,"By Wednesday afternoon a Google search for the words ""lesbian bondage"" yielded, as the first link at the top of the screen, a picture of Republican National Committee Chairman Michael Steele -- who had nothing to do with the racy outing but whose leadership has been questioned since the revelation.",last,0.0
control,65,"Scobie reaffirmed his ultimatum that ELAS withdraw from Attica, hand in its arms and disband.",mean,2.3952951431274414
control,65,"Scobie reaffirmed his ultimatum that ELAS withdraw from Attica, hand in its arms and disband.",max,22.751487731933594
control,65,"Scobie reaffirmed his ultimatum that ELAS withdraw from Attica, hand in its arms and disband.",last,0.0
control,66,"That’s how Washington feels.”

'The outsider game'

The narrative of an outsider candidate who is willing to say what needs to be said and put America first is a powerful one, analysts say.",mean,0.0
control,66,"That’s how Washington feels.”

'The outsider game'

The narrative of an outsider candidate who is willing to say what needs to be said and put America first is a powerful one, analysts say.",max,0.0
control,66,"That’s how Washington feels.”

'The outsider game'

The narrative of an outsider candidate who is willing to say what needs to be said and put America first is a powerful one, analysts say.",last,0.0
control,67,"And with the way Jimmy Garoppolo and Mitchell were clicking in the Saints game, Jimmy G and offensive coordinator Josh McDaniels are surely stoked that Malcolm may be able to play this season after all.",mean,0.0
control,67,"And with the way Jimmy Garoppolo and Mitchell were clicking in the Saints game, Jimmy G and offensive coordinator Josh McDaniels are surely stoked that Malcolm may be able to play this season after all.",max,0.0
control,67,"And with the way Jimmy Garoppolo and Mitchell were clicking in the Saints game, Jimmy G and offensive coordinator Josh McDaniels are surely stoked that Malcolm may be able to play this season after all.",last,0.0
control,68,Sakurai: High-priced sake and dishware often comes in paulownia boxes.,mean,0.0
control,68,Sakurai: High-priced sake and dishware often comes in paulownia boxes.,max,0.0
control,68,Sakurai: High-priced sake and dishware often comes in paulownia boxes.,last,0.0
control,69,"“I was demanded, we were demanded – not in a bad way, you know,” he says.",mean,0.0
control,69,"“I was demanded, we were demanded – not in a bad way, you know,” he says.",max,0.0
control,69,"“I was demanded, we were demanded – not in a bad way, you know,” he says.",last,0.0
control,70,"It sounds very similar to what is planned for the DragonBox Pyra (which will have a separate SoC board that can be exchanged for a better one later on), and that certainly increases the appeal of this device for me, if it can behave like a mini-PC in that sense.",mean,0.0
control,70,"It sounds very similar to what is planned for the DragonBox Pyra (which will have a separate SoC board that can be exchanged for a better one later on), and that certainly increases the appeal of this device for me, if it can behave like a mini-PC in that sense.",max,0.0
control,70,"It sounds very similar to what is planned for the DragonBox Pyra (which will have a separate SoC board that can be exchanged for a better one later on), and that certainly increases the appeal of this device for me, if it can behave like a mini-PC in that sense.",last,0.0
control,71,"With TCU’s offensive struggles, Kyle Hicks’ production got overlooked, with 1,042 yards rushing to go with 47 receptions.",mean,0.0
control,71,"With TCU’s offensive struggles, Kyle Hicks’ production got overlooked, with 1,042 yards rushing to go with 47 receptions.",max,0.0
control,71,"With TCU’s offensive struggles, Kyle Hicks’ production got overlooked, with 1,042 yards rushing to go with 47 receptions.",last,0.0
control,72,"And they’re still open, every day.",mean,0.0
control,72,"And they’re still open, every day.",max,0.0
control,72,"And they’re still open, every day.",last,0.0
control,73,"It wasn’t long before scientists realized there would be more transits in the future, and there were: in 1761, 1769, 1874, 1882, 2004 and 2012.",mean,0.0
control,73,"It wasn’t long before scientists realized there would be more transits in the future, and there were: in 1761, 1769, 1874, 1882, 2004 and 2012.",max,0.0
control,73,"It wasn’t long before scientists realized there would be more transits in the future, and there were: in 1761, 1769, 1874, 1882, 2004 and 2012.",last,0.0
control,74,"The advent of Australia as an Asian or Eurasian country will mean the end of our national identity, our cultural identity, and our way of life.",mean,0.0
control,74,"The advent of Australia as an Asian or Eurasian country will mean the end of our national identity, our cultural identity, and our way of life.",max,0.0
control,74,"The advent of Australia as an Asian or Eurasian country will mean the end of our national identity, our cultural identity, and our way of life.",last,0.0
control,75,"During that same period in Obama's first term, he nominated just four district judges and five appeals-court judges.",mean,0.0
control,75,"During that same period in Obama's first term, he nominated just four district judges and five appeals-court judges.",max,0.0
control,75,"During that same period in Obama's first term, he nominated just four district judges and five appeals-court judges.",last,0.0
control,76,"He was arrested, released and trafficked me again

They knew where I was, they didn't care when I came back

She said social workers did not seem interested in helping her.",mean,0.0
control,76,"He was arrested, released and trafficked me again

They knew where I was, they didn't care when I came back

She said social workers did not seem interested in helping her.",max,0.0
control,76,"He was arrested, released and trafficked me again

They knew where I was, they didn't care when I came back

She said social workers did not seem interested in helping her.",last,0.0
control,77,"In this post, he reflects on his time as an intern at Parse.ly

Today, I leave Parse.ly after 20 months of work that took me from writing web scrapers to diving deep into semantic web standards to designing mobile SDKs.",mean,0.0
control,77,"In this post, he reflects on his time as an intern at Parse.ly

Today, I leave Parse.ly after 20 months of work that took me from writing web scrapers to diving deep into semantic web standards to designing mobile SDKs.",max,0.0
control,77,"In this post, he reflects on his time as an intern at Parse.ly

Today, I leave Parse.ly after 20 months of work that took me from writing web scrapers to diving deep into semantic web standards to designing mobile SDKs.",last,0.0
control,78,"I want them to be themselves and express their own thoughts, not mine!",mean,0.0
control,78,"I want them to be themselves and express their own thoughts, not mine!",max,0.0
control,78,"I want them to be themselves and express their own thoughts, not mine!",last,0.0
control,79,"For two generations of Salisburys, bookkeeping was both personal and practical.",mean,0.0
control,79,"For two generations of Salisburys, bookkeeping was both personal and practical.",max,0.0
control,79,"For two generations of Salisburys, bookkeeping was both personal and practical.",last,0.0
control,80,"“I think that’s where my anxieties over making mistakes started.”

As a kid, Le figured, her family was just like all the other Vietnamese families in the community.",mean,0.0
control,80,"“I think that’s where my anxieties over making mistakes started.”

As a kid, Le figured, her family was just like all the other Vietnamese families in the community.",max,0.0
control,80,"“I think that’s where my anxieties over making mistakes started.”

As a kid, Le figured, her family was just like all the other Vietnamese families in the community.",last,0.0
control,81,"Its big rally in Moscow in February included banners vilifying both the West and Russian opposition figures, and came just days before the assassination of opposition politician, Boris Nemtsov.",mean,0.0
control,81,"Its big rally in Moscow in February included banners vilifying both the West and Russian opposition figures, and came just days before the assassination of opposition politician, Boris Nemtsov.",max,0.0
control,81,"Its big rally in Moscow in February included banners vilifying both the West and Russian opposition figures, and came just days before the assassination of opposition politician, Boris Nemtsov.",last,0.0
control,82,[16] By April 2013 subscriber numbers neared two million.,mean,0.0
control,82,[16] By April 2013 subscriber numbers neared two million.,max,0.0
control,82,[16] By April 2013 subscriber numbers neared two million.,last,0.0
control,83,"""Despite whatever the President wants to say, the actual numbers don't add up.""",mean,0.0
control,83,"""Despite whatever the President wants to say, the actual numbers don't add up.""",max,0.0
control,83,"""Despite whatever the President wants to say, the actual numbers don't add up.""",last,0.0
control,84,"""They can go straight to hell"" - Mayor Gray on threat of Westboro Baptist to protest gay issues at Wilson High on Monday.",mean,0.6031790971755981
control,84,"""They can go straight to hell"" - Mayor Gray on threat of Westboro Baptist to protest gay issues at Wilson High on Monday.",max,16.28583526611328
control,84,"""They can go straight to hell"" - Mayor Gray on threat of Westboro Baptist to protest gay issues at Wilson High on Monday.",last,0.0
control,85,"He radioed seemingly impossible instructions to Aman: Drop your tailhook, and we’ll push you out of here!",mean,0.0
control,85,"He radioed seemingly impossible instructions to Aman: Drop your tailhook, and we’ll push you out of here!",max,0.0
control,85,"He radioed seemingly impossible instructions to Aman: Drop your tailhook, and we’ll push you out of here!",last,0.0
control,86,"It will encourage me to become a despot because I now can interpret the law itself and it is final,” he said.",mean,0.0
control,86,"It will encourage me to become a despot because I now can interpret the law itself and it is final,” he said.",max,0.0
control,86,"It will encourage me to become a despot because I now can interpret the law itself and it is final,” he said.",last,0.0
control,87,"Alliance Jiu-Jitsu Sao Paulo (Sao Paulo, Brazil)

The Alliance of Sao Paulo Academy is the team head office in Brazil, the home of world champions as Rubens “Cobrinha” Charles, Gabi Garcia, Bernardo Faria, Marcelo Garcia, Lucas Lepri, Sergio Moraes, Michael Langhi, Tarsis Humphreys and others.",mean,0.0
control,87,"Alliance Jiu-Jitsu Sao Paulo (Sao Paulo, Brazil)

The Alliance of Sao Paulo Academy is the team head office in Brazil, the home of world champions as Rubens “Cobrinha” Charles, Gabi Garcia, Bernardo Faria, Marcelo Garcia, Lucas Lepri, Sergio Moraes, Michael Langhi, Tarsis Humphreys and others.",max,0.0
control,87,"Alliance Jiu-Jitsu Sao Paulo (Sao Paulo, Brazil)

The Alliance of Sao Paulo Academy is the team head office in Brazil, the home of world champions as Rubens “Cobrinha” Charles, Gabi Garcia, Bernardo Faria, Marcelo Garcia, Lucas Lepri, Sergio Moraes, Michael Langhi, Tarsis Humphreys and others.",last,0.0
control,88,The time interval counter is going to show us the time difference between these two clock ticks.,mean,0.0
control,88,The time interval counter is going to show us the time difference between these two clock ticks.,max,0.0
control,88,The time interval counter is going to show us the time difference between these two clock ticks.,last,0.0
control,89,"Areas attracting crank ideas [ edit ]

Elementary proof [ edit ]

Elementary proof refers to the use of only basic mathematics, and has different meanings in different fields.",mean,0.0
control,89,"Areas attracting crank ideas [ edit ]

Elementary proof [ edit ]

Elementary proof refers to the use of only basic mathematics, and has different meanings in different fields.",max,0.0
control,89,"Areas attracting crank ideas [ edit ]

Elementary proof [ edit ]

Elementary proof refers to the use of only basic mathematics, and has different meanings in different fields.",last,0.0
control,90,"Bradley is good enough in the latter role, but it takes him away from the sort of game he prefers; smart, low-risk, tightly controlled.",mean,3.9791765213012695
control,90,"Bradley is good enough in the latter role, but it takes him away from the sort of game he prefers; smart, low-risk, tightly controlled.",max,22.250394821166992
control,90,"Bradley is good enough in the latter role, but it takes him away from the sort of game he prefers; smart, low-risk, tightly controlled.",last,22.250394821166992
control,91,Limbaugh highlighted the interview right away.,mean,0.0
control,91,Limbaugh highlighted the interview right away.,max,0.0
control,91,Limbaugh highlighted the interview right away.,last,0.0
control,92,Kinda stoked...I wonder if their drummer will return for the recording of it?,mean,0.0
control,92,Kinda stoked...I wonder if their drummer will return for the recording of it?,max,0.0
control,92,Kinda stoked...I wonder if their drummer will return for the recording of it?,last,0.0
control,93,"Christie fired Kelly in January when an email from her to Wildstein surfaced stating, ""Time for some traffic problems in Fort Lee.""",mean,0.0
control,93,"Christie fired Kelly in January when an email from her to Wildstein surfaced stating, ""Time for some traffic problems in Fort Lee.""",max,0.0
control,93,"Christie fired Kelly in January when an email from her to Wildstein surfaced stating, ""Time for some traffic problems in Fort Lee.""",last,0.0
control,94,"However, web storage is a much more powerful version of data storage that offers more security, speed, and ease of use.",mean,0.0
control,94,"However, web storage is a much more powerful version of data storage that offers more security, speed, and ease of use.",max,0.0
control,94,"However, web storage is a much more powerful version of data storage that offers more security, speed, and ease of use.",last,0.0
control,95,He further added that 80 percent of Damascus province has been covered by the peace agreement and more talks are underway to bring the remaining 20 percent to the peace negotiations.,mean,0.0
control,95,He further added that 80 percent of Damascus province has been covered by the peace agreement and more talks are underway to bring the remaining 20 percent to the peace negotiations.,max,0.0
control,95,He further added that 80 percent of Damascus province has been covered by the peace agreement and more talks are underway to bring the remaining 20 percent to the peace negotiations.,last,0.0
control,96,"ReNew focusses on the beginning of abusive, controlling or coercive behaviours—whether it is threats, verbal abuse, intimidation, or punching holes in the wall.",mean,0.0
control,96,"ReNew focusses on the beginning of abusive, controlling or coercive behaviours—whether it is threats, verbal abuse, intimidation, or punching holes in the wall.",max,0.0
control,96,"ReNew focusses on the beginning of abusive, controlling or coercive behaviours—whether it is threats, verbal abuse, intimidation, or punching holes in the wall.",last,0.0
control,97,Legend has it that the box-shaped Ark has been hidden from sight in Ethiopia since 642 BC.,mean,0.0
control,97,Legend has it that the box-shaped Ark has been hidden from sight in Ethiopia since 642 BC.,max,0.0
control,97,Legend has it that the box-shaped Ark has been hidden from sight in Ethiopia since 642 BC.,last,0.0
control,98,"Maybe your favorite staff member!We also included a one gm per game rule, so TL Strategy doesn't destroy everyone.",mean,0.0
control,98,"Maybe your favorite staff member!We also included a one gm per game rule, so TL Strategy doesn't destroy everyone.",max,0.0
control,98,"Maybe your favorite staff member!We also included a one gm per game rule, so TL Strategy doesn't destroy everyone.",last,0.0
control,99,But why did we feel this way?,mean,0.0
control,99,But why did we feel this way?,max,0.0
control,99,But why did we feel this way?,last,0.0
control,100,Austin became one of the “sanctuary cities” that the new president had vowed to bring to heel.,mean,0.0
control,100,Austin became one of the “sanctuary cities” that the new president had vowed to bring to heel.,max,0.0
control,100,Austin became one of the “sanctuary cities” that the new president had vowed to bring to heel.,last,0.0
control,101,The plant’s construction costs were initially estimated at around 3.2 billion euros.,mean,0.0
control,101,The plant’s construction costs were initially estimated at around 3.2 billion euros.,max,0.0
control,101,The plant’s construction costs were initially estimated at around 3.2 billion euros.,last,0.0
control,102,"“I'm certainly touched,” when people say it’s the feel-good story of the year, he said.",mean,0.0
control,102,"“I'm certainly touched,” when people say it’s the feel-good story of the year, he said.",max,0.0
control,102,"“I'm certainly touched,” when people say it’s the feel-good story of the year, he said.",last,0.0
control,103,"Sainz and Massa crash out

Starting from pole position after setting a new track record in qualifying on Saturday, Hamilton had got a solid launch off the grid and held the lead into turn 1.",mean,0.24765145778656006
control,103,"Sainz and Massa crash out

Starting from pole position after setting a new track record in qualifying on Saturday, Hamilton had got a solid launch off the grid and held the lead into turn 1.",max,10.649012565612793
control,103,"Sainz and Massa crash out

Starting from pole position after setting a new track record in qualifying on Saturday, Hamilton had got a solid launch off the grid and held the lead into turn 1.",last,0.0
control,104,"This, friends, was no ordinary homer.",mean,0.0
control,104,"This, friends, was no ordinary homer.",max,0.0
control,104,"This, friends, was no ordinary homer.",last,0.0
control,105,Members of the 501st Legion Star Wars also visited with the children and their families.,mean,0.0
control,105,Members of the 501st Legion Star Wars also visited with the children and their families.,max,0.0
control,105,Members of the 501st Legion Star Wars also visited with the children and their families.,last,0.0
control,106,They will cost $25 when for sale in June.,mean,0.0
control,106,They will cost $25 when for sale in June.,max,0.0
control,106,They will cost $25 when for sale in June.,last,0.0
control,107,"Cum for me baby, fuck me like it's the last time,"" so he does, and she tells him she wants a divorce.",mean,0.0
control,107,"Cum for me baby, fuck me like it's the last time,"" so he does, and she tells him she wants a divorce.",max,0.0
control,107,"Cum for me baby, fuck me like it's the last time,"" so he does, and she tells him she wants a divorce.",last,0.0
control,108,Is their current form sustainable in your opinion?,mean,6.260509490966797
control,108,Is their current form sustainable in your opinion?,max,15.948634147644043
control,108,Is their current form sustainable in your opinion?,last,9.336258888244629
control,109,"(12) An application or appeal must not be made under this section unless at least 30 days' notice of the hearing of the application has been served on the registrar general, accompanied by (a) a statement of the particulars of the application, and (b) a copy of each paper intended to be produced to the court on the hearing of the application or appeal.",mean,0.0
control,109,"(12) An application or appeal must not be made under this section unless at least 30 days' notice of the hearing of the application has been served on the registrar general, accompanied by (a) a statement of the particulars of the application, and (b) a copy of each paper intended to be produced to the court on the hearing of the application or appeal.",max,0.0
control,109,"(12) An application or appeal must not be made under this section unless at least 30 days' notice of the hearing of the application has been served on the registrar general, accompanied by (a) a statement of the particulars of the application, and (b) a copy of each paper intended to be produced to the court on the hearing of the application or appeal.",last,0.0
control,110,The Ropak prospectus also disclosed the S.E.C.,mean,0.0
control,110,The Ropak prospectus also disclosed the S.E.C.,max,0.0
control,110,The Ropak prospectus also disclosed the S.E.C.,last,0.0
control,111,"The remainder of the file is more of the same, but we'll leave the analysis to you in the Study Drills.",mean,0.0
control,111,"The remainder of the file is more of the same, but we'll leave the analysis to you in the Study Drills.",max,0.0
control,111,"The remainder of the file is more of the same, but we'll leave the analysis to you in the Study Drills.",last,0.0
control,112,"""He's one of those guys that if you tell him he can't do it, he'll get himself in position to succeed.""",mean,0.0
control,112,"""He's one of those guys that if you tell him he can't do it, he'll get himself in position to succeed.""",max,0.0
control,112,"""He's one of those guys that if you tell him he can't do it, he'll get himself in position to succeed.""",last,0.0
control,113,It is another very complex issue.,mean,0.0
control,113,It is another very complex issue.,max,0.0
control,113,It is another very complex issue.,last,0.0
control,114,"Not to be confused with Einstein Medical Center

Coordinates:

The Albert Einstein College of Medicine (""Einstein"" for short), a joint entity between Montefiore Medical Center and Yeshiva University (until 2018), is a private, not-for-profit, nonsectarian medical school located in the Morris Park neighborhood of the Bronx in New York City.",mean,0.0
control,114,"Not to be confused with Einstein Medical Center

Coordinates:

The Albert Einstein College of Medicine (""Einstein"" for short), a joint entity between Montefiore Medical Center and Yeshiva University (until 2018), is a private, not-for-profit, nonsectarian medical school located in the Morris Park neighborhood of the Bronx in New York City.",max,0.0
control,114,"Not to be confused with Einstein Medical Center

Coordinates:

The Albert Einstein College of Medicine (""Einstein"" for short), a joint entity between Montefiore Medical Center and Yeshiva University (until 2018), is a private, not-for-profit, nonsectarian medical school located in the Morris Park neighborhood of the Bronx in New York City.",last,0.0
control,115,"Because there is such an emphasis on how well a team can support and enable its main DPS players, it makes sense that the team with the most well-rounded performance should come out on top, but good vibes and a positive attitude aren't enough.",mean,0.0
control,115,"Because there is such an emphasis on how well a team can support and enable its main DPS players, it makes sense that the team with the most well-rounded performance should come out on top, but good vibes and a positive attitude aren't enough.",max,0.0
control,115,"Because there is such an emphasis on how well a team can support and enable its main DPS players, it makes sense that the team with the most well-rounded performance should come out on top, but good vibes and a positive attitude aren't enough.",last,0.0
control,116,Shrinking the holographic screens is a must.,mean,0.0
control,116,Shrinking the holographic screens is a must.,max,0.0
control,116,Shrinking the holographic screens is a must.,last,0.0
control,117,"More than 100 businesses in the county accept the virtual currency, and starting Thursday there are 6 Bitcoin ATMs, with plans for more.",mean,0.0
control,117,"More than 100 businesses in the county accept the virtual currency, and starting Thursday there are 6 Bitcoin ATMs, with plans for more.",max,0.0
control,117,"More than 100 businesses in the county accept the virtual currency, and starting Thursday there are 6 Bitcoin ATMs, with plans for more.",last,0.0
control,118,"We say ‘Never again,’ but it’s time we meant it, and it starts with holding Assad accountable.”

Join Jerusalem Post Premium Plus now for just $5 and upgrade your experience with an ads-free website and exclusive content.",mean,0.0
control,118,"We say ‘Never again,’ but it’s time we meant it, and it starts with holding Assad accountable.”

Join Jerusalem Post Premium Plus now for just $5 and upgrade your experience with an ads-free website and exclusive content.",max,0.0
control,118,"We say ‘Never again,’ but it’s time we meant it, and it starts with holding Assad accountable.”

Join Jerusalem Post Premium Plus now for just $5 and upgrade your experience with an ads-free website and exclusive content.",last,0.0
control,119,These are usually the easiest bugs to work on as a maintainer.,mean,0.0
control,119,These are usually the easiest bugs to work on as a maintainer.,max,0.0
control,119,These are usually the easiest bugs to work on as a maintainer.,last,0.0
control,120,What Makes Two-Headed Giant So Much Fun?,mean,0.0
control,120,What Makes Two-Headed Giant So Much Fun?,max,0.0
control,120,What Makes Two-Headed Giant So Much Fun?,last,0.0
control,121,But I have to keep the rest of this place in some kind of condition.,mean,0.0
control,121,But I have to keep the rest of this place in some kind of condition.,max,0.0
control,121,But I have to keep the rest of this place in some kind of condition.,last,0.0
control,122,"The phone hacking scandal exposed a louche, selfish, privileged metropolitan elite at the heart of British public life.",mean,0.0
control,122,"The phone hacking scandal exposed a louche, selfish, privileged metropolitan elite at the heart of British public life.",max,0.0
control,122,"The phone hacking scandal exposed a louche, selfish, privileged metropolitan elite at the heart of British public life.",last,0.0
control,123,"Ask My Buddy

Accidents happen and when they do you don't always have the time—or ability—to get to the phone.",mean,0.0
control,123,"Ask My Buddy

Accidents happen and when they do you don't always have the time—or ability—to get to the phone.",max,0.0
control,123,"Ask My Buddy

Accidents happen and when they do you don't always have the time—or ability—to get to the phone.",last,0.0
control,124,"The eerie part is this sound, and Squidward's sobbing, sounded real, as if the sound wasn't coming from the speakers but as if the speakers were holes the sound was coming through from the other side.",mean,0.0
control,124,"The eerie part is this sound, and Squidward's sobbing, sounded real, as if the sound wasn't coming from the speakers but as if the speakers were holes the sound was coming through from the other side.",max,0.0
control,124,"The eerie part is this sound, and Squidward's sobbing, sounded real, as if the sound wasn't coming from the speakers but as if the speakers were holes the sound was coming through from the other side.",last,0.0
control,125,"Be team oriented, willingness to share processes and ideas with other team members.",mean,0.0
control,125,"Be team oriented, willingness to share processes and ideas with other team members.",max,0.0
control,125,"Be team oriented, willingness to share processes and ideas with other team members.",last,0.0
control,126,"When you have MTV News layoffs and countless publications pivoting to video and moving further away from long-form writing, it’s easy to question whether this is the right path.",mean,0.0
control,126,"When you have MTV News layoffs and countless publications pivoting to video and moving further away from long-form writing, it’s easy to question whether this is the right path.",max,0.0
control,126,"When you have MTV News layoffs and countless publications pivoting to video and moving further away from long-form writing, it’s easy to question whether this is the right path.",last,0.0
control,127,"(The first four episodes all take place in and around Bangkok, lending it more of a unified feel than prior years.)",mean,0.0
control,127,"(The first four episodes all take place in and around Bangkok, lending it more of a unified feel than prior years.)",max,0.0
control,127,"(The first four episodes all take place in and around Bangkok, lending it more of a unified feel than prior years.)",last,0.0
control,128,And she’s Dutch.,mean,0.0
control,128,And she’s Dutch.,max,0.0
control,128,And she’s Dutch.,last,0.0
control,129,This act of freewill requires introspection and spiritual acumen to act from a place of true understanding.,mean,0.0
control,129,This act of freewill requires introspection and spiritual acumen to act from a place of true understanding.,max,0.0
control,129,This act of freewill requires introspection and spiritual acumen to act from a place of true understanding.,last,0.0
control,130,"Thousands of other people have poured out of the county, walking for days to reach displacement camps like one in Ganyiel.",mean,0.0
control,130,"Thousands of other people have poured out of the county, walking for days to reach displacement camps like one in Ganyiel.",max,0.0
control,130,"Thousands of other people have poured out of the county, walking for days to reach displacement camps like one in Ganyiel.",last,0.0
control,131,Almost every oil company and subsidiary is on this list.,mean,0.0
control,131,Almost every oil company and subsidiary is on this list.,max,0.0
control,131,Almost every oil company and subsidiary is on this list.,last,0.0
control,132,The lawsuit aims to compensate Calli for what she has suffered since the shooting.,mean,0.0
control,132,The lawsuit aims to compensate Calli for what she has suffered since the shooting.,max,0.0
control,132,The lawsuit aims to compensate Calli for what she has suffered since the shooting.,last,0.0
control,133,"For example, Cleveland Clinic CEO Toby Cosgrove had served on one of the disbanded business councils.",mean,0.0
control,133,"For example, Cleveland Clinic CEO Toby Cosgrove had served on one of the disbanded business councils.",max,0.0
control,133,"For example, Cleveland Clinic CEO Toby Cosgrove had served on one of the disbanded business councils.",last,0.0
control,134,"every minute, Schimmack cautioned.",mean,0.0
control,134,"every minute, Schimmack cautioned.",max,0.0
control,134,"every minute, Schimmack cautioned.",last,0.0
control,135,I currently serve as Co-Chair of The Fourth Congressional District of the Green Party.,mean,0.0
control,135,I currently serve as Co-Chair of The Fourth Congressional District of the Green Party.,max,0.0
control,135,I currently serve as Co-Chair of The Fourth Congressional District of the Green Party.,last,0.0
control,136,Steve Bannon.,mean,0.0
control,136,Steve Bannon.,max,0.0
control,136,Steve Bannon.,last,0.0
control,137,"For example, while the North American Free Trade Agreement is routinely criticized as sending American jobs abroad, data from the Peterson Institute shows that in the seven years after the pact’s passage, nearly 17 million jobs were added in this country and unemployment fell to 4.0 percent, from 6.9 percent.",mean,0.0
control,137,"For example, while the North American Free Trade Agreement is routinely criticized as sending American jobs abroad, data from the Peterson Institute shows that in the seven years after the pact’s passage, nearly 17 million jobs were added in this country and unemployment fell to 4.0 percent, from 6.9 percent.",max,0.0
control,137,"For example, while the North American Free Trade Agreement is routinely criticized as sending American jobs abroad, data from the Peterson Institute shows that in the seven years after the pact’s passage, nearly 17 million jobs were added in this country and unemployment fell to 4.0 percent, from 6.9 percent.",last,0.0
control,138,"Instead, the person quietly returns to post on WND forums in a different incarnation, perhaps using a different username, IP address or email.",mean,0.0
control,138,"Instead, the person quietly returns to post on WND forums in a different incarnation, perhaps using a different username, IP address or email.",max,0.0
control,138,"Instead, the person quietly returns to post on WND forums in a different incarnation, perhaps using a different username, IP address or email.",last,0.0
control,139,“Eu i-am solicitat expres sa aleaga si a ales: si-a dat demisia din ONG“.,mean,0.0
control,139,“Eu i-am solicitat expres sa aleaga si a ales: si-a dat demisia din ONG“.,max,0.0
control,139,“Eu i-am solicitat expres sa aleaga si a ales: si-a dat demisia din ONG“.,last,0.0
control,140,The polls encompass the period from October 3 to October 12.,mean,0.0
control,140,The polls encompass the period from October 3 to October 12.,max,0.0
control,140,The polls encompass the period from October 3 to October 12.,last,0.0
control,141,"It is arresting that such a place could be a major, indispensable economic power, notwithstanding the irreducible human-capital potentialities of a country of a billion-plus persons.",mean,0.0
control,141,"It is arresting that such a place could be a major, indispensable economic power, notwithstanding the irreducible human-capital potentialities of a country of a billion-plus persons.",max,0.0
control,141,"It is arresting that such a place could be a major, indispensable economic power, notwithstanding the irreducible human-capital potentialities of a country of a billion-plus persons.",last,0.0
control,142,"Remember the ""Climate of Hate,"" where it was posited that somehow Sarah Palin had inspired a deranged man obsessed with the mind-control patterns of regular English grammar to shoot a Representative who didn't take his theories about grammar seriously?",mean,0.0
control,142,"Remember the ""Climate of Hate,"" where it was posited that somehow Sarah Palin had inspired a deranged man obsessed with the mind-control patterns of regular English grammar to shoot a Representative who didn't take his theories about grammar seriously?",max,0.0
control,142,"Remember the ""Climate of Hate,"" where it was posited that somehow Sarah Palin had inspired a deranged man obsessed with the mind-control patterns of regular English grammar to shoot a Representative who didn't take his theories about grammar seriously?",last,0.0
control,143,Marcus Davidsson is another professional SHL pick.,mean,0.0
control,143,Marcus Davidsson is another professional SHL pick.,max,0.0
control,143,Marcus Davidsson is another professional SHL pick.,last,0.0
control,144,"""However over time when I was gone from home, they've seen the beauty of eSports.",mean,0.0
control,144,"""However over time when I was gone from home, they've seen the beauty of eSports.",max,0.0
control,144,"""However over time when I was gone from home, they've seen the beauty of eSports.",last,0.0
control,145,Tate and Bennett were taken to Portland hospitals with injuries that did not appear to be life threatening.,mean,0.0
control,145,Tate and Bennett were taken to Portland hospitals with injuries that did not appear to be life threatening.,max,0.0
control,145,Tate and Bennett were taken to Portland hospitals with injuries that did not appear to be life threatening.,last,0.0
control,146,"Photo: 123RF

The study from San Diego School of Medicine published in the Journal of the American Medical Association this week tested urine samples from 100 randomly selected men and women between 1993 and 2016.",mean,0.0
control,146,"Photo: 123RF

The study from San Diego School of Medicine published in the Journal of the American Medical Association this week tested urine samples from 100 randomly selected men and women between 1993 and 2016.",max,0.0
control,146,"Photo: 123RF

The study from San Diego School of Medicine published in the Journal of the American Medical Association this week tested urine samples from 100 randomly selected men and women between 1993 and 2016.",last,0.0
control,147,[HT @HistoricalRyan],mean,0.0
control,147,[HT @HistoricalRyan],max,0.0
control,147,[HT @HistoricalRyan],last,0.0
control,148,"Rex Mundi hacking team at the expiration of the ultimatum for the payment of the requested payment of 10,000 Euros has leaked online confidential data related to bank customers.",mean,0.0
control,148,"Rex Mundi hacking team at the expiration of the ultimatum for the payment of the requested payment of 10,000 Euros has leaked online confidential data related to bank customers.",max,0.0
control,148,"Rex Mundi hacking team at the expiration of the ultimatum for the payment of the requested payment of 10,000 Euros has leaked online confidential data related to bank customers.",last,0.0
control,149,"This would force 37 of the populous state's 42 clinics to close, according to opponents.",mean,0.0
control,149,"This would force 37 of the populous state's 42 clinics to close, according to opponents.",max,0.0
control,149,"This would force 37 of the populous state's 42 clinics to close, according to opponents.",last,0.0
control,150,"The debates and the rounds of voting are expected to last until the end of next week, and the proposal would need a qualified majority — at least 330 of the 550 deputies — on each",mean,0.0
control,150,"The debates and the rounds of voting are expected to last until the end of next week, and the proposal would need a qualified majority — at least 330 of the 550 deputies — on each",max,0.0
control,150,"The debates and the rounds of voting are expected to last until the end of next week, and the proposal would need a qualified majority — at least 330 of the 550 deputies — on each",last,0.0
control,151,"""During the polls, the Prime Minister had attacked the then government (led by Manmohan Singh) for the rupee downfall, but now that he is in power for the past 15 months, the currency downfall continues,"" AAP leader Ashutosh said.He added that Mr Modi had promised several reforms to boost the economy, but that has not been able to make any impact on the economy.",mean,0.0
control,151,"""During the polls, the Prime Minister had attacked the then government (led by Manmohan Singh) for the rupee downfall, but now that he is in power for the past 15 months, the currency downfall continues,"" AAP leader Ashutosh said.He added that Mr Modi had promised several reforms to boost the economy, but that has not been able to make any impact on the economy.",max,0.0
control,151,"""During the polls, the Prime Minister had attacked the then government (led by Manmohan Singh) for the rupee downfall, but now that he is in power for the past 15 months, the currency downfall continues,"" AAP leader Ashutosh said.He added that Mr Modi had promised several reforms to boost the economy, but that has not been able to make any impact on the economy.",last,0.0
control,152,What if you’re traumatized by your cruise?,mean,0.0
control,152,What if you’re traumatized by your cruise?,max,0.0
control,152,What if you’re traumatized by your cruise?,last,0.0
control,153,"Wise decision to let people know it's not a recipe to generate an Exalted Orb :) My thoughts: Everybody will think it's Exalted Orb, but in the end it won't and people will be mad.Then I read this:Wise decision to let people know it's not a recipe to generate an Exalted Orb :) Posted by Reizoko

on on Quote this Post

they're our orbs and we want them now!",mean,0.07758171111345291
control,153,"Wise decision to let people know it's not a recipe to generate an Exalted Orb :) My thoughts: Everybody will think it's Exalted Orb, but in the end it won't and people will be mad.Then I read this:Wise decision to let people know it's not a recipe to generate an Exalted Orb :) Posted by Reizoko

on on Quote this Post

they're our orbs and we want them now!",max,6.982354164123535
control,153,"Wise decision to let people know it's not a recipe to generate an Exalted Orb :) My thoughts: Everybody will think it's Exalted Orb, but in the end it won't and people will be mad.Then I read this:Wise decision to let people know it's not a recipe to generate an Exalted Orb :) Posted by Reizoko

on on Quote this Post

they're our orbs and we want them now!",last,0.0
control,154,"All other games scheduled for Monday night would go forward, according to the release issued by Parks and Rec Communications Supervisor Mike McLaughlin.",mean,0.0
control,154,"All other games scheduled for Monday night would go forward, according to the release issued by Parks and Rec Communications Supervisor Mike McLaughlin.",max,0.0
control,154,"All other games scheduled for Monday night would go forward, according to the release issued by Parks and Rec Communications Supervisor Mike McLaughlin.",last,0.0
control,155,"""Hard disk, hard disk...hmmm -- is that little rectangle in the top right?""",mean,0.0
control,155,"""Hard disk, hard disk...hmmm -- is that little rectangle in the top right?""",max,0.0
control,155,"""Hard disk, hard disk...hmmm -- is that little rectangle in the top right?""",last,0.0
control,156,"The company can't apply an automated, blanket credit ""because the impact was varied.""",mean,0.0
control,156,"The company can't apply an automated, blanket credit ""because the impact was varied.""",max,0.0
control,156,"The company can't apply an automated, blanket credit ""because the impact was varied.""",last,0.0
control,157,"So, we’ll worry about it later and we’ll make something happen.” And somehow it did happen.",mean,0.0
control,157,"So, we’ll worry about it later and we’ll make something happen.” And somehow it did happen.",max,0.0
control,157,"So, we’ll worry about it later and we’ll make something happen.” And somehow it did happen.",last,0.0
control,158,"h/t Inside Higher Ed

MORE: Appeals court reinstates reverse discrimination case against Columbia

Like The College Fix on Facebook / Follow us on Twitter

IMAGE: CLS Digital Arts/Shutterstock",mean,0.0
control,158,"h/t Inside Higher Ed

MORE: Appeals court reinstates reverse discrimination case against Columbia

Like The College Fix on Facebook / Follow us on Twitter

IMAGE: CLS Digital Arts/Shutterstock",max,0.0
control,158,"h/t Inside Higher Ed

MORE: Appeals court reinstates reverse discrimination case against Columbia

Like The College Fix on Facebook / Follow us on Twitter

IMAGE: CLS Digital Arts/Shutterstock",last,0.0
control,159,"Hales said that at Cengage, which has been offering inclusive access for around four years, they are now starting to see some institutions going “all in” on the model, and more “seriously considering” the same.",mean,0.0
control,159,"Hales said that at Cengage, which has been offering inclusive access for around four years, they are now starting to see some institutions going “all in” on the model, and more “seriously considering” the same.",max,0.0
control,159,"Hales said that at Cengage, which has been offering inclusive access for around four years, they are now starting to see some institutions going “all in” on the model, and more “seriously considering” the same.",last,0.0
control,160,"George Owen, 21, was subjected to a 19-month court ordeal after the 19-year-old woman claimed he forced himself on her as they left a bar at Millgate shopping centre in Bury, Greater Manchester.",mean,0.0
control,160,"George Owen, 21, was subjected to a 19-month court ordeal after the 19-year-old woman claimed he forced himself on her as they left a bar at Millgate shopping centre in Bury, Greater Manchester.",max,0.0
control,160,"George Owen, 21, was subjected to a 19-month court ordeal after the 19-year-old woman claimed he forced himself on her as they left a bar at Millgate shopping centre in Bury, Greater Manchester.",last,0.0
control,161,But two senior administration officials and another federal official then told Townsend that there had been a misunderstanding among officials and that no one has been arrested.,mean,0.0
control,161,But two senior administration officials and another federal official then told Townsend that there had been a misunderstanding among officials and that no one has been arrested.,max,0.0
control,161,But two senior administration officials and another federal official then told Townsend that there had been a misunderstanding among officials and that no one has been arrested.,last,0.0
control,162,It passed the state legislature with flying colors and not a single dissenting vote and now awaits Governor Jerry Brown's signature to become law.,mean,0.0
control,162,It passed the state legislature with flying colors and not a single dissenting vote and now awaits Governor Jerry Brown's signature to become law.,max,0.0
control,162,It passed the state legislature with flying colors and not a single dissenting vote and now awaits Governor Jerry Brown's signature to become law.,last,0.0
control,163,"“The IOC will continue to monitor the situation very closely and work with the WHO, and we’re confident as we’ve been advised by the experts that the situation will improve over the next three months.”",mean,0.0
control,163,"“The IOC will continue to monitor the situation very closely and work with the WHO, and we’re confident as we’ve been advised by the experts that the situation will improve over the next three months.”",max,0.0
control,163,"“The IOC will continue to monitor the situation very closely and work with the WHO, and we’re confident as we’ve been advised by the experts that the situation will improve over the next three months.”",last,0.0
control,164,"Especially embarrassing for Limbaugh was the fact that WIBC is sticking with its conservative talk radio lineup, it just no longer wanted Limbaugh to be a part of it.",mean,0.0
control,164,"Especially embarrassing for Limbaugh was the fact that WIBC is sticking with its conservative talk radio lineup, it just no longer wanted Limbaugh to be a part of it.",max,0.0
control,164,"Especially embarrassing for Limbaugh was the fact that WIBC is sticking with its conservative talk radio lineup, it just no longer wanted Limbaugh to be a part of it.",last,0.0
control,165,Was it merely an issue of limited resources or man hours?,mean,0.0
control,165,Was it merely an issue of limited resources or man hours?,max,0.0
control,165,Was it merely an issue of limited resources or man hours?,last,0.0
control,166,I personally own the Happinet Edition (bought from CD Japan – no problems with shipping to the US) and it is an extremely clean video transfer with solid audio.,mean,0.0
control,166,I personally own the Happinet Edition (bought from CD Japan – no problems with shipping to the US) and it is an extremely clean video transfer with solid audio.,max,0.0
control,166,I personally own the Happinet Edition (bought from CD Japan – no problems with shipping to the US) and it is an extremely clean video transfer with solid audio.,last,0.0
control,167,Endocannabinoids are cannabinoids naturally occurring in the body.,mean,0.0
control,167,Endocannabinoids are cannabinoids naturally occurring in the body.,max,0.0
control,167,Endocannabinoids are cannabinoids naturally occurring in the body.,last,0.0
control,168,"[24]

Famous historical cases [ edit ]

Famous instances of great economic and social mobility include Benjamin Franklin and Henry Ford,[3] Additional popular examples of upward social mobility between generations in America include Abraham Lincoln and Bill Clinton, who were born into working-class families yet achieved high political office in adult life.",mean,0.0
control,168,"[24]

Famous historical cases [ edit ]

Famous instances of great economic and social mobility include Benjamin Franklin and Henry Ford,[3] Additional popular examples of upward social mobility between generations in America include Abraham Lincoln and Bill Clinton, who were born into working-class families yet achieved high political office in adult life.",max,0.0
control,168,"[24]

Famous historical cases [ edit ]

Famous instances of great economic and social mobility include Benjamin Franklin and Henry Ford,[3] Additional popular examples of upward social mobility between generations in America include Abraham Lincoln and Bill Clinton, who were born into working-class families yet achieved high political office in adult life.",last,0.0
control,169,"But the expansion would depend on being successful on competitive bids, Hoffman added.",mean,0.0
control,169,"But the expansion would depend on being successful on competitive bids, Hoffman added.",max,0.0
control,169,"But the expansion would depend on being successful on competitive bids, Hoffman added.",last,0.0
control,170,The Lightning forward is tied for the league-lead in even strength points and has a league-best 12 first assists.,mean,0.0
control,170,The Lightning forward is tied for the league-lead in even strength points and has a league-best 12 first assists.,max,0.0
control,170,The Lightning forward is tied for the league-lead in even strength points and has a league-best 12 first assists.,last,0.0
control,171,"Mr. Kuntzman probably takes umbrage with Mother’s Day and apple pie, too.",mean,0.0
control,171,"Mr. Kuntzman probably takes umbrage with Mother’s Day and apple pie, too.",max,0.0
control,171,"Mr. Kuntzman probably takes umbrage with Mother’s Day and apple pie, too.",last,0.0
control,172,"[111]

2015: 1,000th victory, Wimbledon & US Open runner-ups

Federer started his season at the Brisbane International.",mean,0.0
control,172,"[111]

2015: 1,000th victory, Wimbledon & US Open runner-ups

Federer started his season at the Brisbane International.",max,0.0
control,172,"[111]

2015: 1,000th victory, Wimbledon & US Open runner-ups

Federer started his season at the Brisbane International.",last,0.0
control,173,Everest Picture to see what I mean.,mean,0.0
control,173,Everest Picture to see what I mean.,max,0.0
control,173,Everest Picture to see what I mean.,last,0.0
control,174,"It's a fantasy epic that, judging by it's trailer, revolves around mermaids battling giant crocodiles and possibly engaging in interspecies romance with Spartan (?)",mean,0.0
control,174,"It's a fantasy epic that, judging by it's trailer, revolves around mermaids battling giant crocodiles and possibly engaging in interspecies romance with Spartan (?)",max,0.0
control,174,"It's a fantasy epic that, judging by it's trailer, revolves around mermaids battling giant crocodiles and possibly engaging in interspecies romance with Spartan (?)",last,0.0
control,175,.,mean,0.0
control,175,.,max,0.0
control,175,.,last,0.0
control,176,"Profondo rosso (Deep Red), Dir.",mean,0.0
control,176,"Profondo rosso (Deep Red), Dir.",max,0.0
control,176,"Profondo rosso (Deep Red), Dir.",last,0.0
control,177,"Gimp and XChat both do this, though both are just duplicating their horizontal main menu bar.",mean,0.0
control,177,"Gimp and XChat both do this, though both are just duplicating their horizontal main menu bar.",max,0.0
control,177,"Gimp and XChat both do this, though both are just duplicating their horizontal main menu bar.",last,0.0
control,178,"When those consumers click the link, Kraft encourages them to use the :D ""pudding face"" emoticon.",mean,0.0
control,178,"When those consumers click the link, Kraft encourages them to use the :D ""pudding face"" emoticon.",max,0.0
control,178,"When those consumers click the link, Kraft encourages them to use the :D ""pudding face"" emoticon.",last,0.0
control,179,"He grew up in rural central Oregon, lives now in Washington, D.C., and writes for The Weekly Standard.",mean,0.0
control,179,"He grew up in rural central Oregon, lives now in Washington, D.C., and writes for The Weekly Standard.",max,0.0
control,179,"He grew up in rural central Oregon, lives now in Washington, D.C., and writes for The Weekly Standard.",last,0.0
control,180,"For jagged young horrors like me, Dunn's book was both a weapon and a home.",mean,0.0
control,180,"For jagged young horrors like me, Dunn's book was both a weapon and a home.",max,0.0
control,180,"For jagged young horrors like me, Dunn's book was both a weapon and a home.",last,0.0
control,181,You can make a tax-deductible donation here.,mean,0.0
control,181,You can make a tax-deductible donation here.,max,0.0
control,181,You can make a tax-deductible donation here.,last,0.0
control,182,"He shows that people who seek to be likable tend to end up healthier, in better relationships, with more fulfilling work, and even live longer.",mean,0.0
control,182,"He shows that people who seek to be likable tend to end up healthier, in better relationships, with more fulfilling work, and even live longer.",max,0.0
control,182,"He shows that people who seek to be likable tend to end up healthier, in better relationships, with more fulfilling work, and even live longer.",last,0.0
control,183,"The other three numbers are obviously N 0 , 2 ~ 200, N 1 , 1 ~ 200, and N 1 , 2 ~ 200.",mean,0.0
control,183,"The other three numbers are obviously N 0 , 2 ~ 200, N 1 , 1 ~ 200, and N 1 , 2 ~ 200.",max,0.0
control,183,"The other three numbers are obviously N 0 , 2 ~ 200, N 1 , 1 ~ 200, and N 1 , 2 ~ 200.",last,0.0
control,184,Former Calgary Health CEO Jack Davis is also appealing the release of his expenses to CBC News.,mean,0.0
control,184,Former Calgary Health CEO Jack Davis is also appealing the release of his expenses to CBC News.,max,0.0
control,184,Former Calgary Health CEO Jack Davis is also appealing the release of his expenses to CBC News.,last,0.0
control,185,"Two weeks later, three members of the Panama Unit, including Jonathan Treviño and Alexis Espinoza, the son of Hidalgo Police Chief Rudy Espinoza, were indicted by a federal grand jury after an investigation by Immigration and Customs Enforcement and the FBI.",mean,0.0
control,185,"Two weeks later, three members of the Panama Unit, including Jonathan Treviño and Alexis Espinoza, the son of Hidalgo Police Chief Rudy Espinoza, were indicted by a federal grand jury after an investigation by Immigration and Customs Enforcement and the FBI.",max,0.0
control,185,"Two weeks later, three members of the Panama Unit, including Jonathan Treviño and Alexis Espinoza, the son of Hidalgo Police Chief Rudy Espinoza, were indicted by a federal grand jury after an investigation by Immigration and Customs Enforcement and the FBI.",last,0.0
control,186,"It is something that has been through British history for so long, since 1936.",mean,1.567169427871704
control,186,"It is something that has been through British history for so long, since 1936.",max,10.705806732177734
control,186,"It is something that has been through British history for so long, since 1936.",last,0.0
control,187,"[2] No Indian, it is evident, could have experience that water did not freeze in cold climates.",mean,0.0
control,187,"[2] No Indian, it is evident, could have experience that water did not freeze in cold climates.",max,0.0
control,187,"[2] No Indian, it is evident, could have experience that water did not freeze in cold climates.",last,0.0
control,188,We're here to see you and Robin.,mean,0.0
control,188,We're here to see you and Robin.,max,0.0
control,188,We're here to see you and Robin.,last,0.0
control,189,"There's a number of reasons why it made this leap, but the biggest may be the effects of World War I.",mean,0.0
control,189,"There's a number of reasons why it made this leap, but the biggest may be the effects of World War I.",max,0.0
control,189,"There's a number of reasons why it made this leap, but the biggest may be the effects of World War I.",last,0.0
control,190,"A spokesman for Games organisers Locog said taking a sandwich in a backpack, for example, should not be a problem, but that a picnic hamper or cool box was ‘likely to be an issue’.",mean,1.631142020225525
control,190,"A spokesman for Games organisers Locog said taking a sandwich in a backpack, for example, should not be a problem, but that a picnic hamper or cool box was ‘likely to be an issue’.",max,11.02530574798584
control,190,"A spokesman for Games organisers Locog said taking a sandwich in a backpack, for example, should not be a problem, but that a picnic hamper or cool box was ‘likely to be an issue’.",last,0.0
control,191,"This was neatly spelled out by Patrick Healy of the New York Times, who provided a preview of what it will look like if the press corps gets it into its collective head that it is the only thing standing between Clinton and a Democratic coronation:

Mrs. Clinton is not expected to face comparably aggressive opponents for her party’s nomination…Which leaves the news media.",mean,0.0
control,191,"This was neatly spelled out by Patrick Healy of the New York Times, who provided a preview of what it will look like if the press corps gets it into its collective head that it is the only thing standing between Clinton and a Democratic coronation:

Mrs. Clinton is not expected to face comparably aggressive opponents for her party’s nomination…Which leaves the news media.",max,0.0
control,191,"This was neatly spelled out by Patrick Healy of the New York Times, who provided a preview of what it will look like if the press corps gets it into its collective head that it is the only thing standing between Clinton and a Democratic coronation:

Mrs. Clinton is not expected to face comparably aggressive opponents for her party’s nomination…Which leaves the news media.",last,0.0
control,192,"He wants to transfer to a school closer to home (Norcross, Ga.) so his family can see him play.""",mean,0.0
control,192,"He wants to transfer to a school closer to home (Norcross, Ga.) so his family can see him play.""",max,0.0
control,192,"He wants to transfer to a school closer to home (Norcross, Ga.) so his family can see him play.""",last,0.0
control,193,"“There’s a terrific crowd of people who are loyal to the brand, but the beer is terrific.”

Yet the brand’s high-profile “beer ambassadors,” including professional athletes and musicians, alienated some in the local brewing fraternity.",mean,0.0
control,193,"“There’s a terrific crowd of people who are loyal to the brand, but the beer is terrific.”

Yet the brand’s high-profile “beer ambassadors,” including professional athletes and musicians, alienated some in the local brewing fraternity.",max,0.0
control,193,"“There’s a terrific crowd of people who are loyal to the brand, but the beer is terrific.”

Yet the brand’s high-profile “beer ambassadors,” including professional athletes and musicians, alienated some in the local brewing fraternity.",last,0.0
control,194,"1980's

B-29A s/n 44-87779 B-29A s/n 44-87779 B-29A Superfortress s/n 44-87779, ""Legal Eagle II,"" B-29 area, China Lake, 12 June 1985.",mean,0.0
control,194,"1980's

B-29A s/n 44-87779 B-29A s/n 44-87779 B-29A Superfortress s/n 44-87779, ""Legal Eagle II,"" B-29 area, China Lake, 12 June 1985.",max,0.0
control,194,"1980's

B-29A s/n 44-87779 B-29A s/n 44-87779 B-29A Superfortress s/n 44-87779, ""Legal Eagle II,"" B-29 area, China Lake, 12 June 1985.",last,0.0
control,195,"In June, the St. Paul Department of Human Rights and Equal Economic Opportunity found probable cause that the school violated the city’s human-rights ordinance.",mean,0.0
control,195,"In June, the St. Paul Department of Human Rights and Equal Economic Opportunity found probable cause that the school violated the city’s human-rights ordinance.",max,0.0
control,195,"In June, the St. Paul Department of Human Rights and Equal Economic Opportunity found probable cause that the school violated the city’s human-rights ordinance.",last,0.0
control,196,"Falsely declaring that they can know or understand the patterns of when the pager goes off is heretical and mocking of a larger, unknowable force.",mean,0.0
control,196,"Falsely declaring that they can know or understand the patterns of when the pager goes off is heretical and mocking of a larger, unknowable force.",max,0.0
control,196,"Falsely declaring that they can know or understand the patterns of when the pager goes off is heretical and mocking of a larger, unknowable force.",last,0.0
control,197,"“At the time, there were some as­sump­tions in place,” he said, cla­ri­fy­ing that the pro­ject would in fact be paid for by rev­en­ue from state bonds and Cali­for­nia’s new cap-and-trade law.",mean,0.0
control,197,"“At the time, there were some as­sump­tions in place,” he said, cla­ri­fy­ing that the pro­ject would in fact be paid for by rev­en­ue from state bonds and Cali­for­nia’s new cap-and-trade law.",max,0.0
control,197,"“At the time, there were some as­sump­tions in place,” he said, cla­ri­fy­ing that the pro­ject would in fact be paid for by rev­en­ue from state bonds and Cali­for­nia’s new cap-and-trade law.",last,0.0
control,198,"“Everybody in Vegas was affected one way or another,” Dunham says.",mean,0.0
control,198,"“Everybody in Vegas was affected one way or another,” Dunham says.",max,0.0
control,198,"“Everybody in Vegas was affected one way or another,” Dunham says.",last,0.0
control,199,"However, you can’t communicate if you can’t express yourself!",mean,0.0
control,199,"However, you can’t communicate if you can’t express yourself!",max,0.0
control,199,"However, you can’t communicate if you can’t express yourself!",last,0.0
