group,index,text,agg,val
target,0,"Prime Minister Stephen Harper answers a question during question period in the House of Commons in Ottawa on Wednesday, Feb. 18, 2015.",mean,39.580055236816406
target,0,"Prime Minister Stephen Harper answers a question during question period in the House of Commons in Ottawa on Wednesday, Feb. 18, 2015.",max,82.10147094726562
target,0,"Prime Minister Stephen Harper answers a question during question period in the House of Commons in Ottawa on Wednesday, Feb. 18, 2015.",last,68.92877960205078
target,1,With a report from CTV Kitchener and files from The Canadian Press,mean,34.89503479003906
target,1,With a report from CTV Kitchener and files from The Canadian Press,max,82.6745376586914
target,1,With a report from CTV Kitchener and files from The Canadian Press,last,57.321617126464844
target,2,"The honourable Judy Sgro, who represents York West for the Liberals is also a Tory backer.",mean,39.262603759765625
target,2,"The honourable Judy Sgro, who represents York West for the Liberals is also a Tory backer.",max,83.13291931152344
target,2,"The honourable Judy Sgro, who represents York West for the Liberals is also a Tory backer.",last,61.37281036376953
target,3,Bill C-33 will repeal those restrictions.,mean,38.15871810913086
target,3,Bill C-33 will repeal those restrictions.,max,70.2760238647461
target,3,Bill C-33 will repeal those restrictions.,last,66.07696533203125
target,4,She was assigned to Maritime Forces Atlantic (MARLANT) homeported at CFB Halifax.,mean,27.446075439453125
target,4,She was assigned to Maritime Forces Atlantic (MARLANT) homeported at CFB Halifax.,max,59.57135009765625
target,4,She was assigned to Maritime Forces Atlantic (MARLANT) homeported at CFB Halifax.,last,42.40125274658203
target,5,Former Calgary Health CEO Jack Davis is also appealing the release of his expenses to CBC News.,mean,42.471153259277344
target,5,Former Calgary Health CEO Jack Davis is also appealing the release of his expenses to CBC News.,max,70.98699188232422
target,5,Former Calgary Health CEO Jack Davis is also appealing the release of his expenses to CBC News.,last,70.98699188232422
target,6,Premier Rachel Notley has already stacked her inner circle with the best NDP brains in the country.,mean,35.727970123291016
target,6,Premier Rachel Notley has already stacked her inner circle with the best NDP brains in the country.,max,65.3670654296875
target,6,Premier Rachel Notley has already stacked her inner circle with the best NDP brains in the country.,last,65.3670654296875
target,7,"[3] Parliament responded to Parker by introducing the Marihuana Medical Access Regulations, SOR/2001-227, as amended (“MMAR”).",mean,22.25747299194336
target,7,"[3] Parliament responded to Parker by introducing the Marihuana Medical Access Regulations, SOR/2001-227, as amended (“MMAR”).",max,59.86688232421875
target,7,"[3] Parliament responded to Parker by introducing the Marihuana Medical Access Regulations, SOR/2001-227, as amended (“MMAR”).",last,50.928077697753906
target,8,CBC News reported Tuesday Harper is under pressure from Conservative senators to start filling up those empty seats.,mean,43.252681732177734
target,8,CBC News reported Tuesday Harper is under pressure from Conservative senators to start filling up those empty seats.,max,79.20848083496094
target,8,CBC News reported Tuesday Harper is under pressure from Conservative senators to start filling up those empty seats.,last,79.20848083496094
target,9,With a report from CTV Vancouver's Scott Hurst,mean,20.84487533569336
target,9,With a report from CTV Vancouver's Scott Hurst,max,54.88256072998047
target,9,With a report from CTV Vancouver's Scott Hurst,last,41.74103546142578
target,10,The Trudeau government is trying to abandon their promise to upgrade Canada’s voting system ahead of the 2019 election.,mean,46.02564239501953
target,10,The Trudeau government is trying to abandon their promise to upgrade Canada’s voting system ahead of the 2019 election.,max,83.3277816772461
target,10,The Trudeau government is trying to abandon their promise to upgrade Canada’s voting system ahead of the 2019 election.,last,72.24913024902344
target,11,Government of Canada test methods used.,mean,23.968170166015625
target,11,Government of Canada test methods used.,max,60.92242431640625
target,11,Government of Canada test methods used.,last,27.248302459716797
target,12,"With the Manitoba fires, and the addition of fires across the prairies and northern territories, many parts of Manitoba could see smoky conditions.",mean,33.8289794921875
target,12,"With the Manitoba fires, and the addition of fires across the prairies and northern territories, many parts of Manitoba could see smoky conditions.",max,67.28456115722656
target,12,"With the Manitoba fires, and the addition of fires across the prairies and northern territories, many parts of Manitoba could see smoky conditions.",last,67.28456115722656
target,13,"Tory MLA Ted Flemming, the Opposition's justice critic, said Smith’s letter shows the Liberals have to pull the legislative amendments.",mean,41.0285758972168
target,13,"Tory MLA Ted Flemming, the Opposition's justice critic, said Smith’s letter shows the Liberals have to pull the legislative amendments.",max,76.46634674072266
target,13,"Tory MLA Ted Flemming, the Opposition's justice critic, said Smith’s letter shows the Liberals have to pull the legislative amendments.",last,75.49321746826172
target,14,GUELPH — Cooperator's Hall at the River Run Centre was packed Thursday evening with supporters of Green Party leader Elizabeth May and local candidate Gord Miller.,mean,41.57161331176758
target,14,GUELPH — Cooperator's Hall at the River Run Centre was packed Thursday evening with supporters of Green Party leader Elizabeth May and local candidate Gord Miller.,max,80.81803131103516
target,14,GUELPH — Cooperator's Hall at the River Run Centre was packed Thursday evening with supporters of Green Party leader Elizabeth May and local candidate Gord Miller.,last,53.80082702636719
target,15,"Sources tell CBC Toronto the team had the alleged gunman under surveillance, but Halton police have never confirmed why.",mean,31.87458038330078
target,15,"Sources tell CBC Toronto the team had the alleged gunman under surveillance, but Halton police have never confirmed why.",max,81.61566925048828
target,15,"Sources tell CBC Toronto the team had the alleged gunman under surveillance, but Halton police have never confirmed why.",last,81.61566925048828
target,16,"National voter support for the NDP, Conservatives and Liberals from January to August of 2015.",mean,36.580501556396484
target,16,"National voter support for the NDP, Conservatives and Liberals from January to August of 2015.",max,73.69535827636719
target,16,"National voter support for the NDP, Conservatives and Liberals from January to August of 2015.",last,58.474334716796875
target,17,Federal Finance Minister Bill Morneau said the intent is to have all taxes included within that price.,mean,37.99256134033203
target,17,Federal Finance Minister Bill Morneau said the intent is to have all taxes included within that price.,max,73.50804901123047
target,17,Federal Finance Minister Bill Morneau said the intent is to have all taxes included within that price.,last,71.10110473632812
target,18,"NDP Leader Thomas Mulcair has waded into the TPP debate during the campaign, pledging an NDP government would fight for stronger rules in the Trans-Pacific Partnership accord to protect homegrown manufacturing.",mean,37.42715835571289
target,18,"NDP Leader Thomas Mulcair has waded into the TPP debate during the campaign, pledging an NDP government would fight for stronger rules in the Trans-Pacific Partnership accord to protect homegrown manufacturing.",max,82.38375854492188
target,18,"NDP Leader Thomas Mulcair has waded into the TPP debate during the campaign, pledging an NDP government would fight for stronger rules in the Trans-Pacific Partnership accord to protect homegrown manufacturing.",last,82.38375854492188
target,19,Mélanie Meloche-Holubowski is a journalist intern at EvidenceNetwork.ca and a journalist with Radio-Canada.,mean,33.175941467285156
target,19,Mélanie Meloche-Holubowski is a journalist intern at EvidenceNetwork.ca and a journalist with Radio-Canada.,max,85.07093048095703
target,19,Mélanie Meloche-Holubowski is a journalist intern at EvidenceNetwork.ca and a journalist with Radio-Canada.,last,36.94825744628906
target,20,"; Eric Howard, Brantford Harlequins, Ottawa; Jake Ilnicki, Manawatu Turbos (New Zealand), Williams Lake, B.C.",mean,25.11605453491211
target,20,"; Eric Howard, Brantford Harlequins, Ottawa; Jake Ilnicki, Manawatu Turbos (New Zealand), Williams Lake, B.C.",max,82.5117416381836
target,20,"; Eric Howard, Brantford Harlequins, Ottawa; Jake Ilnicki, Manawatu Turbos (New Zealand), Williams Lake, B.C.",last,42.66010284423828
target,21,Girl Guides of Canada and MADD Canada were among the charities whose expenses didn’t add up to the total.,mean,34.62912368774414
target,21,Girl Guides of Canada and MADD Canada were among the charities whose expenses didn’t add up to the total.,max,78.57344818115234
target,21,Girl Guides of Canada and MADD Canada were among the charities whose expenses didn’t add up to the total.,last,78.57344818115234
target,22,"Three Toronto police officers have been charged with assault causing bodily harm following a probe into a 2013 arrest that landed a man in hospital with a ""serious injury,"" the Special Investigations Unit announced Tuesday.",mean,43.55951690673828
target,22,"Three Toronto police officers have been charged with assault causing bodily harm following a probe into a 2013 arrest that landed a man in hospital with a ""serious injury,"" the Special Investigations Unit announced Tuesday.",max,82.86077880859375
target,22,"Three Toronto police officers have been charged with assault causing bodily harm following a probe into a 2013 arrest that landed a man in hospital with a ""serious injury,"" the Special Investigations Unit announced Tuesday.",last,65.59382629394531
target,23,"On July 10, Andrew Baryluk, 52, saw Manitoba's top court deny his appeal of a recent Residential Tenancies Board order granting possession of 512 Stella Ave. to another family member.",mean,29.585792541503906
target,23,"On July 10, Andrew Baryluk, 52, saw Manitoba's top court deny his appeal of a recent Residential Tenancies Board order granting possession of 512 Stella Ave. to another family member.",max,65.8761215209961
target,23,"On July 10, Andrew Baryluk, 52, saw Manitoba's top court deny his appeal of a recent Residential Tenancies Board order granting possession of 512 Stella Ave. to another family member.",last,58.123226165771484
target,24,"Burnaby Community Services has teamed up with car-sharing company, Modo, as part of the Seniors on the Move regional program.",mean,34.60078048706055
target,24,"Burnaby Community Services has teamed up with car-sharing company, Modo, as part of the Seniors on the Move regional program.",max,72.1603012084961
target,24,"Burnaby Community Services has teamed up with car-sharing company, Modo, as part of the Seniors on the Move regional program.",last,34.03858184814453
target,25,"""It would be a great 150th birthday present for Canada if [the court] could restore the original founding vision of free trade,"" Anglin said in an interview with CTVNews.ca.",mean,34.78591537475586
target,25,"""It would be a great 150th birthday present for Canada if [the court] could restore the original founding vision of free trade,"" Anglin said in an interview with CTVNews.ca.",max,81.58079528808594
target,25,"""It would be a great 150th birthday present for Canada if [the court] could restore the original founding vision of free trade,"" Anglin said in an interview with CTVNews.ca.",last,65.96324157714844
target,26,"(Robert Short/CBC)

Just after 8 a.m., police in Halifax were called to another report of a suspicious package in the area of the old Spring Garden Road Memorial Library, at 5381 Spring Garden Rd.",mean,34.65105056762695
target,26,"(Robert Short/CBC)

Just after 8 a.m., police in Halifax were called to another report of a suspicious package in the area of the old Spring Garden Road Memorial Library, at 5381 Spring Garden Rd.",max,79.96273040771484
target,26,"(Robert Short/CBC)

Just after 8 a.m., police in Halifax were called to another report of a suspicious package in the area of the old Spring Garden Road Memorial Library, at 5381 Spring Garden Rd.",last,54.03907775878906
target,27,"NDP Leader Dominic Cardy, meanwhile, failed to win his Fredericton-area seat and has resigned.",mean,34.48875045776367
target,27,"NDP Leader Dominic Cardy, meanwhile, failed to win his Fredericton-area seat and has resigned.",max,66.00614929199219
target,27,"NDP Leader Dominic Cardy, meanwhile, failed to win his Fredericton-area seat and has resigned.",last,66.00614929199219
target,28,"In his last go-around as Canadian Tire CEO, Mr. Wetmore – a New Brunswick native and former CEO of Bell Aliant – spearheaded the acquisition of sports retailer Forzani Group Ltd., whose banners include Sport Chek, and streamlined administrative functions at head office.",mean,35.834068298339844
target,28,"In his last go-around as Canadian Tire CEO, Mr. Wetmore – a New Brunswick native and former CEO of Bell Aliant – spearheaded the acquisition of sports retailer Forzani Group Ltd., whose banners include Sport Chek, and streamlined administrative functions at head office.",max,87.08023071289062
target,28,"In his last go-around as Canadian Tire CEO, Mr. Wetmore – a New Brunswick native and former CEO of Bell Aliant – spearheaded the acquisition of sports retailer Forzani Group Ltd., whose banners include Sport Chek, and streamlined administrative functions at head office.",last,44.3753662109375
target,29,The public can come watch in person as prime minister-designate Justin Trudeau and his incoming cabinet ministers arrive at the official residence of the Governor General for the 10:30 a.m.,mean,34.90769577026367
target,29,The public can come watch in person as prime minister-designate Justin Trudeau and his incoming cabinet ministers arrive at the official residence of the Governor General for the 10:30 a.m.,max,79.69535064697266
target,29,The public can come watch in person as prime minister-designate Justin Trudeau and his incoming cabinet ministers arrive at the official residence of the Governor General for the 10:30 a.m.,last,51.32693862915039
target,30,"Driver refused to go to hospital

An RCMP vehicle and a car collided in front of the Supreme Court of Canada after a short police pursuit Sunday.",mean,31.38278579711914
target,30,"Driver refused to go to hospital

An RCMP vehicle and a car collided in front of the Supreme Court of Canada after a short police pursuit Sunday.",max,82.4892349243164
target,30,"Driver refused to go to hospital

An RCMP vehicle and a car collided in front of the Supreme Court of Canada after a short police pursuit Sunday.",last,65.74824523925781
target,31,"In Melville, Sask., 145 km north east of Regina, families also receive a season ticket for each player they host.",mean,28.67147445678711
target,31,"In Melville, Sask., 145 km north east of Regina, families also receive a season ticket for each player they host.",max,64.54949188232422
target,31,"In Melville, Sask., 145 km north east of Regina, families also receive a season ticket for each player they host.",last,45.76985168457031
target,32,"Federal Justice Minister Jody Wilson-Raybould

The most powerful Aboriginal in Canada

Federal Justice Minister Jody Wilson-Raybould was marked for great things early.",mean,34.336830139160156
target,32,"Federal Justice Minister Jody Wilson-Raybould

The most powerful Aboriginal in Canada

Federal Justice Minister Jody Wilson-Raybould was marked for great things early.",max,75.70953369140625
target,32,"Federal Justice Minister Jody Wilson-Raybould

The most powerful Aboriginal in Canada

Federal Justice Minister Jody Wilson-Raybould was marked for great things early.",last,42.03289794921875
target,33,"He said he has had long conversations with former Veterans Affairs Minister Erin O’Toole, but hasn’t heard much from the new federal government.",mean,27.990476608276367
target,33,"He said he has had long conversations with former Veterans Affairs Minister Erin O’Toole, but hasn’t heard much from the new federal government.",max,84.56669616699219
target,33,"He said he has had long conversations with former Veterans Affairs Minister Erin O’Toole, but hasn’t heard much from the new federal government.",last,84.56669616699219
target,34,"In a piece published in the Ottawa Citizen last week, he wrote that the Prime Minister “is pro-war.",mean,30.01194190979004
target,34,"In a piece published in the Ottawa Citizen last week, he wrote that the Prime Minister “is pro-war.",max,97.06226348876953
target,34,"In a piece published in the Ottawa Citizen last week, he wrote that the Prime Minister “is pro-war.",last,54.12709045410156
target,35,"Dean Del Mastro separately filed a complaint to the Ethics Commissioner, but she later referred the issue back to Elections Canada as well.",mean,43.60730743408203
target,35,"Dean Del Mastro separately filed a complaint to the Ethics Commissioner, but she later referred the issue back to Elections Canada as well.",max,85.65998077392578
target,35,"Dean Del Mastro separately filed a complaint to the Ethics Commissioner, but she later referred the issue back to Elections Canada as well.",last,85.65998077392578
target,36,"(Bank of Canada/CBC)

The selected person will not be the first Canadian female to appear on a banknote.",mean,34.97467803955078
target,36,"(Bank of Canada/CBC)

The selected person will not be the first Canadian female to appear on a banknote.",max,74.54965209960938
target,36,"(Bank of Canada/CBC)

The selected person will not be the first Canadian female to appear on a banknote.",last,74.54965209960938
target,37,Crown Attorney Alex Smith read an agreed statement of facts to Halifax Provincial Court Judge Greg Lenehan.,mean,32.15637969970703
target,37,Crown Attorney Alex Smith read an agreed statement of facts to Halifax Provincial Court Judge Greg Lenehan.,max,64.989990234375
target,37,Crown Attorney Alex Smith read an agreed statement of facts to Halifax Provincial Court Judge Greg Lenehan.,last,64.989990234375
target,38,"""Manitoba Warriors have been on our radar for some time now,"" Staff Sgt.",mean,18.362262725830078
target,38,"""Manitoba Warriors have been on our radar for some time now,"" Staff Sgt.",max,65.3659896850586
target,38,"""Manitoba Warriors have been on our radar for some time now,"" Staff Sgt.",last,65.3659896850586
target,39,(Regan Burden/CBC) Stacey Seward works as a bartender at Erin's Pub on Water Street and regularly walks home.,mean,28.02309226989746
target,39,(Regan Burden/CBC) Stacey Seward works as a bartender at Erin's Pub on Water Street and regularly walks home.,max,81.1175537109375
target,39,(Regan Burden/CBC) Stacey Seward works as a bartender at Erin's Pub on Water Street and regularly walks home.,last,50.915809631347656
target,40,"Three high-profile cases in Calgary are also in danger of being thrown out with pending Jordan applications including a kidnapping, second-degree murder and manslaughter.",mean,32.77444839477539
target,40,"Three high-profile cases in Calgary are also in danger of being thrown out with pending Jordan applications including a kidnapping, second-degree murder and manslaughter.",max,75.57469940185547
target,40,"Three high-profile cases in Calgary are also in danger of being thrown out with pending Jordan applications including a kidnapping, second-degree murder and manslaughter.",last,75.57469940185547
target,41,"The policy, released at a news conference at the downtown YMCA in Toronto, puts together two years of research into housing discrimination that involved hundreds of people and dozens of organizations in Toronto, Ottawa, Kitchener and Sudbury.",mean,32.219791412353516
target,41,"The policy, released at a news conference at the downtown YMCA in Toronto, puts together two years of research into housing discrimination that involved hundreds of people and dozens of organizations in Toronto, Ottawa, Kitchener and Sudbury.",max,82.57598876953125
target,41,"The policy, released at a news conference at the downtown YMCA in Toronto, puts together two years of research into housing discrimination that involved hundreds of people and dozens of organizations in Toronto, Ottawa, Kitchener and Sudbury.",last,73.82987976074219
target,42,"But Foreign Affairs Minister John Baird said Russia had ""invaded"" Ukraine.",mean,14.002042770385742
target,42,"But Foreign Affairs Minister John Baird said Russia had ""invaded"" Ukraine.",max,65.64734649658203
target,42,"But Foreign Affairs Minister John Baird said Russia had ""invaded"" Ukraine.",last,43.47882843017578
target,43,Canada sanctioned a program that allowed the kidnapping of native children in order to assimilate them.,mean,26.03193473815918
target,43,Canada sanctioned a program that allowed the kidnapping of native children in order to assimilate them.,max,56.30388259887695
target,43,Canada sanctioned a program that allowed the kidnapping of native children in order to assimilate them.,last,45.30302429199219
target,44,"Halifax, with about 130,000 more people than Saskatoon, elects full-time councillors.",mean,30.86962127685547
target,44,"Halifax, with about 130,000 more people than Saskatoon, elects full-time councillors.",max,64.464599609375
target,44,"Halifax, with about 130,000 more people than Saskatoon, elects full-time councillors.",last,64.464599609375
target,45,"Wynne referred to the recent death of Toronto physician Elana Fric-Shamji, whose remains were found in a suitcase outside of Vaughan, Ont.",mean,34.1901741027832
target,45,"Wynne referred to the recent death of Toronto physician Elana Fric-Shamji, whose remains were found in a suitcase outside of Vaughan, Ont.",max,75.421630859375
target,45,"Wynne referred to the recent death of Toronto physician Elana Fric-Shamji, whose remains were found in a suitcase outside of Vaughan, Ont.",last,67.35044860839844
target,46,"Mr. Poilievre specifically defended the budget bill measures, which would give cabinet the power to issue orders to Crown corporations that lay out the terms for pay, benefits and other labour relations issues with both unionized and non-unionized staff.",mean,37.91823959350586
target,46,"Mr. Poilievre specifically defended the budget bill measures, which would give cabinet the power to issue orders to Crown corporations that lay out the terms for pay, benefits and other labour relations issues with both unionized and non-unionized staff.",max,73.24272155761719
target,46,"Mr. Poilievre specifically defended the budget bill measures, which would give cabinet the power to issue orders to Crown corporations that lay out the terms for pay, benefits and other labour relations issues with both unionized and non-unionized staff.",last,73.18181610107422
target,47,"National security law experts Craig Forcese and Kent Roach warned in an essay published earlier this year by The Walrus magazine that the new CSIS powers are the most ""radical"" aspect of Bill C-51.",mean,34.31882095336914
target,47,"National security law experts Craig Forcese and Kent Roach warned in an essay published earlier this year by The Walrus magazine that the new CSIS powers are the most ""radical"" aspect of Bill C-51.",max,81.85630798339844
target,47,"National security law experts Craig Forcese and Kent Roach warned in an essay published earlier this year by The Walrus magazine that the new CSIS powers are the most ""radical"" aspect of Bill C-51.",last,73.54869842529297
target,48,"The doctored image appeared on several government websites, including Canada’s Economic Action Plan and Citizenship and Immigration Canada.",mean,24.602529525756836
target,48,"The doctored image appeared on several government websites, including Canada’s Economic Action Plan and Citizenship and Immigration Canada.",max,80.26630401611328
target,48,"The doctored image appeared on several government websites, including Canada’s Economic Action Plan and Citizenship and Immigration Canada.",last,62.76362609863281
target,49,Ontario Premier Kathleen Wynne’s electricity plan is short term gain for long term pain.,mean,30.31306266784668
target,49,Ontario Premier Kathleen Wynne’s electricity plan is short term gain for long term pain.,max,62.57567596435547
target,49,Ontario Premier Kathleen Wynne’s electricity plan is short term gain for long term pain.,last,62.57567596435547
target,50,Proposed name change for Scarborough Bluffs Park by CityNewsToronto on Scribd,mean,21.60309600830078
target,50,Proposed name change for Scarborough Bluffs Park by CityNewsToronto on Scribd,max,64.93234252929688
target,50,Proposed name change for Scarborough Bluffs Park by CityNewsToronto on Scribd,last,0.0
target,51,"“That is the darkest part of this poll result for the NDP I would think,” Geddes told 680 NEWS.",mean,23.54360008239746
target,51,"“That is the darkest part of this poll result for the NDP I would think,” Geddes told 680 NEWS.",max,90.66705322265625
target,51,"“That is the darkest part of this poll result for the NDP I would think,” Geddes told 680 NEWS.",last,65.43673706054688
target,52,The MP also apologized to Liberal MP Marc Garneau in 2013 after he insulted him while responding to a question from an NDP MP.,mean,36.479515075683594
target,52,The MP also apologized to Liberal MP Marc Garneau in 2013 after he insulted him while responding to a question from an NDP MP.,max,84.9024887084961
target,52,The MP also apologized to Liberal MP Marc Garneau in 2013 after he insulted him while responding to a question from an NDP MP.,last,84.9024887084961
target,53,Mulcair’s input into the Quebec strategy was significant.,mean,37.64866256713867
target,53,Mulcair’s input into the Quebec strategy was significant.,max,80.19371795654297
target,53,Mulcair’s input into the Quebec strategy was significant.,last,78.57553100585938
target,54,"7 election after the Parti Québécois accused Ontarians and other Canadians of trying to steal the result, but many are still confused about who is allowed a ballot.",mean,35.93983459472656
target,54,"7 election after the Parti Québécois accused Ontarians and other Canadians of trying to steal the result, but many are still confused about who is allowed a ballot.",max,78.93994903564453
target,54,"7 election after the Parti Québécois accused Ontarians and other Canadians of trying to steal the result, but many are still confused about who is allowed a ballot.",last,78.93994903564453
target,55,"""I detest any action by a Canadian Armed Forces member that is intended to show disrespect towards the very people and cultures we value in Canada,"" said Vance.",mean,28.172550201416016
target,55,"""I detest any action by a Canadian Armed Forces member that is intended to show disrespect towards the very people and cultures we value in Canada,"" said Vance.",max,79.28498077392578
target,55,"""I detest any action by a Canadian Armed Forces member that is intended to show disrespect towards the very people and cultures we value in Canada,"" said Vance.",last,69.07637786865234
target,56,"""It would have been ideal for the government to hold on to the shares and use that to leverage General Motors to make a strong commitment to the facility in Oshawa,"" said Hassan Yussuff, President of the Canadian Labour Congress, in an interview Monday.",mean,19.53040313720703
target,56,"""It would have been ideal for the government to hold on to the shares and use that to leverage General Motors to make a strong commitment to the facility in Oshawa,"" said Hassan Yussuff, President of the Canadian Labour Congress, in an interview Monday.",max,79.32935333251953
target,56,"""It would have been ideal for the government to hold on to the shares and use that to leverage General Motors to make a strong commitment to the facility in Oshawa,"" said Hassan Yussuff, President of the Canadian Labour Congress, in an interview Monday.",last,71.73580169677734
target,57,"Lijphart’s criticism of referenda was countered by committee witness Benoit Pelletier, a University of Ottawa constitutional expert on electoral reform and former Liberal Quebec cabinet minister in the Jean Charest government.",mean,24.469478607177734
target,57,"Lijphart’s criticism of referenda was countered by committee witness Benoit Pelletier, a University of Ottawa constitutional expert on electoral reform and former Liberal Quebec cabinet minister in the Jean Charest government.",max,72.699951171875
target,57,"Lijphart’s criticism of referenda was countered by committee witness Benoit Pelletier, a University of Ottawa constitutional expert on electoral reform and former Liberal Quebec cabinet minister in the Jean Charest government.",last,47.150421142578125
target,58,"Just ask Premier Kathleen Wynne, who is escalating her feud with Toronto Mayor John Tory after his complaints that last Thursdays’ provincial budget did not do enough for the city.",mean,39.46608352661133
target,58,"Just ask Premier Kathleen Wynne, who is escalating her feud with Toronto Mayor John Tory after his complaints that last Thursdays’ provincial budget did not do enough for the city.",max,90.49708557128906
target,58,"Just ask Premier Kathleen Wynne, who is escalating her feud with Toronto Mayor John Tory after his complaints that last Thursdays’ provincial budget did not do enough for the city.",last,64.70482635498047
target,59,"JASON FRANSON/THE CANADIAN PRESS

Once the public-relations director for the Edmonton Oilers, Bill Tuele served as host in October of 2014 when the 30th anniversary of the team's first Stanley Cup was celebrated at Rexall Place.",mean,29.936983108520508
target,59,"JASON FRANSON/THE CANADIAN PRESS

Once the public-relations director for the Edmonton Oilers, Bill Tuele served as host in October of 2014 when the 30th anniversary of the team's first Stanley Cup was celebrated at Rexall Place.",max,83.91995239257812
target,59,"JASON FRANSON/THE CANADIAN PRESS

Once the public-relations director for the Edmonton Oilers, Bill Tuele served as host in October of 2014 when the 30th anniversary of the team's first Stanley Cup was celebrated at Rexall Place.",last,49.14371109008789
target,60,"Kathleen Wynne makes her way to a Liberal caucus meeting, where she sat down with Liberal MPPs for the first time since being chosen to succeed Premier Dalton McGuinty.",mean,39.32588577270508
target,60,"Kathleen Wynne makes her way to a Liberal caucus meeting, where she sat down with Liberal MPPs for the first time since being chosen to succeed Premier Dalton McGuinty.",max,79.45962524414062
target,60,"Kathleen Wynne makes her way to a Liberal caucus meeting, where she sat down with Liberal MPPs for the first time since being chosen to succeed Premier Dalton McGuinty.",last,63.513885498046875
target,61,"""This is a massive problem on the Pacific Rim, here in B.C., and we are all at risk,"" Ms. Mark said.",mean,17.021835327148438
target,61,"""This is a massive problem on the Pacific Rim, here in B.C., and we are all at risk,"" Ms. Mark said.",max,62.35215759277344
target,61,"""This is a massive problem on the Pacific Rim, here in B.C., and we are all at risk,"" Ms. Mark said.",last,58.074501037597656
target,62,Surrey Councillor Barinder Rasode expects her government will take a lot of heat tonight but she agrees change is needed.,mean,23.598804473876953
target,62,Surrey Councillor Barinder Rasode expects her government will take a lot of heat tonight but she agrees change is needed.,max,64.77456665039062
target,62,Surrey Councillor Barinder Rasode expects her government will take a lot of heat tonight but she agrees change is needed.,last,64.77456665039062
target,63,"A new bus station and staging ground for buses may be built near Investors Group Field, Winnipeg Transit director Dave Wardrop said.",mean,19.860488891601562
target,63,"A new bus station and staging ground for buses may be built near Investors Group Field, Winnipeg Transit director Dave Wardrop said.",max,69.4028091430664
target,63,"A new bus station and staging ground for buses may be built near Investors Group Field, Winnipeg Transit director Dave Wardrop said.",last,68.76273345947266
target,64,"Melissa Kate Wheeler, president of the Concordia Student Union, thinks some are victims of ""political profiling"" influenced by broader debates on issues such as the proposed charter of values.",mean,26.217857360839844
target,64,"Melissa Kate Wheeler, president of the Concordia Student Union, thinks some are victims of ""political profiling"" influenced by broader debates on issues such as the proposed charter of values.",max,79.97716522216797
target,64,"Melissa Kate Wheeler, president of the Concordia Student Union, thinks some are victims of ""political profiling"" influenced by broader debates on issues such as the proposed charter of values.",last,66.71869659423828
target,65,"“Then we want a free, open and fair debate that is ideas-driven, and this just has no place in politics in Saskatchewan today.”

Following his party’s campaign launch in Saskatoon on Monday, NDP leader Cam Broten condemned both incidents of vandalism.",mean,22.382434844970703
target,65,"“Then we want a free, open and fair debate that is ideas-driven, and this just has no place in politics in Saskatchewan today.”

Following his party’s campaign launch in Saskatoon on Monday, NDP leader Cam Broten condemned both incidents of vandalism.",max,74.17606353759766
target,65,"“Then we want a free, open and fair debate that is ideas-driven, and this just has no place in politics in Saskatchewan today.”

Following his party’s campaign launch in Saskatoon on Monday, NDP leader Cam Broten condemned both incidents of vandalism.",last,56.4632568359375
target,66,"Therrien did praise the RCMP for the access it granted his office during his investigation, but warned the RCMP to ""continue to make efforts toward openness and accountability in terms of the technologies it employs in its law enforcement activities.""",mean,29.781465530395508
target,66,"Therrien did praise the RCMP for the access it granted his office during his investigation, but warned the RCMP to ""continue to make efforts toward openness and accountability in terms of the technologies it employs in its law enforcement activities.""",max,68.99104309082031
target,66,"Therrien did praise the RCMP for the access it granted his office during his investigation, but warned the RCMP to ""continue to make efforts toward openness and accountability in terms of the technologies it employs in its law enforcement activities.""",last,68.99104309082031
target,67,Sex worker advocacy groups in British Columbia and Ontario have also asked for the operation to end.,mean,31.14370346069336
target,67,Sex worker advocacy groups in British Columbia and Ontario have also asked for the operation to end.,max,77.97665405273438
target,67,Sex worker advocacy groups in British Columbia and Ontario have also asked for the operation to end.,last,71.46250915527344
target,68,Ottawa is trying to salvage its goal of having four wireless competitors in every regional market.,mean,38.04093933105469
target,68,Ottawa is trying to salvage its goal of having four wireless competitors in every regional market.,max,74.68863677978516
target,68,Ottawa is trying to salvage its goal of having four wireless competitors in every regional market.,last,74.68863677978516
target,69,"Last week, a spokesperson for Housakos relayed to CBC News the senator's previous statement that he had never been involved in illegal fundraising.",mean,28.224021911621094
target,69,"Last week, a spokesperson for Housakos relayed to CBC News the senator's previous statement that he had never been involved in illegal fundraising.",max,79.93709564208984
target,69,"Last week, a spokesperson for Housakos relayed to CBC News the senator's previous statement that he had never been involved in illegal fundraising.",last,71.3580322265625
target,70,"No fewer than seven NDP riding associations, for example, want the party to advocate for the legalization of marijuana, even though current policy – and Mulcair – endorses decriminalization instead.",mean,32.22636032104492
target,70,"No fewer than seven NDP riding associations, for example, want the party to advocate for the legalization of marijuana, even though current policy – and Mulcair – endorses decriminalization instead.",max,76.14193725585938
target,70,"No fewer than seven NDP riding associations, for example, want the party to advocate for the legalization of marijuana, even though current policy – and Mulcair – endorses decriminalization instead.",last,76.14193725585938
target,71,"Proulx, as every CFL fan knows, can have a little trouble with the English language, which is understandable considering he was born and raised in Drummondville, Que., and still lives there today.",mean,19.60702896118164
target,71,"Proulx, as every CFL fan knows, can have a little trouble with the English language, which is understandable considering he was born and raised in Drummondville, Que., and still lives there today.",max,56.820289611816406
target,71,"Proulx, as every CFL fan knows, can have a little trouble with the English language, which is understandable considering he was born and raised in Drummondville, Que., and still lives there today.",last,42.88993835449219
target,72,The Liberal leader said before the October election that he would like to reopen Canada's embassy in Tehran.,mean,39.853858947753906
target,72,The Liberal leader said before the October election that he would like to reopen Canada's embassy in Tehran.,max,76.96219635009766
target,72,The Liberal leader said before the October election that he would like to reopen Canada's embassy in Tehran.,last,76.96219635009766
target,73,(The Harper government says Canada’s law targets just dual nationals because a United Nations treaty prohibits the feds from rendering anyone stateless.),mean,27.111713409423828
target,73,(The Harper government says Canada’s law targets just dual nationals because a United Nations treaty prohibits the feds from rendering anyone stateless.),max,71.07649230957031
target,73,(The Harper government says Canada’s law targets just dual nationals because a United Nations treaty prohibits the feds from rendering anyone stateless.),last,61.583740234375
target,74,"At the Ontario provincial level, then leader John Tory, after his defeat in the 2007 election, had to fight off activists from the party's evangelical wing, the leader of which was (and is) MPP Frank Klees.",mean,41.267337799072266
target,74,"At the Ontario provincial level, then leader John Tory, after his defeat in the 2007 election, had to fight off activists from the party's evangelical wing, the leader of which was (and is) MPP Frank Klees.",max,77.96282958984375
target,74,"At the Ontario provincial level, then leader John Tory, after his defeat in the 2007 election, had to fight off activists from the party's evangelical wing, the leader of which was (and is) MPP Frank Klees.",last,44.65122985839844
target,75,"During the March 30 question period, Education Minister Don Morgan outlined the government's reasons behind cutting library budgets.",mean,28.908527374267578
target,75,"During the March 30 question period, Education Minister Don Morgan outlined the government's reasons behind cutting library budgets.",max,63.058929443359375
target,75,"During the March 30 question period, Education Minister Don Morgan outlined the government's reasons behind cutting library budgets.",last,63.058929443359375
target,76,"I think most bookstores are feeling wind in their sails for the first time in about 10 years.”

Sales are also on the rise at Bookmark (with locations in Halifax, Nova Scotia and Charlottetown, PE.I.).",mean,13.565872192382812
target,76,"I think most bookstores are feeling wind in their sails for the first time in about 10 years.”

Sales are also on the rise at Bookmark (with locations in Halifax, Nova Scotia and Charlottetown, PE.I.).",max,58.468177795410156
target,76,"I think most bookstores are feeling wind in their sails for the first time in about 10 years.”

Sales are also on the rise at Bookmark (with locations in Halifax, Nova Scotia and Charlottetown, PE.I.).",last,37.258296966552734
target,77,"Others have pointed out the Conservative plan made no mention of the Alberta oilsands, the fastest growing source of emissions in Canada.",mean,23.2388858795166
target,77,"Others have pointed out the Conservative plan made no mention of the Alberta oilsands, the fastest growing source of emissions in Canada.",max,77.08988189697266
target,77,"Others have pointed out the Conservative plan made no mention of the Alberta oilsands, the fastest growing source of emissions in Canada.",last,77.08988189697266
target,78,"Located in Calgary, District Ventures connects innovative early-stage entrepreneurs in the food and beverage and health and wellness sectors with a network of peers, investors and business support.",mean,23.7735595703125
target,78,"Located in Calgary, District Ventures connects innovative early-stage entrepreneurs in the food and beverage and health and wellness sectors with a network of peers, investors and business support.",max,58.795372009277344
target,78,"Located in Calgary, District Ventures connects innovative early-stage entrepreneurs in the food and beverage and health and wellness sectors with a network of peers, investors and business support.",last,30.350067138671875
target,79,"1486 was passed under the War Measures Act allowing for the forced removal of any and all Canadians of Japanese descent from British Columbia, as well as the prohibiting them from returning to the province.",mean,28.516765594482422
target,79,"1486 was passed under the War Measures Act allowing for the forced removal of any and all Canadians of Japanese descent from British Columbia, as well as the prohibiting them from returning to the province.",max,58.65501403808594
target,79,"1486 was passed under the War Measures Act allowing for the forced removal of any and all Canadians of Japanese descent from British Columbia, as well as the prohibiting them from returning to the province.",last,42.68513107299805
target,80,"Uncle Milty weighs in in tomorow's Spec and I'll post that in the a.m.

• Ticat QB Henry Burris and CFL commish Mark Cohon are in Moncton to promote the latest version of TD Atlantic.",mean,17.566307067871094
target,80,"Uncle Milty weighs in in tomorow's Spec and I'll post that in the a.m.

• Ticat QB Henry Burris and CFL commish Mark Cohon are in Moncton to promote the latest version of TD Atlantic.",max,58.30415725708008
target,80,"Uncle Milty weighs in in tomorow's Spec and I'll post that in the a.m.

• Ticat QB Henry Burris and CFL commish Mark Cohon are in Moncton to promote the latest version of TD Atlantic.",last,32.56538391113281
target,81,"Pitching in public and private

Trudeau spoke of Canada's well-educated workforce, and its stable of young entrepreneurs who've started companies like Shopify and Hootsuite that compete globally.",mean,28.523469924926758
target,81,"Pitching in public and private

Trudeau spoke of Canada's well-educated workforce, and its stable of young entrepreneurs who've started companies like Shopify and Hootsuite that compete globally.",max,93.38409423828125
target,81,"Pitching in public and private

Trudeau spoke of Canada's well-educated workforce, and its stable of young entrepreneurs who've started companies like Shopify and Hootsuite that compete globally.",last,75.51077270507812
target,82,"Speaking about investing our tax dollars, the Joseph Brant Hospital expansion and redevelopment is progressing.",mean,19.690778732299805
target,82,"Speaking about investing our tax dollars, the Joseph Brant Hospital expansion and redevelopment is progressing.",max,59.93010711669922
target,82,"Speaking about investing our tax dollars, the Joseph Brant Hospital expansion and redevelopment is progressing.",last,53.9482536315918
target,83,The Conservative approach has been to shut out community voices and it fails to fulfill the Crown's obligation to consult and accommodate Aboriginal and treaty rights in the course of reviewing development proposals.,mean,25.89259147644043
target,83,The Conservative approach has been to shut out community voices and it fails to fulfill the Crown's obligation to consult and accommodate Aboriginal and treaty rights in the course of reviewing development proposals.,max,72.39739990234375
target,83,The Conservative approach has been to shut out community voices and it fails to fulfill the Crown's obligation to consult and accommodate Aboriginal and treaty rights in the course of reviewing development proposals.,last,62.72498321533203
target,84,"Stoner, 30, acknowledged through his lawyer Wednesday that he had breached the provincial Wildlife Act during the hunt in May 2013.",mean,17.11166000366211
target,84,"Stoner, 30, acknowledged through his lawyer Wednesday that he had breached the provincial Wildlife Act during the hunt in May 2013.",max,66.01646423339844
target,84,"Stoner, 30, acknowledged through his lawyer Wednesday that he had breached the provincial Wildlife Act during the hunt in May 2013.",last,65.65601348876953
target,85,"Linden Lea

The proposed apartment building on Linden Lea in downtown Dartmouth violates the spirit of the upcoming Centre Plan, argues Dartmouth city council candidate Sam Austin in Spacings.",mean,21.8886775970459
target,85,"Linden Lea

The proposed apartment building on Linden Lea in downtown Dartmouth violates the spirit of the upcoming Centre Plan, argues Dartmouth city council candidate Sam Austin in Spacings.",max,52.75785827636719
target,85,"Linden Lea

The proposed apartment building on Linden Lea in downtown Dartmouth violates the spirit of the upcoming Centre Plan, argues Dartmouth city council candidate Sam Austin in Spacings.",last,40.41530990600586
target,86,"Posted on by lskenazy

Gotta thank Amy Bronee, host of the show Real Parenting on C-FAX in Canada for alerting me to this story in the National Post:

Minding your marshmallows Katherine Dedyna, Canwest News Service Published: Friday, July 24, 2009 There’s no such thing as being too careful when it comes to kids and camping – even for hyper-vigilant parents.",mean,15.570173263549805
target,86,"Posted on by lskenazy

Gotta thank Amy Bronee, host of the show Real Parenting on C-FAX in Canada for alerting me to this story in the National Post:

Minding your marshmallows Katherine Dedyna, Canwest News Service Published: Friday, July 24, 2009 There’s no such thing as being too careful when it comes to kids and camping – even for hyper-vigilant parents.",max,68.78346252441406
target,86,"Posted on by lskenazy

Gotta thank Amy Bronee, host of the show Real Parenting on C-FAX in Canada for alerting me to this story in the National Post:

Minding your marshmallows Katherine Dedyna, Canwest News Service Published: Friday, July 24, 2009 There’s no such thing as being too careful when it comes to kids and camping – even for hyper-vigilant parents.",last,48.15610122680664
target,87,'s Christian university says the Trinity Western grad was eminently unqualified for the position for which she applied.,mean,12.037187576293945
target,87,'s Christian university says the Trinity Western grad was eminently unqualified for the position for which she applied.,max,43.351383209228516
target,87,'s Christian university says the Trinity Western grad was eminently unqualified for the position for which she applied.,last,43.351383209228516
target,88,"While Liberal MPs support Trudeau's action as the only one he could have taken under the political circumstances, some of them say the men now deserve to have the matter dealt with as quickly as possible.",mean,31.260440826416016
target,88,"While Liberal MPs support Trudeau's action as the only one he could have taken under the political circumstances, some of them say the men now deserve to have the matter dealt with as quickly as possible.",max,75.0851058959961
target,88,"While Liberal MPs support Trudeau's action as the only one he could have taken under the political circumstances, some of them say the men now deserve to have the matter dealt with as quickly as possible.",last,21.29926300048828
target,89,"“If we have stood up for fairness and equality and tolerance, than how do we turn a blind eye to what will clearly be an infringement of the Charter of Rights and Freedoms,” Murphy said.",mean,11.77342414855957
target,89,"“If we have stood up for fairness and equality and tolerance, than how do we turn a blind eye to what will clearly be an infringement of the Charter of Rights and Freedoms,” Murphy said.",max,77.0414047241211
target,89,"“If we have stood up for fairness and equality and tolerance, than how do we turn a blind eye to what will clearly be an infringement of the Charter of Rights and Freedoms,” Murphy said.",last,77.0414047241211
target,90,"The latter has been successful in the nearby resort town of Whistler, B.C., which struggles to find affordable housing for its resident workforce.",mean,15.820327758789062
target,90,"The latter has been successful in the nearby resort town of Whistler, B.C., which struggles to find affordable housing for its resident workforce.",max,46.00733947753906
target,90,"The latter has been successful in the nearby resort town of Whistler, B.C., which struggles to find affordable housing for its resident workforce.",last,46.00733947753906
target,91,It also asked the Institute for Research on Public Policy to convene a roundtable to further study robocalls and other new communications technology and consulted with political parties.,mean,24.574934005737305
target,91,It also asked the Institute for Research on Public Policy to convene a roundtable to further study robocalls and other new communications technology and consulted with political parties.,max,81.89198303222656
target,91,It also asked the Institute for Research on Public Policy to convene a roundtable to further study robocalls and other new communications technology and consulted with political parties.,last,81.89198303222656
target,92,"A downtown councillor will ask the city to extend the deadline for heritage grants available to preserve 1800s-era Gore Park storefronts set for redevelopment, even though the owners have no interest in applying for the money.",mean,31.775299072265625
target,92,"A downtown councillor will ask the city to extend the deadline for heritage grants available to preserve 1800s-era Gore Park storefronts set for redevelopment, even though the owners have no interest in applying for the money.",max,65.44338989257812
target,92,"A downtown councillor will ask the city to extend the deadline for heritage grants available to preserve 1800s-era Gore Park storefronts set for redevelopment, even though the owners have no interest in applying for the money.",last,65.44338989257812
target,93,"It was not for nothing that Anders was known as ""Canada's worst MP"" -- a sobriquet he was stuck with not by some mere blogger like the author of this post, but one of the most conservative columnists in Canada writing for one of the country's most avowedly conservative newspapers, the candidate's own home town Calgary Herald.",mean,24.392663955688477
target,93,"It was not for nothing that Anders was known as ""Canada's worst MP"" -- a sobriquet he was stuck with not by some mere blogger like the author of this post, but one of the most conservative columnists in Canada writing for one of the country's most avowedly conservative newspapers, the candidate's own home town Calgary Herald.",max,86.40811157226562
target,93,"It was not for nothing that Anders was known as ""Canada's worst MP"" -- a sobriquet he was stuck with not by some mere blogger like the author of this post, but one of the most conservative columnists in Canada writing for one of the country's most avowedly conservative newspapers, the candidate's own home town Calgary Herald.",last,49.31044387817383
target,94,"Dangerous idiots poster #ualberta against Womens studies prof and in favour of ignoring or supporting sex assault pic.twitter.com/m0e6gOvldX — James Muir (@ephraim_quin) September 16, 2013

""We want feminism to fall into the same disrepute as Nazism or KKK, that sort of thing,” Raz, a member of the group, told Metro News.",mean,17.48525619506836
target,94,"Dangerous idiots poster #ualberta against Womens studies prof and in favour of ignoring or supporting sex assault pic.twitter.com/m0e6gOvldX — James Muir (@ephraim_quin) September 16, 2013

""We want feminism to fall into the same disrepute as Nazism or KKK, that sort of thing,” Raz, a member of the group, told Metro News.",max,69.10941314697266
target,94,"Dangerous idiots poster #ualberta against Womens studies prof and in favour of ignoring or supporting sex assault pic.twitter.com/m0e6gOvldX — James Muir (@ephraim_quin) September 16, 2013

""We want feminism to fall into the same disrepute as Nazism or KKK, that sort of thing,” Raz, a member of the group, told Metro News.",last,44.573848724365234
target,95,"There is no escaping the fact that, if the party does return to power, such a measured pace will be hard on those hot to unravel what the Liberals have done, says Vancouver city councillor Geoff Meggs, a friend since he worked with Mr. Dix for Glen Clark.",mean,18.2399959564209
target,95,"There is no escaping the fact that, if the party does return to power, such a measured pace will be hard on those hot to unravel what the Liberals have done, says Vancouver city councillor Geoff Meggs, a friend since he worked with Mr. Dix for Glen Clark.",max,77.99971008300781
target,95,"There is no escaping the fact that, if the party does return to power, such a measured pace will be hard on those hot to unravel what the Liberals have done, says Vancouver city councillor Geoff Meggs, a friend since he worked with Mr. Dix for Glen Clark.",last,67.2427749633789
control,0,It also did try to leverage data a lot more.,mean,0.0
control,0,It also did try to leverage data a lot more.,max,0.0
control,0,It also did try to leverage data a lot more.,last,0.0
control,1,It passed the state legislature with flying colors and not a single dissenting vote and now awaits Governor Jerry Brown's signature to become law.,mean,0.0
control,1,It passed the state legislature with flying colors and not a single dissenting vote and now awaits Governor Jerry Brown's signature to become law.,max,0.0
control,1,It passed the state legislature with flying colors and not a single dissenting vote and now awaits Governor Jerry Brown's signature to become law.,last,0.0
control,2,"00:10:17

On the individual guitars those strums sound like: So that's a lot of the ring.",mean,0.0
control,2,"00:10:17

On the individual guitars those strums sound like: So that's a lot of the ring.",max,0.0
control,2,"00:10:17

On the individual guitars those strums sound like: So that's a lot of the ring.",last,0.0
control,3,"[22] A year later, following his bout of pneumonia which had left him bed-ridden for several weeks, he scored 52 not out and took 5 wickets against a Somerset XI.",mean,0.0
control,3,"[22] A year later, following his bout of pneumonia which had left him bed-ridden for several weeks, he scored 52 not out and took 5 wickets against a Somerset XI.",max,0.0
control,3,"[22] A year later, following his bout of pneumonia which had left him bed-ridden for several weeks, he scored 52 not out and took 5 wickets against a Somerset XI.",last,0.0
control,4,"Where there was nothing but your inner-yard, the land to support you, and the Gods to watch over it all.",mean,0.0
control,4,"Where there was nothing but your inner-yard, the land to support you, and the Gods to watch over it all.",max,0.0
control,4,"Where there was nothing but your inner-yard, the land to support you, and the Gods to watch over it all.",last,0.0
control,5,"When a horse, worked to the bone, plopped over dead, the city then had a rotting carcass to address, not to mention the flies and road congestion that accompanied it.",mean,0.0
control,5,"When a horse, worked to the bone, plopped over dead, the city then had a rotting carcass to address, not to mention the flies and road congestion that accompanied it.",max,0.0
control,5,"When a horse, worked to the bone, plopped over dead, the city then had a rotting carcass to address, not to mention the flies and road congestion that accompanied it.",last,0.0
control,6,"""While the case was primarily about the CFAA, the government's venue theory was very dangerous, presenting a real risk that defendants could be hailed anywhere in the country to face a criminal trial,"" Fakhoury said.",mean,0.19321435689926147
control,6,"""While the case was primarily about the CFAA, the government's venue theory was very dangerous, presenting a real risk that defendants could be hailed anywhere in the country to face a criminal trial,"" Fakhoury said.",max,5.874631404876709
control,6,"""While the case was primarily about the CFAA, the government's venue theory was very dangerous, presenting a real risk that defendants could be hailed anywhere in the country to face a criminal trial,"" Fakhoury said.",last,0.0
control,7,"California faced similarly widespread blackouts in 2000 and 2001, triggered in part by an energy supply shortage.",mean,0.0
control,7,"California faced similarly widespread blackouts in 2000 and 2001, triggered in part by an energy supply shortage.",max,0.0
control,7,"California faced similarly widespread blackouts in 2000 and 2001, triggered in part by an energy supply shortage.",last,0.0
control,8,It’s a game where you have to climb from the starting line to the finish line.,mean,0.0
control,8,It’s a game where you have to climb from the starting line to the finish line.,max,0.0
control,8,It’s a game where you have to climb from the starting line to the finish line.,last,0.0
control,9,The design process for the cards is fairly involved.,mean,0.0
control,9,The design process for the cards is fairly involved.,max,0.0
control,9,The design process for the cards is fairly involved.,last,0.0
control,10,What are the grounds for thinking they are merely analytic and lack 'import' for the concrete world?,mean,0.0
control,10,What are the grounds for thinking they are merely analytic and lack 'import' for the concrete world?,max,0.0
control,10,What are the grounds for thinking they are merely analytic and lack 'import' for the concrete world?,last,0.0
control,11,"Adaptors between standards are not included in the standards, so have no formal quality criteria defined.",mean,0.0
control,11,"Adaptors between standards are not included in the standards, so have no formal quality criteria defined.",max,0.0
control,11,"Adaptors between standards are not included in the standards, so have no formal quality criteria defined.",last,0.0
control,12,"In the days of the original StarCraft, things were different.",mean,0.0
control,12,"In the days of the original StarCraft, things were different.",max,0.0
control,12,"In the days of the original StarCraft, things were different.",last,0.0
control,13,"They’re not an inherent part of the writing system, but a made-up method of arranging dictionaries that came about only after the writing system had been around for more than 1500 years.",mean,0.0
control,13,"They’re not an inherent part of the writing system, but a made-up method of arranging dictionaries that came about only after the writing system had been around for more than 1500 years.",max,0.0
control,13,"They’re not an inherent part of the writing system, but a made-up method of arranging dictionaries that came about only after the writing system had been around for more than 1500 years.",last,0.0
control,14,Jago Russell of campaign group Fair Trials International has attacked Sweden over its use of pre-trial detention.,mean,0.0
control,14,Jago Russell of campaign group Fair Trials International has attacked Sweden over its use of pre-trial detention.,max,0.0
control,14,Jago Russell of campaign group Fair Trials International has attacked Sweden over its use of pre-trial detention.,last,0.0
control,15,"In spite of similarly low levels of knowledge about the EU, in the UK there are three times more respondents willing to use the ECI than in Germany.",mean,0.0
control,15,"In spite of similarly low levels of knowledge about the EU, in the UK there are three times more respondents willing to use the ECI than in Germany.",max,0.0
control,15,"In spite of similarly low levels of knowledge about the EU, in the UK there are three times more respondents willing to use the ECI than in Germany.",last,0.0
control,16,"""I don't even know what to say anymore, I'm just speechless,"" she said.",mean,0.25552651286125183
control,16,"""I don't even know what to say anymore, I'm just speechless,"" she said.",max,5.110530376434326
control,16,"""I don't even know what to say anymore, I'm just speechless,"" she said.",last,5.110530376434326
control,17,"LOOKING TO IMPROVE

While we’re excited about our three veteran additions, we’re also really excited about the younger players we have coming back.",mean,0.0
control,17,"LOOKING TO IMPROVE

While we’re excited about our three veteran additions, we’re also really excited about the younger players we have coming back.",max,0.0
control,17,"LOOKING TO IMPROVE

While we’re excited about our three veteran additions, we’re also really excited about the younger players we have coming back.",last,0.0
control,18,The notion of calypso cricket was always a crude generalisation: alongside Viv Richards there was Larry Gomes; alongside Brian Lara there was Shivnarine Chanderpaul.,mean,0.20751503109931946
control,18,The notion of calypso cricket was always a crude generalisation: alongside Viv Richards there was Larry Gomes; alongside Brian Lara there was Shivnarine Chanderpaul.,max,7.678055763244629
control,18,The notion of calypso cricket was always a crude generalisation: alongside Viv Richards there was Larry Gomes; alongside Brian Lara there was Shivnarine Chanderpaul.,last,0.0
control,19,They use 3.5 million motor vehicles.,mean,0.0
control,19,They use 3.5 million motor vehicles.,max,0.0
control,19,They use 3.5 million motor vehicles.,last,0.0
control,20,"“We did a lot of interiors that way,” Cameron recalls.",mean,0.0
control,20,"“We did a lot of interiors that way,” Cameron recalls.",max,0.0
control,20,"“We did a lot of interiors that way,” Cameron recalls.",last,0.0
control,21,There's Elf and Wizard for ranged combat and Valkyrie and Warrior for melee; each comes with its own duo of basic attacks and a special that really lays on the damage.,mean,0.0
control,21,There's Elf and Wizard for ranged combat and Valkyrie and Warrior for melee; each comes with its own duo of basic attacks and a special that really lays on the damage.,max,0.0
control,21,There's Elf and Wizard for ranged combat and Valkyrie and Warrior for melee; each comes with its own duo of basic attacks and a special that really lays on the damage.,last,0.0
control,22,I won two of them in a single year which no one had ever done before.,mean,0.0
control,22,I won two of them in a single year which no one had ever done before.,max,0.0
control,22,I won two of them in a single year which no one had ever done before.,last,0.0
control,23,"The sleeve tattoo is shorter than in the airport photos and he has a tattooed belly in this video, which he did not have at the airport.",mean,0.0
control,23,"The sleeve tattoo is shorter than in the airport photos and he has a tattooed belly in this video, which he did not have at the airport.",max,0.0
control,23,"The sleeve tattoo is shorter than in the airport photos and he has a tattooed belly in this video, which he did not have at the airport.",last,0.0
control,24,The dams across the country have caused havoc to people and the environment.,mean,0.0
control,24,The dams across the country have caused havoc to people and the environment.,max,0.0
control,24,The dams across the country have caused havoc to people and the environment.,last,0.0
control,25,Advertisements,mean,0.0
control,25,Advertisements,max,0.0
control,25,Advertisements,last,0.0
control,26,"Seven years ago, before FACET was even proposed, the same team had used single bunches of about 10 billion 42-GeV electrons and accelerated them over the full 3.2-kilometre length of SLAC's main machine to drive a similar plasma wave5.",mean,0.0
control,26,"Seven years ago, before FACET was even proposed, the same team had used single bunches of about 10 billion 42-GeV electrons and accelerated them over the full 3.2-kilometre length of SLAC's main machine to drive a similar plasma wave5.",max,0.0
control,26,"Seven years ago, before FACET was even proposed, the same team had used single bunches of about 10 billion 42-GeV electrons and accelerated them over the full 3.2-kilometre length of SLAC's main machine to drive a similar plasma wave5.",last,0.0
control,27,"An investigation of liver function in a mutant SOD1G93A mouse model of ALS revealed a dramatic increase in the levels of natural killer T (NKT) cells in the liver, along with organ atrophy and the accumulation of stored fats.",mean,0.0
control,27,"An investigation of liver function in a mutant SOD1G93A mouse model of ALS revealed a dramatic increase in the levels of natural killer T (NKT) cells in the liver, along with organ atrophy and the accumulation of stored fats.",max,0.0
control,27,"An investigation of liver function in a mutant SOD1G93A mouse model of ALS revealed a dramatic increase in the levels of natural killer T (NKT) cells in the liver, along with organ atrophy and the accumulation of stored fats.",last,0.0
control,28,All right!,mean,0.0
control,28,All right!,max,0.0
control,28,All right!,last,0.0
control,29,"This conversion could have been rather easily accomplished by simply adding a short barrel extension to a barrel assembly, with attached loading block, magazine tube, and even sights, from a disabled Girandoni-system airgun into the Heiberger receiver.",mean,0.0
control,29,"This conversion could have been rather easily accomplished by simply adding a short barrel extension to a barrel assembly, with attached loading block, magazine tube, and even sights, from a disabled Girandoni-system airgun into the Heiberger receiver.",max,0.0
control,29,"This conversion could have been rather easily accomplished by simply adding a short barrel extension to a barrel assembly, with attached loading block, magazine tube, and even sights, from a disabled Girandoni-system airgun into the Heiberger receiver.",last,0.0
control,30,"The team worked in close collaboration with the Charlotte police force, which volunteered for the program to upgrade its early warning system and prevent misconduct, despite having a relatively low rate of officer-involved violence.",mean,0.0
control,30,"The team worked in close collaboration with the Charlotte police force, which volunteered for the program to upgrade its early warning system and prevent misconduct, despite having a relatively low rate of officer-involved violence.",max,0.0
control,30,"The team worked in close collaboration with the Charlotte police force, which volunteered for the program to upgrade its early warning system and prevent misconduct, despite having a relatively low rate of officer-involved violence.",last,0.0
control,31,"There were other fires and so on, but now when somebody died it wasn’t so bad.",mean,0.0
control,31,"There were other fires and so on, but now when somebody died it wasn’t so bad.",max,0.0
control,31,"There were other fires and so on, but now when somebody died it wasn’t so bad.",last,0.0
control,32,"By this you mimic the horns of a bull or an ox (the term in Long Sword), Lecküchner named this position: “Stier” – bull.",mean,0.0
control,32,"By this you mimic the horns of a bull or an ox (the term in Long Sword), Lecküchner named this position: “Stier” – bull.",max,0.0
control,32,"By this you mimic the horns of a bull or an ox (the term in Long Sword), Lecküchner named this position: “Stier” – bull.",last,0.0
control,33,"Heisenberg explains this principle by exposing how a scientist trying to take a photograph of an electron, has to bounce a light particle off its surface.",mean,0.0
control,33,"Heisenberg explains this principle by exposing how a scientist trying to take a photograph of an electron, has to bounce a light particle off its surface.",max,0.0
control,33,"Heisenberg explains this principle by exposing how a scientist trying to take a photograph of an electron, has to bounce a light particle off its surface.",last,0.0
control,34,"In fact, it’s right on time.",mean,0.47697362303733826
control,34,"In fact, it’s right on time.",max,4.769736289978027
control,34,"In fact, it’s right on time.",last,0.0
control,35,"Ten billion dollars, less than the one fifth of the increase to the military/defense budget of $54 Billion.",mean,0.0
control,35,"Ten billion dollars, less than the one fifth of the increase to the military/defense budget of $54 Billion.",max,0.0
control,35,"Ten billion dollars, less than the one fifth of the increase to the military/defense budget of $54 Billion.",last,0.0
control,36,"One of the biggest problems with Xur's inventory hasn't been his weapons or his armor, it's been the fact that he hasn't been consistently selling heavy weapon ammo.",mean,0.0
control,36,"One of the biggest problems with Xur's inventory hasn't been his weapons or his armor, it's been the fact that he hasn't been consistently selling heavy weapon ammo.",max,0.0
control,36,"One of the biggest problems with Xur's inventory hasn't been his weapons or his armor, it's been the fact that he hasn't been consistently selling heavy weapon ammo.",last,0.0
control,37,So for that moment in my life I felt good about myself.,mean,0.0
control,37,So for that moment in my life I felt good about myself.,max,0.0
control,37,So for that moment in my life I felt good about myself.,last,0.0
control,38,I struggle to see how we are going to improve.,mean,0.0
control,38,I struggle to see how we are going to improve.,max,0.0
control,38,I struggle to see how we are going to improve.,last,0.0
control,39,"In the end, one of the primary intentions of typography is to make the act of reading text comfortable and understandable.",mean,0.0
control,39,"In the end, one of the primary intentions of typography is to make the act of reading text comfortable and understandable.",max,0.0
control,39,"In the end, one of the primary intentions of typography is to make the act of reading text comfortable and understandable.",last,0.0
control,40,"I wanted to reach more American fans, reach another country of people.""",mean,0.0
control,40,"I wanted to reach more American fans, reach another country of people.""",max,0.0
control,40,"I wanted to reach more American fans, reach another country of people.""",last,0.0
control,41,"However, I’ll happily take his irrational confidence over the past Grizzly guards who were reluctant to even look toward the rim, let alone heave a fadeaway from deep.",mean,0.0
control,41,"However, I’ll happily take his irrational confidence over the past Grizzly guards who were reluctant to even look toward the rim, let alone heave a fadeaway from deep.",max,0.0
control,41,"However, I’ll happily take his irrational confidence over the past Grizzly guards who were reluctant to even look toward the rim, let alone heave a fadeaway from deep.",last,0.0
control,42,"Figure 8, ultimately, isn't as good a record as XO or Either/Or, though the man's not out of the picture yet.",mean,0.6294696927070618
control,42,"Figure 8, ultimately, isn't as good a record as XO or Either/Or, though the man's not out of the picture yet.",max,19.513561248779297
control,42,"Figure 8, ultimately, isn't as good a record as XO or Either/Or, though the man's not out of the picture yet.",last,0.0
control,43,"Calvary might be underestimated and seen by few as an indie film from Ireland but thanks to an Oscar worthy performance from Brendan Gleeson, a fantastic script and grade A direction it is one of the best films of 2014 thus far.",mean,0.0
control,43,"Calvary might be underestimated and seen by few as an indie film from Ireland but thanks to an Oscar worthy performance from Brendan Gleeson, a fantastic script and grade A direction it is one of the best films of 2014 thus far.",max,0.0
control,43,"Calvary might be underestimated and seen by few as an indie film from Ireland but thanks to an Oscar worthy performance from Brendan Gleeson, a fantastic script and grade A direction it is one of the best films of 2014 thus far.",last,0.0
control,44,You know what to do.,mean,0.0
control,44,You know what to do.,max,0.0
control,44,You know what to do.,last,0.0
control,45,At 11.31% I am very happy with the returns on this account but I will not be adding to it any time soon.,mean,0.0
control,45,At 11.31% I am very happy with the returns on this account but I will not be adding to it any time soon.,max,0.0
control,45,At 11.31% I am very happy with the returns on this account but I will not be adding to it any time soon.,last,0.0
control,46,"On 10 May Israeli authorities called residents in al-Zaim, threatening to confiscate the blue Jerusalem ID cards of anyone who participates in the demonstrations.",mean,0.0
control,46,"On 10 May Israeli authorities called residents in al-Zaim, threatening to confiscate the blue Jerusalem ID cards of anyone who participates in the demonstrations.",max,0.0
control,46,"On 10 May Israeli authorities called residents in al-Zaim, threatening to confiscate the blue Jerusalem ID cards of anyone who participates in the demonstrations.",last,0.0
control,47,"Under Soviet leader Josef Stalin, Eastern Catholic churches were handed over to the Russian Orthodox Church.",mean,0.0
control,47,"Under Soviet leader Josef Stalin, Eastern Catholic churches were handed over to the Russian Orthodox Church.",max,0.0
control,47,"Under Soviet leader Josef Stalin, Eastern Catholic churches were handed over to the Russian Orthodox Church.",last,0.0
control,48,"In particular, that’s the case for Halcyon 6, the game that was kickstarted for $187,706 CAD, despite only targetting $40,000 CAD.",mean,4.695295810699463
control,48,"In particular, that’s the case for Halcyon 6, the game that was kickstarted for $187,706 CAD, despite only targetting $40,000 CAD.",max,38.26569366455078
control,48,"In particular, that’s the case for Halcyon 6, the game that was kickstarted for $187,706 CAD, despite only targetting $40,000 CAD.",last,21.807157516479492
control,49,"0 SHARES Facebook Twitter Google Whatsapp Pinterest Print Mail Flipboard

Sen. Bernie Sanders is calling out Hillary Clinton for being concerned about climate change, but refusing to take a stand against Keystone XL.",mean,1.2498611211776733
control,49,"0 SHARES Facebook Twitter Google Whatsapp Pinterest Print Mail Flipboard

Sen. Bernie Sanders is calling out Hillary Clinton for being concerned about climate change, but refusing to take a stand against Keystone XL.",max,23.538833618164062
control,49,"0 SHARES Facebook Twitter Google Whatsapp Pinterest Print Mail Flipboard

Sen. Bernie Sanders is calling out Hillary Clinton for being concerned about climate change, but refusing to take a stand against Keystone XL.",last,9.411019325256348
control,50,"We do know al-Qaeda and the Islamic—

GREGG JARRETT: Yeah.",mean,0.0
control,50,"We do know al-Qaeda and the Islamic—

GREGG JARRETT: Yeah.",max,0.0
control,50,"We do know al-Qaeda and the Islamic—

GREGG JARRETT: Yeah.",last,0.0
control,51,"It is a disgusting practice that must, with the help of outspoken individuals like Ambassador Haley (and a united Senate), come to an end.",mean,0.0
control,51,"It is a disgusting practice that must, with the help of outspoken individuals like Ambassador Haley (and a united Senate), come to an end.",max,0.0
control,51,"It is a disgusting practice that must, with the help of outspoken individuals like Ambassador Haley (and a united Senate), come to an end.",last,0.0
control,52,"""Applejack thought.Still, Magnolia was happy, and Rarity was happy, and that was almost enough for Applejack to hold back a wince as another hank of purple hair was crudely slashed off.",mean,0.0
control,52,"""Applejack thought.Still, Magnolia was happy, and Rarity was happy, and that was almost enough for Applejack to hold back a wince as another hank of purple hair was crudely slashed off.",max,0.0
control,52,"""Applejack thought.Still, Magnolia was happy, and Rarity was happy, and that was almost enough for Applejack to hold back a wince as another hank of purple hair was crudely slashed off.",last,0.0
control,53,"When I say ""move"", I also mean that you don't slow down or get sped up at any time, and that you don't veer to one side at all.",mean,0.0
control,53,"When I say ""move"", I also mean that you don't slow down or get sped up at any time, and that you don't veer to one side at all.",max,0.0
control,53,"When I say ""move"", I also mean that you don't slow down or get sped up at any time, and that you don't veer to one side at all.",last,0.0
control,54,"Religious philosophy: not so gud, akshually.",mean,0.0
control,54,"Religious philosophy: not so gud, akshually.",max,0.0
control,54,"Religious philosophy: not so gud, akshually.",last,0.0
control,55,"When Ron Miscavige brings out his book on May 3, he won’t have to wait for the same treatment.",mean,0.0
control,55,"When Ron Miscavige brings out his book on May 3, he won’t have to wait for the same treatment.",max,0.0
control,55,"When Ron Miscavige brings out his book on May 3, he won’t have to wait for the same treatment.",last,0.0
control,56,Are you intrigued yet?,mean,0.0
control,56,Are you intrigued yet?,max,0.0
control,56,Are you intrigued yet?,last,0.0
control,57,"background, window decoration, tooltips)

change sizes of widgets (e.g.",mean,0.0
control,57,"background, window decoration, tooltips)

change sizes of widgets (e.g.",max,0.0
control,57,"background, window decoration, tooltips)

change sizes of widgets (e.g.",last,0.0
control,58,regarding designing ships from scratch.,mean,0.0
control,58,regarding designing ships from scratch.,max,0.0
control,58,regarding designing ships from scratch.,last,0.0
control,59,"http://toronto.nooneisillegal.org/node/422

** May Day Festival 2010 **

On May 1, over 200 people gathered for It Will Work!, Mayworks closing party in partnership with No One Is Illegal.",mean,23.60381317138672
control,59,"http://toronto.nooneisillegal.org/node/422

** May Day Festival 2010 **

On May 1, over 200 people gathered for It Will Work!, Mayworks closing party in partnership with No One Is Illegal.",max,80.35266876220703
control,59,"http://toronto.nooneisillegal.org/node/422

** May Day Festival 2010 **

On May 1, over 200 people gathered for It Will Work!, Mayworks closing party in partnership with No One Is Illegal.",last,31.917911529541016
control,60,We have been talking with a lot of soccer fans around town who would love to see professional soccer in Baltimore.,mean,0.0
control,60,We have been talking with a lot of soccer fans around town who would love to see professional soccer in Baltimore.,max,0.0
control,60,We have been talking with a lot of soccer fans around town who would love to see professional soccer in Baltimore.,last,0.0
control,61,Todd Kelly’s brand new Nissan Altima will sport an eye-catching new colour scheme in the Virgin Australia Supercars Championship this season.,mean,0.0
control,61,Todd Kelly’s brand new Nissan Altima will sport an eye-catching new colour scheme in the Virgin Australia Supercars Championship this season.,max,0.0
control,61,Todd Kelly’s brand new Nissan Altima will sport an eye-catching new colour scheme in the Virgin Australia Supercars Championship this season.,last,0.0
control,62,"It would have required throwing the explosive or incendiary device out of the cockpit without hitting the plane’s lower wing span or, in the case of an incendiary, catching the plane on fire.",mean,0.0
control,62,"It would have required throwing the explosive or incendiary device out of the cockpit without hitting the plane’s lower wing span or, in the case of an incendiary, catching the plane on fire.",max,0.0
control,62,"It would have required throwing the explosive or incendiary device out of the cockpit without hitting the plane’s lower wing span or, in the case of an incendiary, catching the plane on fire.",last,0.0
control,63,"John Smith (US: John Doe) is the same in Hungarian; Kovács János or Gipsz Jakab (John Smith or Jake Gypsum, or Jakob Gipsch, with given name last, the Hungarian standard).",mean,0.0
control,63,"John Smith (US: John Doe) is the same in Hungarian; Kovács János or Gipsz Jakab (John Smith or Jake Gypsum, or Jakob Gipsch, with given name last, the Hungarian standard).",max,0.0
control,63,"John Smith (US: John Doe) is the same in Hungarian; Kovács János or Gipsz Jakab (John Smith or Jake Gypsum, or Jakob Gipsch, with given name last, the Hungarian standard).",last,0.0
control,64,"The NDP lost one-third of its support from 2011 and dropped to just 16 seats in what was its 59-seat Quebec power base, while losing all its Atlantic and Toronto MPs.",mean,40.737945556640625
control,64,"The NDP lost one-third of its support from 2011 and dropped to just 16 seats in what was its 59-seat Quebec power base, while losing all its Atlantic and Toronto MPs.",max,88.17823028564453
control,64,"The NDP lost one-third of its support from 2011 and dropped to just 16 seats in what was its 59-seat Quebec power base, while losing all its Atlantic and Toronto MPs.",last,88.17823028564453
control,65,But Moyes may now be forced to face Premier League leaders Arsenal without a specialist right back if the youngster fails to respond to treatment this week.,mean,0.0
control,65,But Moyes may now be forced to face Premier League leaders Arsenal without a specialist right back if the youngster fails to respond to treatment this week.,max,0.0
control,65,But Moyes may now be forced to face Premier League leaders Arsenal without a specialist right back if the youngster fails to respond to treatment this week.,last,0.0
control,66,"“It honestly makes me want to vomit,” Hill says.",mean,0.0
control,66,"“It honestly makes me want to vomit,” Hill says.",max,0.0
control,66,"“It honestly makes me want to vomit,” Hill says.",last,0.0
control,67,"‘That’s unfair,’ he’d say.",mean,0.0
control,67,"‘That’s unfair,’ he’d say.",max,0.0
control,67,"‘That’s unfair,’ he’d say.",last,0.0
control,68,Ullr’s prime objective in the mid game remains securing Gold Fury and towers off the backfoot of rotations and team fights.,mean,0.0
control,68,Ullr’s prime objective in the mid game remains securing Gold Fury and towers off the backfoot of rotations and team fights.,max,0.0
control,68,Ullr’s prime objective in the mid game remains securing Gold Fury and towers off the backfoot of rotations and team fights.,last,0.0
control,69,Barrett.,mean,0.0
control,69,Barrett.,max,0.0
control,69,Barrett.,last,0.0
control,70,"So, if you’re buying a laptop that features hardware devices (mainly CPU & the GPU) that have been very recently released, then it’s better to wait 2 or 3 months before buying the laptop to see if there are any major issues in ‘Linux’.",mean,0.0
control,70,"So, if you’re buying a laptop that features hardware devices (mainly CPU & the GPU) that have been very recently released, then it’s better to wait 2 or 3 months before buying the laptop to see if there are any major issues in ‘Linux’.",max,0.0
control,70,"So, if you’re buying a laptop that features hardware devices (mainly CPU & the GPU) that have been very recently released, then it’s better to wait 2 or 3 months before buying the laptop to see if there are any major issues in ‘Linux’.",last,0.0
control,71,"That said, not everyone hated Bush's address, especially after the follow-up Q&A.",mean,0.0
control,71,"That said, not everyone hated Bush's address, especially after the follow-up Q&A.",max,0.0
control,71,"That said, not everyone hated Bush's address, especially after the follow-up Q&A.",last,0.0
control,72,She was not hurt.,mean,0.0
control,72,She was not hurt.,max,0.0
control,72,She was not hurt.,last,0.0
control,73,"“I support generally what he’s doing, and he’s off to a roaring start,” said Chaffetz, who might try to run for Senate in 2018.",mean,0.0
control,73,"“I support generally what he’s doing, and he’s off to a roaring start,” said Chaffetz, who might try to run for Senate in 2018.",max,0.0
control,73,"“I support generally what he’s doing, and he’s off to a roaring start,” said Chaffetz, who might try to run for Senate in 2018.",last,0.0
control,74,None of them were BBB members.,mean,0.0
control,74,None of them were BBB members.,max,0.0
control,74,None of them were BBB members.,last,0.0
control,75,"PARIS, France — French far-right leader Marine Le Pen would win the first round of presidential elections in 2017, beating Socialist incumbent Francois Hollande and any candidate from the right, an opinion poll said Friday.",mean,0.0
control,75,"PARIS, France — French far-right leader Marine Le Pen would win the first round of presidential elections in 2017, beating Socialist incumbent Francois Hollande and any candidate from the right, an opinion poll said Friday.",max,0.0
control,75,"PARIS, France — French far-right leader Marine Le Pen would win the first round of presidential elections in 2017, beating Socialist incumbent Francois Hollande and any candidate from the right, an opinion poll said Friday.",last,0.0
control,76,Clinton couldn't have said it better herself.,mean,0.0
control,76,Clinton couldn't have said it better herself.,max,0.0
control,76,Clinton couldn't have said it better herself.,last,0.0
control,77,"22:21, Rom.",mean,0.0
control,77,"22:21, Rom.",max,0.0
control,77,"22:21, Rom.",last,0.0
control,78,"#debate pic.twitter.com/V4eEIjnMlG — Frank Luntz (@FrankLuntz) October 10, 2016

The pundits are saying Trump's ""special prosecutor"" line was the worst part of the #debate.",mean,0.0
control,78,"#debate pic.twitter.com/V4eEIjnMlG — Frank Luntz (@FrankLuntz) October 10, 2016

The pundits are saying Trump's ""special prosecutor"" line was the worst part of the #debate.",max,0.0
control,78,"#debate pic.twitter.com/V4eEIjnMlG — Frank Luntz (@FrankLuntz) October 10, 2016

The pundits are saying Trump's ""special prosecutor"" line was the worst part of the #debate.",last,0.0
control,79,"This paper does not address the possibility that there are other minds outside of Earth, though if we were to learn about them, we certainly would have an obligation to reduce their suffering.",mean,0.0
control,79,"This paper does not address the possibility that there are other minds outside of Earth, though if we were to learn about them, we certainly would have an obligation to reduce their suffering.",max,0.0
control,79,"This paper does not address the possibility that there are other minds outside of Earth, though if we were to learn about them, we certainly would have an obligation to reduce their suffering.",last,0.0
control,80,"In an era when going the distance was all the rage, sprint races kept the action short and sweet.",mean,0.0
control,80,"In an era when going the distance was all the rage, sprint races kept the action short and sweet.",max,0.0
control,80,"In an era when going the distance was all the rage, sprint races kept the action short and sweet.",last,0.0
control,81,Did he know who the author Abu Sulayman al-Nasir was?,mean,0.0
control,81,Did he know who the author Abu Sulayman al-Nasir was?,max,0.0
control,81,Did he know who the author Abu Sulayman al-Nasir was?,last,0.0
control,82,"Arizona, Colorado and Maine are considering phased-in $12 hourly minimum wages by 2020.",mean,0.0
control,82,"Arizona, Colorado and Maine are considering phased-in $12 hourly minimum wages by 2020.",max,0.0
control,82,"Arizona, Colorado and Maine are considering phased-in $12 hourly minimum wages by 2020.",last,0.0
control,83,"In its dying days, the Conservative government went on an appointment spree, filling every available position and making 49 ""future appointments.""",mean,10.561787605285645
control,83,"In its dying days, the Conservative government went on an appointment spree, filling every available position and making 49 ""future appointments.""",max,46.00496292114258
control,83,"In its dying days, the Conservative government went on an appointment spree, filling every available position and making 49 ""future appointments.""",last,46.00496292114258
control,84,"Many of the studies reviewed focused on aggregate food categories, with little (if any) consideration for disentangling healthier and less healthy options within categories.",mean,0.0
control,84,"Many of the studies reviewed focused on aggregate food categories, with little (if any) consideration for disentangling healthier and less healthy options within categories.",max,0.0
control,84,"Many of the studies reviewed focused on aggregate food categories, with little (if any) consideration for disentangling healthier and less healthy options within categories.",last,0.0
control,85,"As promised, Google has finally brought the Google Play store to Chrome OS.",mean,0.0
control,85,"As promised, Google has finally brought the Google Play store to Chrome OS.",max,0.0
control,85,"As promised, Google has finally brought the Google Play store to Chrome OS.",last,0.0
control,86,"App Installation : search for ‘opensprinkler’ in iOS App Store, Android Play Store, or Windows Phone Store, and you should be able to find and install the app.",mean,0.0
control,86,"App Installation : search for ‘opensprinkler’ in iOS App Store, Android Play Store, or Windows Phone Store, and you should be able to find and install the app.",max,0.0
control,86,"App Installation : search for ‘opensprinkler’ in iOS App Store, Android Play Store, or Windows Phone Store, and you should be able to find and install the app.",last,0.0
control,87,A peace supporter wastes their vote in these states by voting for a militarist candidate.,mean,0.4739242196083069
control,87,A peace supporter wastes their vote in these states by voting for a militarist candidate.,max,8.530635833740234
control,87,A peace supporter wastes their vote in these states by voting for a militarist candidate.,last,0.0
control,88,"If you just have two cable boxes, you will be paying $192 a year for electrical alone.",mean,0.0
control,88,"If you just have two cable boxes, you will be paying $192 a year for electrical alone.",max,0.0
control,88,"If you just have two cable boxes, you will be paying $192 a year for electrical alone.",last,0.0
control,89,"""I don't know how when you're miserable,"" she answered one of the conversation's dual meanings.",mean,0.0
control,89,"""I don't know how when you're miserable,"" she answered one of the conversation's dual meanings.",max,0.0
control,89,"""I don't know how when you're miserable,"" she answered one of the conversation's dual meanings.",last,0.0
control,90,"So, I decided to write a story with more mature characters, more detailed art and a unique and fleshed-out fantasy world that was lighthearted, yet contained themes of dark fantasy.",mean,0.0
control,90,"So, I decided to write a story with more mature characters, more detailed art and a unique and fleshed-out fantasy world that was lighthearted, yet contained themes of dark fantasy.",max,0.0
control,90,"So, I decided to write a story with more mature characters, more detailed art and a unique and fleshed-out fantasy world that was lighthearted, yet contained themes of dark fantasy.",last,0.0
control,91,"He had the unfortunate job of trying to stop Parker on defense, especially in the second half, and he still managed to put up 24 points on 9-of-13 shooting to keep his team close when Duke was in showcase mode.",mean,0.0
control,91,"He had the unfortunate job of trying to stop Parker on defense, especially in the second half, and he still managed to put up 24 points on 9-of-13 shooting to keep his team close when Duke was in showcase mode.",max,0.0
control,91,"He had the unfortunate job of trying to stop Parker on defense, especially in the second half, and he still managed to put up 24 points on 9-of-13 shooting to keep his team close when Duke was in showcase mode.",last,0.0
control,92,Note: Statements from Campbell’s and Nestle were received after first publication of this story and then added.,mean,0.9830981492996216
control,92,Note: Statements from Campbell’s and Nestle were received after first publication of this story and then added.,max,6.506071090698242
control,92,Note: Statements from Campbell’s and Nestle were received after first publication of this story and then added.,last,0.0
control,93,What does this have to do with TF2?,mean,0.0
control,93,What does this have to do with TF2?,max,0.0
control,93,What does this have to do with TF2?,last,0.0
control,94,"Evidently, we have yet to robbed of the things we (will learn to) cherish the most.",mean,0.0
control,94,"Evidently, we have yet to robbed of the things we (will learn to) cherish the most.",max,0.0
control,94,"Evidently, we have yet to robbed of the things we (will learn to) cherish the most.",last,0.0
control,95,The word ‘hydrophobic’ means that it avoids water.,mean,0.0
control,95,The word ‘hydrophobic’ means that it avoids water.,max,0.0
control,95,The word ‘hydrophobic’ means that it avoids water.,last,0.0
control,96,The Mexican government was outraged that he would involve himself in what it regards as a bilateral issue.,mean,0.28940364718437195
control,96,The Mexican government was outraged that he would involve himself in what it regards as a bilateral issue.,max,5.78807258605957
control,96,The Mexican government was outraged that he would involve himself in what it regards as a bilateral issue.,last,0.0
control,97,url ; const password = options .,mean,0.0
control,97,url ; const password = options .,max,0.0
control,97,url ; const password = options .,last,0.0
control,98,He objects to the idea that functional aspects in biological systems can be investigated via a material focus.,mean,0.0
control,98,He objects to the idea that functional aspects in biological systems can be investigated via a material focus.,max,0.0
control,98,He objects to the idea that functional aspects in biological systems can be investigated via a material focus.,last,0.0
control,99,"What's more, there aren't going to be any Hall of Famers here, so you can't even fudge it.",mean,0.0
control,99,"What's more, there aren't going to be any Hall of Famers here, so you can't even fudge it.",max,0.0
control,99,"What's more, there aren't going to be any Hall of Famers here, so you can't even fudge it.",last,0.0
control,100,"In retirement, she was president of APNM (Association for the Publication of New Music) and produced a number of CDs of her own performances, as well as the compositions of her late husband Godfrey Winham, and her friend Arlene Zallman.",mean,0.07353407889604568
control,100,"In retirement, she was president of APNM (Association for the Publication of New Music) and produced a number of CDs of her own performances, as well as the compositions of her late husband Godfrey Winham, and her friend Arlene Zallman.",max,3.897306203842163
control,100,"In retirement, she was president of APNM (Association for the Publication of New Music) and produced a number of CDs of her own performances, as well as the compositions of her late husband Godfrey Winham, and her friend Arlene Zallman.",last,0.0
control,101,"This video of a 9-year-old Khabib Nurmagomedov wrestling a bear made the rounds of the internet with a fair degree of humor attached, but let's take it seriously for a moment as an artifact of a particular kind of culture.",mean,0.0
control,101,"This video of a 9-year-old Khabib Nurmagomedov wrestling a bear made the rounds of the internet with a fair degree of humor attached, but let's take it seriously for a moment as an artifact of a particular kind of culture.",max,0.0
control,101,"This video of a 9-year-old Khabib Nurmagomedov wrestling a bear made the rounds of the internet with a fair degree of humor attached, but let's take it seriously for a moment as an artifact of a particular kind of culture.",last,0.0
control,102,I was beyond shocked.,mean,0.0
control,102,I was beyond shocked.,max,0.0
control,102,I was beyond shocked.,last,0.0
control,103,"Crosses and statues jutting from tomb surfaces cast contrasting shadows, adding to the sense of mystery.",mean,0.0
control,103,"Crosses and statues jutting from tomb surfaces cast contrasting shadows, adding to the sense of mystery.",max,0.0
control,103,"Crosses and statues jutting from tomb surfaces cast contrasting shadows, adding to the sense of mystery.",last,0.0
control,104,why did it take me half a day to fix it?,mean,0.0
control,104,why did it take me half a day to fix it?,max,0.0
control,104,why did it take me half a day to fix it?,last,0.0
control,105,"I thought if you just loosened up some of the restrictions that are on Kinect games, and stop thinking about them in the way that we normally think... We think of them in terms of these goals and objectives that can be demanding on the player, because the buttons on the controller are so accurate.",mean,0.05859119072556496
control,105,"I thought if you just loosened up some of the restrictions that are on Kinect games, and stop thinking about them in the way that we normally think... We think of them in terms of these goals and objectives that can be demanding on the player, because the buttons on the controller are so accurate.",max,3.5740628242492676
control,105,"I thought if you just loosened up some of the restrictions that are on Kinect games, and stop thinking about them in the way that we normally think... We think of them in terms of these goals and objectives that can be demanding on the player, because the buttons on the controller are so accurate.",last,0.0
control,106,They stared at each other for what seemed like an hour.,mean,0.0
control,106,They stared at each other for what seemed like an hour.,max,0.0
control,106,They stared at each other for what seemed like an hour.,last,0.0
control,107,"• University of Michigan-Flint, up 4.9 percent.",mean,0.0
control,107,"• University of Michigan-Flint, up 4.9 percent.",max,0.0
control,107,"• University of Michigan-Flint, up 4.9 percent.",last,0.0
control,108,"While Washington, state capitols, and large corporations win, taxpayers, consumers, and small business owners lose.",mean,0.0
control,108,"While Washington, state capitols, and large corporations win, taxpayers, consumers, and small business owners lose.",max,0.0
control,108,"While Washington, state capitols, and large corporations win, taxpayers, consumers, and small business owners lose.",last,0.0
control,109,Oklahoma health officials said immigrant children housed at Fort Sill who had communicable diseases were quarantined.,mean,0.0
control,109,Oklahoma health officials said immigrant children housed at Fort Sill who had communicable diseases were quarantined.,max,0.0
control,109,Oklahoma health officials said immigrant children housed at Fort Sill who had communicable diseases were quarantined.,last,0.0
control,110,"You saw the sticks, you could see them putting wrenches into their sleeves.",mean,0.0
control,110,"You saw the sticks, you could see them putting wrenches into their sleeves.",max,0.0
control,110,"You saw the sticks, you could see them putting wrenches into their sleeves.",last,0.0
control,111,"Then there's the IBM Selectric, an electric typewriter that introduced a major technological advancement.",mean,0.0
control,111,"Then there's the IBM Selectric, an electric typewriter that introduced a major technological advancement.",max,0.0
control,111,"Then there's the IBM Selectric, an electric typewriter that introduced a major technological advancement.",last,0.0
control,112,Unfortunately this can be tricky to get right.,mean,0.0
control,112,Unfortunately this can be tricky to get right.,max,0.0
control,112,Unfortunately this can be tricky to get right.,last,0.0
control,113,"So here it is: Phyllis, you are beautiful.",mean,0.0
control,113,"So here it is: Phyllis, you are beautiful.",max,0.0
control,113,"So here it is: Phyllis, you are beautiful.",last,0.0
control,114,"The son of a Pashtun father and a Tajik mother, he represents Afghanistan’s two largest ethnic groups.",mean,0.0
control,114,"The son of a Pashtun father and a Tajik mother, he represents Afghanistan’s two largest ethnic groups.",max,0.0
control,114,"The son of a Pashtun father and a Tajik mother, he represents Afghanistan’s two largest ethnic groups.",last,0.0
control,115,"SEE ALSO :Chinese ""Ivory Queen"" smuggler sentenced to 15 years jail in Tanzania

Foreign Ministry spokesman Hong Lei described the report as ""groundless"" at a regular briefing in Beijing Thursday, adding that China was ""strongly dissatisfied"" with it.",mean,0.0
control,115,"SEE ALSO :Chinese ""Ivory Queen"" smuggler sentenced to 15 years jail in Tanzania

Foreign Ministry spokesman Hong Lei described the report as ""groundless"" at a regular briefing in Beijing Thursday, adding that China was ""strongly dissatisfied"" with it.",max,0.0
control,115,"SEE ALSO :Chinese ""Ivory Queen"" smuggler sentenced to 15 years jail in Tanzania

Foreign Ministry spokesman Hong Lei described the report as ""groundless"" at a regular briefing in Beijing Thursday, adding that China was ""strongly dissatisfied"" with it.",last,0.0
control,116,"If this squad fails, what would that say about Löw?",mean,0.0
control,116,"If this squad fails, what would that say about Löw?",max,0.0
control,116,"If this squad fails, what would that say about Löw?",last,0.0
control,117,"Underwood also uses Russo in a plot to end a teachers' strike and pass an education bill, which improves Underwood's standing with Walker.",mean,0.0
control,117,"Underwood also uses Russo in a plot to end a teachers' strike and pass an education bill, which improves Underwood's standing with Walker.",max,0.0
control,117,"Underwood also uses Russo in a plot to end a teachers' strike and pass an education bill, which improves Underwood's standing with Walker.",last,0.0
control,118,"""And how'd that go?""",mean,0.0
control,118,"""And how'd that go?""",max,0.0
control,118,"""And how'd that go?""",last,0.0
control,119,"Where are the Generators?¶ I can only speculate but it seems self evident, OCaml doesn’t have native support for generators because it doesn’t really need it.",mean,0.0
control,119,"Where are the Generators?¶ I can only speculate but it seems self evident, OCaml doesn’t have native support for generators because it doesn’t really need it.",max,0.0
control,119,"Where are the Generators?¶ I can only speculate but it seems self evident, OCaml doesn’t have native support for generators because it doesn’t really need it.",last,0.0
control,120,“value” is a partially-evaluated interpret_value_instruction .,mean,0.0
control,120,“value” is a partially-evaluated interpret_value_instruction .,max,0.0
control,120,“value” is a partially-evaluated interpret_value_instruction .,last,0.0
control,121,The Campaign of the Century: Upton Sinclair and the EPIC Campaign in California.,mean,0.0
control,121,The Campaign of the Century: Upton Sinclair and the EPIC Campaign in California.,max,0.0
control,121,The Campaign of the Century: Upton Sinclair and the EPIC Campaign in California.,last,0.0
control,122,"1977

Brooks Vantage, with a “varus wedge” (higher arch side for more support), ranks #1 in RW’s annual guide.",mean,0.0
control,122,"1977

Brooks Vantage, with a “varus wedge” (higher arch side for more support), ranks #1 in RW’s annual guide.",max,0.0
control,122,"1977

Brooks Vantage, with a “varus wedge” (higher arch side for more support), ranks #1 in RW’s annual guide.",last,0.0
control,123,"But former Tory leader Iain Duncan Smith, one of six cabinet ministers campaigning for the UK to leave the EU, said the UK's membership exposed it to greater security risks.",mean,0.16866634786128998
control,123,"But former Tory leader Iain Duncan Smith, one of six cabinet ministers campaigning for the UK to leave the EU, said the UK's membership exposed it to greater security risks.",max,6.071988582611084
control,123,"But former Tory leader Iain Duncan Smith, one of six cabinet ministers campaigning for the UK to leave the EU, said the UK's membership exposed it to greater security risks.",last,0.0
control,124,Francis said on Tuesday he hoped his visit could be a “consolation and ... encouragement to all Christians in the Middle East”.,mean,0.0
control,124,Francis said on Tuesday he hoped his visit could be a “consolation and ... encouragement to all Christians in the Middle East”.,max,0.0
control,124,Francis said on Tuesday he hoped his visit could be a “consolation and ... encouragement to all Christians in the Middle East”.,last,0.0
control,125,"When video game historians look back on their medium’s history, they won’t want to remember 2014.",mean,0.0
control,125,"When video game historians look back on their medium’s history, they won’t want to remember 2014.",max,0.0
control,125,"When video game historians look back on their medium’s history, they won’t want to remember 2014.",last,0.0
control,126,"The assignment of fresh meaning to the sentence as a whole results from a more local assignment of fresh meaning to one or more of the sentence’s constituent words or phrases, the ones we take metaphorically, the focal words or phrases.",mean,0.0
control,126,"The assignment of fresh meaning to the sentence as a whole results from a more local assignment of fresh meaning to one or more of the sentence’s constituent words or phrases, the ones we take metaphorically, the focal words or phrases.",max,0.0
control,126,"The assignment of fresh meaning to the sentence as a whole results from a more local assignment of fresh meaning to one or more of the sentence’s constituent words or phrases, the ones we take metaphorically, the focal words or phrases.",last,0.0
control,127,"Meanwhile, I have made inquiries in the fleshpots of Paris, and your feckless rascal of a husband is known here only as a dab hand at piquet even when deep in his cups, so I expect your union will be a happy one so long as you continue to avoid the card table.",mean,0.0
control,127,"Meanwhile, I have made inquiries in the fleshpots of Paris, and your feckless rascal of a husband is known here only as a dab hand at piquet even when deep in his cups, so I expect your union will be a happy one so long as you continue to avoid the card table.",max,0.0
control,127,"Meanwhile, I have made inquiries in the fleshpots of Paris, and your feckless rascal of a husband is known here only as a dab hand at piquet even when deep in his cups, so I expect your union will be a happy one so long as you continue to avoid the card table.",last,0.0
control,128,"The NEW problem I'm referring to: My recovered wallet now shows 110 ""LOL"" instead of the original and expected 100!",mean,0.0
control,128,"The NEW problem I'm referring to: My recovered wallet now shows 110 ""LOL"" instead of the original and expected 100!",max,0.0
control,128,"The NEW problem I'm referring to: My recovered wallet now shows 110 ""LOL"" instead of the original and expected 100!",last,0.0
control,129,"Mandatory Credit: Andrew Weber-USA TODAY Sports

Two weeks after the California courts released nearly 500 pages of documents relating to Todd McNair’s defamation lawsuit against the NCAA and USC athletic director Pat Haden issued a harsh statement blasting the NCAA for breaking its own rules, the Trojan response to the NCAA sanctions is only heating up.",mean,0.0
control,129,"Mandatory Credit: Andrew Weber-USA TODAY Sports

Two weeks after the California courts released nearly 500 pages of documents relating to Todd McNair’s defamation lawsuit against the NCAA and USC athletic director Pat Haden issued a harsh statement blasting the NCAA for breaking its own rules, the Trojan response to the NCAA sanctions is only heating up.",max,0.0
control,129,"Mandatory Credit: Andrew Weber-USA TODAY Sports

Two weeks after the California courts released nearly 500 pages of documents relating to Todd McNair’s defamation lawsuit against the NCAA and USC athletic director Pat Haden issued a harsh statement blasting the NCAA for breaking its own rules, the Trojan response to the NCAA sanctions is only heating up.",last,0.0
control,130,First Secretary Vezirov decamped to Moscow and Ayaz Mutalibov was appointed his successor in a free vote of party officials.,mean,0.0
control,130,First Secretary Vezirov decamped to Moscow and Ayaz Mutalibov was appointed his successor in a free vote of party officials.,max,0.0
control,130,First Secretary Vezirov decamped to Moscow and Ayaz Mutalibov was appointed his successor in a free vote of party officials.,last,0.0
control,131,The younger male partner may not want to become a step-father to existing children.,mean,0.0
control,131,The younger male partner may not want to become a step-father to existing children.,max,0.0
control,131,The younger male partner may not want to become a step-father to existing children.,last,0.0
control,132,The dystopian visions of Orwell and Huxley were not that far off the mark.,mean,0.0
control,132,The dystopian visions of Orwell and Huxley were not that far off the mark.,max,0.0
control,132,The dystopian visions of Orwell and Huxley were not that far off the mark.,last,0.0
control,133,He was smiling ear to ear.,mean,0.0
control,133,He was smiling ear to ear.,max,0.0
control,133,He was smiling ear to ear.,last,0.0
control,134,"“What we do know is that a major accident involving a tanker carrying approximately 9,000 gallons of gas was rear-ended by a trash truck at approximately 45 mph,” Rincon City Manager Wesley Corbitt told SavannahNow.",mean,0.2586548924446106
control,134,"“What we do know is that a major accident involving a tanker carrying approximately 9,000 gallons of gas was rear-ended by a trash truck at approximately 45 mph,” Rincon City Manager Wesley Corbitt told SavannahNow.",max,6.844540119171143
control,134,"“What we do know is that a major accident involving a tanker carrying approximately 9,000 gallons of gas was rear-ended by a trash truck at approximately 45 mph,” Rincon City Manager Wesley Corbitt told SavannahNow.",last,0.0
control,135,"Thanks to the deal with Microsoft, additional capital allowed Seattle Computer to expand its memory business into providing additional memory for PC products.",mean,0.0
control,135,"Thanks to the deal with Microsoft, additional capital allowed Seattle Computer to expand its memory business into providing additional memory for PC products.",max,0.0
control,135,"Thanks to the deal with Microsoft, additional capital allowed Seattle Computer to expand its memory business into providing additional memory for PC products.",last,0.0
control,136,"“As you say, it will come in big drops.",mean,0.0
control,136,"“As you say, it will come in big drops.",max,0.0
control,136,"“As you say, it will come in big drops.",last,0.0
control,137,"In the Facebook Group Annapolis Green, a member posted a fundraising campaign underway by the MPN.",mean,0.0
control,137,"In the Facebook Group Annapolis Green, a member posted a fundraising campaign underway by the MPN.",max,0.0
control,137,"In the Facebook Group Annapolis Green, a member posted a fundraising campaign underway by the MPN.",last,0.0
control,138,Spot and croaker are still not in full summertime mode.,mean,0.0
control,138,Spot and croaker are still not in full summertime mode.,max,0.0
control,138,Spot and croaker are still not in full summertime mode.,last,0.0
control,139,"She later added that, given the boy's intelligence, he could aspire to any job he might want, and implored him to make friends and ""reengage with the real world.""",mean,0.0
control,139,"She later added that, given the boy's intelligence, he could aspire to any job he might want, and implored him to make friends and ""reengage with the real world.""",max,0.0
control,139,"She later added that, given the boy's intelligence, he could aspire to any job he might want, and implored him to make friends and ""reengage with the real world.""",last,0.0
control,140,"So taking into consideration the economic policy

01:40 put in place by France; I think there are forms

01:44 of reparations more subtle than financial ones.",mean,0.0
control,140,"So taking into consideration the economic policy

01:40 put in place by France; I think there are forms

01:44 of reparations more subtle than financial ones.",max,0.0
control,140,"So taking into consideration the economic policy

01:40 put in place by France; I think there are forms

01:44 of reparations more subtle than financial ones.",last,0.0
control,141,"Mahiro immediately corrects them, saying she's merely trapped in another dimension, and a short scene from episode 6 showing Nyarko destroying the room changing device to also show she's not dead.",mean,0.0
control,141,"Mahiro immediately corrects them, saying she's merely trapped in another dimension, and a short scene from episode 6 showing Nyarko destroying the room changing device to also show she's not dead.",max,0.0
control,141,"Mahiro immediately corrects them, saying she's merely trapped in another dimension, and a short scene from episode 6 showing Nyarko destroying the room changing device to also show she's not dead.",last,0.0
control,142,"Eco Lecom

Eco Lecom website uses beautiful and elegant watercolor paintings of plants and birds as decoration, creating a relaxing feel for the site.",mean,0.0
control,142,"Eco Lecom

Eco Lecom website uses beautiful and elegant watercolor paintings of plants and birds as decoration, creating a relaxing feel for the site.",max,0.0
control,142,"Eco Lecom

Eco Lecom website uses beautiful and elegant watercolor paintings of plants and birds as decoration, creating a relaxing feel for the site.",last,0.0
control,143,"And so, just to remind folks that we're here, we will have to continue to march in parades and sing ""Somewhere Over the Rainbow.""",mean,0.0
control,143,"And so, just to remind folks that we're here, we will have to continue to march in parades and sing ""Somewhere Over the Rainbow.""",max,0.0
control,143,"And so, just to remind folks that we're here, we will have to continue to march in parades and sing ""Somewhere Over the Rainbow.""",last,0.0
control,144,"Oscar Pareja's coaching has evolved and matured quite a bit between the two seasons as well, which has helped prevent quite as many heartbreakers as we saw last year.",mean,0.0
control,144,"Oscar Pareja's coaching has evolved and matured quite a bit between the two seasons as well, which has helped prevent quite as many heartbreakers as we saw last year.",max,0.0
control,144,"Oscar Pareja's coaching has evolved and matured quite a bit between the two seasons as well, which has helped prevent quite as many heartbreakers as we saw last year.",last,0.0
control,145,"Blake said, getting all their attentions.",mean,0.0
control,145,"Blake said, getting all their attentions.",max,0.0
control,145,"Blake said, getting all their attentions.",last,0.0
control,146,"Beitashour makes probing runs down the right flank, and like his teammate on the other side of the midfield, he’s known for his positioning, defensive awareness and consistent play.",mean,1.3516287803649902
control,146,"Beitashour makes probing runs down the right flank, and like his teammate on the other side of the midfield, he’s known for his positioning, defensive awareness and consistent play.",max,9.524160385131836
control,146,"Beitashour makes probing runs down the right flank, and like his teammate on the other side of the midfield, he’s known for his positioning, defensive awareness and consistent play.",last,5.769143581390381
control,147,"To obtain the bulk of the available driver-assist safety features, you’ll need to look at the Pathfinder SL.",mean,0.0
control,147,"To obtain the bulk of the available driver-assist safety features, you’ll need to look at the Pathfinder SL.",max,0.0
control,147,"To obtain the bulk of the available driver-assist safety features, you’ll need to look at the Pathfinder SL.",last,0.0
control,148,You can dismiss this spell and return the bow to its original state as a bonus action.,mean,0.0
control,148,You can dismiss this spell and return the bow to its original state as a bonus action.,max,0.0
control,148,You can dismiss this spell and return the bow to its original state as a bonus action.,last,0.0
control,149,"It caused minor damage to buildings in Trinidad, Colorado, about 15 miles from the epicenter.",mean,0.2775457501411438
control,149,"It caused minor damage to buildings in Trinidad, Colorado, about 15 miles from the epicenter.",max,5.828460693359375
control,149,"It caused minor damage to buildings in Trinidad, Colorado, about 15 miles from the epicenter.",last,0.0
control,150,[HT @HistoricalRyan],mean,0.0
control,150,[HT @HistoricalRyan],max,0.0
control,150,[HT @HistoricalRyan],last,0.0
control,151,"When we recall the past, what do we recall?",mean,0.0
control,151,"When we recall the past, what do we recall?",max,0.0
control,151,"When we recall the past, what do we recall?",last,0.0
control,152,"A Brigham Young University study, tracing couples over two decades, found that more arguments correlated with poorer —and concluded that couples who don’t argue actually live longer.",mean,0.0
control,152,"A Brigham Young University study, tracing couples over two decades, found that more arguments correlated with poorer —and concluded that couples who don’t argue actually live longer.",max,0.0
control,152,"A Brigham Young University study, tracing couples over two decades, found that more arguments correlated with poorer —and concluded that couples who don’t argue actually live longer.",last,0.0
control,153,"""It is a huge deal,"" he said.",mean,0.37212613224983215
control,153,"""It is a huge deal,"" he said.",max,3.7212612628936768
control,153,"""It is a huge deal,"" he said.",last,3.7212612628936768
control,154,The absurdity is just too much.,mean,0.0
control,154,The absurdity is just too much.,max,0.0
control,154,The absurdity is just too much.,last,0.0
control,155,"Despite some early stumbles -- such as a squabble with the New York Times over its new ""super charger"" network and push back from traditional car dealers over its sales strategy -- Tesla seems to humming along, at least for now.",mean,0.0
control,155,"Despite some early stumbles -- such as a squabble with the New York Times over its new ""super charger"" network and push back from traditional car dealers over its sales strategy -- Tesla seems to humming along, at least for now.",max,0.0
control,155,"Despite some early stumbles -- such as a squabble with the New York Times over its new ""super charger"" network and push back from traditional car dealers over its sales strategy -- Tesla seems to humming along, at least for now.",last,0.0
control,156,"Here is his statement:

“It not infrequently happens that something about the earth…may be known with the greatest certainty by reasoning or by experience, even by one who is not a Christian.",mean,0.0
control,156,"Here is his statement:

“It not infrequently happens that something about the earth…may be known with the greatest certainty by reasoning or by experience, even by one who is not a Christian.",max,0.0
control,156,"Here is his statement:

“It not infrequently happens that something about the earth…may be known with the greatest certainty by reasoning or by experience, even by one who is not a Christian.",last,0.0
control,157,He went to Boston in 2007 to chase championships.,mean,0.0
control,157,He went to Boston in 2007 to chase championships.,max,0.0
control,157,He went to Boston in 2007 to chase championships.,last,0.0
control,158,It may make sense for some to sit on the couch.,mean,0.0
control,158,It may make sense for some to sit on the couch.,max,0.0
control,158,It may make sense for some to sit on the couch.,last,0.0
control,159,Bigly.,mean,0.0
control,159,Bigly.,max,0.0
control,159,Bigly.,last,0.0
control,160,"Though this year was not the ideal swan song for Clijsters, she was able to finally play for Belgium at the Olympics which she was not able to do in 2004 and 2008.",mean,0.0
control,160,"Though this year was not the ideal swan song for Clijsters, she was able to finally play for Belgium at the Olympics which she was not able to do in 2004 and 2008.",max,0.0
control,160,"Though this year was not the ideal swan song for Clijsters, she was able to finally play for Belgium at the Olympics which she was not able to do in 2004 and 2008.",last,0.0
control,161,The report projects a future in which the gas tax will fall farther and farther behind needs.,mean,0.0
control,161,The report projects a future in which the gas tax will fall farther and farther behind needs.,max,0.0
control,161,The report projects a future in which the gas tax will fall farther and farther behind needs.,last,0.0
control,162,"Israel's security cabinet had earlier authorised police to seal off or impose a curfew on parts of the city in a bid to stop ""those who try murder and...all those who assist them"".",mean,0.0
control,162,"Israel's security cabinet had earlier authorised police to seal off or impose a curfew on parts of the city in a bid to stop ""those who try murder and...all those who assist them"".",max,0.0
control,162,"Israel's security cabinet had earlier authorised police to seal off or impose a curfew on parts of the city in a bid to stop ""those who try murder and...all those who assist them"".",last,0.0
control,163,"“I adored my mother,” Rick says, “and she doted on me, especially in the early years.” When Rick got to high school, he says, “I felt like I was unfaithful to her if I thought of going out with a girl.” He had “no idea that you were supposed to grow up and develop and learn.” He saw his peers growing up and finding age-appropriate dates, and wondered what they had that he didn’t.",mean,0.0
control,163,"“I adored my mother,” Rick says, “and she doted on me, especially in the early years.” When Rick got to high school, he says, “I felt like I was unfaithful to her if I thought of going out with a girl.” He had “no idea that you were supposed to grow up and develop and learn.” He saw his peers growing up and finding age-appropriate dates, and wondered what they had that he didn’t.",max,0.0
control,163,"“I adored my mother,” Rick says, “and she doted on me, especially in the early years.” When Rick got to high school, he says, “I felt like I was unfaithful to her if I thought of going out with a girl.” He had “no idea that you were supposed to grow up and develop and learn.” He saw his peers growing up and finding age-appropriate dates, and wondered what they had that he didn’t.",last,0.0
control,164,"For example, we can extract a lot of data from the VHM service to help us understand how our vehicles are performing in the field and give us better insights to the types of improvements we need to make.",mean,0.0
control,164,"For example, we can extract a lot of data from the VHM service to help us understand how our vehicles are performing in the field and give us better insights to the types of improvements we need to make.",max,0.0
control,164,"For example, we can extract a lot of data from the VHM service to help us understand how our vehicles are performing in the field and give us better insights to the types of improvements we need to make.",last,0.0
control,165,The present tense is appropriate because the condition will persist indefinitely.,mean,0.0
control,165,The present tense is appropriate because the condition will persist indefinitely.,max,0.0
control,165,The present tense is appropriate because the condition will persist indefinitely.,last,0.0
control,166,"You start out with 50 Platinum which, inevitably, isn't enough to buy anything useful.",mean,0.0
control,166,"You start out with 50 Platinum which, inevitably, isn't enough to buy anything useful.",max,0.0
control,166,"You start out with 50 Platinum which, inevitably, isn't enough to buy anything useful.",last,0.0
control,167,"Others among these trees include fish eagles, storks and vervet monkeys.",mean,0.0
control,167,"Others among these trees include fish eagles, storks and vervet monkeys.",max,0.0
control,167,"Others among these trees include fish eagles, storks and vervet monkeys.",last,0.0
control,168,Palm Springs has three operating dispensaries and has approved a fourth that has not yet opened.,mean,0.0
control,168,Palm Springs has three operating dispensaries and has approved a fourth that has not yet opened.,max,0.0
control,168,Palm Springs has three operating dispensaries and has approved a fourth that has not yet opened.,last,0.0
control,169,This is just so much drivel.,mean,0.0
control,169,This is just so much drivel.,max,0.0
control,169,This is just so much drivel.,last,0.0
control,170,Endocannabinoids are cannabinoids naturally occurring in the body.,mean,0.0
control,170,Endocannabinoids are cannabinoids naturally occurring in the body.,max,0.0
control,170,Endocannabinoids are cannabinoids naturally occurring in the body.,last,0.0
control,171,Without Crescent Rose she felt vulnerable.,mean,0.0
control,171,Without Crescent Rose she felt vulnerable.,max,0.0
control,171,Without Crescent Rose she felt vulnerable.,last,0.0
control,172,"It also will “modernize the cultural test,” which will be expanded to allow for European as well as British culture.",mean,0.15957143902778625
control,172,"It also will “modernize the cultural test,” which will be expanded to allow for European as well as British culture.",max,3.989285945892334
control,172,"It also will “modernize the cultural test,” which will be expanded to allow for European as well as British culture.",last,3.989285945892334
control,173,"The first tranche of our investment capital was raised on Kiva.org, an innovative platform that allows anyone around the world lend to entrepreneurs from developing countries.",mean,0.0
control,173,"The first tranche of our investment capital was raised on Kiva.org, an innovative platform that allows anyone around the world lend to entrepreneurs from developing countries.",max,0.0
control,173,"The first tranche of our investment capital was raised on Kiva.org, an innovative platform that allows anyone around the world lend to entrepreneurs from developing countries.",last,0.0
control,174,17.,mean,0.0
control,174,17.,max,0.0
control,174,17.,last,0.0
control,175,In the end four teams climbed the route that day – an instant classic!,mean,0.0
control,175,In the end four teams climbed the route that day – an instant classic!,max,0.0
control,175,In the end four teams climbed the route that day – an instant classic!,last,0.0
control,176,"Jax tells him that he’s going to have to decide which side he’s going to fight on, and Nero says, “I’m tired of fighting.” He’s not tired enough, though; he chooses the Sons.",mean,0.0
control,176,"Jax tells him that he’s going to have to decide which side he’s going to fight on, and Nero says, “I’m tired of fighting.” He’s not tired enough, though; he chooses the Sons.",max,0.0
control,176,"Jax tells him that he’s going to have to decide which side he’s going to fight on, and Nero says, “I’m tired of fighting.” He’s not tired enough, though; he chooses the Sons.",last,0.0
control,177,The above original FairMormon response can be found here.,mean,0.0
control,177,The above original FairMormon response can be found here.,max,0.0
control,177,The above original FairMormon response can be found here.,last,0.0
control,178,"“And I haven’t been.”

The helmet-to-helmet collision with New England Patriots running back John Stephens on Oct. 22, 1989, left Fuller with two fractured vertebrae and torn nerves near his shoulder and neck.",mean,0.0
control,178,"“And I haven’t been.”

The helmet-to-helmet collision with New England Patriots running back John Stephens on Oct. 22, 1989, left Fuller with two fractured vertebrae and torn nerves near his shoulder and neck.",max,0.0
control,178,"“And I haven’t been.”

The helmet-to-helmet collision with New England Patriots running back John Stephens on Oct. 22, 1989, left Fuller with two fractured vertebrae and torn nerves near his shoulder and neck.",last,0.0
control,179,"Saying that “hatred” among many Muslims for Americans is “beyond comprehension,” Mr. Trump said in a statement that the United States needed to confront “where this hatred comes from and why.”

“Until we are able to determine and understand this problem and the dangerous threat it poses, our country cannot be the victims of horrendous attacks by people that believe only in jihad, and have no sense of reason or respect for human life,” Mr. Trump said.",mean,0.0
control,179,"Saying that “hatred” among many Muslims for Americans is “beyond comprehension,” Mr. Trump said in a statement that the United States needed to confront “where this hatred comes from and why.”

“Until we are able to determine and understand this problem and the dangerous threat it poses, our country cannot be the victims of horrendous attacks by people that believe only in jihad, and have no sense of reason or respect for human life,” Mr. Trump said.",max,0.0
control,179,"Saying that “hatred” among many Muslims for Americans is “beyond comprehension,” Mr. Trump said in a statement that the United States needed to confront “where this hatred comes from and why.”

“Until we are able to determine and understand this problem and the dangerous threat it poses, our country cannot be the victims of horrendous attacks by people that believe only in jihad, and have no sense of reason or respect for human life,” Mr. Trump said.",last,0.0
control,180,"The bill could have been paid for all through savings or only minor, indirect taxes.",mean,0.0
control,180,"The bill could have been paid for all through savings or only minor, indirect taxes.",max,0.0
control,180,"The bill could have been paid for all through savings or only minor, indirect taxes.",last,0.0
control,181,"The ...more

A powerful sorceress, Feicia Rand Philistin, once tried to conquer the nation of Shurian.",mean,0.0
control,181,"The ...more

A powerful sorceress, Feicia Rand Philistin, once tried to conquer the nation of Shurian.",max,0.0
control,181,"The ...more

A powerful sorceress, Feicia Rand Philistin, once tried to conquer the nation of Shurian.",last,0.0
control,182,"More than 200,000 were manufactured from 1860 through 1873.",mean,0.0
control,182,"More than 200,000 were manufactured from 1860 through 1873.",max,0.0
control,182,"More than 200,000 were manufactured from 1860 through 1873.",last,0.0
control,183,"Step 1: Conservation

First, we need to do whatever it takes to make sure our current stocks of antibiotics remain effective for as long as possible.",mean,0.0
control,183,"Step 1: Conservation

First, we need to do whatever it takes to make sure our current stocks of antibiotics remain effective for as long as possible.",max,0.0
control,183,"Step 1: Conservation

First, we need to do whatever it takes to make sure our current stocks of antibiotics remain effective for as long as possible.",last,0.0
control,184,"New Century Books, 2011.",mean,0.0
control,184,"New Century Books, 2011.",max,0.0
control,184,"New Century Books, 2011.",last,0.0
control,185,His continues to be one of the six commentaries on the Vedas that modern day Vedic scholars read.,mean,0.0
control,185,His continues to be one of the six commentaries on the Vedas that modern day Vedic scholars read.,max,0.0
control,185,His continues to be one of the six commentaries on the Vedas that modern day Vedic scholars read.,last,0.0
control,186,.... but it was really that time they got cordoned in the lost property depot.,mean,0.0
control,186,.... but it was really that time they got cordoned in the lost property depot.,max,0.0
control,186,.... but it was really that time they got cordoned in the lost property depot.,last,0.0
control,187,"Snoop Dogg replied, asking for more information and saying that he wants to “make it happen”.",mean,0.0
control,187,"Snoop Dogg replied, asking for more information and saying that he wants to “make it happen”.",max,0.0
control,187,"Snoop Dogg replied, asking for more information and saying that he wants to “make it happen”.",last,0.0
control,188,"Two weeks later, three members of the Panama Unit, including Jonathan Treviño and Alexis Espinoza, the son of Hidalgo Police Chief Rudy Espinoza, were indicted by a federal grand jury after an investigation by Immigration and Customs Enforcement and the FBI.",mean,0.0
control,188,"Two weeks later, three members of the Panama Unit, including Jonathan Treviño and Alexis Espinoza, the son of Hidalgo Police Chief Rudy Espinoza, were indicted by a federal grand jury after an investigation by Immigration and Customs Enforcement and the FBI.",max,0.0
control,188,"Two weeks later, three members of the Panama Unit, including Jonathan Treviño and Alexis Espinoza, the son of Hidalgo Police Chief Rudy Espinoza, were indicted by a federal grand jury after an investigation by Immigration and Customs Enforcement and the FBI.",last,0.0
control,189,The prize for an honorable mention winner is a $25 Lensrentals gift certificate.,mean,0.0
control,189,The prize for an honorable mention winner is a $25 Lensrentals gift certificate.,max,0.0
control,189,The prize for an honorable mention winner is a $25 Lensrentals gift certificate.,last,0.0
control,190,"Yet the zebus provide a livelihood for hundreds of millions of third world farmers, are well adapted to producing milk, offspring, dung and traction from sparse and erratic dryland pastures and poor quality crop residues, and in terms of energy and protein are more efficient at doing so.",mean,0.0
control,190,"Yet the zebus provide a livelihood for hundreds of millions of third world farmers, are well adapted to producing milk, offspring, dung and traction from sparse and erratic dryland pastures and poor quality crop residues, and in terms of energy and protein are more efficient at doing so.",max,0.0
control,190,"Yet the zebus provide a livelihood for hundreds of millions of third world farmers, are well adapted to producing milk, offspring, dung and traction from sparse and erratic dryland pastures and poor quality crop residues, and in terms of energy and protein are more efficient at doing so.",last,0.0
control,191,They’re still the same person.,mean,0.0
control,191,They’re still the same person.,max,0.0
control,191,They’re still the same person.,last,0.0
control,192,"When the previously banished Queen Margaret, widow of the murdered Henry VI from the previous episode, slinks into the court to give her own warnings, she brings with her a small mirror that fits in the palm of her hand.",mean,0.0
control,192,"When the previously banished Queen Margaret, widow of the murdered Henry VI from the previous episode, slinks into the court to give her own warnings, she brings with her a small mirror that fits in the palm of her hand.",max,0.0
control,192,"When the previously banished Queen Margaret, widow of the murdered Henry VI from the previous episode, slinks into the court to give her own warnings, she brings with her a small mirror that fits in the palm of her hand.",last,0.0
control,193,"Steps for freezing the berries: Rinse berries in cold water

Place the berries on a towel to dry

Hull berries and remove any damaged parts

Tops are edible, if you are using them in smoothies it’s okay to leave the tops on (they have vitamins and minerals as well as ellegic acid)

Place strawberries on a sheet pan and cover in parchment paper, freeze them and then vacuum seal the next day.",mean,0.0
control,193,"Steps for freezing the berries: Rinse berries in cold water

Place the berries on a towel to dry

Hull berries and remove any damaged parts

Tops are edible, if you are using them in smoothies it’s okay to leave the tops on (they have vitamins and minerals as well as ellegic acid)

Place strawberries on a sheet pan and cover in parchment paper, freeze them and then vacuum seal the next day.",max,0.0
control,193,"Steps for freezing the berries: Rinse berries in cold water

Place the berries on a towel to dry

Hull berries and remove any damaged parts

Tops are edible, if you are using them in smoothies it’s okay to leave the tops on (they have vitamins and minerals as well as ellegic acid)

Place strawberries on a sheet pan and cover in parchment paper, freeze them and then vacuum seal the next day.",last,0.0
control,194,"Meanwhile, Brian Campbell retired; Dennis Rasmussen went to the Anaheim Ducks; Michael Latta went to Arizona; and Johnny Oduya signed with the Ottawa Senators.",mean,1.3540050983428955
control,194,"Meanwhile, Brian Campbell retired; Dennis Rasmussen went to the Anaheim Ducks; Michael Latta went to Arizona; and Johnny Oduya signed with the Ottawa Senators.",max,25.079631805419922
control,194,"Meanwhile, Brian Campbell retired; Dennis Rasmussen went to the Anaheim Ducks; Michael Latta went to Arizona; and Johnny Oduya signed with the Ottawa Senators.",last,6.977292060852051
control,195,International marketing consultant Allyson Stewart-Allen blames everything from bad store lighting to self-service check-out for the store's failure.,mean,0.0
control,195,International marketing consultant Allyson Stewart-Allen blames everything from bad store lighting to self-service check-out for the store's failure.,max,0.0
control,195,International marketing consultant Allyson Stewart-Allen blames everything from bad store lighting to self-service check-out for the store's failure.,last,0.0
control,196,"For websites that do not submit to federal court jurisdiction, the ITC may issue a cease-and-desist order that can be served on the website.",mean,0.0
control,196,"For websites that do not submit to federal court jurisdiction, the ITC may issue a cease-and-desist order that can be served on the website.",max,0.0
control,196,"For websites that do not submit to federal court jurisdiction, the ITC may issue a cease-and-desist order that can be served on the website.",last,0.0
control,197,"Passers-by rushed to the spot and took them to the nearby traffic police kiosk, they said.",mean,0.0
control,197,"Passers-by rushed to the spot and took them to the nearby traffic police kiosk, they said.",max,0.0
control,197,"Passers-by rushed to the spot and took them to the nearby traffic police kiosk, they said.",last,0.0
control,198,"Some Citgo stations in Western Michigan, where taxes are 57.43 cents of the per-gallon price, popped below $2 Tuesday.",mean,0.0
control,198,"Some Citgo stations in Western Michigan, where taxes are 57.43 cents of the per-gallon price, popped below $2 Tuesday.",max,0.0
control,198,"Some Citgo stations in Western Michigan, where taxes are 57.43 cents of the per-gallon price, popped below $2 Tuesday.",last,0.0
control,199,"... That's profound, that's unexpected, that's the surprise, I think, as we enter into the end of 2014 and we think about the year ahead.",mean,0.0
control,199,"... That's profound, that's unexpected, that's the surprise, I think, as we enter into the end of 2014 and we think about the year ahead.",max,0.0
control,199,"... That's profound, that's unexpected, that's the surprise, I think, as we enter into the end of 2014 and we think about the year ahead.",last,0.0
