current_family_id,candidate_id,source_family_id,source_candidate_bucket,sampled_from_bucket,source_row_index,text,matched_query_blocks,matched_terms,matched_family_ids,final_label,keep_for_benchmark,label_confidence,primary_reason,exclusion_trigger,notes,annotation_source
nfl_football,b962d74fbee6ec38,nfl_football,positive,positive,117136,"From the way I understand it, you still have the voting process, it’s not just the NFC-AFC and then you’re going to have the whole draft and that kind of thing.",league_anchor,afc;nfc,nfl_football,target_positive,yes,high,clear_in_family_anchor,,annotation_source=auto_supplement; sampled_from_bucket=positive,auto_supplement
nfl_football,794c99e3846bd522,nfl_football,positive,positive,194767,"Speaking at a news conference Monday, Washington Redskins coach Mike Shanahan again refused to announce a Week 15 starter at quarterback.",football_jargon,quarterback,nfl_football,target_positive,yes,high,clear_in_family_anchor,,annotation_source=auto_supplement; sampled_from_bucket=positive,auto_supplement
nfl_football,b0cddd1005fc508d,nfl_football,positive,positive,74712,"Bills coach Rex Ryan joins NFL Insiders and praises the character of DE Mario Williams, stating that he would like to have him back in Buffalo next season.",league_anchor,nfl,nfl_football,target_positive,yes,high,clear_in_family_anchor,,annotation_source=auto_supplement; sampled_from_bucket=positive,auto_supplement
nfl_football,336a870356716835,nfl_football,positive,positive,154248,"Peake shows great athletic ability, because if he catches this ball, he’s one missed tackle away from a touchdown, but he also shows the issues that plagued him in college with drops.",football_jargon,touchdown,nfl_football,target_positive,yes,high,clear_in_family_anchor,,annotation_source=auto_supplement; sampled_from_bucket=positive,auto_supplement
nfl_football,f4d0cb591105dbd6,nfl_football,positive,positive,63888,"That's a Pass Rush Productivity figure of 7.8, better than every defensive tackle in the NFL save Geno Atkins, Ndamukong Suh and Kyle Williams.",league_anchor,nfl,nfl_football,target_positive,yes,high,clear_in_family_anchor,,annotation_source=auto_supplement; sampled_from_bucket=positive,auto_supplement
nfl_football,1cbcb477946afcd5,nfl_football,positive,positive,87247,"They admit they need to add more talent, and decide if their quarterback is on the roster or elsewhere, but they believe in the intangibles they've forged.",football_jargon,quarterback,nfl_football,target_positive,yes,high,clear_in_family_anchor,,annotation_source=auto_supplement; sampled_from_bucket=positive,auto_supplement
nfl_football,6030f54b44446b74,nfl_football,positive,positive,22609,McKnight is the second NFL player to die as a result of an apparent road rage incident in 2016.,league_anchor,nfl,nfl_football,target_positive,yes,high,clear_in_family_anchor,,annotation_source=auto_supplement; sampled_from_bucket=positive,auto_supplement
nfl_football,8eb802aaa24f4b45,nfl_football,positive,positive,89517,Who is your most hated NFL player?,league_anchor,nfl,nfl_football,target_positive,yes,high,clear_in_family_anchor,,annotation_source=auto_supplement; sampled_from_bucket=positive,auto_supplement
nfl_football,5a0563708e5b40c1,nfl_football,positive,positive,101223,"Denver Broncos quarterback Peyton Manning talks with reporters during a news conference in Jersey City, N.J.",football_jargon,quarterback,nfl_football,target_positive,yes,high,clear_in_family_anchor,,annotation_source=auto_supplement; sampled_from_bucket=positive,auto_supplement
nfl_football,a402d108d17e527e,nfl_football,positive,positive,155564,"You should know this about offensive line coaches: they are large, demanding men with Falstaffian appetites, jutting jaws, and no governors on their speech engines.",football_jargon,offensive line,nfl_football,target_positive,yes,high,clear_in_family_anchor,,annotation_source=auto_supplement; sampled_from_bucket=positive,auto_supplement
nfl_football,a1e23093027cad7c,nfl_football,positive,positive,157596,"For the most part, they know how much having Reynolds and others wearing the uniform of an NFL team will mean to those wearing Army fatigues or Navy whites.",league_anchor,nfl,nfl_football,target_positive,yes,high,clear_in_family_anchor,,annotation_source=auto_supplement; sampled_from_bucket=positive,auto_supplement
nfl_football,a24a8f403d931b82,nfl_football,positive,positive,103255,Sports Illustrated's Peter King reported Wednesday that the NFL's locked-out officials have been preparing for their eventual return.,league_anchor,nfl,nfl_football,target_positive,yes,high,clear_in_family_anchor,,annotation_source=auto_supplement; sampled_from_bucket=positive,auto_supplement
nfl_football,fdff932f6811b934,nfl_football,positive,positive,130320,It's rare to see an organization throw in the towel on a first-round quarterback before 16 NFL starts.,football_jargon;league_anchor,nfl;quarterback,nfl_football,target_positive,yes,high,clear_in_family_anchor,,annotation_source=auto_supplement; sampled_from_bucket=positive,auto_supplement
nfl_football,b0cdb800e835f8f0,nfl_football,positive,positive,36353,"After a 16-yard completion to Jaelen Strong and a 14-yard Kelly scamper, Richard capped off ASU's first drive of the game with a 9-yard touchdown run and ASU took an early 7-0 lead.",football_jargon,touchdown,nfl_football,target_positive,yes,high,clear_in_family_anchor,,annotation_source=auto_supplement; sampled_from_bucket=positive,auto_supplement
nfl_football,dfd8792827292fa9,nfl_football,positive,positive,5454,"The Browns’ season went on to be hampered by brutal injuries along the offensive line, a constant merry-go-round freak show at the running back position, and a complete lack of playmaking ability at WR.",football_jargon,offensive line,nfl_football,target_positive,yes,high,clear_in_family_anchor,,annotation_source=auto_supplement; sampled_from_bucket=positive,auto_supplement
nfl_football,d3225e3b1b5b8105,nfl_football,positive,positive,174806,"According to multiple news reports, before that story broke, Meyer had vowed on a three-way call with his protege, Mississippi State coach Dan Mullen, and former Mississippi State quarterback John Bond to tell it to The New York Times and ESPN.",football_jargon,quarterback,nfl_football,target_positive,yes,high,clear_in_family_anchor,,annotation_source=auto_supplement; sampled_from_bucket=positive,auto_supplement
nfl_football,6fac34c34a712476,nfl_football,positive,positive,63900,"Even so, Horton told Mary Kay Cabot of The Plain Dealer that underrated incumbent defensive end Jabaal Sheard has been ""fantastic"" in his transition to 3-4 outside linebacker.",football_jargon,linebacker,nfl_football,target_positive,yes,high,clear_in_family_anchor,,annotation_source=auto_supplement; sampled_from_bucket=positive,auto_supplement
nfl_football,9bbd4134f377c631,nfl_football,positive,positive,130327,"Over the past month, he has managed just 6.2 yards per attempt to go with a 5:7 touchdown-to-interception ratio.",football_jargon,touchdown,nfl_football,target_positive,yes,high,clear_in_family_anchor,,annotation_source=auto_supplement; sampled_from_bucket=positive,auto_supplement
nfl_football,ccda8c4bd7b8e80f,nfl_football,positive,positive,58284,ESPN NFL Insider Adam Schefter contributed to this report.,league_anchor,nfl,nfl_football,target_positive,yes,high,clear_in_family_anchor,,annotation_source=auto_supplement; sampled_from_bucket=positive,auto_supplement
nfl_football,9a691b9b755dfd27,nfl_football,positive,positive,120283,"Leonhard’s NFL career will be remembered as a successful one, especially by Badgers fans who remember the walk-on rising to stardom on the turf at Camp Randall.",league_anchor,nfl,nfl_football,target_positive,yes,high,clear_in_family_anchor,,annotation_source=auto_supplement; sampled_from_bucket=positive,auto_supplement
nfl_football,5a27f678d815d54e,nfl_football,positive,positive,157716,"NFL players had one of the most precarious jobs in the country, one with an average career length under five years and low salaries.",league_anchor,nfl,nfl_football,target_positive,yes,high,clear_in_family_anchor,,annotation_source=auto_supplement; sampled_from_bucket=positive,auto_supplement
nfl_football,0232f9c7c0d7e9ab,nfl_football,positive,positive,70279,He threw five career touchdown passes (and five interceptions).,football_jargon,touchdown,nfl_football,target_positive,yes,high,clear_in_family_anchor,,annotation_source=auto_supplement; sampled_from_bucket=positive,auto_supplement
nfl_football,67392df8513899d3,nfl_football,positive,positive,176225,Manziel -- who entered the NFL with a reputation for partying and drinking -- spent 73 days last winter in a Pennsylvania treatment center specializing in care for alcohol and drug dependency.,league_anchor,nfl,nfl_football,target_positive,yes,high,clear_in_family_anchor,,annotation_source=auto_supplement; sampled_from_bucket=positive,auto_supplement
nfl_football,c547d96057e1e2ff,nfl_football,positive,positive,6665,"Four Cardinal heard their names called at the NFL Draft following the 2015 season, including first-round selection Garnett, Stanford's unanimous first team All-America -- and only the ninth in school history.",league_anchor,nfl;nfl draft,nfl_football,target_positive,yes,high,clear_in_family_anchor,,annotation_source=auto_supplement; sampled_from_bucket=positive,auto_supplement
nfl_football,83bebac519fcc6e4,nfl_football,positive,positive,182915,"Quote of the day

“I'm excited to see kind of the sleepers, the surprise guys, when the lights go on, who steps up and makes plays because there's a lot of jobs up for grabs and guys who can surprise in the preseason every year, make a lot of plays, who are just kind of those gamer players, I'm excited to see who those guys are.” -- Quarterback Aaron Rodgers on the preseason opener.",football_jargon,quarterback,nfl_football,target_positive,yes,high,clear_in_family_anchor,,annotation_source=auto_supplement; sampled_from_bucket=positive,auto_supplement
nfl_football,166da4318071d2fb,nfl_football,positive,positive,101609,"They're currently fifth in the country with 26 sacks, and as is traditional a linebacker is plundering his way into the backfield—Ed Davis leads the team with six.",football_jargon,linebacker,nfl_football,target_positive,yes,high,clear_in_family_anchor,,annotation_source=auto_supplement; sampled_from_bucket=positive,auto_supplement
nfl_football,73a23f3459df4f27,nfl_football,positive,positive,58272,"Jim Caldwell is the second minority candidate to land an NFL head-coaching job this month, joining Tampa Bay's Lovie Smith.",league_anchor,nfl,nfl_football,target_positive,yes,high,clear_in_family_anchor,,annotation_source=auto_supplement; sampled_from_bucket=positive,auto_supplement
nfl_football,18e197a533f686c7,nfl_football,positive,positive,32892,"The players association, the NFL league office and independent experts.""",league_anchor,nfl,nfl_football,target_positive,yes,high,clear_in_family_anchor,,annotation_source=auto_supplement; sampled_from_bucket=positive,auto_supplement
nfl_football,4b37061e8a3f27eb,nfl_football,positive,positive,74739,"I'm just saying we can meet halfway, so the guys who get after the quarterback can get more opportunities to do that, and set up your fill with the players inside you and make it happen like that.",football_jargon,quarterback,nfl_football,target_positive,yes,high,clear_in_family_anchor,,annotation_source=auto_supplement; sampled_from_bucket=positive,auto_supplement
nfl_football,1e2f8a4de73736f3,nfl_football,positive,positive,11435,The NFL is daily evaluations and competition.,league_anchor,nfl,nfl_football,target_positive,yes,high,clear_in_family_anchor,,annotation_source=auto_supplement; sampled_from_bucket=positive,auto_supplement
nfl_football,b1835b425b667a87,nfl_football,positive,positive,59789,The NFL and Rams billionaire owner Kroenke should have no problem coming up with at least that much.,league_anchor,nfl,nfl_football,target_positive,yes,high,clear_in_family_anchor,,annotation_source=auto_supplement; sampled_from_bucket=positive,auto_supplement
nfl_football,fb7ec54b1989b2f6,nfl_football,positive,positive,33951,He happened to be on the same elevator as Snyder and former Redskins quarterback Doug Williams.,football_jargon,quarterback,nfl_football,target_positive,yes,high,clear_in_family_anchor,,annotation_source=auto_supplement; sampled_from_bucket=positive,auto_supplement
nfl_football,bccba28ee7be9e95,nfl_football,positive,positive,54262,"Averaging only 11 carries per game in September, Jennings scored one rushing touchdown and only managed to pull in five receptions without a score.",football_jargon,touchdown,nfl_football,target_positive,yes,high,clear_in_family_anchor,,annotation_source=auto_supplement; sampled_from_bucket=positive,auto_supplement
nfl_football,8e366e748cba3e88,nfl_football,positive,positive,106552,"Position versatility, ability to come in and be the best player in the Cowboys secondary (regardless of which position it might be), and a 21-year old who looks like stardom in the NFL is not far away.",league_anchor,nfl,nfl_football,target_positive,yes,high,clear_in_family_anchor,,annotation_source=auto_supplement; sampled_from_bucket=positive,auto_supplement
nfl_football,99c074f1a06983c7,nfl_football,positive,positive,77475,"This coming season may mark his fifth in the NFL, but he still has some serious growing pains to iron out.",league_anchor,nfl,nfl_football,target_positive,yes,high,clear_in_family_anchor,,annotation_source=auto_supplement; sampled_from_bucket=positive,auto_supplement
nfl_football,37df03c64d4d88c7,nfl_football,positive,positive,81272,"Like Fowler, McCulloch played on the edge in high school and showed an aptitude for pressuring the quarterback and generally being a nuisance around the line of scrimmage.",football_jargon,quarterback,nfl_football,target_positive,yes,high,clear_in_family_anchor,,annotation_source=auto_supplement; sampled_from_bucket=positive,auto_supplement
nfl_football,ac71a69cbb7244f3,nfl_football,positive,positive,183033,"On Monday, NFL owners and the NFLPA reportedly agreed to add at least $900 million in benefits for retirees in the new collective-bargaining agreement.",league_anchor,nfl,nfl_football,target_positive,yes,high,clear_in_family_anchor,,annotation_source=auto_supplement; sampled_from_bucket=positive,auto_supplement
nfl_football,5c8b4471c7041867,nfl_football,positive,positive,115999,"Jacksonville (5-3) is keeping pace with Tennessee (5-3) atop of the AFC South, while Houston has dropped far in these rankings due to the tragic ACL injury to star rookie quarterback Deshaun Watson.",football_jargon;league_anchor,afc;quarterback,nfl_football,target_positive,yes,high,clear_in_family_anchor,,annotation_source=auto_supplement; sampled_from_bucket=positive,auto_supplement
nfl_football,b38003573d6352ad,nfl_football,positive,positive,139795,"Like the iPad Air 2, the iPad mini 3 includes a 65V10 NFC controller manufactured by NXP.There is no accompanying NFC antenna to allow the tablet to make NFC-based payments within stores, but there has been strong speculation suggesting the NFC chip is where Apple Pay's ""Secure Element"" is located.",league_anchor,nfc,nfl_football,target_positive,yes,high,clear_in_family_anchor,,annotation_source=auto_supplement; sampled_from_bucket=positive,auto_supplement
nfl_football,d1a5327bcc91009b,nfl_football,positive,positive,30331,Those very tax forms reveal that current NFL Commissioner Roger Goodell made nearly $29.5 million in 2011 alone.,league_anchor,nfl,nfl_football,target_positive,yes,high,clear_in_family_anchor,,annotation_source=auto_supplement; sampled_from_bucket=positive,auto_supplement
nfl_football,ceb0e820a7eb2074,nfl_football,positive,positive,38052,Griffin brought some experience to the position having played linebacker in sports during his time at Lakewood High School.,football_jargon,linebacker,nfl_football,target_positive,yes,high,clear_in_family_anchor,,annotation_source=auto_supplement; sampled_from_bucket=positive,auto_supplement
nfl_football,b34ae68d38069a63,nfl_football,positive,positive,47183,The biggest news for the defense is that Tre Williams will be back at linebacker.,football_jargon,linebacker,nfl_football,target_positive,yes,high,clear_in_family_anchor,,annotation_source=auto_supplement; sampled_from_bucket=positive,auto_supplement
nfl_football,ccd306ccaa3074d4,nfl_football,positive,positive,30314,"We really don’t know the answer to that.”

A Look at the NFL’s Playbook

To truly understand whether or not the NFL meets those criteria, a basic understanding of the organization’s structure is required.",league_anchor,nfl,nfl_football,target_positive,yes,high,clear_in_family_anchor,,annotation_source=auto_supplement; sampled_from_bucket=positive,auto_supplement
nfl_football,0b2f4495ef16f4a6,nfl_football,positive,positive,89482,Sporting News put together a fun list of the top 40 most hated players in the NFL.,league_anchor,nfl,nfl_football,target_positive,yes,high,clear_in_family_anchor,,annotation_source=auto_supplement; sampled_from_bucket=positive,auto_supplement
nfl_football,c29cea0135990594,nfl_football,positive,positive,65921,UCLA's Myles Jack earned freshman of the year for both offense and defense with his 70 tackles as a linebacker and seven touchdowns as a running back.,football_jargon,linebacker,nfl_football,target_positive,yes,high,clear_in_family_anchor,,annotation_source=auto_supplement; sampled_from_bucket=positive,auto_supplement
nfl_football,0b455eaa880acd4f,nfl_football,positive,positive,29072,"The same month Jacksonville had no problem finding $43 million right away for a gift to the NFL, local politicians said the school money could only be supplied over several decades.",league_anchor,nfl,nfl_football,target_positive,yes,high,clear_in_family_anchor,,annotation_source=auto_supplement; sampled_from_bucket=positive,auto_supplement
nfl_football,370958f490371374,nfl_football,positive,positive,143822,"One of the reasons for the low grades for both Church and Wilcox is that PFF takes a pretty dim view of missed tackles, which is understandable when you're talking about safeties, because a missed tackle will almost inevitably result in a big play, if not a touchdown.",football_jargon,touchdown,nfl_football,target_positive,yes,high,clear_in_family_anchor,,annotation_source=auto_supplement; sampled_from_bucket=positive,auto_supplement
nfl_football,593659f12e29c046,nfl_football,positive,positive,208439,He broke the thumb on his throwing hand during spring practice of his sophomore year and was moved to linebacker—a position he had never played.,football_jargon,linebacker,nfl_football,target_positive,yes,high,clear_in_family_anchor,,annotation_source=auto_supplement; sampled_from_bucket=positive,auto_supplement
nfl_football,26c403994ebd3523,nfl_football,positive,positive,8927,"**Please note, you probably will miss out on the super bowl this Sunday.",league_anchor,super bowl,nfl_football,target_positive,yes,high,clear_in_family_anchor,,annotation_source=auto_supplement; sampled_from_bucket=positive,auto_supplement
nfl_football,5520e897354da0ae,nfl_football,positive,positive,77468,"He threw a touchdown in every game he started except for one, and quickly earned the trust and support of his teammates amid a tricky situation after Manning was benched.",football_jargon,touchdown,nfl_football,target_positive,yes,high,clear_in_family_anchor,,annotation_source=auto_supplement; sampled_from_bucket=positive,auto_supplement
nfl_football,d6877f7f05dcf689,nfl_football,positive,positive,90149,"“In the NFL, you have people getting shitfaced all the time,” he said.",league_anchor,nfl,nfl_football,target_positive,yes,high,clear_in_family_anchor,,annotation_source=auto_supplement; sampled_from_bucket=positive,auto_supplement
nfl_football,b74abd9bd7264392,nfl_football,positive,positive,8692,"Fans who can't make it to University of Phoenix Stadium for 2014 Arizona Cardinals Training Camp presented by Hyundai can follow the team's practice on Tuesday, July 29 on NFL Network's Inside Training Camp Live.",league_anchor,nfl,nfl_football,target_positive,yes,high,clear_in_family_anchor,,annotation_source=auto_supplement; sampled_from_bucket=positive,auto_supplement
nfl_football,43f095b6ca4c2d22,nfl_football,positive,positive,30323,"In 2011 alone, the NFL reported $77 million in losses.",league_anchor,nfl,nfl_football,target_positive,yes,high,clear_in_family_anchor,,annotation_source=auto_supplement; sampled_from_bucket=positive,auto_supplement
nfl_football,382a678b6e909910,nfl_football,positive,positive,101263,"“Sports has been good to me,” said Toma, who plans on attending next year’s Super Bowl, and as many after that as possible.",league_anchor,super bowl,nfl_football,target_positive,yes,high,clear_in_family_anchor,,annotation_source=auto_supplement; sampled_from_bucket=positive,auto_supplement
nfl_football,f14fdc30dee36cf6,nfl_football,positive,positive,56899,Your Minnesota Vikings are the 2015 NFC North Champions.,league_anchor,nfc,nfl_football,target_positive,yes,high,clear_in_family_anchor,,annotation_source=auto_supplement; sampled_from_bucket=positive,auto_supplement
nfl_football,a30f6fba59e4e139,nfl_football,positive,positive,46398,"Last week, I posted this article analyzing NFL team/college pairings in the NFL Draft.",league_anchor,nfl;nfl draft,nfl_football,target_positive,yes,high,clear_in_family_anchor,,annotation_source=auto_supplement; sampled_from_bucket=positive,auto_supplement
nfl_football,320997183882c93a,nfl_football,positive,positive,32917,"Former Saints linebacker Scott Fujita, also a former NFLPA executive committee member, has made similar comments in the past week.",football_jargon,linebacker,nfl_football,target_positive,yes,high,clear_in_family_anchor,,annotation_source=auto_supplement; sampled_from_bucket=positive,auto_supplement
nfl_football,683b7bb0d7f7d293,nfl_football,positive,positive,73878,"My third-day gem was quarterback Aaron Murray, who is no longer with the team and was recently released by the Rams.",football_jargon,quarterback,nfl_football,target_positive,yes,high,clear_in_family_anchor,,annotation_source=auto_supplement; sampled_from_bucket=positive,auto_supplement
nfl_football,7f0d86f186b5e42c,nfl_football,positive,positive,176215,"His future in the NFL is uncertain at best, and might be nonexistent without a second stint in treatment that two agents have demanded.",league_anchor,nfl,nfl_football,target_positive,yes,high,clear_in_family_anchor,,annotation_source=auto_supplement; sampled_from_bucket=positive,auto_supplement
nfl_football,d40e96fac27dcc24,nfl_football,positive,positive,33041,"(Photo11: Craig Gilbert, Milwaukee Journal Sentinel)

“There should be zero 'party' in America,” said Mark Rooney as he watched a Universityi of Wisconsin Badgers football game at Touchdown Tavern.",football_jargon,touchdown,nfl_football,target_positive,yes,high,clear_in_family_anchor,,annotation_source=auto_supplement; sampled_from_bucket=positive,auto_supplement
nfl_football,621a66f6836420b3,nfl_football,positive,positive,30613,"President Donald Trump, who has taken credit for Kaepernick being unemployed, was critical of the quarterback during the president race.",football_jargon,quarterback,nfl_football,target_positive,yes,high,clear_in_family_anchor,,annotation_source=auto_supplement; sampled_from_bucket=positive,auto_supplement
nfl_football,5888459ced61379f,nfl_football,positive,positive,91455,"The evolution of the NFL:

Take a look at how the NFL has evolved from its humble roots, and the efforts being made to ensure it continues to grow.",league_anchor,nfl,nfl_football,target_positive,yes,high,clear_in_family_anchor,,annotation_source=auto_supplement; sampled_from_bucket=positive,auto_supplement
nfl_football,bffee3ad3ba7251c,nfl_football,local_hard_negative,local_hard_negative,170755,"A third member of IU's recruiting class, Justin Smith out of Lincolnshire (Ill.), is not believed to have requested out of his letter of intent.",college_and_non_nfl_football,recruiting class,,hard_negative,yes,high,nearby_confounder,,annotation_source=auto_supplement; sampled_from_bucket=local_hard_negative,auto_supplement
nfl_football,960b0685fdc643b3,nfl_football,local_hard_negative,local_hard_negative,221476,There’s still reason to believe that America will find its foothold in World Rugby’s professional landscape.,college_and_non_nfl_football,rugby,,hard_negative,yes,high,nearby_confounder,,annotation_source=auto_supplement; sampled_from_bucket=local_hard_negative,auto_supplement
nfl_football,e879a09665fcd474,nfl_football,local_hard_negative,local_hard_negative,519773,"It is a match-up that embodies the love and passion of the sport and inspires so much so that it broke into the top 10 audiences for worldwide sporting events rivalling the likes of the FIFA Confederations Cup Final and the Rugby World Cup, while blowing the Superbowl out of the water.",college_and_non_nfl_football,rugby,,hard_negative,yes,high,nearby_confounder,,annotation_source=auto_supplement; sampled_from_bucket=local_hard_negative,auto_supplement
nfl_football,adc0bdbeddc169e1,nfl_football,local_hard_negative,local_hard_negative,173317,"Which based off of my experience is not shocking … and if it seems like I’m going on and going off about the SEC, well, this was an easy change for them to step up and answer a question.",college_and_non_nfl_football,sec,,hard_negative,yes,high,nearby_confounder,,annotation_source=auto_supplement; sampled_from_bucket=local_hard_negative,auto_supplement
nfl_football,a38c69ff6c11d211,nfl_football,local_hard_negative,local_hard_negative,450884,"Owens became the seventh referee, and second Welshman, to take charge of a Rugby World Cup final at Twickenham on Saturday.",college_and_non_nfl_football,rugby,,hard_negative,yes,high,nearby_confounder,,annotation_source=auto_supplement; sampled_from_bucket=local_hard_negative,auto_supplement
nfl_football,d6b82a7e7dd12b3c,nfl_football,local_hard_negative,local_hard_negative,496113,"Hansen, as has been his habit in recent times, met with Springboks counterpart Heyneke Meyer - or ""H"" as he likes to call him - to have a quiet graze and discuss life inside and outside the rugby bubble.",college_and_non_nfl_football,rugby,,hard_negative,yes,high,nearby_confounder,,annotation_source=auto_supplement; sampled_from_bucket=local_hard_negative,auto_supplement
nfl_football,bb7fd8569dbb6641,nfl_football,local_hard_negative,local_hard_negative,675867,The Boilermakers finished 3-9 and last in the Big Ten West.,college_and_non_nfl_football,big ten,,hard_negative,yes,high,nearby_confounder,,annotation_source=auto_supplement; sampled_from_bucket=local_hard_negative,auto_supplement
nfl_football,73be3a74c757faba,nfl_football,local_hard_negative,local_hard_negative,571256,"Arians worked his way up the NFL chain of command as an assistant coach for 20 years, and Kelly did the same in the innovative world of college football.",college_and_non_nfl_football,college football,,hard_negative,yes,high,nearby_confounder,,annotation_source=auto_supplement; sampled_from_bucket=local_hard_negative,auto_supplement
nfl_football,7e808f9e7c1a00dc,nfl_football,local_hard_negative,local_hard_negative,763559,"The Lions crashed what was supposed to be a big stretch run for Illinois' postseason push, controlling all facets of the game for 35 minutes in their second Big Ten road win of the season.",college_and_non_nfl_football,big ten,,hard_negative,yes,high,nearby_confounder,,annotation_source=auto_supplement; sampled_from_bucket=local_hard_negative,auto_supplement
nfl_football,133fc51f3c0d2969,nfl_football,local_hard_negative,local_hard_negative,707921,The rugby league community is devastated.,college_and_non_nfl_football,rugby,,hard_negative,yes,high,nearby_confounder,,annotation_source=auto_supplement; sampled_from_bucket=local_hard_negative,auto_supplement
nfl_football,6e8f7fe569f0b572,nfl_football,local_hard_negative,local_hard_negative,2189,The College Football Playoff committee released its first rankings to great fanfare.,college_and_non_nfl_football,college football,,hard_negative,yes,high,nearby_confounder,,annotation_source=auto_supplement; sampled_from_bucket=local_hard_negative,auto_supplement
nfl_football,e0348015cee78778,nfl_football,local_hard_negative,local_hard_negative,361594,"“

Instead of giving the win to Roller Derby, somehow Rugby came out on top with 40% of the votes.",college_and_non_nfl_football,rugby,,hard_negative,yes,high,nearby_confounder,,annotation_source=auto_supplement; sampled_from_bucket=local_hard_negative,auto_supplement
nfl_football,c30e4c4a8d0ff404,nfl_football,local_hard_negative,local_hard_negative,401446,"In college football, Germany’s rout was the equivalent of winning by 57 more points than expected.",college_and_non_nfl_football,college football,,hard_negative,yes,high,nearby_confounder,,annotation_source=auto_supplement; sampled_from_bucket=local_hard_negative,auto_supplement
nfl_football,e6ae55ae692d0dc2,nfl_football,local_hard_negative,local_hard_negative,505276,"Because NCAA gymnastics is amazing and super popular, TV coverage on the SEC Network, Pac-12 Network, and Big Ten Network has grown dramatically in recent years, meaning the majority of major meets are now broadcast live on TV or streamed through those networks’ online platforms with commentary predominately from people who aren’t terrible.",college_and_non_nfl_football,big ten;sec,,hard_negative,yes,high,nearby_confounder,,annotation_source=auto_supplement; sampled_from_bucket=local_hard_negative,auto_supplement
nfl_football,3ce60d53b2caeb2e,nfl_football,local_hard_negative,local_hard_negative,501978,"Every Friday, the Friday Five will rank something in the world of college football -- anything and everything from the logical to the illogical.",college_and_non_nfl_football,college football,,hard_negative,yes,high,nearby_confounder,,annotation_source=auto_supplement; sampled_from_bucket=local_hard_negative,auto_supplement
nfl_football,6d8f578b92b944b2,nfl_football,local_hard_negative,local_hard_negative,385615,All those headlines obscure the fact that the Tigers are loaded with talent though and could be primed to dethrone Alabama in the SEC and make a run at the Playoff.,college_and_non_nfl_football,sec,,hard_negative,yes,high,nearby_confounder,,annotation_source=auto_supplement; sampled_from_bucket=local_hard_negative,auto_supplement
nfl_football,a88a85fe5c725af5,nfl_football,local_hard_negative,local_hard_negative,238153,"Generally, if you sit down and talk to players of any age who've spent time in null sec and ask them about their favourite times in EVE, they'll tell you about one thing: wars.",college_and_non_nfl_football,sec,,hard_negative,yes,high,nearby_confounder,,annotation_source=auto_supplement; sampled_from_bucket=local_hard_negative,auto_supplement
nfl_football,f0f21c20f285285d,nfl_football,local_hard_negative,local_hard_negative,520525,"‘If you take a look around the Premier League you’ll also find some fantastic Argentinian players plying their trade, and with major events like the Rugby World Cup taking place here, we hope we’ll be able to give a warm welcome to an even greater number of Argentinians coming to experience the very best of what Britain has to offer.’

However, relations between the countries’ two leaders has been far from warm.",college_and_non_nfl_football,rugby,,hard_negative,yes,high,nearby_confounder,,annotation_source=auto_supplement; sampled_from_bucket=local_hard_negative,auto_supplement
nfl_football,55d1b5a86b9ed938,nfl_football,local_hard_negative,local_hard_negative,484266,"Pour quality varies a bit from cast member to cast member, but China often does an admirable job of hooking you up and I would visit this booth over any of the others for their Kung Fu Punch, which is an ice cold, sweet, light mango and orange juice drink topped with Smirnoff and triple sec.",college_and_non_nfl_football,sec,,hard_negative,yes,high,nearby_confounder,,annotation_source=auto_supplement; sampled_from_bucket=local_hard_negative,auto_supplement
nfl_football,96146a0d49b9dc14,nfl_football,local_hard_negative,local_hard_negative,110833,"Because this team as it is currently constructed cannot consistently win 10 games, or get to the SEC Championship Game, or achieve any of the other goals that have come to define success at South Carolina over the last few years.",college_and_non_nfl_football,sec,,hard_negative,yes,high,nearby_confounder,,annotation_source=auto_supplement; sampled_from_bucket=local_hard_negative,auto_supplement
nfl_football,19207a2b7531714f,nfl_football,local_hard_negative,local_hard_negative,389222,"William Casey a former Bechtel consultant served in a number of government positions including chairman of the SEC under Nixon, head of the Export-Import bank under President Ford, and director of the CIA under Reagan.",college_and_non_nfl_football,sec,,hard_negative,yes,high,nearby_confounder,,annotation_source=auto_supplement; sampled_from_bucket=local_hard_negative,auto_supplement
nfl_football,db52b7b11b85ec31,nfl_football,local_hard_negative,local_hard_negative,567494,"Baker Mayfield, QB, Oklahoma

After transferring from Texas Tech, Mayfield continued to exceed expectations, posting the third-best grade among quarterbacks at +49.6 and leading Oklahoma to the College Football Playoff.",college_and_non_nfl_football,college football,,hard_negative,yes,high,nearby_confounder,,annotation_source=auto_supplement; sampled_from_bucket=local_hard_negative,auto_supplement
nfl_football,52a91fdd2ac9d66c,nfl_football,local_hard_negative,local_hard_negative,614095,12 in the College Football Playoff rankings.,college_and_non_nfl_football,college football,,hard_negative,yes,high,nearby_confounder,,annotation_source=auto_supplement; sampled_from_bucket=local_hard_negative,auto_supplement
nfl_football,977e7ffb070a8a5e,nfl_football,local_hard_negative,local_hard_negative,242061,"UF’s women won four SEC championships, as Florida captured the 100-yard (Natalie Hinds), 200-yard (Amelia Maughan) and 1,650-yard freestyle (Jessica Thielmann) titles and the 200-yard individual medley crown (Theresa Michalak).",college_and_non_nfl_football,sec,,hard_negative,yes,high,nearby_confounder,,annotation_source=auto_supplement; sampled_from_bucket=local_hard_negative,auto_supplement
nfl_football,ffe9807e753588d3,nfl_football,local_hard_negative,local_hard_negative,377498,"Hodgson looking to swtich with Barritt but the Saracens centre knocks it forward and Burton clears his lines...

Emi Repetto: ""Wish England would played incisive rugby, we have equal talent to Wales, Ireland and definitely France, why don't we use it?""",college_and_non_nfl_football,rugby,,hard_negative,yes,high,nearby_confounder,,annotation_source=auto_supplement; sampled_from_bucket=local_hard_negative,auto_supplement
nfl_football,4fb7eb2f390d64a4,nfl_football,local_hard_negative,local_hard_negative,95565,"Schedule a school from any Power conference with the exception of the ACC

To further pinpoint who to play out of conference, pick a school from the Big 12, Big Ten, Pac-12 or SEC.",college_and_non_nfl_football,big ten;sec,,hard_negative,yes,high,nearby_confounder,,annotation_source=auto_supplement; sampled_from_bucket=local_hard_negative,auto_supplement
nfl_football,4a59cbf15b9b5529,nfl_football,local_hard_negative,local_hard_negative,401355,It’s a fair amount more than what Goldman made on the deal the SEC sued over.,college_and_non_nfl_football,sec,,hard_negative,yes,high,nearby_confounder,,annotation_source=auto_supplement; sampled_from_bucket=local_hard_negative,auto_supplement
nfl_football,355d58dd1e90044f,nfl_football,local_hard_negative,local_hard_negative,384032,The Global Association of International Sports Federations have denied Rugby League is a sport in its own right.,college_and_non_nfl_football,rugby,,hard_negative,yes,high,nearby_confounder,,annotation_source=auto_supplement; sampled_from_bucket=local_hard_negative,auto_supplement
nfl_football,7dc7b22146ee0c82,nfl_football,local_hard_negative,local_hard_negative,344173,"If the Pac-12 champion ends up with two losses, and the selection committee has a handful of Power Five conference teams with one or fewer defeats, the Pac-12 could get a respectful tip of the cap but end up out of luck in the inaugural College Football Playoff.",college_and_non_nfl_football,college football,,hard_negative,yes,high,nearby_confounder,,annotation_source=auto_supplement; sampled_from_bucket=local_hard_negative,auto_supplement
nfl_football,82999b0bfaa25064,nfl_football,local_hard_negative,local_hard_negative,221475,"It’s not what was expected, and it certainly puts a damper on the hopes for PRO’s future, though American rugby enthusiasts may be able to squeeze a little positivity out of the reports: If there’s only one domestic professional match in 2017, that is one more pro match than was ever played in the States before 2016.",college_and_non_nfl_football,rugby,,hard_negative,yes,high,nearby_confounder,,annotation_source=auto_supplement; sampled_from_bucket=local_hard_negative,auto_supplement
nfl_football,fbd02e099bbf31dc,nfl_football,local_hard_negative,local_hard_negative,401529,"Glen Coffee (38) is shown as an Alabama running back breaking a diving tackle against Western Kentucky in a college football game in Tuscaloosa, Ala. on Saturday, Sept. 13, 2008

(AP Photo/Butch Dill)

“Not everyone can serve in combat arms, and not everyone can serve in a Special Operations capacity,” he said.",college_and_non_nfl_football,college football,,hard_negative,yes,high,nearby_confounder,,annotation_source=auto_supplement; sampled_from_bucket=local_hard_negative,auto_supplement
nfl_football,8287e1e5000c6a43,nfl_football,local_hard_negative,local_hard_negative,17144,"He told the Guardian: ‘For it to have credibility with the British public, there would have to be a Labour manifesto offer, because the public would say, not unreasonably “Hold on a sec, we voted to leave and you’re now sticking two fingers up at us”.",college_and_non_nfl_football,sec,,hard_negative,yes,high,nearby_confounder,,annotation_source=auto_supplement; sampled_from_bucket=local_hard_negative,auto_supplement
nfl_football,443a3b1eeb10612f,nfl_football,local_hard_negative,local_hard_negative,270575,"""It was a great result, it was a great atmosphere, it made for great TV, and great drama,"" said UM Director of Athletics""It also gave us the chance to showcase the entire university through the lens of a college football game, that no doubt will help our entire institution build our brand world wide.",college_and_non_nfl_football,college football,,hard_negative,yes,high,nearby_confounder,,annotation_source=auto_supplement; sampled_from_bucket=local_hard_negative,auto_supplement
nfl_football,eddb92c109b76c03,nfl_football,local_hard_negative,local_hard_negative,64191,"She's a referee in the Mid-Eastern Athletic Conference, college football's second-highest level, and a 16-year veteran of officiating.",college_and_non_nfl_football,college football,,hard_negative,yes,high,nearby_confounder,,annotation_source=auto_supplement; sampled_from_bucket=local_hard_negative,auto_supplement
nfl_football,b30d295ab48d79bc,nfl_football,local_hard_negative,local_hard_negative,88197,"It is whispered in the region that Stanford facilitates resolution with significant cash contributions.”

Similarly investigations by the SEC, FBI and Scotland Yard into Stanford’s empire stalled or failed all the way back to the 1980s.",college_and_non_nfl_football,sec,,hard_negative,yes,high,nearby_confounder,,annotation_source=auto_supplement; sampled_from_bucket=local_hard_negative,auto_supplement
nfl_football,f9f9141b4d923333,nfl_football,local_hard_negative,local_hard_negative,170740,"(Photo: Marvin Gentry-USA TODAY Sports)

On the job less than 24 hours, new IU basketball coach Archie Miller is already reaching out to 2017 signees in an effort to keep Tom Crean's last recruiting class intact.",college_and_non_nfl_football,recruiting class,,hard_negative,yes,high,nearby_confounder,,annotation_source=auto_supplement; sampled_from_bucket=local_hard_negative,auto_supplement
nfl_football,b41825b2aed1f762,nfl_football,local_hard_negative,local_hard_negative,797061,"At present, college football in Canada is organized under Wikipedia:WikiProject Canadian football—however, there are some colleges that participate in both Canadian Interuniversity Sport (CIS) and NAIA football.",college_and_non_nfl_football,college football,,hard_negative,yes,high,nearby_confounder,,annotation_source=auto_supplement; sampled_from_bucket=local_hard_negative,auto_supplement
nfl_football,421144914fc4792b,nfl_football,local_hard_negative,local_hard_negative,763437,There are many milestones between today and when major institutions will be able to invest — not the first being increased SEC regulation.,college_and_non_nfl_football,sec,,hard_negative,yes,high,nearby_confounder,,annotation_source=auto_supplement; sampled_from_bucket=local_hard_negative,auto_supplement
nfl_football,f044260cb802c7dd,nfl_football,local_hard_negative,local_hard_negative,369361,"Sat., Feb. 4 Arkansas at Missouri SEC Network 6:00 p.m.",college_and_non_nfl_football,sec,,hard_negative,yes,high,nearby_confounder,,annotation_source=auto_supplement; sampled_from_bucket=local_hard_negative,auto_supplement
nfl_football,2313230414dc78fe,nfl_football,local_hard_negative,local_hard_negative,788604,"The sack brought his season to 10, keeping him within striking distance of both the current SEC lead and the single-season LSU record, set 27 years ago.",college_and_non_nfl_football,sec,,hard_negative,yes,high,nearby_confounder,,annotation_source=auto_supplement; sampled_from_bucket=local_hard_negative,auto_supplement
nfl_football,fe5ea7c8af7b8a72,nfl_football,local_hard_negative,local_hard_negative,417117,The company will be deregistered with the SEC effective July 12.,college_and_non_nfl_football,sec,,hard_negative,yes,high,nearby_confounder,,annotation_source=auto_supplement; sampled_from_bucket=local_hard_negative,auto_supplement
nfl_football,a1577cff3ee7efb2,nfl_football,local_hard_negative,local_hard_negative,376312,"Even after a hard-fought Big Ten/ACC Challenge road win Tuesday at North Carolina State — despite losing junior guard Derrick Walton Jr. to an ankle injury — Beilein no longer believes in “guarantee” games, especially without one of his key players.",college_and_non_nfl_football,big ten,,hard_negative,yes,high,nearby_confounder,,annotation_source=auto_supplement; sampled_from_bucket=local_hard_negative,auto_supplement
nfl_football,55935c2040d8adb0,nfl_football,local_hard_negative,local_hard_negative,628624,"2 3:00 PM 4:00 PM 77 37 NASCAR XFINITY SERIES FS1 CHARLOTTE 1:30 AM 4:00 AM 76 35 QUICK PITCH MLBN QP 7A 7:00 AM 8:00 AM 76 35 NBA ACTION NBAT NBA ACTION 2532 2:00 PM 2:30 PM 75 28 QUICK PITCH MLBN QP 8A 8:00 AM 9:00 AM 72 31 QUICK PITCH MLBN QP 2A 2:00 AM 3:00 AM 69 40 MORNING DRIVE GOLF 7:00 AM 7:30 AM 68 18 UCL FINAL FS2 REAL MADRID/CLUB ATLETICO DE MADRID 12:00 PM 2:00 PM 67 23 NASCAR SPRINT CUP FIN P FS1 CHARLOTTE 5:00 AM 6:00 AM 66 38 QUICK PITCH MLBN QP 6A 6:00 AM 7:00 AM 66 38 NFL TOTAL ACCESS NFLN NFL TOTAL ACCESS 7:00 AM 8:00 AM 62 32 TIMELINE NFLN AMERICAS GAME & THE IRAN HOSTAGE CRISIS 12:00 PM 1:00 PM 62 37 INTO THE BLUE NBCSN 11:00 AM 11:30 AM 61 31 MLB NETWORK BREAKDOWN MLBN 2016 MLBN BREAKDOWN 10:30 AM 11:00 AM 58 17 NBA GAMETIME NBAT GAMETIME 5/27/16 7:00 AM 7:30 AM 58 20 GEORGE P WRLD OF SLTWATER NBCSN 10:00 AM 10:30 AM 57 31 BOXEO DE CAMPEONES FOXD M VASQUEZ VS E BONE 10:31 PM 12:37 AM 56 33 AMERICAS GAME NFLN 1969 CHIEFS (18) 9:00 PM 10:00 PM 56 18 TOP 100 PLAYERS OF 2016 NFLN TOP 100: 80-71 8:00 AM 9:00 AM 56 26 LIGA MX EN 30 UDN 12:30 AM 1:00 AM 55 29 NHRA SPORTSMAN SERIES FS1 TOPEKA 8:06 AM 9:00 AM 54 15 NBA GAMETIME NBAT GAMETIME 5/27/16 11:30 AM 12:00 PM 54 19 AMERICAS GAME NFLN 1972 DOLPHINS (1) 12:00 AM 1:00 AM 54 28 TIMELINE NFLN THE MERGER 5:00 PM 6:00 PM 54 29 COLL SOFTBALL SUPER REG L ESPNU ARIZONA/AUBURN 6:30 PM 6:47 PM 53 20 EUROPEAN TOUR GOLF 2016 BMW PGA CHP 1:00 AM 3:30 AM 53 19 NBA ACTION NBAT NBA ACTION 2532 8:30 PM 9:00 PM 53 29 NBA GAMETIME NBAT GAMETIME 5/27/16 6:00 AM 6:30 AM 53 28 NBA GAMETIME NBAT GAMETIME 5/27/16 6:30 AM 7:00 AM 53 20 NBA GAMETIME NBAT GAMETIME 5/27/16 11:00 AM 11:30 AM 53 20 EQUESTRIAN NBCSN ROLEX EQUESTRIAN CHAMPS 1:00 PM 2:30 PM 53 10 NFL TOTAL ACCESS NFLN NFL TOTAL ACCESS 6:00 AM 7:00 AM 53 27 E:60 ESPN2 10:10 PM 11:00 PM 52 11 MLB FOXD LA DODGERS VS NY METS 7:00 PM 10:31 PM 52 25 PLAY BALL MLBN PLAY BALL 10:00 AM 10:30 AM 52 19 TOP 10 NFLN SUPER BOWLS 10:00 AM 11:00 AM 52 17 SKYBET CHAMPIONSHIP BEIN HULL CITY VS. SHEFFIELD WEDNESDAY 11:55 AM 2:00 PM 51 29 UFC WEIGH FS2 ALMEIDA/GARBRANDT 7:00 PM 8:00 PM 51 14 DRIVE NBCSN 201 3:00 PM 3:30 PM 51 13 AMERICAS GAME NFLN 1966 PACKERS (6) 6:00 PM 7:00 PM 51 27 TOP 10 NFLN DYNASTIES 11:00 AM 12:00 PM 51 24 QUICK PITCH MLBN QP 9A 9:00 AM 10:00 AM 50 22 RACERTV NBCSN 2:30 PM 3:00 PM 50 16 CENTRAL FOX WKND MID FOXD 6:30 PM 7:00 PM 49 26 LUCAS OIL MOTORSPORT HOUR NBCSN 12:00 PM 1:00 PM 49 14 MORNING DRIVE GOLF 6:00 AM 7:00 AM 48 9 NBA GAMETIME NBAT GAMETIME 5/27/16 7:30 AM 8:00 AM 48 19 NCAA LACROSSE CHAMP ESPNU BROWN/MARYLAND 7:08 PM 9:00 PM 47 8 NBCSN MOVIE NBCSN APEX: THE STORY OF THE HYPERCAR 1:00 AM 3:00 AM 47 16 SILVER KINGS NBCSN 11:30 AM 12:00 PM 47 19 UFC SPECIALS FOXD MAX:C MCGREGOR VS M HOLLOWAY 2:30 PM 3:00 PM 46 30 NASCAR SPRINT CUP PRAC FS1 CHARLOTTE 4:00 AM 5:00 AM 46 19 NBA GAMETIME NBAT GAMETIME 5/27/16 10:30 AM 11:00 AM 46 18 NCAA STUDIO UPDATE L ESPNU 2:37 PM 3:00 PM 44 23 NBA GAMETIME NBAT GAMETIME 5/27/16 10:00 AM 10:30 AM 44 20 QUICK PITCH MLBN QP 5A 5:00 AM 6:00 AM 43 17 MISTERIOS DEL DEPORTE UDN 12:00 AM 12:30 AM 43 31 AMERICAS GAME NFLN 1971 COWBOYS (15) 11:00 PM 12:00 AM 41 20 LA ULT PALABRA WKND FOXD 12:37 AM 1:37 AM 40 20 AMERICAS GAME NFLN 1975 STEELERS (7) 3:00 AM 4:00 AM 40 21 COLLEGE BASEBALL L ESPNU LIBERTY/COASTAL CAROLINA 12:00 PM 2:37 PM 39 18 AMERICAS GAME NFLN 1970 COLTS 10:00 PM 11:00 PM 39 19 TOP 100 PLAYERS OF 2016 NFLN TOP 100: 70-61 9:00 AM 10:00 AM 39 14 AMERICAS GAME NFLN 1974 STEELERS 2:00 AM 3:00 AM 38 26 ESPN ORIGINAL DOCUMENTARY ESPNU 30 FOR 30: FANTASTIC LIES 9:00 PM 11:00 PM 37 16 AMERICA REDONDA UDN 2:00 PM 3:00 PM 36 17 CENTRAL FOX WKND FOXD 1:37 AM 2:38 AM 35 15 HARDWOOD CLASSICS NBAT BULLS/KNICKS 3/28/1995 9:00 PM 11:00 PM 35 16 PRODUCT SHOWCASE NBCSN 3:00 AM 3:30 AM 35 19 CHEERLEADING ESPNU CHEERLEADING WORLDS 11:00 AM 12:00 PM 34 24 UCL BEST OF FS2 TOP 25 GOALS 11:30 AM 12:00 PM 34 15 LPGA TOUR GOLF 2016 VOLVIK CHP 3:30 AM 6:00 AM 34 7 QUICK PITCH MLBN QP 3A 3:00 AM 4:00 AM 34 17 NBA GAMETIME NBAT GAMETIME 5/27/16 8:00 AM 8:30 AM 34 14 NBA GAMETIME NBAT GAMETIME 5/27/16 9:00 AM 9:30 AM 34 8 AMERICAS GAME NFLN 1977 COWBOYS (11) 5:00 AM 6:00 AM 34 15 NBA GAMETIME NBAT GAMETIME 5/27/16 8:30 AM 9:00 AM 33 13 NBA GAMETIME NBAT GAMETIME 5/27/16 9:30 AM 10:00 AM 33 10 EXPRESS WEEKEND BEIE EXPRESS PREVIEW 11:47 AM 11:55 AM 32 16 CYCLING BEIE GIRO D ITALIA ST 20-GUILLESTRE SANTANNA 7:00 AM 11:47 AM 31 10 E:60 ESPNU CATCHING KAYLA 11:00 PM 11:30 PM 30 12 CENTRAL FOX WKND ENC FOXD 8:00 AM 9:00 AM 30 16 QUICK PITCH MLBN QP 4A 4:00 AM 5:00 AM 30 17 AMERICAS GAME NFLN 1976 RAIDERS (10) 4:00 AM 5:00 AM 29 9 FUTBOL CENTRAL 5/28 UDN 5:00 PM 5:22 PM 29 16 UFC RELOADED FS2 169:BARAO/FABER 2 2:00 PM 5:00 PM 28 8 UFC ULTIMATE INSIDER FS2 112 5:00 PM 5:30 PM 28 10 SKYBET CHAMPIONSHIP BEIE PLAYOFF FINAL-HULL CITY VS. SHEFFIELD 11:55 AM 2:02 PM 27 16 LA ULT PALABRA WKND ENC FOXD 9:00 AM 10:00 AM 27 18 AMERICAS GAME NFLN 1973 DOLPHINS 1:00 AM 2:00 AM 27 12 FIM SUPERBIKE BEIN DONINGTON PARK, UK RACE 1 2:30 PM 4:00 PM 26 12 UCL FINAL D FS2 REAL MADRID/CLUB ATLETICO DE MADRID 10:00 PM 1:00 AM 26 9 EXPRESS WEEKEND BEIN EXPRESS XTRA WEEKEND-L 2:00 PM 2:30 PM 25 16 WMNS COLL LACROSSE ESPNU PENN STATE/NORTH CAROLINA 6:00 AM 8:00 AM 25 3 NBA SPECIAL NBAT GOLDEN SEASON: 2015-16 WARRIORS, A 11:30 PM 11:46 PM 25 8 WMNS COLL LACROSSE ESPNU SYRACUSE/MARYLAND 8:00 AM 10:00 AM 24 7 PRODUCT SHOWCASE NBCSN 3:30 AM 4:00 AM 24 11 FUTBOL MLS EN 60 UDN 11:00 AM 12:00 PM 24 11 CYCLING BEIN GIRO DITALIA – STG 20 GUILLESTRE SANT A 7:00 AM 11:45 AM 23 7 FOX DEPORTES EN VIVO ESP FOXD 5:00 PM 6:30 PM 23 13 CHARLIE MOORE NBCSN 7:30 AM 8:00 AM 23 13 SPORTSCENTERU ESPNU 1:30 AM 2:30 AM 22 16 SPORTSCENTERU ESPNU 12:30 AM 1:30 AM 20 10 LA ULTIMA PALABRA FOXD 2:38 AM 3:39 AM 20 18 CAMINO COPA AMERICA EN 60 UDN 1:00 AM 2:00 AM 20 13 UFC PPV CLASSIC FOXD UFC66-LIDELL VS ORTIZ 3:00 PM 4:00 PM 19 9 FISHING W ROLAND MARTIN NBCSN 7:00 AM 7:30 AM 19 6 CAMINO COPA AMERICA EN 60 UDN 1:00 PM 2:00 PM 19 7 SPORTSCENTERU L ESPNU 11:30 PM 12:30 AM 18 4 UCL BEST OF FS2 BEST OF MD 5&6 10:00 AM 10:30 AM 18 8 UCL BEST OF FS2 BEST OF ROUND OF 16 10:30 AM 11:00 AM 17 10 NBA ACTION NBAT NBA ACTION 2532 11:00 PM 11:30 PM 17 7 SALTWATER EXPERIENCE NBCSN 6:30 AM 7:00 AM 17 4 UCL BEST OF FS2 BEST OF QUARTERFINALS & SEMIFINALS 11:00 AM 11:30 AM 16 10 UFC UNLEASHED FS2 UFC BANTAMWEIGHTS 4:00 AM 5:00 AM 15 1 UFC PPV PRELIMS FS2 186:JOHNSON/HORIGUCHI 6:00 AM 8:00 AM 15 1 PARTIDO AMISTOSO UDN MEXICO / PARAGUAY 2:00 AM 4:00 AM 15 9 ESPN ORIGINAL DOCUMENTARY ESPNU SEC STORIED: SARAH & SUZANNE 10:00 AM 11:00 AM 14 3 AUSTRALIAN RULES FB LG L FS1 ESSENDON/RICHMOND 6:00 AM 8:06 AM 14 7 UFC UNLEASHED FS2 UFC BANTAMWEIGHTS-CHAMPIONS AND RISING S 6:24 PM 7:00 PM 14 4 PRODUCT SHOWCASE NBCSN 4:00 AM 4:30 AM 14 6 COPA AMERICA 2007 EN 60 UDN 3:00 PM 4:00 PM 14 7 UFC PPV CLASSIC FOXD UFC121-B LESNAR VS C VELASQUEZ 4:00 PM 5:00 PM 13 12 UCL HIGHLIGHTS FS2 93 1:00 AM 2:00 AM 13 10 PRODUCT SHOWCASE NBCSN 4:30 AM 5:00 AM 13 3 BOXING BEIE TORNADO VS. NICA/JULIO B VS. CHINITO 11:00 PM 1:00 AM 12 7 CENTRAL FOX US FOXD 3:39 AM 4:00 AM 12 11 UFC ULTIMATE INSIDER FS2 112 8:00 AM 8:30 AM 12 1 UNIVISON DEPORTES FC UDN 4:00 PM 5:00 PM 12 4 USMNT EN 60 UDN 10:00 AM 11:00 AM 12 4 EXPRESS WEEKEND BEIE EXPRESS WRAP-UP 2:02 PM 2:30 PM 11 6 AMERICA REDONDA UDN 9:12 AM 10:00 AM 11 6 GIRO D ITALIA HIGHLIGHTS BEIE STAGE 20 HIGHLIGHTS 10:30 PM 11:00 PM 10 5 EXPRESS WEEKEND BEIE EXPRESS XTRA WEEKEND-R 7:30 PM 8:00 PM 9 4 CYCLING BEIN GIRO DITALIA – STAGE 20 HIGHLIGHTS 10:35 PM 11:05 PM 8 6 EXPRESS WEEKEND BEIN EXPRESS PREVIEW 11:45 AM 11:55 AM 8 5 NATIONAL RUGBY LG L FS2 RAIDERS/BULLDOGS 2:00 AM 4:00 AM 8 1 UCL BEST OF FS2 BEST OF MD 3&4 9:30 AM 10:00 AM 8 5 INTO THE BLUE NBCSN 6:00 AM 6:30 AM 8 2 EXPRESS WEEKEND BEIE EXPRESS XTRA WEEKEND-R 2:00 AM 2:30 AM 7 5 INTL SOCCER FRIENDLIES BEIE REPUBLIC OF IRELAND VS. HOLLAND 8:00 PM 10:00 PM 7 4 RUGBY BEIN GUINNESS PRO 12 CONNACHT VS. LEINSTER 4:00 PM 6:00 PM 7 5 SPORTSCENTERU ESPNU 4:30 AM 5:30 AM 7 3 UFC WEIGH FS2 ALMEIDA/GARBRANDT 5:00 AM 6:00 AM 7 1 FORMULA 1 CLASIFICACION UDN GRAN PREMIO DE MONACO 7:55 AM 9:12 AM 7 3 NBA ACTION UDN 12:00 PM 12:30 PM 7 3 SPORTSCENTERU ESPNU 3:30 AM 4:30 AM 6 4 CENTRAL FOX WKND AM FOXD 7:00 AM 8:00 AM 6 4 GILLETTE WORLD SPORT UDN 12:30 PM 1:00 PM 6 5 PARTIDO AMISTOSO UDN EEUU / BOLIVIA 4:00 AM 6:00 AM 6 5 EXPRESS WEEKEND BEIE EXPRESS XTRA WEEKEND-L 5:00 PM 5:30 PM 5 1 FIM SUPERBIKE BEIE RND 7-DONINGTON PARK, UK RACE 1 1:00 AM 2:00 AM 5 4 90 IN 30 BEIN HULL CITY VS. SHEFFIELD WEDNESDAY 10:05 PM 10:35 PM 5 2 RUGBY BEIN GUINNESS PRO 12 CONNACHT VS. LEINSTER 11:05 PM 1:10 AM 5 3 SPORTSCENTERU ESPNU 2:30 AM 3:30 AM 5 4 INTERNATIONAL FRIENDLY L FS2 MEXICO/PARAGUAY 5:30 PM 6:24 PM 5 2 PRODUCT SHOWCASE NBCSN 5:00 AM 5:30 AM 5 3 PRODUCT SHOWCASE NBCSN 5:30 AM 6:00 AM 5 2 MOBIL 1 (THE GRID) UDN 7:30 AM 7:55 AM 5 0 SKYBET CHAMPIONSHIP BEIE PLAY-OFF FINAL-HULL CITY VS. SHEFFIELD 5:30 PM 7:30 PM 4 1 SKYBET CHAMPIONSHIP BEIN HULL CITY VS. SHEFFIELD WEDNESDAY 1:10 AM 3:00 AM 4 2 PAID PROGRAMMING FOXD 4:00 AM 6:00 AM 4 4 UCL BEST OF FS2 BEST OF PLAYOFFS 8:30 AM 9:00 AM 4 1 CONTACTO DEPORTIVO UDN 6:00 AM 7:00 AM 4 4 GILLETTE WORLD SPORT UDN 7:00 AM 7:30 AM 4 1 EXPRESS WEEKEND BEIE EXPRESS XTRA WEEKEND-R 10:00 PM 10:30 PM 3 2 GIRO D ITALIA HIGHLIGHTS BEIE STAGE 20 HIGHLIGHTS 4:30 PM 5:00 PM 3 0 RUGBY BEIE AVIVA-FINAL-SARACENS VS. CHIEFS 2:30 PM 4:30 PM 3 2 RUGBY BEIN AVIVA – SARACENS VS. CHIEFS 6:00 PM 8:00 PM 3 1 SPORTSCENTERU ESPNU 5:30 AM 6:00 AM 2 1 UCL BEST OF FS2 BEST OF MD 1&2 9:00 AM 9:30 AM 2 1 90 IN 30 BEIE HULL CITY VS. SHEFFIELD 2:30 AM 3:00 AM 1 0 NORTH AMERICAN SOCCER LEA BEIN MIAMI FC VS. FC EDMONTON 8:00 PM 10:05 PM 1 1 PAID PROGRAMMING BEIE PAID PROGRAMMING 6:00 AM 7:00 AM 0 0 PAID PROGRAMMING BEIN 6:00 AM 6:30 AM 0 0 PAID PROGRAMMING BEIN 6:30 AM 7:00 AM 0 0 PAID PROGRAMMING FOXD 6:00 AM 7:00 AM 0 0

—

Note: viewership of around 100,000 or lower is technically what Nielsen refers to as a “scratch” i.e., not enough Nielsen panelists watched for Nielsen to validate it.",college_and_non_nfl_football,rugby;sec,,hard_negative,yes,high,nearby_confounder,,annotation_source=auto_supplement; sampled_from_bucket=local_hard_negative,auto_supplement
nfl_football,2d9204eb32a7870d,nfl_football,local_hard_negative,local_hard_negative,667110,"That being said, the Buckeyes will be one of the best teams in all of college football.",college_and_non_nfl_football,college football,,hard_negative,yes,high,nearby_confounder,,annotation_source=auto_supplement; sampled_from_bucket=local_hard_negative,auto_supplement
nfl_football,83bc26e4ca0a32eb,nfl_football,local_hard_negative,local_hard_negative,159345,An Overstock.com subsidiary called tZero has also recently gained regulatory compliance with the SEC and FINRA for an alternative trading system (ATS) for blockchain assets.,college_and_non_nfl_football,sec,,hard_negative,yes,high,nearby_confounder,,annotation_source=auto_supplement; sampled_from_bucket=local_hard_negative,auto_supplement
nfl_football,7e48f32c332d9f3a,nfl_football,local_hard_negative,local_hard_negative,472585,The union warned last month that a strike could affect festivities surrounding this week's College Football Playoff national championship game.,college_and_non_nfl_football,college football,,hard_negative,yes,high,nearby_confounder,,annotation_source=auto_supplement; sampled_from_bucket=local_hard_negative,auto_supplement
nfl_football,2a387b6e5908ae48,nfl_football,local_hard_negative,local_hard_negative,450887,"He took to twitter yesterday to claim this tournament, which New Zealand won on Saturday, was the ""best Rugby World Cup ever"".",college_and_non_nfl_football,rugby,,hard_negative,yes,high,nearby_confounder,,annotation_source=auto_supplement; sampled_from_bucket=local_hard_negative,auto_supplement
nfl_football,ef62de1e17e5d3a9,nfl_football,local_hard_negative,local_hard_negative,384034,Many players and fans enjoy playing both Rugby League and Rugby Union and it is unjustifiable to not recognise this fact.,college_and_non_nfl_football,rugby,,hard_negative,yes,high,nearby_confounder,,annotation_source=auto_supplement; sampled_from_bucket=local_hard_negative,auto_supplement
nfl_football,fe84d787a446b99e,nfl_football,local_hard_negative,local_hard_negative,788502,"Even when it’s not hosting a playoff semifinal, the Sugar still holds a traditional place of pride for the SEC, like the Rose Bowl does for teams in the Big Ten and Pac-12, as the longstanding destination for the conference champ.",college_and_non_nfl_football,big ten;sec,,hard_negative,yes,high,nearby_confounder,,annotation_source=auto_supplement; sampled_from_bucket=local_hard_negative,auto_supplement
nfl_football,296838d1adf5f394,nfl_football,local_hard_negative,local_hard_negative,368332,"18 March 2014

98 times capped Irish scrum-half Peter Stringer has signed a new one year contract with Bath Rugby, the Club are delighted to announce.",college_and_non_nfl_football,rugby,,hard_negative,yes,high,nearby_confounder,,annotation_source=auto_supplement; sampled_from_bucket=local_hard_negative,auto_supplement
nfl_football,8f6eeb304a2ed0c3,nfl_football,local_hard_negative,local_hard_negative,401346,"In 2007, Goldman did the deal at the center of the SEC's suit, CEO Lloyd Blankfein took home $68 million in salary and bonus.",college_and_non_nfl_football,sec,,hard_negative,yes,high,nearby_confounder,,annotation_source=auto_supplement; sampled_from_bucket=local_hard_negative,auto_supplement
nfl_football,c7a71ac26bdf72c1,nfl_football,local_hard_negative,local_hard_negative,97581,A move above the peak reached in the market mayhem accompanying the SEC’s ETF decision indicates that a long-term target for bulls has been validated at $1719.97.,college_and_non_nfl_football,sec,,hard_negative,yes,high,nearby_confounder,,annotation_source=auto_supplement; sampled_from_bucket=local_hard_negative,auto_supplement
nfl_football,1031d8da963173c1,nfl_football,local_hard_negative,local_hard_negative,442794,"That's how much Activision Blizzard recorded for compensation to CEO Bobby Kotick in 2012, according to a recent regulatory filing with the SEC.",college_and_non_nfl_football,sec,,hard_negative,yes,high,nearby_confounder,,annotation_source=auto_supplement; sampled_from_bucket=local_hard_negative,auto_supplement
nfl_football,49f91dfd7389c48f,nfl_football,local_hard_negative,local_hard_negative,369488,"This solution provides every nation with that opportunity whilst rewarding success for eight of our Members who reach the Quarter-Finals of the 2017 RLIF Rugby League World Cup.”

FIRL (Italy)

The RLIF Board received a report that FIRL (Italy) had now fully complied with all criteria regarding RLIF Full Membership and therefore the RLIF Board now recommends to the Members at the AGM that Italy become a Full Member of RLIF.",college_and_non_nfl_football,rugby,,hard_negative,yes,high,nearby_confounder,,annotation_source=auto_supplement; sampled_from_bucket=local_hard_negative,auto_supplement
nfl_football,37fabf28485c75ae,nfl_football,local_hard_negative,local_hard_negative,543162,"One of 11 children, World Cup - who ironically now plays rugby league instead of rugby - is the only one with a rather unique name.",college_and_non_nfl_football,rugby,,hard_negative,yes,high,nearby_confounder,,annotation_source=auto_supplement; sampled_from_bucket=local_hard_negative,auto_supplement
nfl_football,604e033cb67518eb,nfl_football,local_hard_negative,local_hard_negative,473509,"Orgeron can see himself back in his late teens out there too, doing drills right by All-SEC nose guard Ramsey Dardar.",college_and_non_nfl_football,sec,,hard_negative,yes,high,nearby_confounder,,annotation_source=auto_supplement; sampled_from_bucket=local_hard_negative,auto_supplement
nfl_football,43f98703a4d44356,nfl_football,local_hard_negative,local_hard_negative,186434,"In an interview with Bitcoin Magazine, managing partner Bart Stephens explained that BCAP tokens follow the SEC exemptions for unregulated securities — the same structure as bonds and high-yield debt — under Regulation D, allowing them to be sold in the U.S., as well as Regulation S, allowing them to be sold internationally.",college_and_non_nfl_football,sec,,hard_negative,yes,high,nearby_confounder,,annotation_source=auto_supplement; sampled_from_bucket=local_hard_negative,auto_supplement
nfl_football,f3b315f539358424,nfl_football,local_hard_negative,local_hard_negative,670827,"""They did so well and were so inspirational for girls playing any sport, whether it be hockey, rugby or anything else, but particularly being so similar to our sport, we aspire to be as successful as they've been,"" continued Quinn.",college_and_non_nfl_football,rugby,,hard_negative,yes,high,nearby_confounder,,annotation_source=auto_supplement; sampled_from_bucket=local_hard_negative,auto_supplement
nfl_football,4501f5f0f33e7c1b,nfl_football,local_hard_negative,local_hard_negative,192742,This is not only for Sec.,college_and_non_nfl_football,sec,,hard_negative,yes,high,nearby_confounder,,annotation_source=auto_supplement; sampled_from_bucket=local_hard_negative,auto_supplement
nfl_football,1bdfd71cb097293d,nfl_football,local_hard_negative,local_hard_negative,735381,"As unfortunate as it is, it's oftentimes the lunatics and fringe fanatics that end up crossing the line and giving college football recruiting fans a bad name.",college_and_non_nfl_football,college football,,hard_negative,yes,high,nearby_confounder,,annotation_source=auto_supplement; sampled_from_bucket=local_hard_negative,auto_supplement
nfl_football,926950f8a212e43c,nfl_football,local_hard_negative,local_hard_negative,764896,"""Certain coaches were hacked off about the SEC only having eight conference games.",college_and_non_nfl_football,sec,,hard_negative,yes,high,nearby_confounder,,annotation_source=auto_supplement; sampled_from_bucket=local_hard_negative,auto_supplement
nfl_football,705d69c761dc43bc,nfl_football,local_hard_negative,local_hard_negative,698030,"[4]

Government oversight [ edit ]

Each of these powers is subject to approval and oversight by the SEC.",college_and_non_nfl_football,sec,,hard_negative,yes,high,nearby_confounder,,annotation_source=auto_supplement; sampled_from_bucket=local_hard_negative,auto_supplement
nfl_football,8ea463f36f8b7927,nfl_football,local_hard_negative,local_hard_negative,602511,"HOWEVER _you have a 0.5 sec DELAY ( cast time)_ on it forcing you to stand still, thus completely hindering 30 to 70% of your snare depending on the levels and the distance between you and the opponent, that's also the reason why this spell isn't good as a defensive one and is mostly used as an offensive one in order to catch targets for your teammates or your 0.2+ sec burst, because you will never be able to escape anything due to you having to stop for almost your entire snare duration in early levels while being the slowest character in the game.",college_and_non_nfl_football,sec,,hard_negative,yes,high,nearby_confounder,,annotation_source=auto_supplement; sampled_from_bucket=local_hard_negative,auto_supplement
nfl_football,467e9f7c959460b7,nfl_football,local_hard_negative,local_hard_negative,365092,"The Political Correction page absolutely dismantles all of Kobach's claims and his intended remedies for his imaginery epidemic, and even cites, among much other evidence, the fact that, as of July 2010, ""according to the [Kansas Sec.",college_and_non_nfl_football,sec,,hard_negative,yes,high,nearby_confounder,,annotation_source=auto_supplement; sampled_from_bucket=local_hard_negative,auto_supplement
nfl_football,682a8fd1e67dabd1,nfl_football,local_hard_negative,local_hard_negative,250858,"The conference commissioners and college administrators who oversee college football's new championship format, which will begin in 2014, expect to unveil its name and logo at their meeting in Pasadena, Calif., next month, executive director Bill Hancock said.",college_and_non_nfl_football,college football,,hard_negative,yes,high,nearby_confounder,,annotation_source=auto_supplement; sampled_from_bucket=local_hard_negative,auto_supplement
nfl_football,ffbea7d75ece3be9,nfl_football,local_hard_negative,local_hard_negative,426985,"Bella, she just went to the horses, she’ll be back in a sec.",college_and_non_nfl_football,sec,,hard_negative,yes,high,nearby_confounder,,annotation_source=auto_supplement; sampled_from_bucket=local_hard_negative,auto_supplement
nfl_football,d363f3cb7e8246a7,nfl_football,local_hard_negative,local_hard_negative,406898,"The condition is common in martial arts such as boxing, mixed martial arts or wrestling, and in full-contact sports such as rugby union football.",college_and_non_nfl_football,rugby,,hard_negative,yes,high,nearby_confounder,,annotation_source=auto_supplement; sampled_from_bucket=local_hard_negative,auto_supplement
nfl_football,6df07e6ee77b6fb9,nfl_football,local_hard_negative,local_hard_negative,650429,Rightwing Israeli politicians like Binyamin Netanyahu are squawking furiously about the prospect that Sec.,college_and_non_nfl_football,sec,,hard_negative,yes,high,nearby_confounder,,annotation_source=auto_supplement; sampled_from_bucket=local_hard_negative,auto_supplement
nfl_football,83cf8d31ed6cbb5c,nfl_football,local_hard_negative,local_hard_negative,106513,"This story is about Published Feb. 2016

Bob Sturm's NFL draft profile series: Jalen Ramsey could come in and be the best player in the Cowboys secondary Share This Story On... Twitter

Facebook

Email

AP file photo/Bob Leverone In this Saturday, Dec. 7, 2013, file photo, Duke's Braxton Deaver (89) is hit by Florida State's Jalen Ramsey (13) in the first half of the Atlantic Coast Conference Championship NCAA football game in Charlotte, N.C.

By Bob Sturm , Special contributor Contact Bob Sturm on Twitter: @SportsSturm

I have never been a scout or a NFL General Manager, but I am willing to watch a ton of football.",college_and_non_nfl_football,ncaa football,,hard_negative,yes,high,nearby_confounder,,annotation_source=auto_supplement; sampled_from_bucket=local_hard_negative,auto_supplement
nfl_football,aa24c34153c041d8,nfl_football,local_hard_negative,local_hard_negative,675617,"The belief is that properly-made decisions will lead to better decisions, so it was odd to watch self-identified corporate governance advocates support a proxy proposal that violated SEC rules.",college_and_non_nfl_football,sec,,hard_negative,yes,high,nearby_confounder,,annotation_source=auto_supplement; sampled_from_bucket=local_hard_negative,auto_supplement
nfl_football,d035873cc172c1cd,nfl_football,local_hard_negative,local_hard_negative,165501,"The school did not announce buyout stipulations, but it likely included enough assurances that only the deepest pockets in college football or the NFL can come knocking.",college_and_non_nfl_football,college football,,hard_negative,yes,high,nearby_confounder,,annotation_source=auto_supplement; sampled_from_bucket=local_hard_negative,auto_supplement
nfl_football,fa013532edbac81c,nfl_football,local_hard_negative,local_hard_negative,369343,"Sat., Jan. 21 Mississippi State at Tennessee SEC Network 6:00 p.m.",college_and_non_nfl_football,sec,,hard_negative,yes,high,nearby_confounder,,annotation_source=auto_supplement; sampled_from_bucket=local_hard_negative,auto_supplement
nfl_football,b9e7964220a22688,nfl_football,local_hard_negative,local_hard_negative,741198,"He wants his successors at the ARU to lobby for the Lions-Anzacs blockbuster, which could see Trans-Tasman combinations like Will Genia and Dan Carter uniting at the home of rugby.",college_and_non_nfl_football,rugby,,hard_negative,yes,high,nearby_confounder,,annotation_source=auto_supplement; sampled_from_bucket=local_hard_negative,auto_supplement
nfl_football,c0188cd8ef6c0fa2,nfl_football,local_hard_negative,local_hard_negative,567556,"They were all next door with the green-and-golds

The entire rugby league world relies on the NRL so much and yet it admits it is focused on getting Australia back to number one.",college_and_non_nfl_football,rugby,,hard_negative,yes,high,nearby_confounder,,annotation_source=auto_supplement; sampled_from_bucket=local_hard_negative,auto_supplement
nfl_football,12ad8abb05fca82f,nfl_football,local_hard_negative,local_hard_negative,365094,"Also, a spokesperson for former 16-year Republican Sec.",college_and_non_nfl_football,sec,,hard_negative,yes,high,nearby_confounder,,annotation_source=auto_supplement; sampled_from_bucket=local_hard_negative,auto_supplement
nfl_football,dd81d29b575b17ef,nfl_football,local_hard_negative,local_hard_negative,87088,"""I’m not involved in granting immunity around SEC student-athletes,"" Sankey said.",college_and_non_nfl_football,sec,,hard_negative,yes,high,nearby_confounder,,annotation_source=auto_supplement; sampled_from_bucket=local_hard_negative,auto_supplement
nfl_football,69e3e09d354e1aab,nfl_football,local_hard_negative,local_hard_negative,197973,"Responding to recent speculation about his health, Mr Brown emphatically denied rumours that he was a regular user of prescription painkillers but admitted that he had had serious problems with his eyesight since losing the sight in one eye following a teenage rugby accident.",college_and_non_nfl_football,rugby,,hard_negative,yes,high,nearby_confounder,,annotation_source=auto_supplement; sampled_from_bucket=local_hard_negative,auto_supplement
nfl_football,1ee86a77657310a4,nfl_football,local_hard_negative,local_hard_negative,769436,"The SEC is investigating the massive loss, but that will take a lot of time and the eventual report will probably be very difficult for novices to understand and probably they won't put anyone in jail.",college_and_non_nfl_football,sec,,hard_negative,yes,high,nearby_confounder,,annotation_source=auto_supplement; sampled_from_bucket=local_hard_negative,auto_supplement
nfl_football,b4fd1e1e558629fb,nfl_football,local_hard_negative,local_hard_negative,36347,"6 in the College Football Playoff rankings at a late juncture in the season, Arizona State's expectations extended beyond finishing its season in El Paso, Texas.",college_and_non_nfl_football,college football,,hard_negative,yes,high,nearby_confounder,,annotation_source=auto_supplement; sampled_from_bucket=local_hard_negative,auto_supplement
nfl_football,2f3558e1f72e8a88,nfl_football,local_hard_negative,local_hard_negative,377346,We just want to see some more rugby.,college_and_non_nfl_football,rugby,,hard_negative,yes,high,nearby_confounder,,annotation_source=auto_supplement; sampled_from_bucket=local_hard_negative,auto_supplement
nfl_football,ebe45cc12c6e7a83,nfl_football,local_hard_negative,local_hard_negative,115868,"Next Game: Auburn 3/15/2015 | 1:00 PM SEC Network + 1150 AM

COLLEGE STATION, Texas – No.",college_and_non_nfl_football,sec,,hard_negative,yes,high,nearby_confounder,,annotation_source=auto_supplement; sampled_from_bucket=local_hard_negative,auto_supplement
nfl_football,03ab40d0a59a611c,nfl_football,local_hard_negative,local_hard_negative,633743,"The years Naughright was employed as the associate trainer by the men's football program, from 1996-98, were arguably the three best years in the modern history of the program, as the team won back-to-back SEC championships and the national title.",college_and_non_nfl_football,sec,,hard_negative,yes,high,nearby_confounder,,annotation_source=auto_supplement; sampled_from_bucket=local_hard_negative,auto_supplement
nfl_football,cd428529939d5369,nfl_football,local_hard_negative,local_hard_negative,344127,"""[The SEC] should claim themselves as the best league in the country because they've earned it,"" Arizona coach Rich Rodriguez said.",college_and_non_nfl_football,sec,,hard_negative,yes,high,nearby_confounder,,annotation_source=auto_supplement; sampled_from_bucket=local_hard_negative,auto_supplement
nfl_football,29732500cc518cbe,nfl_football,local_hard_negative,local_hard_negative,797050,Our mission is to continually expand and improve Wikipedia's coverage of college football.,college_and_non_nfl_football,college football,,hard_negative,yes,high,nearby_confounder,,annotation_source=auto_supplement; sampled_from_bucket=local_hard_negative,auto_supplement
nfl_football,7d11abb9268734ac,nfl_football,local_hard_negative,local_hard_negative,764906,"Bill Haber/Associated Press

The ability to keep those big, athletic bodies fresh is obviously a huge advantage for SEC teams, especially during the season and when that grind starts to take a toll.",college_and_non_nfl_football,sec,,hard_negative,yes,high,nearby_confounder,,annotation_source=auto_supplement; sampled_from_bucket=local_hard_negative,auto_supplement
nfl_football,7feeb2feaa9b92f2,nfl_football,local_hard_negative,local_hard_negative,221460,"“My thoughts are with the players and staff during this time,” said USA Rugby CEO Dan Payne via email — an intentionally curt, and politically savvy, way of emphasizing where his organization believes blame ultimately lies.",college_and_non_nfl_football,rugby,,hard_negative,yes,high,nearby_confounder,,annotation_source=auto_supplement; sampled_from_bucket=local_hard_negative,auto_supplement
nfl_football,96a8d87152d8c1df,nfl_football,local_hard_negative,local_hard_negative,731254,"But, improbably, the Yellow Jackets’ 222-0 win over Cumberland has held fast its place in school and college football history.",college_and_non_nfl_football,college football,,hard_negative,yes,high,nearby_confounder,,annotation_source=auto_supplement; sampled_from_bucket=local_hard_negative,auto_supplement
nfl_football,cdb10816def3377f,nfl_football,local_hard_negative,local_hard_negative,369373,"Sat., Feb. 18 LSU at Alabama SEC Network 3:30 p.m.",college_and_non_nfl_football,sec,,hard_negative,yes,high,nearby_confounder,,annotation_source=auto_supplement; sampled_from_bucket=local_hard_negative,auto_supplement
nfl_football,c1dc4465e3855664,nfl_football,local_hard_negative,local_hard_negative,457460,"""I really cannot see the RFU admitting four Welsh clubs - the English game would go beserk,"" Irvine told The Rugby Paper.",college_and_non_nfl_football,rugby,,hard_negative,yes,high,nearby_confounder,,annotation_source=auto_supplement; sampled_from_bucket=local_hard_negative,auto_supplement
nfl_football,3cd488e502522cf6,nfl_football,local_hard_negative,local_hard_negative,505752,"Tennessee and a few other SEC schools have been known to ship out a large number of recruiting letters to prospects, creating an arms race to see who can send the most.",college_and_non_nfl_football,sec,,hard_negative,yes,high,nearby_confounder,,annotation_source=auto_supplement; sampled_from_bucket=local_hard_negative,auto_supplement
nfl_football,d7a632a114647612,nfl_football,local_hard_negative,local_hard_negative,675856,"Joshua Lindsey/USA TODAY Sports

The 45-year-old has coached in the Big Ten before, serving as quarterbacks coach at Illinois from 2010-11.",college_and_non_nfl_football,big ten,,hard_negative,yes,high,nearby_confounder,,annotation_source=auto_supplement; sampled_from_bucket=local_hard_negative,auto_supplement
nfl_football,a83377ff172ff191,nfl_football,local_hard_negative,local_hard_negative,173319,"Way to go, [SEC chief] Mary Jo White.",college_and_non_nfl_football,sec,,hard_negative,yes,high,nearby_confounder,,annotation_source=auto_supplement; sampled_from_bucket=local_hard_negative,auto_supplement
nfl_football,33b6c45ca198fe44,nfl_football,local_hard_negative,local_hard_negative,563907,"Ironically, if a man shaves his legs (which may be required for a sport such as rugby or swimming), he will often be ridiculed.",college_and_non_nfl_football,rugby,,hard_negative,yes,high,nearby_confounder,,annotation_source=auto_supplement; sampled_from_bucket=local_hard_negative,auto_supplement
nfl_football,d5cbfe7384c4d3b4,nfl_football,local_hard_negative,local_hard_negative,575005,"In a multi-pronged attack, Malielegaoi also took aim at World Rugby (formerly the IRB), accusing it of inflaming recent tensions, as well as the four Home Unions, which he said should be merged under a ‘Great Britain’ banner.",college_and_non_nfl_football,rugby,,hard_negative,yes,high,nearby_confounder,,annotation_source=auto_supplement; sampled_from_bucket=local_hard_negative,auto_supplement
nfl_football,f56d1e496e39dd90,nfl_football,local_hard_negative,local_hard_negative,377499,"Steam rising off both packs as they ready themselves to engage - like cattle in a way, but cattle in rugby shirts.",college_and_non_nfl_football,rugby,,hard_negative,yes,high,nearby_confounder,,annotation_source=auto_supplement; sampled_from_bucket=local_hard_negative,auto_supplement
nfl_football,b6524b9d93d33c91,nfl_football,local_hard_negative,local_hard_negative,110824,"But it is vital to the success of any program, and if you can't recruit well in the SEC, you're losing ground.",college_and_non_nfl_football,sec,,hard_negative,yes,high,nearby_confounder,,annotation_source=auto_supplement; sampled_from_bucket=local_hard_negative,auto_supplement
nfl_football,9ae93cf1f0896e79,nfl_football,local_hard_negative,local_hard_negative,764913,"The ability to hire and retain a staff at Arkansas was a big selling point for the former Wisconsin head coach, and even though he lost some assistants between his first and second campaign in Fayetteville, the possibility to hire top-notch assistants separates the SEC.",college_and_non_nfl_football,sec,,hard_negative,yes,high,nearby_confounder,,annotation_source=auto_supplement; sampled_from_bucket=local_hard_negative,auto_supplement
nfl_football,31cff8e0ca5a7655,nfl_football,local_hard_negative,local_hard_negative,698046,One of the claims made by Goldschmid during the rancorous October SEC hearing was that the candidates put forward by Pitt had not been properly vetted.,college_and_non_nfl_football,sec,,hard_negative,yes,high,nearby_confounder,,annotation_source=auto_supplement; sampled_from_bucket=local_hard_negative,auto_supplement
nfl_football,9d84645296c6ece1,nfl_football,local_hard_negative,local_hard_negative,470733,"Back in what now seems like another life, the days of the 900 number, one of my most popular updates was what I called my ‘prediction update.’ Once every couple of months or so starting in the fall and going trough National Signing Day, I would predict what the Buckeyes’ recruiting class for that year would look like come February.",college_and_non_nfl_football,recruiting class,,hard_negative,yes,high,nearby_confounder,,annotation_source=auto_supplement; sampled_from_bucket=local_hard_negative,auto_supplement
nfl_football,4215ffbb1890e851,nfl_football,local_hard_negative,local_hard_negative,662273,"As a junior in 2015, Barnett finished with a career-best 13.0 sacks and also led the team with 19.0 tackles for loss and two forced fumbles to earn First Team All-SEC honors.",college_and_non_nfl_football,sec,,hard_negative,yes,high,nearby_confounder,,annotation_source=auto_supplement; sampled_from_bucket=local_hard_negative,auto_supplement
nfl_football,aea1b236cc0a616c,nfl_football,local_hard_negative,local_hard_negative,767354,"I go out to Paisley and the band is rehearsing ""When You Were Mine"" and he goes, ""Hey, can you hang a sec?""",college_and_non_nfl_football,sec,,hard_negative,yes,high,nearby_confounder,,annotation_source=auto_supplement; sampled_from_bucket=local_hard_negative,auto_supplement
nfl_football,65a015c962f247d8,nfl_football,local_hard_negative,local_hard_negative,502004,"Should Oregon compete for a Pac-12 title and a College Football Playoff berth, Freeman will likely be a big reason why, and that will put him in the Heisman conversation.",college_and_non_nfl_football,college football,,hard_negative,yes,high,nearby_confounder,,annotation_source=auto_supplement; sampled_from_bucket=local_hard_negative,auto_supplement
nfl_football,063e05e4ae70df5f,nfl_football,local_hard_negative,local_hard_negative,646931,"100 mana, 90/75/60 sec cooldown

Draw Kalista's Oathsworn to her.",college_and_non_nfl_football,sec,,hard_negative,yes,high,nearby_confounder,,annotation_source=auto_supplement; sampled_from_bucket=local_hard_negative,auto_supplement
nfl_football,6726fe9649d707b4,nfl_football,local_hard_negative,local_hard_negative,110816,"I have always thought I would be one of the last South Carolina fans to abandon Spurrier or even suggest that he should go, because I have such a deep appreciation for what he has done in Columbia and because I like his attitude and outlook on college football.",college_and_non_nfl_football,college football,,hard_negative,yes,high,nearby_confounder,,annotation_source=auto_supplement; sampled_from_bucket=local_hard_negative,auto_supplement
nfl_football,7ebf7f57f46a03bd,nfl_football,local_hard_negative,local_hard_negative,764935,"""He has a background in both the NFL and college football.",college_and_non_nfl_football,college football,,hard_negative,yes,high,nearby_confounder,,annotation_source=auto_supplement; sampled_from_bucket=local_hard_negative,auto_supplement
nfl_football,725abf26256d0483,nfl_football,local_hard_negative,local_hard_negative,697992,All PCAOB rules and standards must be approved by the U.S. Securities and Exchange Commission (SEC).,college_and_non_nfl_football,sec,,hard_negative,yes,high,nearby_confounder,,annotation_source=auto_supplement; sampled_from_bucket=local_hard_negative,auto_supplement
nfl_football,0f8f316e09ebb656,nfl_football,local_hard_negative,local_hard_negative,543160,"It was October 15, 1991, and as World Cup was making his way into the world in Samoa, his dad, Agato - a big rugby fan - was still on cloud nine with how the national team were performing in their maiden Rugby World Cup appearance, in the UK, Ireland and France.",college_and_non_nfl_football,rugby,,hard_negative,yes,high,nearby_confounder,,annotation_source=auto_supplement; sampled_from_bucket=local_hard_negative,auto_supplement
nfl_football,45ec2f925b495f34,nfl_football,local_hard_negative,local_hard_negative,698028,The PCAOB may also seek the SEC's assistance in issuing subpoenas for testimony or documents from individuals or entities not registered with the PCAOB.,college_and_non_nfl_football,sec,,hard_negative,yes,high,nearby_confounder,,annotation_source=auto_supplement; sampled_from_bucket=local_hard_negative,auto_supplement
nfl_football,2b7a0c6af2d7c9b0,nfl_football,local_hard_negative,local_hard_negative,506357,With every game of rugby there is one team who sets the pace and one who is chasing.,college_and_non_nfl_football,rugby,,hard_negative,yes,high,nearby_confounder,,annotation_source=auto_supplement; sampled_from_bucket=local_hard_negative,auto_supplement
nfl_football,3384cc8c5af56f46,nfl_football,local_hard_negative,local_hard_negative,788594,"The sudden sack spree brought Garrett’s total for the year to 8.5 — nowhere near his stated preseason goal of 20 sacks, but good enough to pass Reggie White into sixth place on the SEC’s career list.",college_and_non_nfl_football,sec,,hard_negative,yes,high,nearby_confounder,,annotation_source=auto_supplement; sampled_from_bucket=local_hard_negative,auto_supplement
nfl_football,b36ddb40a526f872,nfl_football,local_hard_negative,local_hard_negative,17694,Austin was a three-star member of LSU’s 2011 recruiting class who was rated as the No.,college_and_non_nfl_football,recruiting class,,hard_negative,yes,high,nearby_confounder,,annotation_source=auto_supplement; sampled_from_bucket=local_hard_negative,auto_supplement
nfl_football,2e0f9a77527f011c,nfl_football,local_hard_negative,local_hard_negative,220541,"My con­cern about this draft Bill is that while the over­sight pro­vi­sions seem to be strengthened, with approv­al neces­sary from both the Sec­ret­ary of State and a Judi­cial Com­mis­sion­er, the interi­or pro­cess of applic­a­tion for war­rants will still remain opaque and open to manip­u­la­tion with­in the intel­li­gence agen­cies.",college_and_non_nfl_football,sec,,hard_negative,yes,high,nearby_confounder,,annotation_source=auto_supplement; sampled_from_bucket=local_hard_negative,auto_supplement
nfl_football,9a62f44577e066a0,nfl_football,local_hard_negative,local_hard_negative,110583,Three rugby fans of Middle Eastern appearance were singled out by a spectator for allegedly using their mobile phones in a suspicious manner during the game.,college_and_non_nfl_football,rugby,,hard_negative,yes,high,nearby_confounder,,annotation_source=auto_supplement; sampled_from_bucket=local_hard_negative,auto_supplement
nfl_football,1f541ac8b3b21a65,nfl_football,local_hard_negative,local_hard_negative,474851,(R) Tate Reeves 8pm MS-Atty Gen. (D) Jim Hood (inc) Steve Simpson 8pm MS-Sec.,college_and_non_nfl_football,sec,,hard_negative,yes,high,nearby_confounder,,annotation_source=auto_supplement; sampled_from_bucket=local_hard_negative,auto_supplement
nfl_football,76c4cd89e312c389,nfl_football,local_hard_negative,local_hard_negative,724703,He spent 15 seasons in Eugene under three different offensive-minded head coaches and Oregon never would have become a college football powerhouse without him.,college_and_non_nfl_football,college football,,hard_negative,yes,high,nearby_confounder,,annotation_source=auto_supplement; sampled_from_bucket=local_hard_negative,auto_supplement
nfl_football,ff68f79c73da771e,nfl_football,local_hard_negative,local_hard_negative,120272,The 11 interceptions tied a Big Ten single-season record.,college_and_non_nfl_football,big ten,,hard_negative,yes,high,nearby_confounder,,annotation_source=auto_supplement; sampled_from_bucket=local_hard_negative,auto_supplement
nfl_football,8c5e59ccd7dc8cb8,nfl_football,local_hard_negative,local_hard_negative,369408,"Walter Camp — Class of 1880 Known as the ""father of American football,"" Camp, with other classmates, developed the game from the Brits' version of rugby.",college_and_non_nfl_football,rugby,,hard_negative,yes,high,nearby_confounder,,annotation_source=auto_supplement; sampled_from_bucket=local_hard_negative,auto_supplement
nfl_football,9886e9a281bc1f54,nfl_football,local_hard_negative,local_hard_negative,22814,Paul Kimmage on rugby was the main talking point from the Sunday Independent journalist's appearance on The Last Word with Matt Cooper.,college_and_non_nfl_football,rugby,,hard_negative,yes,high,nearby_confounder,,annotation_source=auto_supplement; sampled_from_bucket=local_hard_negative,auto_supplement
nfl_football,5180cf12649792c8,nfl_football,local_hard_negative,local_hard_negative,569068,"So when Crean led Indiana to its first outright Big Ten title in 20 years in 2012–13, it was understandably a big deal.",college_and_non_nfl_football,big ten,,hard_negative,yes,high,nearby_confounder,,annotation_source=auto_supplement; sampled_from_bucket=local_hard_negative,auto_supplement
nfl_football,873325f0a5433e7b,nfl_football,local_hard_negative,local_hard_negative,768710,"As most sports fans know, Tebow used his time at Florida not only to prove he's one of the greatest college football players ever, but also to promote his Christian values.",college_and_non_nfl_football,college football,,hard_negative,yes,high,nearby_confounder,,annotation_source=auto_supplement; sampled_from_bucket=local_hard_negative,auto_supplement
nfl_football,fc4e7e746e3d0b55,nfl_football,local_hard_negative,local_hard_negative,95525,"It illustrates, absolutely, how important the schedule is in today’s college football climate.",college_and_non_nfl_football,college football,,hard_negative,yes,high,nearby_confounder,,annotation_source=auto_supplement; sampled_from_bucket=local_hard_negative,auto_supplement
nfl_football,76460dfb29770154,nfl_football,local_hard_negative,local_hard_negative,434713,An SEC spokesman declined to comment on the ruling.,college_and_non_nfl_football,sec,,hard_negative,yes,high,nearby_confounder,,annotation_source=auto_supplement; sampled_from_bucket=local_hard_negative,auto_supplement
nfl_football,156b2c25ddc3129a,nfl_football,local_hard_negative,local_hard_negative,617769,"– Colorado senior outside linebackeris one of 42 student-athletes named to the 2017 Lott IMPACT Trophy Watch List, the Pacific Club IMPACT Foundation has announced.Named after Pro Football Hall of Fame member, Ronnie Lott, The Lott IMPACT Trophy is awarded to college football's Defensive IMPACT Player of the Year.",college_and_non_nfl_football,college football,,hard_negative,yes,high,nearby_confounder,,annotation_source=auto_supplement; sampled_from_bucket=local_hard_negative,auto_supplement
nfl_football,a3ed3b7464d66aa3,nfl_football,local_hard_negative,local_hard_negative,385573,"When the College Football Playoff was first announced, many believed that the use of a committee would help foster a host of high profile non-conference matchups in the sport.",college_and_non_nfl_football,college football,,hard_negative,yes,high,nearby_confounder,,annotation_source=auto_supplement; sampled_from_bucket=local_hard_negative,auto_supplement
nfl_football,dacda62813d6f809,nfl_football,local_hard_negative,local_hard_negative,221450,"The gas really hit the fire, though, when “PRO’s Outstanding Bills at Forefront of USA Rugby Row” was published by Rugby Today on December 21st.",college_and_non_nfl_football,rugby,,hard_negative,yes,high,nearby_confounder,,annotation_source=auto_supplement; sampled_from_bucket=local_hard_negative,auto_supplement
nfl_football,8ef63d2ed92424c1,nfl_football,local_hard_negative,local_hard_negative,432817,"Not offered a second-tier deal by the Storm after spending the pre-season training with the club, the Australian Rugby Sevens are ready to pounce.",college_and_non_nfl_football,rugby,,hard_negative,yes,high,nearby_confounder,,annotation_source=auto_supplement; sampled_from_bucket=local_hard_negative,auto_supplement
nfl_football,e50ec4998a6331ac,nfl_football,local_hard_negative,local_hard_negative,797055,"Scope [ edit ]

As mentioned above, this project covers all aspects of college football including articles about college football history, the programs and traditions of individual schools, college football rivalries, notable games, awards, rankings and championship systems, and overviews of seasons on a national, conference, and individual team basis.",college_and_non_nfl_football,college football,,hard_negative,yes,high,nearby_confounder,,annotation_source=auto_supplement; sampled_from_bucket=local_hard_negative,auto_supplement
nfl_football,88efbaf5a21f42c3,nfl_football,local_hard_negative,local_hard_negative,736718,JASON DORDAY/FAIRFAX NZ Dean Williams wants to go as far as he can with rugby in New Zealand.,college_and_non_nfl_football,rugby,,hard_negative,yes,high,nearby_confounder,,annotation_source=auto_supplement; sampled_from_bucket=local_hard_negative,auto_supplement
nfl_football,494b3c0b38dc734a,nfl_football,local_hard_negative,local_hard_negative,40653,Julia Greenshields is back for a brief stay in her hometown before rejoining the Rugby Canada national women’s program in B.C.,college_and_non_nfl_football,rugby,,hard_negative,yes,high,nearby_confounder,,annotation_source=auto_supplement; sampled_from_bucket=local_hard_negative,auto_supplement
nfl_football,afd07d915f3682e3,nfl_football,local_hard_negative,local_hard_negative,446753,Which will be null for now but this will change in a sec.,college_and_non_nfl_football,sec,,hard_negative,yes,high,nearby_confounder,,annotation_source=auto_supplement; sampled_from_bucket=local_hard_negative,auto_supplement
nfl_football,37df64cbbd50c47c,nfl_football,local_hard_negative,local_hard_negative,506348,"It was basically cup rugby every weekend in front of 10,000 or 12,000 people at a ferocious intensity, which is what Test rugby is all about.",college_and_non_nfl_football,rugby,,hard_negative,yes,high,nearby_confounder,,annotation_source=auto_supplement; sampled_from_bucket=local_hard_negative,auto_supplement
nfl_football,8ddbbec591d6c0bc,nfl_football,local_hard_negative,local_hard_negative,705530,"Sammie Coates — a preseason first-team all-SEC selection that is averaging 18.2 yards per reception — is one big reason this QB power read works, as he drives a South Carolina defender back a few yards to clear the path for Louis down the left sideline.",college_and_non_nfl_football,sec,,hard_negative,yes,high,nearby_confounder,,annotation_source=auto_supplement; sampled_from_bucket=local_hard_negative,auto_supplement
nfl_football,efb49f82dd7d509a,nfl_football,local_hard_negative,local_hard_negative,63775,"""With broker, banker and analyst licenses with the SEC and FINRA, we transact all of our investment banking transactions through Pickwick Capital Partners, which allows us to act as an investment banker to these public companies,"" said Greiper.",college_and_non_nfl_football,sec,,hard_negative,yes,high,nearby_confounder,,annotation_source=auto_supplement; sampled_from_bucket=local_hard_negative,auto_supplement
nfl_football,4a6f9f59c9186f07,nfl_football,local_hard_negative,local_hard_negative,2208,But there's still about a 1-in-2 chance that the Bulldogs reach the SEC title game (if they qualify) at 11-1 or better.,college_and_non_nfl_football,sec,,hard_negative,yes,high,nearby_confounder,,annotation_source=auto_supplement; sampled_from_bucket=local_hard_negative,auto_supplement
nfl_football,fb6177c41333fc7e,nfl_football,local_hard_negative,local_hard_negative,224928,"To stream live rugby matches on a PC, laptop, tablet or smartphone you also need to have a valid TV Licence.",college_and_non_nfl_football,rugby,,hard_negative,yes,high,nearby_confounder,,annotation_source=auto_supplement; sampled_from_bucket=local_hard_negative,auto_supplement
nfl_football,9e0d51dc12522103,nfl_football,local_hard_negative,local_hard_negative,181066,"More from SB Nation:

Follow @SBNationCFB Follow @SBNRecruiting

• Tommie Frazier finally makes College Football Hall of Fame

• SB Nation spends NFL Draft night with a first-rounder’s agent

• Everything you should know about the SEC Network

• The state of the spread: SB Nation with Ole Miss and Mississippi State

• National recruiting coverage

• Today’s college football news headlines",college_and_non_nfl_football,college football;sec,,hard_negative,yes,high,nearby_confounder,,annotation_source=auto_supplement; sampled_from_bucket=local_hard_negative,auto_supplement
nfl_football,c7761ecd6f762a0e,nfl_football,local_hard_negative,local_hard_negative,344167,"Hundley will get an early showcase game against Texas, and Mariota and the Ducks play host to Michigan State, the Big Ten favorite, in Week 2.",college_and_non_nfl_football,big ten,,hard_negative,yes,high,nearby_confounder,,annotation_source=auto_supplement; sampled_from_bucket=local_hard_negative,auto_supplement
nfl_football,4174db4dfcaa5935,nfl_football,local_hard_negative,local_hard_negative,575007,"They threatened to strike for the autumn Test against England, but relented when World Rugby arranged meetings to address the issues.",college_and_non_nfl_football,rugby,,hard_negative,yes,high,nearby_confounder,,annotation_source=auto_supplement; sampled_from_bucket=local_hard_negative,auto_supplement
nfl_football,0e705694ccb67f3f,nfl_football,local_hard_negative,local_hard_negative,34950,"It's a story of how what began as a run-of-the-mill college football scandal -- bottom-dwelling team hires upstart coach, five-star recruits arrive, and ensuing success leads to whispers, then accusations, and eventually serious charges by the NCAA -- mushroomed into much more.",college_and_non_nfl_football,college football,,hard_negative,yes,high,nearby_confounder,,annotation_source=auto_supplement; sampled_from_bucket=local_hard_negative,auto_supplement
nfl_football,a3616091e1acb285,nfl_football,local_hard_negative,local_hard_negative,369322,"2017 SEC Men's Basketball Conference Schedule Date Game Network Time (ET) Thurs., Dec. 29 Florida at Arkansas SEC Network 7:00 p.m.",college_and_non_nfl_football,sec,,hard_negative,yes,high,nearby_confounder,,annotation_source=auto_supplement; sampled_from_bucket=local_hard_negative,auto_supplement
nfl_football,ddbe3dea5612cabb,nfl_football,local_hard_negative,local_hard_negative,384036,Millions of fans watch Rugby League world wide with teams across the globe.,college_and_non_nfl_football,rugby,,hard_negative,yes,high,nearby_confounder,,annotation_source=auto_supplement; sampled_from_bucket=local_hard_negative,auto_supplement
nfl_football,50728ee3fc59552d,nfl_football,local_hard_negative,local_hard_negative,646927,"35 mana, 14/12.5/11/9.5/8 sec cooldown

While off cooldown, Kalista's spears pierce their target and linger there for 4 seconds.",college_and_non_nfl_football,sec,,hard_negative,yes,high,nearby_confounder,,annotation_source=auto_supplement; sampled_from_bucket=local_hard_negative,auto_supplement
nfl_football,b95976a04c2302a7,nfl_football,local_hard_negative,local_hard_negative,488040,"The Big Ten is 9-2 and the state of Ohio is 8-0

As a proud alum of the only Big Ten school located in Ohio, let me just take a second to politely say, “Suck it, every other state and conference.”

8.",college_and_non_nfl_football,big ten,,hard_negative,yes,high,nearby_confounder,,annotation_source=auto_supplement; sampled_from_bucket=local_hard_negative,auto_supplement
nfl_football,dc88a7ae7ac3b582,nfl_football,local_hard_negative,local_hard_negative,741193,"Former ARU supremo John O'Neill has called for a historic clash between the British and Irish Lions and an Anzac XV to be staged at Twickenham in 2015 to commemorate the centenary of World War I.

O'Neill believes unique circumstances of the 2015 world rugby schedule present an ideal opportunity for the Lions and a combined Wallabies-All Blacks side to play on or around Armistice Day, and honour fallen Commonwealth soldiers in the Great War.",college_and_non_nfl_football,rugby,,hard_negative,yes,high,nearby_confounder,,annotation_source=auto_supplement; sampled_from_bucket=local_hard_negative,auto_supplement
nfl_football,8987ed01d013de22,nfl_football,local_hard_negative,local_hard_negative,788612,"MISCELLANEOUS POWER RANKINGS

The best things in the SEC this week.",college_and_non_nfl_football,sec,,hard_negative,yes,high,nearby_confounder,,annotation_source=auto_supplement; sampled_from_bucket=local_hard_negative,auto_supplement
nfl_football,49f0c0df4dbadcdc,nfl_football,local_hard_negative,local_hard_negative,780877,"Measuring in at 6-foot-6, 273 lb., Charlton landed First-Team All Big Ten honors in 2016 on his way to 10 sacks, and 40 tackles, with 13.5 tackles for a loss.",college_and_non_nfl_football,big ten,,hard_negative,yes,high,nearby_confounder,,annotation_source=auto_supplement; sampled_from_bucket=local_hard_negative,auto_supplement
nfl_football,eef62a4b43b3e214,nfl_football,local_hard_negative,local_hard_negative,369360,"Sat., Feb. 4 Tennessee at Mississippi State SEC Network 3:30 p.m.",college_and_non_nfl_football,sec,,hard_negative,yes,high,nearby_confounder,,annotation_source=auto_supplement; sampled_from_bucket=local_hard_negative,auto_supplement
nfl_football,25d5ec75eff25a9d,nfl_football,local_hard_negative,local_hard_negative,575021,"I don’t think so.”

Malielegaoi accused World Rugby of inflaming November’s tensions, saying: “I wrote to the players, explained our positions and the matter was quickly resolved.",college_and_non_nfl_football,rugby,,hard_negative,yes,high,nearby_confounder,,annotation_source=auto_supplement; sampled_from_bucket=local_hard_negative,auto_supplement
nfl_football,4f3f39ae5eef48a3,nfl_football,local_hard_negative,local_hard_negative,242083,"This was her second-career SEC title, as she won her first as a freshman at the 2013 championships in the 100-yard butterfly.",college_and_non_nfl_football,sec,,hard_negative,yes,high,nearby_confounder,,annotation_source=auto_supplement; sampled_from_bucket=local_hard_negative,auto_supplement
nfl_football,d88ecb07acc83af7,nfl_football,local_hard_negative,local_hard_negative,365095,"of State Ron Thornburgh has stated that ""voter fraud is very minimal"" and ""not widespread at all,"" while the current Sec.",college_and_non_nfl_football,sec,,hard_negative,yes,high,nearby_confounder,,annotation_source=auto_supplement; sampled_from_bucket=local_hard_negative,auto_supplement
nfl_football,9492b7de841df0a9,nfl_football,local_hard_negative,local_hard_negative,330132,"While the SEC investigation is in the early stages, according to the Wall Street Journal , a case brought against Yahoo could help clarify the timeline for companies to reveal such hacks.",college_and_non_nfl_football,sec,,hard_negative,yes,high,nearby_confounder,,annotation_source=auto_supplement; sampled_from_bucket=local_hard_negative,auto_supplement
nfl_football,023fbd6cd0330587,nfl_football,local_hard_negative,local_hard_negative,379751,"(Zach Abolverdi, SEC Country)

Gator gymnastics defeats Georgia: In front of the eighth largest home crowd in program history, Florida posted a 197.975 - the second-highest total in the national so far this season - to take the win over the Bulldogs.",college_and_non_nfl_football,sec,,hard_negative,yes,high,nearby_confounder,,annotation_source=auto_supplement; sampled_from_bucket=local_hard_negative,auto_supplement
nfl_football,0f6fe0646e10acd3,nfl_football,local_hard_negative,local_hard_negative,532201,"(Will Miles, SEC Country)

UF volleyball hopes for strong finish: The Gators want to be a top-seed and play their first four rounds of the NCAA tournament at home in the O’Dome.",college_and_non_nfl_football,sec,,hard_negative,yes,high,nearby_confounder,,annotation_source=auto_supplement; sampled_from_bucket=local_hard_negative,auto_supplement
nfl_football,5055713ad4f4dfb8,nfl_football,local_hard_negative,local_hard_negative,698037,"The AICPA's Public Oversight Board was formally dissolved on March 31, 2002, though its members had resigned en masse in January 2002 to protest then-SEC Chairman Harvey Pitt's proposal for a new private auditor oversight body to regulate the profession (a proposal which would evolve into the PCAOB).",college_and_non_nfl_football,sec,,hard_negative,yes,high,nearby_confounder,,annotation_source=auto_supplement; sampled_from_bucket=local_hard_negative,auto_supplement
nfl_football,137f21af90dcba08,nfl_football,local_hard_negative,local_hard_negative,614796,"Lynn Turner, former chief accountant of the SEC, told me of Greenspan’s infamous question to his group of senior officials who met at the Fed in late 1998 or early 1999 (roughly the same time as Greenspan’s conversation with Born): ""Why does it matter if the banks are allowed to fudge their numbers a little bit?""",college_and_non_nfl_football,sec,,hard_negative,yes,high,nearby_confounder,,annotation_source=auto_supplement; sampled_from_bucket=local_hard_negative,auto_supplement
nfl_football,e5c8aa0c4f6d90e8,nfl_football,local_hard_negative,local_hard_negative,389871,The gleefully polite bile that pours forth from stadiums all across the SEC.,college_and_non_nfl_football,sec,,hard_negative,yes,high,nearby_confounder,,annotation_source=auto_supplement; sampled_from_bucket=local_hard_negative,auto_supplement
nfl_football,c0f9f56a0eef172d,nfl_football,local_hard_negative,local_hard_negative,788558,"Seriously: Missouri gained more yards, and more first downs, than any SEC team has gained in any game this season … and lost … by 26 points.",college_and_non_nfl_football,sec,,hard_negative,yes,high,nearby_confounder,,annotation_source=auto_supplement; sampled_from_bucket=local_hard_negative,auto_supplement
nfl_football,edcc41155675c0f5,nfl_football,local_hard_negative,local_hard_negative,214543,"He ranks 45th all-time in college football rushing yardage and finished among the Big-10 all-time leaders at 17th in rushing attempts, ninth in rushing yards, and second in kick return yardage.",college_and_non_nfl_football,college football,,hard_negative,yes,high,nearby_confounder,,annotation_source=auto_supplement; sampled_from_bucket=local_hard_negative,auto_supplement
nfl_football,14171d4e3e3b6d80,nfl_football,local_hard_negative,local_hard_negative,177274,"“The rugby aspect of the England tour is what I’m most excited for,” Kennedy said.",college_and_non_nfl_football,rugby,,hard_negative,yes,high,nearby_confounder,,annotation_source=auto_supplement; sampled_from_bucket=local_hard_negative,auto_supplement
nfl_football,0c30c6b516fb6b86,nfl_football,local_hard_negative,local_hard_negative,22844,"In the interview cited above, Ronan O'Gara admitted that the potential use of a growth hormone in rugby caused him alarm.",college_and_non_nfl_football,rugby,,hard_negative,yes,high,nearby_confounder,,annotation_source=auto_supplement; sampled_from_bucket=local_hard_negative,auto_supplement
nfl_football,7c9f452a1712df7d,nfl_football,local_hard_negative,local_hard_negative,488046,"College basketball is at its best when all of the blue bloods have good teams, so it’s encouraging to see the Hoosiers doing well in the tournament during what was supposed to be a tune-up year before IU’s great recruiting class arrived in Bloomington next season.",college_and_non_nfl_football,recruiting class,,hard_negative,yes,high,nearby_confounder,,annotation_source=auto_supplement; sampled_from_bucket=local_hard_negative,auto_supplement
nfl_football,7d49e8c932c142ef,nfl_football,local_hard_negative,local_hard_negative,127745,"Factors that may cause actual results to differ materially from current expectations include, among others, the rate and pace of economic recovery following economic downturns; levels of spending in business and leisure segments as well as consumer confidence; declines in occupancy and average daily rate; if our third-party owners, franchisees or development partners are unable to access the capital necessary to fund current operations or implement our plans for growth; changes in the competitive environment in our industry and the markets where we operate; our ability to access the capital markets; and other risks discussed in the Company's filings with the U.S. Securities and Exchange Commission, including our Annual Report on Form 10-K, which filings are available from the SEC.",college_and_non_nfl_football,sec,,hard_negative,yes,high,nearby_confounder,,annotation_source=auto_supplement; sampled_from_bucket=local_hard_negative,auto_supplement
nfl_football,9e267456d4b79306,nfl_football,local_hard_negative,local_hard_negative,511793,"“Oh how we love to learn about our beloved Ducks!”

Charles Fischer (FishDuck)

College Football Analyst for FishDuck.com

Eugene, Oregon

(Note: I did not list player names as they work hard enough without being singled out.",college_and_non_nfl_football,college football,,hard_negative,yes,high,nearby_confounder,,annotation_source=auto_supplement; sampled_from_bucket=local_hard_negative,auto_supplement
nfl_football,aa625d1a033cf013,nfl_football,local_hard_negative,local_hard_negative,788044,"“Basically every week for the previous five years I’d been to a rugby league game, and there was the occasional Sharks chant, but there wasn’t the buzz that I was getting from this packed inner city ground, in a completely different sport that was far more tense.”

Howe was an eager learner and a geography junkie.",college_and_non_nfl_football,rugby,,hard_negative,yes,high,nearby_confounder,,annotation_source=auto_supplement; sampled_from_bucket=local_hard_negative,auto_supplement
nfl_football,99ffabe38f967497,nfl_football,local_hard_negative,local_hard_negative,365705,"""I cannot imagine that there's a better player in all of college football,"" Penn State coach James Franklin said.",college_and_non_nfl_football,college football,,hard_negative,yes,high,nearby_confounder,,annotation_source=auto_supplement; sampled_from_bucket=local_hard_negative,auto_supplement
nfl_football,06234a49baa47453,nfl_football,local_hard_negative,local_hard_negative,384038,It would add a great deal of weight if World Rugby made public their stance by signing up to object to this oversight.,college_and_non_nfl_football,rugby,,hard_negative,yes,high,nearby_confounder,,annotation_source=auto_supplement; sampled_from_bucket=local_hard_negative,auto_supplement
nfl_football,8c7b99ca65dddd77,nfl_football,local_hard_negative,local_hard_negative,158694,It's twenty years this year since Ireland became the first top tier rugby nation (from the old Five Nations and Tri-Nations) to lose an international match to Italy.,college_and_non_nfl_football,rugby,,hard_negative,yes,high,nearby_confounder,,annotation_source=auto_supplement; sampled_from_bucket=local_hard_negative,auto_supplement
nfl_football,c37f78be9fbba0e3,nfl_football,local_hard_negative,local_hard_negative,36625,"Mayers was impressive in the SEC tournament, perhaps serving a springboard to the postseason.",college_and_non_nfl_football,sec,,hard_negative,yes,high,nearby_confounder,,annotation_source=auto_supplement; sampled_from_bucket=local_hard_negative,auto_supplement
nfl_football,36fc33636bddceb6,nfl_football,local_hard_negative,local_hard_negative,81245,"Jefferson was the top player in the state in 2015 and the crown jewel of Strong’s recruiting class, while Hager was one of the lowest-rated players in the entire group and originally committed to Baylor.",college_and_non_nfl_football,recruiting class,,hard_negative,yes,high,nearby_confounder,,annotation_source=auto_supplement; sampled_from_bucket=local_hard_negative,auto_supplement
nfl_football,c3728bcc8847d7dc,nfl_football,local_hard_negative,local_hard_negative,221462,"However, with the news of PRO12’s plans to expand to the United States and the oft-rumored launch of Major Rugby Championship (a competition of elite U.S. clubs that are trying to make the jump to professionalism), Schoninger believes USA Rugby to be reneging on their agreement.",college_and_non_nfl_football,rugby,,hard_negative,yes,high,nearby_confounder,,annotation_source=auto_supplement; sampled_from_bucket=local_hard_negative,auto_supplement
nfl_football,94d87983621dc0b0,nfl_football,local_hard_negative,local_hard_negative,698055,"Whether the court of appeals erred in holding that, under the Appointments Clause, PCAOB members are ""inferior officers"" directed and supervised by the [SEC], where the SEC lacks any authority to supervise those members personally, to remove the members for any policy-related reason or to influence the members' key investigative functions, merely because the SEC may review some of the members' work product.",college_and_non_nfl_football,sec,,hard_negative,yes,high,nearby_confounder,,annotation_source=auto_supplement; sampled_from_bucket=local_hard_negative,auto_supplement
nfl_football,1c1e971911e1778f,nfl_football,local_hard_negative,local_hard_negative,97595,Bitcoin has been rising recently as the SEC announced it will reconsider the ETF decision for the cryptocurrency.,college_and_non_nfl_football,sec,,hard_negative,yes,high,nearby_confounder,,annotation_source=auto_supplement; sampled_from_bucket=local_hard_negative,auto_supplement
nfl_football,84150cd2aecb4b39,nfl_football,local_hard_negative,local_hard_negative,369475,At its meeting on 28 March 2017 the RLIF Board made substantive progress to broaden and strengthen International Rugby League.,college_and_non_nfl_football,rugby,,hard_negative,yes,high,nearby_confounder,,annotation_source=auto_supplement; sampled_from_bucket=local_hard_negative,auto_supplement
nfl_football,ff2265b6acce8440,nfl_football,local_hard_negative,local_hard_negative,221454,"Even the highest profile case of these disagreements, that of veteran New Zealand All Blacks star Mils Mulaina (who is short $20,000 of the $70,000 contract he signed with PRO Rugby), is more complicated than the numbers suggest: Mulaina only played in 4 games for the league, out of a possible 12 (he left the country during the season, which caused him to miss a game, and was injured for the other seven).",college_and_non_nfl_football,rugby,,hard_negative,yes,high,nearby_confounder,,annotation_source=auto_supplement; sampled_from_bucket=local_hard_negative,auto_supplement
nfl_football,9dd1c2b1990f45ee,nfl_football,local_hard_negative,local_hard_negative,368336,"I feel I still have a lot of rugby in me, and still enjoy getting out there and training and playing with the lads.",college_and_non_nfl_football,rugby,,hard_negative,yes,high,nearby_confounder,,annotation_source=auto_supplement; sampled_from_bucket=local_hard_negative,auto_supplement
nfl_football,2d3da2313391c213,nfl_football,local_hard_negative,local_hard_negative,369369,"Sat., Feb. 11 Arkansas at LSU SEC Network 8:30 p.m. Tues., Feb. 14 Florida at Auburn SEC Network 7:00 p.m. Tues., Feb. 14 Tennessee at Kentucky ESPN 7:00 p.m. Tues., Feb. 14 LSU at Ole Miss SEC Network 9:00 p.m. Tues., Feb. 14 Mississippi State at Georgia ESPNU 9:00 p.m. Wed., Feb. 15 Arkansas at South Carolina SEC Network 6:30 p.m. Wed., Feb. 15 Alabama at Missouri SEC Network 8:30 p.m.",college_and_non_nfl_football,sec,,hard_negative,yes,high,nearby_confounder,,annotation_source=auto_supplement; sampled_from_bucket=local_hard_negative,auto_supplement
nfl_football,0c9c8a79ca93a675,nfl_football,local_hard_negative,local_hard_negative,172809,Speaks' senior campaign saw him rank sixth in the SEC with 7.0 sacks.,college_and_non_nfl_football,sec,,hard_negative,yes,high,nearby_confounder,,annotation_source=auto_supplement; sampled_from_bucket=local_hard_negative,auto_supplement
nfl_football,069a4d92fd91e057,nfl_football,local_hard_negative,local_hard_negative,26499,"1 of 6

Names are not required on the backs of jerseys in college football, so why have a rule legislating what can be written in the space?",college_and_non_nfl_football,college football,,hard_negative,yes,high,nearby_confounder,,annotation_source=auto_supplement; sampled_from_bucket=local_hard_negative,auto_supplement
nfl_football,30ab78294ce5233f,nfl_football,local_hard_negative,local_hard_negative,788491,"Contrast that with the Big Ten, Big 12, and Pac-12, where nothing has been decided and the intrigue has built to a looming climax over the next two weeks.",college_and_non_nfl_football,big ten,,hard_negative,yes,high,nearby_confounder,,annotation_source=auto_supplement; sampled_from_bucket=local_hard_negative,auto_supplement
nfl_football,d2404f8c31b46d3a,nfl_football,local_hard_negative,local_hard_negative,455450,5:15: On picking Utah for college football.,college_and_non_nfl_football,college football,,hard_negative,yes,high,nearby_confounder,,annotation_source=auto_supplement; sampled_from_bucket=local_hard_negative,auto_supplement
nfl_football,1ca09aaf0d7420e7,nfl_football,local_hard_negative,local_hard_negative,532198,"(Zach Abolverdi, SEC Country)

Public Service Announcement pic.twitter.com/VRsG77U2qE — Scott Stricklin (@ScottStricklin) November 9, 2017

When it comes to coaching search reports, remember that local TV and sports talk radio are near the bottom of the credibility list.",college_and_non_nfl_football,sec,,hard_negative,yes,high,nearby_confounder,,annotation_source=auto_supplement; sampled_from_bucket=local_hard_negative,auto_supplement
nfl_football,34219a1a70bf5922,nfl_football,local_hard_negative,local_hard_negative,115872,"Auburn (13-6, 0-2 SEC) bookended the game with two-run frames in the first and ninth innings, but in between it was all Aggies.",college_and_non_nfl_football,sec,,hard_negative,yes,high,nearby_confounder,,annotation_source=auto_supplement; sampled_from_bucket=local_hard_negative,auto_supplement
nfl_football,73a23dec6e5a34dd,nfl_football,local_hard_negative,local_hard_negative,290772,Patterson totaled 46 receptions for 778 yards and five touchdowns during his only season of major college football.,college_and_non_nfl_football,college football,,hard_negative,yes,high,nearby_confounder,,annotation_source=auto_supplement; sampled_from_bucket=local_hard_negative,auto_supplement
nfl_football,ee54de91af5350bb,nfl_football,local_hard_negative,local_hard_negative,17269,"But the players left the pitch with O’Connell out of the game, the tournament and test rugby.",college_and_non_nfl_football,rugby,,hard_negative,yes,high,nearby_confounder,,annotation_source=auto_supplement; sampled_from_bucket=local_hard_negative,auto_supplement
nfl_football,e49ed3b981c37d1d,nfl_football,local_hard_negative,local_hard_negative,369367,"Sat., Feb. 11 Auburn at Ole Miss SEC Network 6:00 p.m.",college_and_non_nfl_football,sec,,hard_negative,yes,high,nearby_confounder,,annotation_source=auto_supplement; sampled_from_bucket=local_hard_negative,auto_supplement
nfl_football,3d34db5b389fa9e8,nfl_football,local_hard_negative,local_hard_negative,155375,The SEC patrols very judiciously ...,college_and_non_nfl_football,sec,,hard_negative,yes,high,nearby_confounder,,annotation_source=auto_supplement; sampled_from_bucket=local_hard_negative,auto_supplement
nfl_football,54acfeae60c96d1e,nfl_football,local_hard_negative,local_hard_negative,234540,"As this single-digit-microsecond delay is at least 3 orders of magnitude smaller than inter-frame delay of 1/60 sec or so, I am arguing that nobody will ever notice the difference, even for single-player or LAN-based games; for Internet-based MMOs where the absolutely best we can hope for is 10ms delay,17 makes it even less relevant.",college_and_non_nfl_football,sec,,hard_negative,yes,high,nearby_confounder,,annotation_source=auto_supplement; sampled_from_bucket=local_hard_negative,auto_supplement
nfl_football,886361e064af498e,nfl_football,local_hard_negative,local_hard_negative,369337,"Sat., Jan. 14 Missouri at Arkansas SEC Network 6:00 p.m.",college_and_non_nfl_football,sec,,hard_negative,yes,high,nearby_confounder,,annotation_source=auto_supplement; sampled_from_bucket=local_hard_negative,auto_supplement
nfl_football,2ecefe3c8e1181e1,nfl_football,local_hard_negative,local_hard_negative,639692,Their football teams have won 7 National Championships and 18 Big Ten Conference Championships.,college_and_non_nfl_football,big ten,,hard_negative,yes,high,nearby_confounder,,annotation_source=auto_supplement; sampled_from_bucket=local_hard_negative,auto_supplement
nfl_football,af9532df9e04b891,nfl_football,local_hard_negative,local_hard_negative,238746,"Here's the ones we've spotted so far: PayPal

Spencer Platt / Getty Images

""We are limited in our ability to recruit internationally by restrictive domestic immigration laws or policies,"" PayPal said in its most recent filing — a line that was not in last year's annual report filed with the SEC.",college_and_non_nfl_football,sec,,hard_negative,yes,high,nearby_confounder,,annotation_source=auto_supplement; sampled_from_bucket=local_hard_negative,auto_supplement
nfl_football,644a293e962ab7f1,nfl_football,local_hard_negative,local_hard_negative,501980,There's been a bit of a shift in the college football landscape.,college_and_non_nfl_football,college football,,hard_negative,yes,high,nearby_confounder,,annotation_source=auto_supplement; sampled_from_bucket=local_hard_negative,auto_supplement
nfl_football,86edc4cf7f5157e8,nfl_football,local_hard_negative,local_hard_negative,797057,"Biography articles for college football coaches, players, and other notable contributors such as journalists and sportscasters fall within the scope of this project.",college_and_non_nfl_football,college football,,hard_negative,yes,high,nearby_confounder,,annotation_source=auto_supplement; sampled_from_bucket=local_hard_negative,auto_supplement
nfl_football,b055569343af2f85,nfl_football,local_hard_negative,local_hard_negative,557373,"More importantly, Hackenberg helped the Nittany Lions knock off a couple of Big Ten heavyweights (Michigan and Wisconsin), while displaying the kind of grit and determination scouts covet in franchise quarterbacks.",college_and_non_nfl_football,big ten,,hard_negative,yes,high,nearby_confounder,,annotation_source=auto_supplement; sampled_from_bucket=local_hard_negative,auto_supplement
nfl_football,a872f16ee9ac780f,nfl_football,local_hard_negative,local_hard_negative,11456,"""My life now is all about purpose""

The Legends class will be honored at the 2015 SEC Football ""Weekend of Champions"" December 4-5 in Atlanta, Ga.",college_and_non_nfl_football,sec,,hard_negative,yes,high,nearby_confounder,,annotation_source=auto_supplement; sampled_from_bucket=local_hard_negative,auto_supplement
nfl_football,14fcff986d8a1c36,nfl_football,local_hard_negative,local_hard_negative,172808,The Jackson native earned All-SEC second team honors from the Associated Press and Phil Steele this season.,college_and_non_nfl_football,sec,,hard_negative,yes,high,nearby_confounder,,annotation_source=auto_supplement; sampled_from_bucket=local_hard_negative,auto_supplement
nfl_football,3a98cc91449ebe6a,nfl_football,local_hard_negative,local_hard_negative,369354,"Sat., Jan. 28 Mississippi State at Alabama SEC Network 6:00 p.m.",college_and_non_nfl_football,sec,,hard_negative,yes,high,nearby_confounder,,annotation_source=auto_supplement; sampled_from_bucket=local_hard_negative,auto_supplement
nfl_football,f7783559ed1635cf,nfl_football,local_hard_negative,local_hard_negative,667134,He is the college football contributor at the JR Report.,college_and_non_nfl_football,college football,,hard_negative,yes,high,nearby_confounder,,annotation_source=auto_supplement; sampled_from_bucket=local_hard_negative,auto_supplement
nfl_football,e23c9ae6a35fe89e,nfl_football,local_hard_negative,local_hard_negative,92901,"Also, fans of the NCAA Football franchise will be pleased to hear that they’ll be able to import their draft classes from NCAA Football 14 into Madden NFL 25.",college_and_non_nfl_football,ncaa football,,hard_negative,yes,high,nearby_confounder,,annotation_source=auto_supplement; sampled_from_bucket=local_hard_negative,auto_supplement
nfl_football,771aebd1ddbc5228,nfl_football,local_hard_negative,local_hard_negative,567548,"So if the resources of the NRL or England’s Rugby Football League went into snaring him, what of it?",college_and_non_nfl_football,rugby,,hard_negative,yes,high,nearby_confounder,,annotation_source=auto_supplement; sampled_from_bucket=local_hard_negative,auto_supplement
nfl_football,a8b4538d9d00ce6d,nfl_football,local_hard_negative,local_hard_negative,248266,"Discussing fall football returns, Nollen highlighted: ""The college football season starts in full force this coming weekend, and NFL Monday Night Football begins Sept. 14.",college_and_non_nfl_football,college football,,hard_negative,yes,high,nearby_confounder,,annotation_source=auto_supplement; sampled_from_bucket=local_hard_negative,auto_supplement
nfl_football,3d8ec5f7954b0a6f,nfl_football,local_hard_negative,local_hard_negative,22827,"Advertisement

""I'd say the abuse of painkillers in rugby is massive,"" I observed.",college_and_non_nfl_football,rugby,,hard_negative,yes,high,nearby_confounder,,annotation_source=auto_supplement; sampled_from_bucket=local_hard_negative,auto_supplement
nfl_football,0ce4a7792b6fb8ee,nfl_football,local_hard_negative,local_hard_negative,148425,"RUGBY WORLD CUP ZONE:

* RWC 2015 Match Centre

* Tournament history

* Best RWC moments

* RWC team profiles

* All Blacks squad

* RWC Fantasy league

* Printable wallchart

A sneaky - and somewhat controversial - lineout move saw Richie McCaw score a match-winning try in the dying stages of the All Blacks 27-20 win in Johannesburg this year, the last time these two sides met.",college_and_non_nfl_football,rugby,,hard_negative,yes,high,nearby_confounder,,annotation_source=auto_supplement; sampled_from_bucket=local_hard_negative,auto_supplement
nfl_football,a5aeac4262dd2351,nfl_football,local_hard_negative,local_hard_negative,417110,"Konami first notified investors of plans to delist in November and filed the notice on April 1, according to SEC documents.",college_and_non_nfl_football,sec,,hard_negative,yes,high,nearby_confounder,,annotation_source=auto_supplement; sampled_from_bucket=local_hard_negative,auto_supplement
nfl_football,cbb4301ca12e1086,nfl_football,local_hard_negative,local_hard_negative,374531,"When the SEC wanted to talk to me I forced them to come here..

ninjashogun You're kidding right?",college_and_non_nfl_football,sec,,hard_negative,yes,high,nearby_confounder,,annotation_source=auto_supplement; sampled_from_bucket=local_hard_negative,auto_supplement
nfl_football,e6281f054305010e,nfl_football,local_hard_negative,local_hard_negative,47773,"Sprits always attack Drek'Thar's target

Abilities Storm Strike Mana Cost: 60 Cooldown: 6 sec Energizes both your weapons with lightning, dealing 275 (+4% per level) Empower Weaons Mana Cost: 20 Cooldown: 0.5 Swap between Rockbiter and Flametogue weapon enhancements.",college_and_non_nfl_football,sec,,hard_negative,yes,high,nearby_confounder,,annotation_source=auto_supplement; sampled_from_bucket=local_hard_negative,auto_supplement
nfl_football,441d98298aa6dcb3,nfl_football,local_hard_negative,local_hard_negative,379199,Early games had a variety of local rules and were generally similar to modern rugby union and soccer .,college_and_non_nfl_football,rugby,,hard_negative,yes,high,nearby_confounder,,annotation_source=auto_supplement; sampled_from_bucket=local_hard_negative,auto_supplement
nfl_football,91727c3b5e0052a9,nfl_football,local_hard_negative,local_hard_negative,369311,"SEC announces Men's Basketball schedule

Photo: Todd Van Emst

Birmingham, Ala. - The Southeastern Conference unveiled its 126-game men's basketball schedule for the 2016-17 season.",college_and_non_nfl_football,sec,,hard_negative,yes,high,nearby_confounder,,annotation_source=auto_supplement; sampled_from_bucket=local_hard_negative,auto_supplement
nfl_football,191c94c868455c43,nfl_football,local_hard_negative,local_hard_negative,506967,"[40] The law cited as banning the Hawaiian language is identified as Act 57, sec.",college_and_non_nfl_football,sec,,hard_negative,yes,high,nearby_confounder,,annotation_source=auto_supplement; sampled_from_bucket=local_hard_negative,auto_supplement
nfl_football,cf0621132a2b9b74,nfl_football,local_hard_negative,local_hard_negative,731509,"The team went 48-5 in his career at Boise state, and Young helped the Broncos to two Bowl game victories and a #4 college football ranking in 2009.",college_and_non_nfl_football,college football,,hard_negative,yes,high,nearby_confounder,,annotation_source=auto_supplement; sampled_from_bucket=local_hard_negative,auto_supplement
nfl_football,955e596df4de80f8,nfl_football,local_hard_negative,local_hard_negative,506325,"O'Gara is understandably proud of his remarkable personal record, confident that he has achieved so much that his rugby legacy will always be substantial in any comparison.",college_and_non_nfl_football,rugby,,hard_negative,yes,high,nearby_confounder,,annotation_source=auto_supplement; sampled_from_bucket=local_hard_negative,auto_supplement
nfl_football,911b5873d4af9ffe,nfl_football,local_hard_negative,local_hard_negative,221459,"Every other player that was hurt, and was on disability for more than a week, went into disability.”

Regardless, USA Rugby has been in strong support of the players and staffers when it comes to their finance-related disputes with PRO.",college_and_non_nfl_football,rugby,,hard_negative,yes,high,nearby_confounder,,annotation_source=auto_supplement; sampled_from_bucket=local_hard_negative,auto_supplement
nfl_football,85cf73d062fe7f64,nfl_football,local_hard_negative,local_hard_negative,204930,I was playing with guys who had never even seen me play rugby because I’d been injured so long.,college_and_non_nfl_football,rugby,,hard_negative,yes,high,nearby_confounder,,annotation_source=auto_supplement; sampled_from_bucket=local_hard_negative,auto_supplement
nfl_football,7eb9bb9bf2045031,nfl_football,local_hard_negative,local_hard_negative,89645,"But it sure sounds like a nice, juicy number when the SEC is getting pumped about reaching an estimated 45 million customers on the brand new SEC Network launching next month.",college_and_non_nfl_football,sec,,hard_negative,yes,high,nearby_confounder,,annotation_source=auto_supplement; sampled_from_bucket=local_hard_negative,auto_supplement
nfl_football,389af53b40940618,nfl_football,local_hard_negative,local_hard_negative,675120,"In a July 30 filing with the U.S. Securities and Exchange Commission (SEC), Iridium said it was having trouble assembling the insurance package that its creditors require as a condition of their loan.",college_and_non_nfl_football,sec,,hard_negative,yes,high,nearby_confounder,,annotation_source=auto_supplement; sampled_from_bucket=local_hard_negative,auto_supplement
nfl_football,b558a2ffe59943ac,nfl_football,local_hard_negative,local_hard_negative,177296,"So it just all got thrown at us.”

When Kennedy started playing rugby in Grade 9, high school coach Maria Kerby had her at the wing that year because she was so fast.",college_and_non_nfl_football,rugby,,hard_negative,yes,high,nearby_confounder,,annotation_source=auto_supplement; sampled_from_bucket=local_hard_negative,auto_supplement
nfl_football,ac62c5839920b7e0,nfl_football,local_hard_negative,local_hard_negative,468638,"TWELVE months ago, Jarryd Hayne told a stunned Australian sporting public he was quitting rugby league to chase his dream of playing in the NFL.",college_and_non_nfl_football,rugby,,hard_negative,yes,high,nearby_confounder,,annotation_source=auto_supplement; sampled_from_bucket=local_hard_negative,auto_supplement
nfl_football,8386f9e35b68ff67,nfl_football,local_hard_negative,local_hard_negative,359623,"With ""Group of Five"" teams dropping like flies — including both Marshall and Colorado State — Boise State is the only team from a non-power conference in the current College Football Playoff rankings.",college_and_non_nfl_football,college football,,hard_negative,yes,high,nearby_confounder,,annotation_source=auto_supplement; sampled_from_bucket=local_hard_negative,auto_supplement
nfl_football,0de72771b24f6f56,nfl_football,local_hard_negative,local_hard_negative,315414,"Bell made his Killie debut in 2009, leaving in 2013 to become a team-mate of Rugby Park manager Lee McCulloch at Rangers.",college_and_non_nfl_football,rugby,,hard_negative,yes,high,nearby_confounder,,annotation_source=auto_supplement; sampled_from_bucket=local_hard_negative,auto_supplement
nfl_football,ce9f229b5719c400,nfl_football,local_hard_negative,local_hard_negative,731304,"Talented roster

The 1916 team had two more College Football Hall of Famers on the roster, not including Heisman.",college_and_non_nfl_football,college football,,hard_negative,yes,high,nearby_confounder,,annotation_source=auto_supplement; sampled_from_bucket=local_hard_negative,auto_supplement
nfl_football,aeb0c00f3bc3432d,nfl_football,local_hard_negative,local_hard_negative,797068,Categorize all college football articles into subcategories.,college_and_non_nfl_football,college football,,hard_negative,yes,high,nearby_confounder,,annotation_source=auto_supplement; sampled_from_bucket=local_hard_negative,auto_supplement
nfl_football,015dd03ca719df1b,nfl_football,local_hard_negative,local_hard_negative,434709,"In the prior case, called Gabelli v. SEC, the justices unanimously ruled that civil monetary penalties are also subject to a five-year time bar.",college_and_non_nfl_football,sec,,hard_negative,yes,high,nearby_confounder,,annotation_source=auto_supplement; sampled_from_bucket=local_hard_negative,auto_supplement
nfl_football,922625532f5062ee,nfl_football,local_hard_negative,local_hard_negative,575006,"As revealed by The Rugby Paper on November 13, Samoa’s hard-pressed stars have been demanding action over a range of issues including team selection, financial transparency, match fees, travel and grass roots development back home.",college_and_non_nfl_football,rugby,,hard_negative,yes,high,nearby_confounder,,annotation_source=auto_supplement; sampled_from_bucket=local_hard_negative,auto_supplement
nfl_football,a28038bc193922f5,nfl_football,local_hard_negative,local_hard_negative,557385,"However, Cam Cameron's experience coaching Antwaan Randle El at Indiana could help him transform Jennings into one of the most feared playmakers in the SEC.",college_and_non_nfl_football,sec,,hard_negative,yes,high,nearby_confounder,,annotation_source=auto_supplement; sampled_from_bucket=local_hard_negative,auto_supplement
nfl_football,1eb92ab7ef59e9aa,nfl_football,local_hard_negative,local_hard_negative,341890,"In the recruiting class of 2013, Raulerson was rated the No.",college_and_non_nfl_football,recruiting class,,hard_negative,yes,high,nearby_confounder,,annotation_source=auto_supplement; sampled_from_bucket=local_hard_negative,auto_supplement
nfl_football,57ccfc0d6fcfa1d8,nfl_football,local_hard_negative,local_hard_negative,473525,"I always wanted to do personnel and was fascinated by putting things together.”

Austin Thomas Chris Parent/LSU Athletics

Unlike almost everyone else in the war room, Thomas didn’t play college football.",college_and_non_nfl_football,college football,,hard_negative,yes,high,nearby_confounder,,annotation_source=auto_supplement; sampled_from_bucket=local_hard_negative,auto_supplement
nfl_football,1bd1dbee190b2865,nfl_football,local_hard_negative,local_hard_negative,110581,"Three football fans said they were ""furious and humiliated"" after being detained at a rugby league match for using their mobile telephones in a manner an onlooker deemed suspicious.",college_and_non_nfl_football,rugby,,hard_negative,yes,high,nearby_confounder,,annotation_source=auto_supplement; sampled_from_bucket=local_hard_negative,auto_supplement
nfl_football,3ee7cb90a9e886c2,nfl_football,local_hard_negative,local_hard_negative,221103,"It’s no secret why: since the end of our ICO, bitcoin has risen sharply in anticipation of the SEC’s decision on the Winklevoss Bitcoin ETF.",college_and_non_nfl_football,sec,,hard_negative,yes,high,nearby_confounder,,annotation_source=auto_supplement; sampled_from_bucket=local_hard_negative,auto_supplement
nfl_football,b0f39e757bd07952,nfl_football,local_hard_negative,local_hard_negative,416303,"So, while Notre Dame lost later in the evening to Stanford, the Irish—and all the other two-loss teams not vying for either the SEC or Big Ten championship—were effectively eliminated by Auburn’s victory.",college_and_non_nfl_football,big ten;sec,,hard_negative,yes,high,nearby_confounder,,annotation_source=auto_supplement; sampled_from_bucket=local_hard_negative,auto_supplement
nfl_football,22206db6f1527b99,nfl_football,local_hard_negative,local_hard_negative,698020,"The SEC first appointed William H. Webster to the position, a prominent lawyer and former Director of both the FBI and CIA.",college_and_non_nfl_football,sec,,hard_negative,yes,high,nearby_confounder,,annotation_source=auto_supplement; sampled_from_bucket=local_hard_negative,auto_supplement
nfl_football,b5dd62895a4143e1,nfl_football,local_hard_negative,local_hard_negative,255327,"The facility will include activities such as indoor surfing, trampolining and climbing, and will be connected to a separate leisure facility Armstrong revealed during Rugby Expo last year.",college_and_non_nfl_football,rugby,,hard_negative,yes,high,nearby_confounder,,annotation_source=auto_supplement; sampled_from_bucket=local_hard_negative,auto_supplement
nfl_football,44e4e01bc1f7bb10,nfl_football,local_hard_negative,local_hard_negative,34936,"Loyd, who represents former Ole Miss staffer Barney Farrar, and who said he played junior college football with Mississippi State president Mark Keenum, all but predicted Freeze's ouster a month ago.",college_and_non_nfl_football,college football,,hard_negative,yes,high,nearby_confounder,,annotation_source=auto_supplement; sampled_from_bucket=local_hard_negative,auto_supplement
nfl_football,4abd330d6ac54d6e,nfl_football,local_hard_negative,local_hard_negative,736713,"Williams – who had semi-pro English sides ""sniffing around"" back home – reckons his rugby career could take off right here in New Zealand and he intends to push as much as he can.",college_and_non_nfl_football,rugby,,hard_negative,yes,high,nearby_confounder,,annotation_source=auto_supplement; sampled_from_bucket=local_hard_negative,auto_supplement
nfl_football,8a25e4d6658aa9ec,nfl_football,local_hard_negative,local_hard_negative,506354,"Whereas before the Pumas were all brawn with very little brain behind the pack, they are now a far more rounded side and one O'Gara feels will test Ireland in every facet, especially after their experienced in the Rugby Championship.",college_and_non_nfl_football,rugby,,hard_negative,yes,high,nearby_confounder,,annotation_source=auto_supplement; sampled_from_bucket=local_hard_negative,auto_supplement
nfl_football,803ee175ce967c28,nfl_football,local_hard_negative,local_hard_negative,450892,"The Winners

World Rugby Player of the Year in association with MasterCard – Daniel Carter, New Zealand

World Rugby Team of the Year – New Zealand

World Rugby Coach of the Year – Michael Cheika, Australia

World Rugby Women’s Player of the Year – Kendra Cocksedge, New Zealand

World Rugby Breakthrough Player of the Year – Nehe Milner-Skudder, New Zealand

World Rugby Sevens Player of the Year in association with HSBC – Werner Kok, South Africa

World Rugby Women’s Sevens Player of the Year – Portia Woodman, New Zealand

World Rugby Referee Award – Nigel Owens

Vernon Pugh Award for Distinguished Service – Nigel Starmer-Smith

Award for Character in association with Land Rover – Pakistan Rugby Union

Rugby World Cup Best Match Moment – Japan (v South Africa, RWC 2015)

IRPA Special Merit Award – Brian O’Driscoll (Ireland) and Nathan Sharpe (Australia)

IRPA Try of the Year – Julian Savea, New Zealand (v France)",college_and_non_nfl_football,rugby,,hard_negative,yes,high,nearby_confounder,,annotation_source=auto_supplement; sampled_from_bucket=local_hard_negative,auto_supplement
nfl_football,75a3acfaf0dd37fb,nfl_football,local_hard_negative,local_hard_negative,797063,"If a need develops, a task force for British college football may be created.",college_and_non_nfl_football,college football,,hard_negative,yes,high,nearby_confounder,,annotation_source=auto_supplement; sampled_from_bucket=local_hard_negative,auto_supplement
nfl_football,0f1c432ed9830eb3,nfl_football,local_hard_negative,local_hard_negative,401359,"Meanwhile, Goldman has neither admitted nor denied the SEC’s fraud allegations, although Goldman did acknowledge that its marketing deals “contained incomplete information.""",college_and_non_nfl_football,sec,,hard_negative,yes,high,nearby_confounder,,annotation_source=auto_supplement; sampled_from_bucket=local_hard_negative,auto_supplement
nfl_football,a721b34d12974309,nfl_football,local_hard_negative,local_hard_negative,385597,"Oklahoma vs. Houston (Houston — Sept. 3)

Can a non-Power Five program ever crash the College Football Playoff?",college_and_non_nfl_football,college football,,hard_negative,yes,high,nearby_confounder,,annotation_source=auto_supplement; sampled_from_bucket=local_hard_negative,auto_supplement
nfl_football,d10936a3c1aaaff5,nfl_football,local_hard_negative,local_hard_negative,369409,He played in the first rugby game at Yale against Harvard in 1876.,college_and_non_nfl_football,rugby,,hard_negative,yes,high,nearby_confounder,,annotation_source=auto_supplement; sampled_from_bucket=local_hard_negative,auto_supplement
nfl_football,2bd631b86acac2bb,nfl_football,local_hard_negative,local_hard_negative,750378,That’s the most we’ve ever been able to redshirt in a recruiting class.,college_and_non_nfl_football,recruiting class,,hard_negative,yes,high,nearby_confounder,,annotation_source=auto_supplement; sampled_from_bucket=local_hard_negative,auto_supplement
nfl_football,06a100804013b455,nfl_football,local_hard_negative,local_hard_negative,204910,"I can’t think of any rugby player, or indeed many athletes, who have achieved anything similar in that time frame...

WILKINSON: I realise now that a career is about the day-to-day journey.",college_and_non_nfl_football,rugby,,hard_negative,yes,high,nearby_confounder,,annotation_source=auto_supplement; sampled_from_bucket=local_hard_negative,auto_supplement
nfl_football,af0edfffd24aed4b,nfl_football,local_hard_negative,local_hard_negative,379196,"[20] Canadian football remained akin to rugby for decades, though a progressive faction of players, chiefly based in the western provinces , demanded changes to the game based on the innovations in American football.",college_and_non_nfl_football,rugby,,hard_negative,yes,high,nearby_confounder,,annotation_source=auto_supplement; sampled_from_bucket=local_hard_negative,auto_supplement
nfl_football,fbb327ec4b0165bb,nfl_football,local_hard_negative,local_hard_negative,368038,"I started out a little rusty then finally got in a little groove.”

With just two weeks before national signing day for college football, Jake was scheduled to meet with new Iowa State head coach Paul Rhoads.",college_and_non_nfl_football,college football,,hard_negative,yes,high,nearby_confounder,,annotation_source=auto_supplement; sampled_from_bucket=local_hard_negative,auto_supplement
nfl_football,6dd470830f0413b1,nfl_football,local_hard_negative,local_hard_negative,49440,"Here’s AP:

According to the SEC, Fannie and Freddie misrepresented their exposure to mortgages for borrowers with weak credit in reports, speeches and congressional testimony.",college_and_non_nfl_football,sec,,hard_negative,yes,high,nearby_confounder,,annotation_source=auto_supplement; sampled_from_bucket=local_hard_negative,auto_supplement
nfl_football,53c6e72ebd5efd39,nfl_football,local_hard_negative,local_hard_negative,385617,"Podcast: SEC Media Days Jam Session

Subscribe: iTunes | Stitcher

9.",college_and_non_nfl_football,sec,,hard_negative,yes,high,nearby_confounder,,annotation_source=auto_supplement; sampled_from_bucket=local_hard_negative,auto_supplement
nfl_football,5507d1f841ab4e87,nfl_football,local_hard_negative,local_hard_negative,338048,"“It could be a positive for us.”

However, carriers ranging from DirecTV to Comcast and Suddenlink also must be concerned with the approaching launch of ESPN’s SEC Network.",college_and_non_nfl_football,sec,,hard_negative,yes,high,nearby_confounder,,annotation_source=auto_supplement; sampled_from_bucket=local_hard_negative,auto_supplement
nfl_football,39bef84e9e34667e,nfl_football,local_hard_negative,local_hard_negative,119899,"I didn't particularly enjoy the combat in Mirror's Edge Catalyst, but there is at least a sense of satisfaction to the crunch of a roundhouse kick connecting with the helmet of a K-Sec officer.",college_and_non_nfl_football,sec,,hard_negative,yes,high,nearby_confounder,,annotation_source=auto_supplement; sampled_from_bucket=local_hard_negative,auto_supplement
nfl_football,604356e09d4c18da,nfl_football,local_hard_negative,local_hard_negative,96342,"Warren was immediately taken to task by industry lobbyists who have pushed for installing a commission at the agency similar to those at the SEC or Federal Deposit Insurance Corp.

""She said today she doesn’t want some industry hack to run the CFPB.",college_and_non_nfl_football,sec,,hard_negative,yes,high,nearby_confounder,,annotation_source=auto_supplement; sampled_from_bucket=local_hard_negative,auto_supplement
nfl_football,0cc4ea63ec1df4c0,nfl_football,local_hard_negative,local_hard_negative,710368,"""Rob has been a major player in some of the best offenses in the history of college football.",college_and_non_nfl_football,college football,,hard_negative,yes,high,nearby_confounder,,annotation_source=auto_supplement; sampled_from_bucket=local_hard_negative,auto_supplement
nfl_football,53c1df2cb655dcdb,nfl_football,local_hard_negative,local_hard_negative,473549,(The staff estimates LSU was the first offer for half of their recruiting class.),college_and_non_nfl_football,recruiting class,,hard_negative,yes,high,nearby_confounder,,annotation_source=auto_supplement; sampled_from_bucket=local_hard_negative,auto_supplement
nfl_football,662cb868a142d107,nfl_football,local_hard_negative,local_hard_negative,221441,I’m the guy that put rugby on the map where it has never been before.,college_and_non_nfl_football,rugby,,hard_negative,yes,high,nearby_confounder,,annotation_source=auto_supplement; sampled_from_bucket=local_hard_negative,auto_supplement
nfl_football,cae1fda5f7bd7ba7,nfl_football,local_hard_negative,local_hard_negative,89650,"It’s these relationships that allow us to maximize the exposure for our schools and conference.”

With the growth being shown by these numbers and with the Big Ten, Pac-12 and SEC dabbling to various degrees of success with their own respective networks, could an actual, standalone ACC Network still be on the way?",college_and_non_nfl_football,big ten;sec,,hard_negative,yes,high,nearby_confounder,,annotation_source=auto_supplement; sampled_from_bucket=local_hard_negative,auto_supplement
nfl_football,8c2cc5ba0ac08568,nfl_football,local_hard_negative,local_hard_negative,385584,"From a historical perspective, this meeting of blue bloods is about as good as they come but it’s made even juicier by the fact that each is a top-six team in 2016 and favorites to make it into the College Football Playoff.",college_and_non_nfl_football,college football,,hard_negative,yes,high,nearby_confounder,,annotation_source=auto_supplement; sampled_from_bucket=local_hard_negative,auto_supplement
nfl_football,22eaf5a7e5aba1c7,nfl_football,local_hard_negative,local_hard_negative,667098,"Photo via Ty Russell / SoonerSports.com

It’s never too early to think about the winners of the Power Five conferences in College Football.",college_and_non_nfl_football,college football,,hard_negative,yes,high,nearby_confounder,,annotation_source=auto_supplement; sampled_from_bucket=local_hard_negative,auto_supplement
nfl_football,a13aef00ce020844,nfl_football,local_hard_negative,local_hard_negative,115911,"With the victory, Texas A&M secured a series win over Auburn, a team the Aggies dropped series against in each of their first two SEC campaigns.",college_and_non_nfl_football,sec,,hard_negative,yes,high,nearby_confounder,,annotation_source=auto_supplement; sampled_from_bucket=local_hard_negative,auto_supplement
nfl_football,c284485f3d83e9f0,nfl_football,local_hard_negative,local_hard_negative,214541,"Abdullah in College

Abdullah had one of the best seasons in college football last year, rushing for 1,611 yards on 264 carries and 19 touchdowns as well as netting 22 receptions for 269 yards and 3 touchdowns through the air.",college_and_non_nfl_football,college football,,hard_negative,yes,high,nearby_confounder,,annotation_source=auto_supplement; sampled_from_bucket=local_hard_negative,auto_supplement
nfl_football,b67ffe15ab8a31f6,nfl_football,local_hard_negative,local_hard_negative,705522,"The Crimson Tide actually leads the SEC in 30-plus-yard passing plays …

despite being in the middle of the pack when it comes to pass attempts per game.",college_and_non_nfl_football,sec,,hard_negative,yes,high,nearby_confounder,,annotation_source=auto_supplement; sampled_from_bucket=local_hard_negative,auto_supplement
nfl_football,eb14572f6cc95e8b,nfl_football,local_hard_negative,local_hard_negative,753725,FSU is simply not an SEC-caliber school.,college_and_non_nfl_football,sec,,hard_negative,yes,high,nearby_confounder,,annotation_source=auto_supplement; sampled_from_bucket=local_hard_negative,auto_supplement
nfl_football,0ede663ff52c199f,nfl_football,local_hard_negative,local_hard_negative,369344,"Sat., Jan. 21 LSU at Arkansas SEC Network 8:30 p.m. Tues., Jan. 24 Auburn at South Carolina SEC Network 6:30 p.m. Tues., Jan. 24 Arkansas at Vanderbilt SEC Network 8:30 p.m. Tues., Jan. 24 Kentucky at Tennessee ESPN 9:00 p.m. Wed., Jan. 25 Missouri at Mississippi State SEC Network 7:00 p.m. Wed., Jan. 25 Texas A&M at Ole Miss ESPN2 7:30 p.m. Wed., Jan. 25 Florida at LSU SEC Network 9:00 p.m. Wed., Jan. 25 Alabama at Georgia ESPNU 9:00 p.m.",college_and_non_nfl_football,sec,,hard_negative,yes,high,nearby_confounder,,annotation_source=auto_supplement; sampled_from_bucket=local_hard_negative,auto_supplement
nfl_football,de0ee4946f143d12,nfl_football,local_hard_negative,local_hard_negative,369326,"Thurs., Dec. 29 Tennessee at Texas A&M SEC Network 9:00 p.m. Tues., Jan. 3 Arkansas at Tennessee SEC Network 6:30 p.m. Tues., Jan. 3 Ole Miss at Florida ESPNU 7:00 p.m. Tues., Jan. 3 Alabama at Mississippi State SEC Network 8:30 p.m. Tues., Jan. 3 Texas A&M at Kentucky ESPN 9:00 p.m. Wed., Jan. 4 Auburn at Vanderbilt SEC Network 7:00 p.m. Wed., Jan. 4 South Carolina at Georgia ESPNU 7:00 p.m. Wed., Jan. 4 LSU at Missouri SEC Network 9:00 p.m.",college_and_non_nfl_football,sec,,hard_negative,yes,high,nearby_confounder,,annotation_source=auto_supplement; sampled_from_bucket=local_hard_negative,auto_supplement
nfl_football,1500e4a39a445eb6,nfl_football,local_hard_negative,local_hard_negative,369333,"Sat., Jan. 7 Arkansas at Kentucky SEC Network 8:30 p.m. Tues., Jan. 10 Auburn at Missouri SEC Network 7:00 p.m. Tues., Jan. 10 Kentucky at Vanderbilt ESPN 7:00 p.m. Tues., Jan. 10 Mississippi State at Arkansas SEC Network 9:00 p.m. Tues., Jan. 10 Florida at Alabama ESPNU 9:00 p.m. Wed., Jan. 11 South Carolina at Tennessee SEC Network 6:30 p.m. Wed., Jan. 11 Georgia at Ole Miss ESPNU 7:00 p.m. Wed., Jan. 11 LSU at Texas A&M SEC Network 8:30 p.m.",college_and_non_nfl_football,sec,,hard_negative,yes,high,nearby_confounder,,annotation_source=auto_supplement; sampled_from_bucket=local_hard_negative,auto_supplement
nfl_football,ff34c01f8f908b9b,nfl_football,local_hard_negative,local_hard_negative,379746,"(Herb Brooks, Florida Gators)

Thoughts on the Gators’ 71-62 win over Texas A&M: On John Egbunu’s defense and NBA prospects, Chris Chiozza and Kasey Hill, the three-way tie atop the SEC standings, and Florida as a No.",college_and_non_nfl_football,sec,,hard_negative,yes,high,nearby_confounder,,annotation_source=auto_supplement; sampled_from_bucket=local_hard_negative,auto_supplement
nfl_football,9001290f1f108f3e,nfl_football,local_hard_negative,local_hard_negative,435915,"• How the Heisman was won: A look at Jameis’ year

• College football news | 8 College Football Playoff nuggets

• Long CFB reads | Auburn and the future of the SEC",college_and_non_nfl_football,college football;sec,,hard_negative,yes,high,nearby_confounder,,annotation_source=auto_supplement; sampled_from_bucket=local_hard_negative,auto_supplement
nfl_football,ce63d36e7cd46bad,nfl_football,local_hard_negative,local_hard_negative,34933,"While this seems like the kind of scandal that could only happen in college football, it's really the kind of scandal that could only happen in a state like Mississippi.",college_and_non_nfl_football,college football,,hard_negative,yes,high,nearby_confounder,,annotation_source=auto_supplement; sampled_from_bucket=local_hard_negative,auto_supplement
nfl_football,438c0a8b6f9bf9e7,nfl_football,local_hard_negative,local_hard_negative,764898,"There's just nothing like it in the world of college football.""",college_and_non_nfl_football,college football,,hard_negative,yes,high,nearby_confounder,,annotation_source=auto_supplement; sampled_from_bucket=local_hard_negative,auto_supplement
nfl_football,b13909fa13263d98,nfl_football,local_hard_negative,local_hard_negative,369331,"Sat., Jan. 7 Ole Miss at Auburn SEC Network 6:00 p.m.",college_and_non_nfl_football,sec,,hard_negative,yes,high,nearby_confounder,,annotation_source=auto_supplement; sampled_from_bucket=local_hard_negative,auto_supplement
nfl_football,4c2d8f322b6d6202,nfl_football,local_hard_negative,local_hard_negative,369499,Further detail will be discussed at our May Board meeting in Sydney when we look forward to detailing the breadth of international rugby league being played throughout our 68 member nations”.,college_and_non_nfl_football,rugby,,hard_negative,yes,high,nearby_confounder,,annotation_source=auto_supplement; sampled_from_bucket=local_hard_negative,auto_supplement
nfl_football,1e461bbcd1228419,nfl_football,local_hard_negative,local_hard_negative,26504,"""We sent an email design concept to the NCAA football rules committee, got a cursory response which says, 'It looks good to us,'"" Vanderbilt athletics department spokesman Rod Williamson said via David Climer of The Tennessean.",college_and_non_nfl_football,ncaa football,,hard_negative,yes,high,nearby_confounder,,annotation_source=auto_supplement; sampled_from_bucket=local_hard_negative,auto_supplement
nfl_football,4bd553619d119e5e,nfl_football,local_hard_negative,local_hard_negative,573921,"Per the 247Sports Composite, Moglia’s 2016 recruiting class featured five three-star recruits and three high-twos.",college_and_non_nfl_football,recruiting class,,hard_negative,yes,high,nearby_confounder,,annotation_source=auto_supplement; sampled_from_bucket=local_hard_negative,auto_supplement
nfl_football,ef784ccda7d5816e,nfl_football,local_hard_negative,local_hard_negative,698056,"If PCAOB members are inferior officers, whether the Act's provision for their appointment by the SEC violates the Appointments Clause either because the SEC is not a ""Department"" or because the five commissioners, acting collectively, are not the ""Head"" of the SEC.",college_and_non_nfl_football,sec,,hard_negative,yes,high,nearby_confounder,,annotation_source=auto_supplement; sampled_from_bucket=local_hard_negative,auto_supplement
nfl_football,03ccd32187b1ff2b,nfl_football,local_hard_negative,local_hard_negative,397116,"— Ben Ryan (@benjaminryan) December 12, 2016

""All the players that were selected for the first leg of the IRB [World Rugby] Series revolved around Ben Ryan's extended Squad.",college_and_non_nfl_football,rugby,,hard_negative,yes,high,nearby_confounder,,annotation_source=auto_supplement; sampled_from_bucket=local_hard_negative,auto_supplement
nfl_football,416cce2ec90c6c1e,nfl_football,local_hard_negative,local_hard_negative,645698,"1-ranked Crimson Tide advanced to the College Football Playoff title game against Clemson on Jan. 9 in Tampa, Florida.",college_and_non_nfl_football,college football,,hard_negative,yes,high,nearby_confounder,,annotation_source=auto_supplement; sampled_from_bucket=local_hard_negative,auto_supplement
nfl_football,86030f70adae26d2,nfl_football,local_hard_negative,local_hard_negative,474779,"In addition, Billy Twelvetrees (Gloucester Rugby) and Jack Nowell (Exeter Chiefs) will also remain in camp.",college_and_non_nfl_football,rugby,,hard_negative,yes,high,nearby_confounder,,annotation_source=auto_supplement; sampled_from_bucket=local_hard_negative,auto_supplement
nfl_football,3cce00ba723eff9f,nfl_football,local_hard_negative,local_hard_negative,595004,"International Rugby

Healey: 'The ball should be luminous pink'

ESPN Staff

Changing the colour of the ball could help TMO decisions, according to Austin Healey © Getty Images Enlarge

Former England back Austin Healey has come up with a controversial suggestion to help improve the game by claiming officials should change the colour of the ball.",college_and_non_nfl_football,rugby,,hard_negative,yes,high,nearby_confounder,,annotation_source=auto_supplement; sampled_from_bucket=local_hard_negative,auto_supplement
nfl_football,47221e7097053992,nfl_football,local_hard_negative,local_hard_negative,18532,"Basketball, football, softball, baseball, foosball, pinball, ping-pong ball, rugby ball, cricket ball.",college_and_non_nfl_football,rugby,,hard_negative,yes,high,nearby_confounder,,annotation_source=auto_supplement; sampled_from_bucket=local_hard_negative,auto_supplement
nfl_football,54e9c9ee58abd44f,nfl_football,local_hard_negative,local_hard_negative,416298,When Auburn upset #1 Alabama in the Iron Bowl on Saturday evening—a day after #2 Miami managed to lose by double-digits to #70 Pittsburgh (5-7)—it seemed like chaos was once again reigning over college football.,college_and_non_nfl_football,college football,,hard_negative,yes,high,nearby_confounder,,annotation_source=auto_supplement; sampled_from_bucket=local_hard_negative,auto_supplement
nfl_football,d0e0036860c215a6,nfl_football,local_hard_negative,local_hard_negative,741194,"""2015 is the centenary anniversary of Gallipoli and the rugby league guys and everyone are talking about how we're going to commemorate it,"" O'Neill said.",college_and_non_nfl_football,rugby,,hard_negative,yes,high,nearby_confounder,,annotation_source=auto_supplement; sampled_from_bucket=local_hard_negative,auto_supplement
nfl_football,90620a9090bbf078,nfl_football,local_hard_negative,local_hard_negative,242055,"Special to GC

AUBURN, Ala. – Florida’s men’s swimming & diving team won the program’s third-straight and 36th overall Southeastern Conference Championship behind three SEC titles at the James E. Martin Aquatic Center in Auburn, Ala.",college_and_non_nfl_football,sec,,hard_negative,yes,high,nearby_confounder,,annotation_source=auto_supplement; sampled_from_bucket=local_hard_negative,auto_supplement
nfl_football,23f70a7ea378c87f,nfl_football,local_hard_negative,local_hard_negative,707918,Gold Coast Rugby League president Peter Daley said the association was supporting its members and urged people to seek help.,college_and_non_nfl_football,rugby,,hard_negative,yes,high,nearby_confounder,,annotation_source=auto_supplement; sampled_from_bucket=local_hard_negative,auto_supplement
nfl_football,1df33c0f13c1be99,nfl_football,local_hard_negative,local_hard_negative,47777,Your basic attacks also cleave Spiritwalker grace Mana Cost: 50 Cooldown: 14 sec Remove all roots and slows and increase movement speed by 25% for 2 seconds.,college_and_non_nfl_football,sec,,hard_negative,yes,high,nearby_confounder,,annotation_source=auto_supplement; sampled_from_bucket=local_hard_negative,auto_supplement
nfl_football,e464e16d67bbbe60,nfl_football,local_hard_negative,local_hard_negative,602528,* Delay on every single one of her spells where she's forced to stand still ( especially E knowing it pretty much nullifies 0.5 sec of the root ) * Passive needs to go.,college_and_non_nfl_football,sec,,hard_negative,yes,high,nearby_confounder,,annotation_source=auto_supplement; sampled_from_bucket=local_hard_negative,auto_supplement
nfl_football,82a8162b8ed8e318,nfl_football,local_hard_negative,local_hard_negative,193329,The Buckeyes now have 18 verbal commitments in their 2016 recruiting class.,college_and_non_nfl_football,recruiting class,,hard_negative,yes,high,nearby_confounder,,annotation_source=auto_supplement; sampled_from_bucket=local_hard_negative,auto_supplement
nfl_football,7ec578047088609c,nfl_football,local_hard_negative,local_hard_negative,543039,"Last win: Oct. 13, 2012 at Washington State

13 – Arkansas (SEC).",college_and_non_nfl_football,sec,,hard_negative,yes,high,nearby_confounder,,annotation_source=auto_supplement; sampled_from_bucket=local_hard_negative,auto_supplement
nfl_football,d6de771d3afd7225,nfl_football,local_hard_negative,local_hard_negative,227140,Control group showed less in the number of bout duration range of 30–60 and 60–120 sec but more in the range of 120–240 and 240–480 sec during the 6-hr sleep recovery period than that of the baseline.,college_and_non_nfl_football,sec,,hard_negative,yes,high,nearby_confounder,,annotation_source=auto_supplement; sampled_from_bucket=local_hard_negative,auto_supplement
nfl_football,15897aaf35cf7c5b,nfl_football,local_hard_negative,local_hard_negative,175387,The amendment says that “[f]unds available to the Department of Defense may not be used to provide medical treatment (other than mental health treatment) related to gender transition to a person entitled to medical care” under the military health system … [Defense] Sec.,college_and_non_nfl_football,sec,,hard_negative,yes,high,nearby_confounder,,annotation_source=auto_supplement; sampled_from_bucket=local_hard_negative,auto_supplement
nfl_football,5debd22ff3fb2374,nfl_football,local_hard_negative,local_hard_negative,110823,"I am not one of those who believes that recruiting is destiny; if it were, then Missouri would not be the two-time defending champions of the SEC East and Ron Zook could start working on his remarks for his induction into the College Football Hall of Fame.",college_and_non_nfl_football,college football;sec,,hard_negative,yes,high,nearby_confounder,,annotation_source=auto_supplement; sampled_from_bucket=local_hard_negative,auto_supplement
nfl_football,7497701ecda24d8e,nfl_football,local_hard_negative,local_hard_negative,543034,"Should they lose to the Commodores, they'll set a new school record for consecutive SEC losses and move into a tie with South Carolina for the eight-longest losing streak in SEC history – sixth-longest among programs still in the SEC.",college_and_non_nfl_football,sec,,hard_negative,yes,high,nearby_confounder,,annotation_source=auto_supplement; sampled_from_bucket=local_hard_negative,auto_supplement
nfl_football,b55c0d4c02e242c2,nfl_football,local_hard_negative,local_hard_negative,489891,"Check out this smooth mashup that perfectly highlights the drama and emotion of the third and final weekend, from what was a brilliant round of Test rugby.",college_and_non_nfl_football,rugby,,hard_negative,yes,high,nearby_confounder,,annotation_source=auto_supplement; sampled_from_bucket=local_hard_negative,auto_supplement
nfl_football,b9b089e0332620ad,nfl_football,local_hard_negative,local_hard_negative,697995,Congress vested the PCAOB with expanded oversight authority over the audits of brokers and dealers registered with the SEC in 2010 through the Dodd-Frank Wall Street Reform and Consumer Protection Act.,college_and_non_nfl_football,sec,,hard_negative,yes,high,nearby_confounder,,annotation_source=auto_supplement; sampled_from_bucket=local_hard_negative,auto_supplement
nfl_football,205a7211a1efec7b,nfl_football,local_hard_negative,local_hard_negative,698013,"The Board's budget, approved by the SEC each year, is funded by fees paid by the companies and broker-dealers who rely on the audit firms overseen by the Board.",college_and_non_nfl_football,sec,,hard_negative,yes,high,nearby_confounder,,annotation_source=auto_supplement; sampled_from_bucket=local_hard_negative,auto_supplement
nfl_football,b70e2e07d9fe9c69,nfl_football,local_hard_negative,local_hard_negative,317060,"Dick Durbin Richard (Dick) Joseph DurbinKids confront Feinstein over Green New Deal Senate plots to avoid fall shutdown brawl Overnight Energy: Trump ends talks with California on car emissions | Dems face tough vote on Green New Deal | Climate PAC backing Inslee in possible 2020 run MORE (Ill.), Charles Schumer Charles (Chuck) Ellis SchumerBrennan fires back at 'selfish' Trump over Harry Reid criticism Trump rips Harry Reid for 'failed career' after ex-Dem leader slams him in interview Harry Reid: 'I don't see anything' Trump is doing right MORE (N.Y.), Patty Murray Patricia (Patty) Lynn MurrayThis week: Congress, Trump set for showdown on emergency declaration Senate reignites blue slip war over Trump court picks Johnson & Johnson subpoenaed by DOJ and SEC, company says MORE (Wash.) and Barbara Boxer (Calif.) said in a letter to Speaker John Boehner (R-Ohio).",college_and_non_nfl_football,sec,,hard_negative,yes,high,nearby_confounder,,annotation_source=auto_supplement; sampled_from_bucket=local_hard_negative,auto_supplement
nfl_football,e33eff540e6acb05,nfl_football,local_hard_negative,local_hard_negative,255330,Armstrong told Rugby Expo 2015 that a third hotel may also be in the offing.,college_and_non_nfl_football,rugby,,hard_negative,yes,high,nearby_confounder,,annotation_source=auto_supplement; sampled_from_bucket=local_hard_negative,auto_supplement
nfl_football,5d06e8dd86b1d096,nfl_football,local_hard_negative,local_hard_negative,588914,"For information visit, https://turkeycreeknp.com/events-calendar/

To learn more about the Southern Environmental Center, visit http://www.bsc.edu/sec/

Alabama Bright Lights captures the stories, through words, pictures and video, of some of our state’s brightest lights who are working to make Alabama an even better place to live, work and play.",college_and_non_nfl_football,sec,,hard_negative,yes,high,nearby_confounder,,annotation_source=auto_supplement; sampled_from_bucket=local_hard_negative,auto_supplement
nfl_football,178a570927f0eba1,nfl_football,local_hard_negative,local_hard_negative,95576,"Since Alabama is the only SEC program to ever make the Playoff, we’ll assume that in most cases, the committee would give say Georgia, LSU or Florida the same pass it’s given the Tide.",college_and_non_nfl_football,sec,,hard_negative,yes,high,nearby_confounder,,annotation_source=auto_supplement; sampled_from_bucket=local_hard_negative,auto_supplement
nfl_football,7577b50980289bec,nfl_football,local_hard_negative,local_hard_negative,369483,The Quarter-Finalists in the 2017 RLIF Rugby League World Cup will qualify as of right.,college_and_non_nfl_football,rugby,,hard_negative,yes,high,nearby_confounder,,annotation_source=auto_supplement; sampled_from_bucket=local_hard_negative,auto_supplement
nfl_football,b2cf17097a3b8571,nfl_football,local_hard_negative,local_hard_negative,11448,"Goodman will represent South Carolina as part of the 2015 SEC Football Legends class, which includes 14 former stars who excelled on the gridiron and helped write the rich history of the sport at their respective institutions.",college_and_non_nfl_football,sec,,hard_negative,yes,high,nearby_confounder,,annotation_source=auto_supplement; sampled_from_bucket=local_hard_negative,auto_supplement
nfl_football,0ff41c1b59a662d7,nfl_football,local_hard_negative,local_hard_negative,434711,"Writing for the court, Justice Sonia Sotomayor said that disgorgement counts as a penalty and is therefore bound by a five-year statute of limitations that already applies to “any civil fine, penalty or forfeiture.”

The SEC disgorgement process “bears all the hallmarks of penalty: It is imposed as a consequence of violating a public law and is intended to deter, not to compensate,” Sotomayor wrote.",college_and_non_nfl_football,sec,,hard_negative,yes,high,nearby_confounder,,annotation_source=auto_supplement; sampled_from_bucket=local_hard_negative,auto_supplement
nfl_football,60cb488d51599ceb,nfl_football,local_hard_negative,local_hard_negative,302429,"I am a five-minute walk from the British Museum; a five-minute walk from my office, on Lambs Conduit Street – all of a sudden one of London’s hottest destinations for menswear and other fashion and itself owned by the Rugby School Estate, another long-term landlord with a large portfolio of commercial units and flats.",college_and_non_nfl_football,rugby,,hard_negative,yes,high,nearby_confounder,,annotation_source=auto_supplement; sampled_from_bucket=local_hard_negative,auto_supplement
nfl_football,6c46384b0baf785b,nfl_football,local_hard_negative,local_hard_negative,89653,"Swofford may be asked about the idea when he opens the ACC Football Kickoff in Greensboro, North Carolina on Sunday, especially with the buzz surrounding the launch of the SEC Network.",college_and_non_nfl_football,sec,,hard_negative,yes,high,nearby_confounder,,annotation_source=auto_supplement; sampled_from_bucket=local_hard_negative,auto_supplement
nfl_football,7251d55eb9f07b45,nfl_football,local_hard_negative,local_hard_negative,386486,"The backs coach declined the Lions’ invitation, opting to get up and running with his new role at Scotstoun, with Dave Rennie not due to arrive in Glasgow until his Super Rugby commitments with Waikato come to an end.",college_and_non_nfl_football,rugby,,hard_negative,yes,high,nearby_confounder,,annotation_source=auto_supplement; sampled_from_bucket=local_hard_negative,auto_supplement
nfl_football,a20bef4a45107f6b,nfl_football,local_hard_negative,local_hard_negative,369381,"Sat., Feb. 25 Missouri at Ole Miss SEC Network 3:30 p.m.",college_and_non_nfl_football,sec,,hard_negative,yes,high,nearby_confounder,,annotation_source=auto_supplement; sampled_from_bucket=local_hard_negative,auto_supplement
nfl_football,d98a1c8b24a267aa,nfl_football,local_hard_negative,local_hard_negative,508932,"Apart from local football and rugby league, Spotland has in the past been used to host minor nations' rugby league matches, such as British Amateur Rugby League Association (British Amateur Rugby League Association) matches, and also the National League Cup finals of 2003 and 2004.",college_and_non_nfl_football,rugby,,hard_negative,yes,high,nearby_confounder,,annotation_source=auto_supplement; sampled_from_bucket=local_hard_negative,auto_supplement
nfl_football,4d6639207aa95666,nfl_football,local_hard_negative,local_hard_negative,788537,"That makes it the best non-Bama outfit in the SEC in each of those systems, a distinction that could conceivably catch the eyes of the more analytic-minded members of the committee.",college_and_non_nfl_football,sec,,hard_negative,yes,high,nearby_confounder,,annotation_source=auto_supplement; sampled_from_bucket=local_hard_negative,auto_supplement
nfl_football,ae4204beb7ea5f01,nfl_football,local_hard_negative,local_hard_negative,361595,"If you look closely at the infographic above it's comical that they spelled Rugby as ""Rubgy"".",college_and_non_nfl_football,rugby,,hard_negative,yes,high,nearby_confounder,,annotation_source=auto_supplement; sampled_from_bucket=local_hard_negative,auto_supplement
nfl_football,a1b4c52f3e4e7e0a,nfl_football,local_hard_negative,local_hard_negative,474848,"Statewide ballot measures (complete list):

Kentucky statewide elected officials:

Office Party Democrat Republican Polls Close

(EASTERN) KY-Gov (D) Steve Beshear (inc) David Williams 6pm/7pm KY-Atty Gen. (D) Jack Conway (inc) Todd P'Pool 6pm/7pm KY-Sec.",college_and_non_nfl_football,sec,,hard_negative,yes,high,nearby_confounder,,annotation_source=auto_supplement; sampled_from_bucket=local_hard_negative,auto_supplement
nfl_football,a5d75fa453859731,nfl_football,local_hard_negative,local_hard_negative,148402,One of rugby's greatest rivalries takes on added significance this week with the biggest match between the All Blacks and Springboks in 20 years.,college_and_non_nfl_football,rugby,,hard_negative,yes,high,nearby_confounder,,annotation_source=auto_supplement; sampled_from_bucket=local_hard_negative,auto_supplement
nfl_football,45d7caab0bbe6796,nfl_football,local_hard_negative,local_hard_negative,671769,"A Rugby Football Union report in March found there were 645 injuries in the 2014-15 Premiership season, with their severity the highest since 2002.",college_and_non_nfl_football,rugby,,hard_negative,yes,high,nearby_confounder,,annotation_source=auto_supplement; sampled_from_bucket=local_hard_negative,auto_supplement
nfl_football,617d282d76206a18,nfl_football,local_hard_negative,local_hard_negative,312296,"Features of the Nissan Heisman House allow fans to:

>>Register for Heisman House credentials, which allow fans to check in and instantly share their experience via social media

>>Take pictures with the Heisman Trophy, the most prestigious award in college football

>>""Catch a Ride with the Heisman Winners"" in the all-new Nissan Rogue

>>Virtually paint your game face in your favorite team's official colors with the Diehard Fan app

>>Vote for the winner of the 2017 Heisman Memorial Trophy

>>Win prizes by participating in interactive games

>>Participate in an autograph session and photo opportunities with Ricky Williams

>>Watch live interviews between ESPN's Neil Everett and Ricky Williams",college_and_non_nfl_football,college football,,hard_negative,yes,high,nearby_confounder,,annotation_source=auto_supplement; sampled_from_bucket=local_hard_negative,auto_supplement
nfl_football,a8564982a01c4a1d,nfl_football,local_hard_negative,local_hard_negative,110849,He's actually built a modern SEC program.,college_and_non_nfl_football,sec,,hard_negative,yes,high,nearby_confounder,,annotation_source=auto_supplement; sampled_from_bucket=local_hard_negative,auto_supplement
nfl_football,67a45a88168134cf,nfl_football,local_hard_negative,local_hard_negative,11457,"The annual SEC Legends Dinner presented by AT&T will be held December 4 at the Hyatt Regency in Atlanta, and the group will also be recognized prior to the SEC Football Championship Game, which will be held at the Georgia Dome on Saturday, December 5.",college_and_non_nfl_football,sec,,hard_negative,yes,high,nearby_confounder,,annotation_source=auto_supplement; sampled_from_bucket=local_hard_negative,auto_supplement
nfl_football,4e743f90cb00a80a,nfl_football,local_hard_negative,local_hard_negative,543152,"""You know, like the Rugby World Cup.""",college_and_non_nfl_football,rugby,,hard_negative,yes,high,nearby_confounder,,annotation_source=auto_supplement; sampled_from_bucket=local_hard_negative,auto_supplement
nfl_football,a5603d931b909e7e,nfl_football,local_hard_negative,local_hard_negative,385575,Opening week is loaded with blockbuster games and the state of Texas alone may play host to the biggest weekend of college football games ever — and that’s not really over-the-top hyperbole either given some of the names involved.,college_and_non_nfl_football,college football,,hard_negative,yes,high,nearby_confounder,,annotation_source=auto_supplement; sampled_from_bucket=local_hard_negative,auto_supplement
nfl_football,2b2f8dc3fcf5a0de,nfl_football,local_hard_negative,local_hard_negative,49441,"The SEC said Freddie told investors in late 2006 that it held between $2 billion and $6 billion of subprime mortgages on its books — but its actual subprime holdings were actually closer to $141 billion, or 10 percent of its portfolio in 2006, and $244 billion, or 14 percent, by 2008.",college_and_non_nfl_football,sec,,hard_negative,yes,high,nearby_confounder,,annotation_source=auto_supplement; sampled_from_bucket=local_hard_negative,auto_supplement
nfl_football,6c04d12a34dfeb75,nfl_football,local_hard_negative,local_hard_negative,698042,Webster nonetheless was approved by the SEC by a 3-2 vote to become the PCAOB's first Chairman.,college_and_non_nfl_football,sec,,hard_negative,yes,high,nearby_confounder,,annotation_source=auto_supplement; sampled_from_bucket=local_hard_negative,auto_supplement
nfl_football,6da407d536c83835,nfl_football,local_hard_negative,local_hard_negative,5344,"Her win also includes return flights from Dublin to Cardiff, airport transfers, the assistance of a Killester Travel Rep, a Rugby World Cup souvenir, and two match tickets.",college_and_non_nfl_football,rugby,,hard_negative,yes,high,nearby_confounder,,annotation_source=auto_supplement; sampled_from_bucket=local_hard_negative,auto_supplement
nfl_football,f8476af6379e6f6b,nfl_football,local_hard_negative,local_hard_negative,87081,"Hugh Kellenberger

SEC commissioner Greg Sankey speaks to media during the head coaches news conference at the Tampa Convention Center.",college_and_non_nfl_football,sec,,hard_negative,yes,high,nearby_confounder,,annotation_source=auto_supplement; sampled_from_bucket=local_hard_negative,auto_supplement
nfl_football,f44c0973b1cadb44,nfl_football,local_hard_negative,local_hard_negative,69350,"""Let's go get this Big Ten championship,"" he said.",college_and_non_nfl_football,big ten,,hard_negative,yes,high,nearby_confounder,,annotation_source=auto_supplement; sampled_from_bucket=local_hard_negative,auto_supplement
nfl_football,a27424d5176d8fec,nfl_football,local_hard_negative,local_hard_negative,40655,"On the rugby pitch, of course.",college_and_non_nfl_football,rugby,,hard_negative,yes,high,nearby_confounder,,annotation_source=auto_supplement; sampled_from_bucket=local_hard_negative,auto_supplement
nfl_football,e5fb7f82fd5c2d26,nfl_football,local_hard_negative,local_hard_negative,592660,"If Florida State's unprecedented performance in the 1990s isn't considered a modern-day college football dynasty, then what program can possibly be remembered as one?",college_and_non_nfl_football,college football,,hard_negative,yes,high,nearby_confounder,,annotation_source=auto_supplement; sampled_from_bucket=local_hard_negative,auto_supplement
nfl_football,94dd4274d20742d4,nfl_football,local_hard_negative,local_hard_negative,473462,"Over the next three days, in the wake of a coaching transition, they’ll try and close on a recruiting class.",college_and_non_nfl_football,recruiting class,,hard_negative,yes,high,nearby_confounder,,annotation_source=auto_supplement; sampled_from_bucket=local_hard_negative,auto_supplement
nfl_football,6221c54d056861eb,nfl_football,local_hard_negative,local_hard_negative,764894,Quite a change from Bielema's dominance of the Big Ten.,college_and_non_nfl_football,big ten,,hard_negative,yes,high,nearby_confounder,,annotation_source=auto_supplement; sampled_from_bucket=local_hard_negative,auto_supplement
nfl_football,b56a60868fd24091,nfl_football,local_hard_negative,local_hard_negative,369377,"Sat., Feb. 18 South Carolina at Vanderbilt SEC Network 8:30 p.m. Tues., Feb. 21 Auburn at LSU SEC Network 7:00 p.m. Tues., Feb. 21 South Carolina at Florida ESPN 7:00 p.m. Tues., Feb. 21 Kentucky at Missouri SEC Network 9:00 p.m. Tues., Feb. 21 Ole Miss at Mississippi State ESPN2 9:00 p.m. Wed., Feb. 22 Vanderbilt at Tennessee SEC Network 6:30 p.m. Wed., Feb. 22 Texas A&M at Arkansas SEC Network 8:30 p.m.",college_and_non_nfl_football,sec,,hard_negative,yes,high,nearby_confounder,,annotation_source=auto_supplement; sampled_from_bucket=local_hard_negative,auto_supplement
nfl_football,4d644c67556cc750,nfl_football,local_hard_negative,local_hard_negative,369379,"Sat., Feb. 25 Tennessee at South Carolina SEC Network 1:00 p.m.",college_and_non_nfl_football,sec,,hard_negative,yes,high,nearby_confounder,,annotation_source=auto_supplement; sampled_from_bucket=local_hard_negative,auto_supplement
nfl_football,87dd1ffcdcfbf904,nfl_football,local_hard_negative,local_hard_negative,177271,"“Then I got the email and I couldn’t believe it.”

On Feb. 16, Rugby Canada announced that Kennedy and 23 other athletes were named to Canada’s under-18 women’s team.",college_and_non_nfl_football,rugby,,hard_negative,yes,high,nearby_confounder,,annotation_source=auto_supplement; sampled_from_bucket=local_hard_negative,auto_supplement
nfl_football,d614d6e03000d2db,nfl_football,local_hard_negative,local_hard_negative,322890,"The Iowa State alum’s most recent project included helping Penn State’s standout wide receiver, Allen Robinson, transform into a two-time All-Big Ten player.",college_and_non_nfl_football,big ten,,hard_negative,yes,high,nearby_confounder,,annotation_source=auto_supplement; sampled_from_bucket=local_hard_negative,auto_supplement
nfl_football,3ffd78609c8b4618,nfl_football,local_hard_negative,local_hard_negative,614092,Colorado head coach Mike MacIntyre said is team is focused on Arizona not the College Football Playoff rankings.,college_and_non_nfl_football,college football,,hard_negative,yes,high,nearby_confounder,,annotation_source=auto_supplement; sampled_from_bucket=local_hard_negative,auto_supplement
nfl_football,7cbd8fdac39364df,nfl_football,local_hard_negative,local_hard_negative,237999,"Mandatory Credit: Photo by MCP/REX/Shutterstock (1141286p)

Yahoo offices, Los Angeles, America

Various Rex/Shutterstock

The Independent Committee found that Yahoo’s information security team had “contemporaneous knowledge” of the 2014 state-sponsored attacks, “as well as incidents by the same attacker involving cookie forging in 2015 and 2016.”

It adds that “it appears certain senior executives did not properly comprehend or investigate, and therefore failed to act sufficiently upon, the full extent of knowledge.”

For example, the information security team knew that the attacker had “exfiltrated copies of user database backup files containing the personal data of Yahoo users” — though it’s “unclear whether and to what extent such evidence of exfiltration was effectively communicated and understood outside the information security team.”

Investigators “did not conclude that there was an intentional suppression of relevant information.”

Said Mayer: “I am the CEO of the company and since this incident happened during my tenure, I have agreed to forgo my annual bonus and my annual equity grant this year and have expressed my desire that my bonus be redistributed to our company’s hardworking employees, who contributed so much to Yahoo’s success in 2016.”

Yahoo says that it will “soon” submit an amended proxy to the SEC that will enable it to “move forward with scheduling a special meeting of Yahoo shareholders” to approve Verizon’s $4.48 billion offer for the internet company’s operating assets.",college_and_non_nfl_football,sec,,hard_negative,yes,high,nearby_confounder,,annotation_source=auto_supplement; sampled_from_bucket=local_hard_negative,auto_supplement
nfl_football,601f8373058a8e4b,nfl_football,local_hard_negative,local_hard_negative,575023,"So obviously there’s a witch who leaked it for dubious reasons.”

Malielegaoi then rounded on the Home Unions, adding: “Rugby is probably the only sport where one country – Great Britain – have four international teams in the top ten and its four Unions are represented on the IRB board – giving them the edge in IRB decisions especially on the question of player eligibility.",college_and_non_nfl_football,rugby,,hard_negative,yes,high,nearby_confounder,,annotation_source=auto_supplement; sampled_from_bucket=local_hard_negative,auto_supplement
nfl_football,8b2a2fcf1028c0ca,nfl_football,local_hard_negative,local_hard_negative,675141,"“As a result of changing conditions in the space insurance market, we do not believe we will be able to complete the full placement of insurance prior to the first launch, and we may not be able to place the supplemental insurance for launch premiums on relaunches at all,” Iridium said in its SEC filing.",college_and_non_nfl_football,sec,,hard_negative,yes,high,nearby_confounder,,annotation_source=auto_supplement; sampled_from_bucket=local_hard_negative,auto_supplement
nfl_football,073566ef71d69c28,nfl_football,local_hard_negative,local_hard_negative,736704,"At an impressive 2.13 metres (7 foot in the old money), Dean Williams could be the largest man in rugby – anywhere.",college_and_non_nfl_football,rugby,,hard_negative,yes,high,nearby_confounder,,annotation_source=auto_supplement; sampled_from_bucket=local_hard_negative,auto_supplement
nfl_football,71bc29e754833bc3,nfl_football,local_hard_negative,local_hard_negative,2361,"4 spot could go to a 12-1 Florida State (depending on how far the 'Noles would fall with a loss at Louisville or Miami), a 12-1 Big Ten champion (if Michigan State wins out, the Spartans are probably well-positioned for the spot, but Ohio State and Nebraska might need help), or a second SEC West team, one that is probably 10-2.",college_and_non_nfl_football,big ten;sec,,hard_negative,yes,high,nearby_confounder,,annotation_source=auto_supplement; sampled_from_bucket=local_hard_negative,auto_supplement
nfl_football,3fdbc92f83eaad1e,nfl_football,local_hard_negative,local_hard_negative,49447,"And no one had to admit to anything of course:

The pact said both sides agreed to the settlement “without conceding the strengths and weaknesses of their respective claims and defenses.”

Which is just fine with the folks from Freddie who understandably believe it’s not in their best interest for the government to continue to investigate them for fraud and who are pleased to report that in addition to the fact that they will not have to pay anything out of pocket, they will not be limited “in any practical way” by the decision:

Mr. Syron said, “The agreement states that it is not in the interests of justice to continue to litigate this matter, and I wholeheartedly agree with that sentiment.” Steven Salky, who represented Ms. Cook, said, they ”are extremely pleased with this resolution.” Mr. Bisenius said, “The undertakings to which I have agreed in order to put this case behind me do not limit me in any practical way.”

So in the end, all three executives were slapped with fines which they don’t have to pay and were reprimanded in a way that doesn’t limit their future activities at all, which the SEC reckons is commensurate with their part in sinking the entire world economy:

“The settlement’s limitations on future activities (ZH: these are the limitations that don’t limit any one in a practical way) and financial payments (ZH: financial payments they don’t have to pay) reflect an appropriate resolution of the matter,” said Andrew Ceresney, the SEC’s enforcement director.",college_and_non_nfl_football,sec,,hard_negative,yes,high,nearby_confounder,,annotation_source=auto_supplement; sampled_from_bucket=local_hard_negative,auto_supplement
nfl_football,a9a49e14a9c9ff22,nfl_football,local_hard_negative,local_hard_negative,230314,College football has a lot of these moments.,college_and_non_nfl_football,college football,,hard_negative,yes,high,nearby_confounder,,annotation_source=auto_supplement; sampled_from_bucket=local_hard_negative,auto_supplement
nfl_football,6a397af5de6014f2,nfl_football,local_hard_negative,local_hard_negative,506355,"""Just the very fact that they were playing Test rugby against some of the best teams in the world three weeks ago will have brought them on a ton,"" said O'Gara, ""and they were very impressive during the championship.",college_and_non_nfl_football,rugby,,hard_negative,yes,high,nearby_confounder,,annotation_source=auto_supplement; sampled_from_bucket=local_hard_negative,auto_supplement
nfl_football,406a13f65330eff7,nfl_football,local_hard_negative,local_hard_negative,6406,"On Thursday, District officials told the LA Times that “they were optimistic that they had addressed the SEC concerns.” The LA Times also reported that LAUSD had prepared a presentation in March that “outlined measures it took to inform the public and potential investors about how bond funds [for the iPad program] would be spent.”

The school district reportedly told the SEC that the bonds used to fund the iPad program were general obligation bonds that were not meant to generate revenue for investors.",college_and_non_nfl_football,sec,,hard_negative,yes,high,nearby_confounder,,annotation_source=auto_supplement; sampled_from_bucket=local_hard_negative,auto_supplement
nfl_football,d91a3e77024cd80a,nfl_football,local_hard_negative,local_hard_negative,361589,"Out of those, an astounding 7,000 called for Roller Derby, with rugby coming in second through the voting at about 4,000.",college_and_non_nfl_football,rugby,,hard_negative,yes,high,nearby_confounder,,annotation_source=auto_supplement; sampled_from_bucket=local_hard_negative,auto_supplement
nfl_football,85ac2fa880cf045f,nfl_football,local_hard_negative,local_hard_negative,797056,"Articles regarding the stadiums and venues, mascots, fight songs, and other pageantry that support college football teams or events are also included in the project.",college_and_non_nfl_football,college football,,hard_negative,yes,high,nearby_confounder,,annotation_source=auto_supplement; sampled_from_bucket=local_hard_negative,auto_supplement
nfl_football,97e8186455f9dd64,nfl_football,local_hard_negative,local_hard_negative,586230,"At Nebraska, the 75-year-old Osborne -- one of college football's legendary coaches -- announced late last month that he will retire Jan. 1 after five years on the job.",college_and_non_nfl_football,college football,,hard_negative,yes,high,nearby_confounder,,annotation_source=auto_supplement; sampled_from_bucket=local_hard_negative,auto_supplement
nfl_football,70273d664d859d28,nfl_football,local_hard_negative,local_hard_negative,158747,"So, the comical tale of amateurism and excess that was Ireland's first ever loss to Italy ended up having a direct on influence on the first ever Heineken Cup weekend, the tournament that would do much to encourage Irish rugby professionalise in future years.",college_and_non_nfl_football,rugby,,hard_negative,yes,high,nearby_confounder,,annotation_source=auto_supplement; sampled_from_bucket=local_hard_negative,auto_supplement
nfl_football,f2e8d7a9a1b26e9a,nfl_football,local_hard_negative,local_hard_negative,648611,"[4] In 1976, while working as a graduate assistant under John P. Paynter at Northwestern University, he was instrumental in bringing the first color guard/flag corp to the Big Ten.",college_and_non_nfl_football,big ten,,hard_negative,yes,high,nearby_confounder,,annotation_source=auto_supplement; sampled_from_bucket=local_hard_negative,auto_supplement
nfl_football,21f1626364df704a,nfl_football,local_hard_negative,local_hard_negative,403621,"The Rugby Players Association, which supported Tindall's appeal, described the original sanction as ""extraordinary"" and ""unprecedented"".",college_and_non_nfl_football,rugby,,hard_negative,yes,high,nearby_confounder,,annotation_source=auto_supplement; sampled_from_bucket=local_hard_negative,auto_supplement
nfl_football,3c67a17f52f551c1,nfl_football,local_hard_negative,local_hard_negative,98177,"""Coach gave so much more to the State of Texas and college football than he took away.",college_and_non_nfl_football,college football,,hard_negative,yes,high,nearby_confounder,,annotation_source=auto_supplement; sampled_from_bucket=local_hard_negative,auto_supplement
nfl_football,1831acb54fd135bb,nfl_football,local_hard_negative,local_hard_negative,490760,"More from SB Nation college football:

Follow @SBNationCFBFollow @SBNRecruiting

• Full Week 13 TV schedule, including five ranked games

• Start hot: this week’s best stats in The Numerical

• TWIS: Georgia fans react to Auburn’s insane Hail Mary

• Bowl projections: Bama-FSU, Clemson-Wisconsin and more

• Long CFB reads | Has Baylor crafted the ultimate football offense?",college_and_non_nfl_football,college football,,hard_negative,yes,high,nearby_confounder,,annotation_source=auto_supplement; sampled_from_bucket=local_hard_negative,auto_supplement
nfl_football,c0d87b826462a586,nfl_football,local_hard_negative,local_hard_negative,434707,"The justices sided with New Mexico-based investment adviser Charles Kokesh, who previously was ordered by a judge to pay $2.4 million in penalties plus $34.9 million in disgorgement of illegal profits after the SEC sued him.",college_and_non_nfl_football,sec,,hard_negative,yes,high,nearby_confounder,,annotation_source=auto_supplement; sampled_from_bucket=local_hard_negative,auto_supplement
nfl_football,8beeedc517f2d890,nfl_football,local_hard_negative,local_hard_negative,575004,"EXCLUSIVE: Samoan president accuses players of drinking culture

Posted on by in Autumn Internationals, Featured

By NEALE HARVEY

Samoa’s players have again been left raging after a rant from the country’s president and Rugby Union chairman, Tuilaepa Sa’ilele Malielegaoi, accused them of not training hard enough and hinted at a drinking culture in the squad.",college_and_non_nfl_football,rugby,,hard_negative,yes,high,nearby_confounder,,annotation_source=auto_supplement; sampled_from_bucket=local_hard_negative,auto_supplement
nfl_football,6fac1d89f0100caf,nfl_football,local_hard_negative,local_hard_negative,633742,"But in small- to medium-sized cities across the south — places like Knoxville, Tuscaloosa, Baton Rouge, Gainesville — SEC football is just a little more important than God.",college_and_non_nfl_football,sec,,hard_negative,yes,high,nearby_confounder,,annotation_source=auto_supplement; sampled_from_bucket=local_hard_negative,auto_supplement
nfl_football,ccdc98d93c191ddb,nfl_football,local_hard_negative,local_hard_negative,369384,"Sat., Feb. 25 Arkansas at Auburn SEC Network 8:30 p.m.",college_and_non_nfl_football,sec,,hard_negative,yes,high,nearby_confounder,,annotation_source=auto_supplement; sampled_from_bucket=local_hard_negative,auto_supplement
nfl_football,ad874197dc6f677d,nfl_football,local_hard_negative,local_hard_negative,262284,"In his 1914 poem, ""The Soldier,"" Brooke, a devilishly handsome private schoolboy (at Rugby), who, along with Maynard Keynes and Lytton Strachey, was a member of the Cambridge Apostles, summoned the jingoistic spirit of Kipling and Palmerston.",college_and_non_nfl_football,rugby,,hard_negative,yes,high,nearby_confounder,,annotation_source=auto_supplement; sampled_from_bucket=local_hard_negative,auto_supplement
nfl_football,69be3aeea86ec3a3,nfl_football,local_hard_negative,local_hard_negative,377362,[On the players' reaction] international rugby isn't something where you turn up and go for a friendly jog around.,college_and_non_nfl_football,rugby,,hard_negative,yes,high,nearby_confounder,,annotation_source=auto_supplement; sampled_from_bucket=local_hard_negative,auto_supplement
nfl_football,f23c2e3bde7ce930,nfl_football,local_hard_negative,local_hard_negative,573662,"The SEC has issued warnings, advising that many endorsements are violating securities laws by not disclosing the nature of the relationship.",college_and_non_nfl_football,sec,,hard_negative,yes,high,nearby_confounder,,annotation_source=auto_supplement; sampled_from_bucket=local_hard_negative,auto_supplement
nfl_football,a15a7e00d7bcae4a,nfl_football,local_hard_negative,local_hard_negative,369340,"Sat., Jan. 21 Vanderbilt at Florida CBS Noon Sat., Jan. 21 Georgia at Texas A&M ESPN/2 Noon Sat., Jan. 21 Ole Miss at Missouri SEC Network 3:30 p.m.",college_and_non_nfl_football,sec,,hard_negative,yes,high,nearby_confounder,,annotation_source=auto_supplement; sampled_from_bucket=local_hard_negative,auto_supplement
nfl_football,bcf971179c116be2,nfl_football,local_hard_negative,local_hard_negative,177310,"“But she’ll need to add a little bit of muscle to the frame in order to continue on this trajectory.”

Greenwood said it goes beyond rugby ability with Kennedy.",college_and_non_nfl_football,rugby,,hard_negative,yes,high,nearby_confounder,,annotation_source=auto_supplement; sampled_from_bucket=local_hard_negative,auto_supplement
nfl_football,3d670fe28b9b1263,nfl_football,local_hard_negative,local_hard_negative,469113,"The overall results were

Blender Time to Render / sec Intel Broadwell-E

Core i7-6900K

8C / 16T

3 GHz all-core 49.05 AMD ZEN

Engineering Sample

8C / 16T

3 GHz all-core 48.07

(-0.98 sec, 1.998%)

All things being equal (we'll get to that in a second), this would suggest that an 8-core AMD has a ~2% advantage over Broadwell-E at the same clock speeds.",college_and_non_nfl_football,sec,,hard_negative,yes,high,nearby_confounder,,annotation_source=auto_supplement; sampled_from_bucket=local_hard_negative,auto_supplement
nfl_football,6d2dffa809041412,nfl_football,local_hard_negative,local_hard_negative,242056,"The program’s 36 SEC team championships ranks second amongst all sports in the history of the SEC (Kentucky Men’s Basketball, 45).",college_and_non_nfl_football,sec,,hard_negative,yes,high,nearby_confounder,,annotation_source=auto_supplement; sampled_from_bucket=local_hard_negative,auto_supplement
nfl_football,a3ffdc6bd34efe38,nfl_football,local_hard_negative,local_hard_negative,416300,"Yet, at the same time, Alabama’s loss actually helped shrink the number of teams in contention for the College Football Playoff field.",college_and_non_nfl_football,college football,,hard_negative,yes,high,nearby_confounder,,annotation_source=auto_supplement; sampled_from_bucket=local_hard_negative,auto_supplement
nfl_football,be0eabedda5be6b2,nfl_football,local_hard_negative,local_hard_negative,695159,"Ausflag is calling for sponsors to help bankroll promotions and distribution and plans to roll it out at major international sporting events such as cricket, tennis, rugby league and rugby union.",college_and_non_nfl_football,rugby,,hard_negative,yes,high,nearby_confounder,,annotation_source=auto_supplement; sampled_from_bucket=local_hard_negative,auto_supplement
nfl_football,85d7d93260b5b40e,nfl_football,local_hard_negative,local_hard_negative,227162,"The mean duration of NREM sleep was 28.5% (106.1±8.0 versus 148.5±4.5 sec, p<0.01) shorter than the control ( ).",college_and_non_nfl_football,sec,,hard_negative,yes,high,nearby_confounder,,annotation_source=auto_supplement; sampled_from_bucket=local_hard_negative,auto_supplement
nfl_football,9a3203f666ecee0a,nfl_football,local_hard_negative,local_hard_negative,98173,College football lost maybe its best ever and the world lost a great man.,college_and_non_nfl_football,college football,,hard_negative,yes,high,nearby_confounder,,annotation_source=auto_supplement; sampled_from_bucket=local_hard_negative,auto_supplement
nfl_football,72100cb70593c019,nfl_football,local_hard_negative,local_hard_negative,479801,Why didn’t Destination NSW throw any money at the rugby league World Cup and secure more than two non-finals games?,college_and_non_nfl_football,rugby,,hard_negative,yes,high,nearby_confounder,,annotation_source=auto_supplement; sampled_from_bucket=local_hard_negative,auto_supplement
nfl_football,6b386a9fbc2fcbd2,nfl_football,local_hard_negative,local_hard_negative,290765,"That might be the question on the minds of casual NFL draft observers after seeing the Tennessee wide receiver's name posted at the top of the charts, but scouts and coaches can't stop raving about the most explosive playmaker in college football.",college_and_non_nfl_football,college football,,hard_negative,yes,high,nearby_confounder,,annotation_source=auto_supplement; sampled_from_bucket=local_hard_negative,auto_supplement
nfl_football,82361a961df43ff6,nfl_football,local_hard_negative,local_hard_negative,386180,"And we did a good job of selling it, and we won greatly, and we were the best in college football for that period of time, 16 years, still today.",college_and_non_nfl_football,college football,,hard_negative,yes,high,nearby_confounder,,annotation_source=auto_supplement; sampled_from_bucket=local_hard_negative,auto_supplement
nfl_football,a9cb76b05b37cf9f,nfl_football,local_hard_negative,local_hard_negative,49443,The SEC had sought financial penalties against the executives and an order barring them from serving as officers and directors at other companies.,college_and_non_nfl_football,sec,,hard_negative,yes,high,nearby_confounder,,annotation_source=auto_supplement; sampled_from_bucket=local_hard_negative,auto_supplement
nfl_football,41a7fdf8d528e769,nfl_football,local_hard_negative,local_hard_negative,5347,"To win, Sheila had to answer eight World Cup rugby-related questions.",college_and_non_nfl_football,rugby,,hard_negative,yes,high,nearby_confounder,,annotation_source=auto_supplement; sampled_from_bucket=local_hard_negative,auto_supplement
nfl_football,ffabde35e5ff1197,nfl_football,local_hard_negative,local_hard_negative,337054,"With the NRL season back in full swing, it is a matter of time until young rugby league players from low socio-economic backgrounds begin making headlines for doing things that might be considered a “bit grubby” in public places.",college_and_non_nfl_football,rugby,,hard_negative,yes,high,nearby_confounder,,annotation_source=auto_supplement; sampled_from_bucket=local_hard_negative,auto_supplement
nfl_football,8a1f997085883876,nfl_football,local_hard_negative,local_hard_negative,573659,"There are very strict guidelines that need to be adhered to when marketing an ICO, so it’s best to hire a law firm that is familiar with SEC guidelines and more specifically, SEC guidelines pertaining to ICOs.",college_and_non_nfl_football,sec,,hard_negative,yes,high,nearby_confounder,,annotation_source=auto_supplement; sampled_from_bucket=local_hard_negative,auto_supplement
nfl_football,735bce1eaae6f683,nfl_football,local_hard_negative,local_hard_negative,369339,"Sat., Jan. 14 Tennessee at Vanderbilt SEC Network 8:30 p.m. Tues., Jan. 17 Arkansas at Texas A&M SEC Network 7:00 p.m. Tues., Jan. 17 Kentucky at Mississippi State ESPN 7:00 p.m. Tues., Jan. 17 Tennessee at Ole Miss SEC Network 9:00 p.m. Tues., Jan. 17 Vanderbilt at Georgia ESPNU 9:00 p.m. Wed., Jan. 18 Florida at South Carolina SEC Network 6:30 p.m. Wed., Jan. 18 Missouri at Alabama ESPNU 7:00 p.m. Wed., Jan. 18 LSU at Auburn SEC Network 8:30 p.m.",college_and_non_nfl_football,sec,,hard_negative,yes,high,nearby_confounder,,annotation_source=auto_supplement; sampled_from_bucket=local_hard_negative,auto_supplement
nfl_football,fe4c27925e30ee12,nfl_football,local_hard_negative,local_hard_negative,738940,"Justice Appointed by Sworn in Law school Religion Job before appointment Earl Warren Eisenhower 1953 University of California Protestant Governor (R-CA) Hugo Black F. Roosevelt 1938 University of Alabama Protestant Senator (D-AL) Harold Burton Truman 1945 Harvard Unitarian Senator (R-OH) Tom Clark Truman 1949 University of Texas Protestant Attorney General William Douglas F. Roosevelt 1939 Columbia Protestant SEC chairman Felix Frankfurter F. Roosevelt 1939 Harvard Jewish Professor at Harvard Robert Jackson F. Roosevelt 1941 Albany Law but no degree Protestant Attorney General Sherman Minton Truman 1949 Indiana University Catholic Court of Appeals judge Stanley Reed F. Roosevelt 1938 U. Virginia but no degree Protestant Solicitor General

In comparison with the current Court, we see that Protestants dominated, Ivy League schools did not (in fact, two justices did not even have a law degree), and only one of the nine had been on the Court of Appeals.",college_and_non_nfl_football,sec,,hard_negative,yes,high,nearby_confounder,,annotation_source=auto_supplement; sampled_from_bucket=local_hard_negative,auto_supplement
nfl_football,a7ecc668a0004bf5,nfl_football,local_hard_negative,local_hard_negative,220544,"This then went through four lay­ers of man­age­ment, with all the usu­al redac­tions and fin­ess­ing, before a final sum­mary was draf­ted by H Branch, signed by the DDG, and then dis­patched to the Sec­ret­ary of State.",college_and_non_nfl_football,sec,,hard_negative,yes,high,nearby_confounder,,annotation_source=auto_supplement; sampled_from_bucket=local_hard_negative,auto_supplement
nfl_football,3962fe827ef3101a,nfl_football,local_hard_negative,local_hard_negative,155594,"Hand would recruit, coach tight ends, and recruit, and do all of that in exactly that order, because recruiting is an important activity that sometimes is interrupted by bouts of college football.",college_and_non_nfl_football,college football,,hard_negative,yes,high,nearby_confounder,,annotation_source=auto_supplement; sampled_from_bucket=local_hard_negative,auto_supplement
nfl_football,48fc245f40079b57,nfl_football,local_hard_negative,local_hard_negative,540552,"They are jokester and showman, dance teacher Grant Davies, and IVF scientist and rugby union player Michael Quinn.",college_and_non_nfl_football,rugby,,hard_negative,yes,high,nearby_confounder,,annotation_source=auto_supplement; sampled_from_bucket=local_hard_negative,auto_supplement
nfl_football,2c9475dcee6c4f80,nfl_football,local_hard_negative,local_hard_negative,385648,"Michigan State at Notre Dame (Sep. 17)

There’s a little luster lost in this rivalry game with Michigan State having to replace so many starters from last year’s Big Ten title team but this still figures to be an incredible matchup in a series that has given everybody some memorable moments.",college_and_non_nfl_football,big ten,,hard_negative,yes,high,nearby_confounder,,annotation_source=auto_supplement; sampled_from_bucket=local_hard_negative,auto_supplement
nfl_football,af0538305db47c00,nfl_football,local_hard_negative,local_hard_negative,373126,"As EcoWatch writes:

The American Wild Horse Campaign on Thursday harshly criticized Interior Sec.",college_and_non_nfl_football,sec,,hard_negative,yes,high,nearby_confounder,,annotation_source=auto_supplement; sampled_from_bucket=local_hard_negative,auto_supplement
nfl_football,10f905992a93c215,nfl_football,local_hard_negative,local_hard_negative,431144,"Media playback is not supported on this device GB edged into Olympic canoe slalom silver

Mark Bennett & Mark Robertson (Rugby sevens)

Glasgow centre Bennett, 23, and Scotland sevens specialist Robertson, 31, both played key roles in a GB squad that squeezed past Japan and New Zealand in tense pool games before even tighter knock-out matches against Argentina and South Africa, only to be beaten 43-7 by favourites Fiji in the final.",college_and_non_nfl_football,rugby,,hard_negative,yes,high,nearby_confounder,,annotation_source=auto_supplement; sampled_from_bucket=local_hard_negative,auto_supplement
nfl_football,0d1d92402487c2ac,nfl_football,local_hard_negative,local_hard_negative,46750,The only reason why they are heard of is because of a 10-K filing with the SEC.,college_and_non_nfl_football,sec,,hard_negative,yes,high,nearby_confounder,,annotation_source=auto_supplement; sampled_from_bucket=local_hard_negative,auto_supplement
nfl_football,d5631363a180d6a6,nfl_football,local_hard_negative,local_hard_negative,770427,"Ashton Carter, the new de­fense sec­ret­ary, has signaled his sup­port for such ac­tion.",college_and_non_nfl_football,sec,,hard_negative,yes,high,nearby_confounder,,annotation_source=auto_supplement; sampled_from_bucket=local_hard_negative,auto_supplement
nfl_football,256ddf87520927a1,nfl_football,local_hard_negative,local_hard_negative,557362,Our panel of experts provide their take on which college football quarterback has the greatest pro potential.,college_and_non_nfl_football,college football,,hard_negative,yes,high,nearby_confounder,,annotation_source=auto_supplement; sampled_from_bucket=local_hard_negative,auto_supplement
nfl_football,0593d30ec4113e9a,nfl_football,local_hard_negative,local_hard_negative,344106,The only thing the Pac-12 has to fear in the new era of the College Football Playoff is itself.,college_and_non_nfl_football,college football,,hard_negative,yes,high,nearby_confounder,,annotation_source=auto_supplement; sampled_from_bucket=local_hard_negative,auto_supplement
nfl_football,a7043c7148d93f62,nfl_football,local_hard_negative,local_hard_negative,579867,"Now 6-3 and 286 pounds, many expect him to use his quickness and power to approach an all-SEC level this season.",college_and_non_nfl_football,sec,,hard_negative,yes,high,nearby_confounder,,annotation_source=auto_supplement; sampled_from_bucket=local_hard_negative,auto_supplement
nfl_football,fd02774446cc430c,nfl_football,local_hard_negative,local_hard_negative,432814,"A former schoolboy rugby gun, Vete only started playing league three years ago in what has been a meteoric rise.",college_and_non_nfl_football,rugby,,hard_negative,yes,high,nearby_confounder,,annotation_source=auto_supplement; sampled_from_bucket=local_hard_negative,auto_supplement
nfl_football,34eeb6f1f9e45e49,nfl_football,local_hard_negative,local_hard_negative,736717,At the 2015 Rugby World Cup the title for tallest went to Ireland lock Devin Toner who measured in at a whopping 2.1m.,college_and_non_nfl_football,rugby,,hard_negative,yes,high,nearby_confounder,,annotation_source=auto_supplement; sampled_from_bucket=local_hard_negative,auto_supplement
nfl_football,135be30a79f1b526,nfl_football,local_hard_negative,local_hard_negative,37342,"After two nights of international rugby league, I'm convinced it needs to be a permanent fixture on the calendar -- to ensure the game's development, and for the sheer entertainment it provides.",college_and_non_nfl_football,rugby,,hard_negative,yes,high,nearby_confounder,,annotation_source=auto_supplement; sampled_from_bucket=local_hard_negative,auto_supplement
nfl_football,4d9451aaa53bcd4c,nfl_football,local_hard_negative,local_hard_negative,365797,"The Spartans ranked first in the Big Ten and in the top 10 of FBS in total defense and rushing defense for three consecutive seasons under the 48-year-old Narduzzi, who won the Broyles Award in 2013 as the nation's top assistant coach.",college_and_non_nfl_football,big ten,,hard_negative,yes,high,nearby_confounder,,annotation_source=auto_supplement; sampled_from_bucket=local_hard_negative,auto_supplement
nfl_football,09488bf22d0349f9,nfl_football,local_hard_negative,local_hard_negative,763575,"Pinnacle Bank Arena is one of the toughest places to play in the Big Ten, and the Huskers sport one of the conference's best backcourts in Glynn Watson and Tai Webster.",college_and_non_nfl_football,big ten,,hard_negative,yes,high,nearby_confounder,,annotation_source=auto_supplement; sampled_from_bucket=local_hard_negative,auto_supplement
nfl_football,11e2fc38f0c7c7f6,nfl_football,local_hard_negative,local_hard_negative,505278,"If you don’t have a TV subscription and login ID for the SEC, Pac-12, and Big Ten channels, then you can also build a magical screen out of clouds and dreams and just imagine what facial expression Miss Val is making right then.",college_and_non_nfl_football,big ten;sec,,hard_negative,yes,high,nearby_confounder,,annotation_source=auto_supplement; sampled_from_bucket=local_hard_negative,auto_supplement
nfl_football,57fbddbf920a124d,nfl_football,local_hard_negative,local_hard_negative,567549,"Maybe rugby league has found a way to fight fire with fire when it comes to united action, but without sacrificing equity and fair play like others have.",college_and_non_nfl_football,rugby,,hard_negative,yes,high,nearby_confounder,,annotation_source=auto_supplement; sampled_from_bucket=local_hard_negative,auto_supplement
nfl_football,143402a9c02b771b,nfl_football,local_hard_negative,local_hard_negative,434636,"As it becomes more and more apparent that some form of an early signing period has a good chance to work its way into college football, it’s time to caution against unintended consequences.",college_and_non_nfl_football,college football,,hard_negative,yes,high,nearby_confounder,,annotation_source=auto_supplement; sampled_from_bucket=local_hard_negative,auto_supplement
nfl_football,b151c51068425a3a,nfl_football,local_hard_negative,local_hard_negative,788503,"This year, like last year, the presumptive SEC champ has bigger fish to fry.",college_and_non_nfl_football,sec,,hard_negative,yes,high,nearby_confounder,,annotation_source=auto_supplement; sampled_from_bucket=local_hard_negative,auto_supplement
nfl_football,3c5f66212cd513fd,nfl_football,local_hard_negative,local_hard_negative,153954,"PRIDE FOX SPORTS 2 3:00 PM 4:00 PM 22 5 UFC PPV POST FIGHT 210:CORMIER/JOHNSON 2 FOX SPORTS 2 10:30 AM 11:20 AM 22 6 TOURNAMENT CHARLESTON WTA-E:WF KASD/OSTJ THE TENNIS CHANNEL 12:31 AM 2:07 AM 22 5 LIGA MX EN 60 UNIVISION DEPORTES 2:00 AM 3:00 AM 22 16 UFC PPV POST FIGHT 210:CORMIER/JOHNSON 2 FOX SPORTS 2 9:00 AM 10:00 AM 21 9 LIGA MX EN 60 UNIVISION DEPORTES 1:00 AM 2:00 AM 21 10 FUTBOL MLS EN 60 UNIVISION DEPORTES 3:08 AM 4:08 AM 20 9 LIGA MX EN 60 UNIVISION DEPORTES 6:00 AM 7:00 AM 19 12 BUNDESLIGA L INGOLSTADT/DARMSTADT FOX SPORTS 2 11:20 AM 1:30 PM 18 9 TOURNAMENT CHARLESTON WTA-E:WDF MASA/HRSI THE TENNIS CHANNEL 10:47 PM 12:31 AM 18 2 LIGA MX EN 60 UNIVISION DEPORTES 5:00 AM 6:00 AM 18 11 90IN30 LA LIGA-R MALAGA VS. BARCELONA BEIN SPORT 11:05 AM 11:35 AM 17 12 EXPRESS WEEKEND-L EXPRESS PREVIEW BEIN SPORT ESPANOL 10:00 AM 10:06 AM 17 12 NCAA HOCKEY CHAMP MINNESOTA DULUTH/DENVER ESPNU 11:00 AM 2:00 PM 17 7 FUTBOL MLS EN 60 UNIVISION DEPORTES 8:00 AM 9:00 AM 17 15 WTA TENNIS ABIERTO MONTERREY ARIME- F BEIN SPORT ESPANOL 4:43 PM 6:38 PM 16 7 LIGA MX EN 60 UNIVISION DEPORTES 4:08 AM 5:00 AM 16 10 EXPRESS WEEKEND-L EXPRESS XTRA WEEKEND-L BEIN SPORT ESPANOL 6:38 PM 7:39 PM 15 7 COLLEGE BASKETBALL LIVE ESPNU 6:30 PM 7:00 PM 15 6 CENTRAL FOX WKND ENC FOX DEPORTES 8:00 AM 9:00 AM 15 3 SERIE A - L LAZIO VS. NAPOLI BEIN SPORT 6:00 PM 8:00 PM 14 5 SPORTSCENTERU ESPNU 9:00 AM 10:00 AM 14 6 LA ULT PALABRA WKND ENC FOX DEPORTES 9:00 AM 10:00 AM 14 9 90IN30 LA LIGA-R REAL MADRID VS. ATLETICO MADRID BEIN SPORT ESPANOL 9:35 PM 10:03 PM 13 6 EXPRESS WEEKEND-R EXPRESS XTRA WEEKEND-R BEIN SPORT ESPANOL 10:32 PM 11:35 PM 13 8 BUNDESLIGA - L INGOLSTADT VS DARMSTADT FOX DEPORTES 11:20 AM 1:30 PM 13 8 UFC PPV POST FIGHT 210:CORMIER/JOHNSON 2 FOX SPORTS 2 2:00 PM 3:00 PM 12 7 EXPRESS WEEKEND-L EXPRESS XTRA WEEKEND-L BEIN SPORT 5:00 PM 6:00 PM 11 9 SERIE A - L BOLOGNA VS. AS ROMA BEIN SPORT 8:55 AM 11:05 AM 11 7 CENTRAL FOX WKND EARLY FOX DEPORTES 10:00 AM 11:00 AM 11 7 UFC ULTIMATE KNOCKOUTS BEST OF 2016 FOX SPORTS 1 4:19 PM 4:30 PM 11 4 TOURNAMENT CHARLESTON WTA-E:WS2 OSTJ/LUCM THE TENNIS CHANNEL 8:19 AM 10:30 AM 11 5 SPORTSCENTERU ESPNU 10:00 AM 11:00 AM 10 6 UFC PPV POST FIGHT 210:CORMIER/JOHNSON 2 FOX SPORTS 2 6:00 AM 7:00 AM 10 8 UFC PPV PRELIMS 210:CORMIER/JOHNSON 2 FOX SPORTS 2 7:00 AM 9:00 AM 10 8 PREMIER LEAGUE ENCORE LEICESTER/EVERTON NBC SPORTS NETWORK 1:30 AM 3:00 AM 10 7 MOTOGP MOTO 3 TERMAS DE RIO HONDO, ARGENTINA-RD2 BEIN SPORT ESPANOL 11:35 PM 12:30 AM 9 6 COLL FTBL SPRING GAME OLE MISS ESPNU 1:00 AM 3:00 AM 9 3 CENTRAL FOX US - R FOX DEPORTES 3:00 AM 4:00 AM 9 4 UEFA CL SEMANAL FOX DEPORTES 5:30 PM 6:00 PM 9 9 CENTRAL FOX WKND AM-R FOX DEPORTES 7:00 AM 8:00 AM 8 3 TOURNAMENT CHARLESTON WTA-E:WS1 KASD/SIEL THE TENNIS CHANNEL 3:00 AM 4:15 AM 8 2 TOURNAMENT DAVIS Q AUS/USA-E:MB4 KYRN/QUES THE TENNIS CHANNEL 2:07 AM 3:00 AM 8 4 DIVING FINA DIVING GRAND PRIX-CANADA DAY 2 BEIN SPORT 10:00 PM 12:00 AM 7 2 WTA TENNIS ABIERTO MONTERREY AFIRME-FINAL BEIN SPORT 8:00 PM 10:00 PM 7 3 BUNDESLIGA PREVIA FOX DEPORTES 11:00 AM 11:20 AM 7 2 NATIONAL RUGBY LG L STORM/SHARKS FOX SPORTS 2 2:00 AM 4:00 AM 7 3 TOURNAMENT DAVIS Q AUS/USA-E:MB4 KYRN/QUES THE TENNIS CHANNEL 6:04 AM 8:19 AM 7 1 LIGUE 1 - L PARIS SAINT GERMAIN VS. GUINGAMP BEIN SPORT 1:00 AM 3:00 AM 6 3 FOX GOL MEXICO FOX DEPORTES 2:00 AM 3:00 AM 6 4 STREET LEAGUE SKATEBOARD MUNICH FOX SPORTS 2 1:00 AM 2:30 AM 6 4 UFC ULTIMATE KNOCKOUTS RARE AND UNUSUAL KNOCKOUTS FOX SPORTS 2 1:30 PM 2:00 PM 6 2 EXPRESS WEEKEND-R EXPRESS XTRA WEEKEND-R BEIN SPORT ESPANOL 9:00 AM 10:00 AM 5 5 TOURNAMENT CHARLESTON WTA-E:WS2 OSTJ/LUCM THE TENNIS CHANNEL 4:15 AM 6:00 AM 5 0 LIGUE 1 - L PARIS SAINT GERMAIN VS. GUINGAMP BEIN SPORT ESPANOL 7:39 PM 9:35 PM 4 2 MOTOGP TERMAS DE RIO HONDO, ARGENTIN-RD2 BEIN SPORT ESPANOL 1:30 AM 2:30 AM 4 4 NASCAR FOXD-MONSTER CUP TEXAS MOTOR SPEEDWAY FOX DEPORTES 1:30 PM 5:30 PM 4 3 MOTOGP MOTO 2 TERMAS DE RIO HONDO,ARGENTINA-RD2 BEIN SPORT ESPANOL 12:30 AM 1:30 AM 3 2 BURTON EUROPEAN OPEN HIGH HALFPIPE FOX SPORTS 2 4:00 AM 4:30 AM 3 3 90IN30 LA LIGA REAL MADRID VS. ATLETICO MADRID BEIN SPORT ESPANOL 8:30 AM 9:00 AM 2 0 BURTON EUROPEAN OPEN HIGH SLOPESTYLE FOX SPORTS 2 4:30 AM 5:00 AM 2 1 BURTON US OPEN HIGHLIGHTS SLOPESTYLE FOX SPORTS 2 5:00 AM 5:30 AM 2 2 EXPRESS WEEKEND-R EXPRES XTRA WEEKEND-R BEIN SPORT 12:00 AM 1:00 AM 1 0 PAID PROGRAMMING PAID PROGRAMMING BEIN SPORT ESPANOL 6:00 AM 8:30 AM 1 0 PAID PROGRAMMING FOX DEPORTES 4:00 AM 6:00 AM 1 0 LA LIGA WORLD - LIGAWORLD BEIN SPORT 8:30 AM 8:55 AM 0 0 PAID PROGRAMMING BEIN SPORT 6:00 AM 6:30 AM 0 0 PAID PROGRAMMING BEIN SPORT 6:30 AM 7:00 AM 0 0 PAID PROGRAMMING BEIN SPORT 7:00 AM 7:30 AM 0 0 PAID PROGRAMMING BEIN SPORT 7:30 AM 8:00 AM 0 0 PAID PROGRAMMING BEIN SPORT 8:00 AM 8:30 AM 0 0 90IN30 SERIE A JUVENTUS VS. CHIEVO VERONA BEIN SPORT ESPANOL 2:30 AM 3:00 AM 0 0 PAID PROGRAMMING FOX DEPORTES 6:00 AM 7:00 AM 0 0 BURTON US OPEN HIGHLIGHTS HALFPIPE FOX SPORTS 2 5:30 AM 6:00 AM 0 0

Note: viewership of around 100,000 or lower is technically what Nielsen refers to as a “scratch” i.e., not enough Nielsen panelists watched for Nielsen to validate it.",college_and_non_nfl_football,rugby,,hard_negative,yes,high,nearby_confounder,,annotation_source=auto_supplement; sampled_from_bucket=local_hard_negative,auto_supplement
nfl_football,1e07b9e5bb8627c9,nfl_football,local_hard_negative,local_hard_negative,698047,"Goldschmid's criticisms seemed prescient, and this, combined with other pressures, led Pitt to announce his resignation from the SEC on election day (Nov. 4, 2002).",college_and_non_nfl_football,sec,,hard_negative,yes,high,nearby_confounder,,annotation_source=auto_supplement; sampled_from_bucket=local_hard_negative,auto_supplement
nfl_football,5ed2ed62e808baa7,nfl_football,local_hard_negative,local_hard_negative,490735,"SEC

South Carolina actually won, because they were playing Florida, and Florida is SEC Michigan, but at one point things looked grim and this child embodied the last three months of my life:

Speaking of Florida, teams are now getting their kicks on the lifeless body.",college_and_non_nfl_football,sec,,hard_negative,yes,high,nearby_confounder,,annotation_source=auto_supplement; sampled_from_bucket=local_hard_negative,auto_supplement
nfl_football,abd40736610b8d5b,nfl_football,local_hard_negative,local_hard_negative,70066,"He is strong in defence, too, and Jones is well aware of his attributes from Te’o’s time playing rugby league in the NRL in Australia.",college_and_non_nfl_football,rugby,,hard_negative,yes,high,nearby_confounder,,annotation_source=auto_supplement; sampled_from_bucket=local_hard_negative,auto_supplement
nfl_football,0e6de57dbbec1af0,nfl_football,local_hard_negative,local_hard_negative,89654,The question is whether the demand for 24-hour coverage of the ACC is there the way it is for the SEC.,college_and_non_nfl_football,sec,,hard_negative,yes,high,nearby_confounder,,annotation_source=auto_supplement; sampled_from_bucket=local_hard_negative,auto_supplement
nfl_football,e30f4dd6bad2bd44,nfl_football,local_hard_negative,local_hard_negative,176585,"I’m just trying to make plays and keep doing everything I can to make this the best team possible.”

At 6-6 and 294 pounds, Ceresna was a beast in college football for State University of New York at Cortland.",college_and_non_nfl_football,college football,,hard_negative,yes,high,nearby_confounder,,annotation_source=auto_supplement; sampled_from_bucket=local_hard_negative,auto_supplement
nfl_football,26a227f247b68863,nfl_football,local_hard_negative,local_hard_negative,311016,"He averaged 11.8 points per game and was named to all-tournament teams at the Old Spice Classic and the SEC Tournament as he helped the Razorbacks to their third consecutive winning season and their second straight NCAA Tournament appearance, losing to the USC Trojans in the first round.",college_and_non_nfl_football,sec,,hard_negative,yes,high,nearby_confounder,,annotation_source=auto_supplement; sampled_from_bucket=local_hard_negative,auto_supplement
nfl_football,9fdb47564e1a918d,nfl_football,local_hard_negative,local_hard_negative,37351,"On Friday night, after playing his 50th Test for Australia, Cameron Smith said that wearing the green and gold was the pinnacle for him as a rugby league player.",college_and_non_nfl_football,rugby,,hard_negative,yes,high,nearby_confounder,,annotation_source=auto_supplement; sampled_from_bucket=local_hard_negative,auto_supplement
nfl_football,34dd8f76eae58716,nfl_football,local_hard_negative,local_hard_negative,242113,"NCAA Qualifiers:

Florida notched 25 NCAA automatic qualifying marks at the SEC Championships, including:",college_and_non_nfl_football,sec,,hard_negative,yes,high,nearby_confounder,,annotation_source=auto_supplement; sampled_from_bucket=local_hard_negative,auto_supplement
nfl_football,005b1b85a6517ed5,nfl_football,local_hard_negative,local_hard_negative,290784,"With only one season of major college football experience, Patterson has limited exposure to some of the concepts (sight adjustments, hot reads and route conversions) featured in most NFL playbooks, which could impact his transition to the pro game.",college_and_non_nfl_football,college football,,hard_negative,yes,high,nearby_confounder,,annotation_source=auto_supplement; sampled_from_bucket=local_hard_negative,auto_supplement
nfl_football,a0b1a38a5c138a00,nfl_football,local_hard_negative,local_hard_negative,173323,That’s why the SEC itself urges people to consult with a legal expert.,college_and_non_nfl_football,sec,,hard_negative,yes,high,nearby_confounder,,annotation_source=auto_supplement; sampled_from_bucket=local_hard_negative,auto_supplement
nfl_football,7d4ccd246cd48216,nfl_football,local_hard_negative,local_hard_negative,693764,"Now you--"" Tech Support: ""Whoa, slow down a sec...I want you to turn them to the off position, please.""",college_and_non_nfl_football,sec,,hard_negative,yes,high,nearby_confounder,,annotation_source=auto_supplement; sampled_from_bucket=local_hard_negative,auto_supplement
nfl_football,3a9a9ec13f103981,nfl_football,local_hard_negative,local_hard_negative,698017,"[2] From 2011-2017, James R. Doty served as Chairman, a former SEC General Counsel and a former partner at the law firm of Baker Botts LLP.",college_and_non_nfl_football,sec,,hard_negative,yes,high,nearby_confounder,,annotation_source=auto_supplement; sampled_from_bucket=local_hard_negative,auto_supplement
nfl_football,3ec94b3b9f6147a2,nfl_football,local_hard_negative,local_hard_negative,430039,"This version does an aligned move of 48 elements into shared memory before extracting 18 of them to do the filter operation, executing in 4.8ms (221Mpixel/sec) instead of 22.4ms.",college_and_non_nfl_football,sec,,hard_negative,yes,high,nearby_confounder,,annotation_source=auto_supplement; sampled_from_bucket=local_hard_negative,auto_supplement
nfl_football,79d55b4a19595f28,nfl_football,local_hard_negative,local_hard_negative,763445,b) Financially regulated countries: Many eyes are on the US SEC for their attempts to signal regulatory intent in cryptocurrency.,college_and_non_nfl_football,sec,,hard_negative,yes,high,nearby_confounder,,annotation_source=auto_supplement; sampled_from_bucket=local_hard_negative,auto_supplement
nfl_football,dd1b50b759acff33,nfl_football,local_hard_negative,local_hard_negative,736714,He is pretty impressed to find out he's probably the world's tallest rugby player.,college_and_non_nfl_football,rugby,,hard_negative,yes,high,nearby_confounder,,annotation_source=auto_supplement; sampled_from_bucket=local_hard_negative,auto_supplement
nfl_football,52afc9e1b7b5547b,nfl_football,local_hard_negative,local_hard_negative,326515,"Carter, who retired from international rugby after the Rugby World Cup, is due to make his debut for Racing 92 this weekend in Paris against Northampton in the European Rugby Champions Club.",college_and_non_nfl_football,rugby,,hard_negative,yes,high,nearby_confounder,,annotation_source=auto_supplement; sampled_from_bucket=local_hard_negative,auto_supplement
nfl_football,9ff8e68816559df4,nfl_football,local_hard_negative,local_hard_negative,95522,What can we learn from the 12 teams who ascended to the College Football Playoff in its first three seasons?,college_and_non_nfl_football,college football,,hard_negative,yes,high,nearby_confounder,,annotation_source=auto_supplement; sampled_from_bucket=local_hard_negative,auto_supplement
nfl_football,874ebc65be29bd7c,nfl_football,local_hard_negative,local_hard_negative,569085,"With James Blackmon Jr., Thomas Bryant, Robert Johnson, and OG Anunoby leading the way, this season’s Hoosiers already have two top-five wins and are heavy favorites to win yet another Big Ten title.",college_and_non_nfl_football,big ten,,hard_negative,yes,high,nearby_confounder,,annotation_source=auto_supplement; sampled_from_bucket=local_hard_negative,auto_supplement
nfl_football,dfe37f7bb03d61c5,nfl_football,local_hard_negative,local_hard_negative,379204,"Harvard took a liking to McGill's rugby-style rules, and subsequently played several other U.S. colleges over the next several years.",college_and_non_nfl_football,rugby,,hard_negative,yes,high,nearby_confounder,,annotation_source=auto_supplement; sampled_from_bucket=local_hard_negative,auto_supplement
nfl_football,4eb707dcf248ce57,nfl_football,local_hard_negative,local_hard_negative,470880,"Le nom parsec est la contraction de « par allaxe- sec onde », une expression se rapportant à sa définition historique, désormais obsolète (cf.",college_and_non_nfl_football,sec,,hard_negative,yes,high,nearby_confounder,,annotation_source=auto_supplement; sampled_from_bucket=local_hard_negative,auto_supplement
nfl_football,6650d2f9efa5aad9,nfl_football,local_hard_negative,local_hard_negative,119974,The Illini averaged just 15.4 points per game this season and had the Big Ten’s worst rushing offense.,college_and_non_nfl_football,big ten,,hard_negative,yes,high,nearby_confounder,,annotation_source=auto_supplement; sampled_from_bucket=local_hard_negative,auto_supplement
nfl_football,dbd45dbc3a32fc3d,nfl_football,local_hard_negative,local_hard_negative,379031,"Here he was, a 6-2, 221-pound SEC product, oozing with size and speed and big-play ability.",college_and_non_nfl_football,sec,,hard_negative,yes,high,nearby_confounder,,annotation_source=auto_supplement; sampled_from_bucket=local_hard_negative,auto_supplement
nfl_football,0975158b6f7d1ae1,nfl_football,local_hard_negative,local_hard_negative,290770,"Patterson scored 10 touchdowns (five receiving, three rushing, one kick return and one punt return), while also setting an SEC single-season record with a combined kickoff and punt return average of 27.6 yards.",college_and_non_nfl_football,sec,,hard_negative,yes,high,nearby_confounder,,annotation_source=auto_supplement; sampled_from_bucket=local_hard_negative,auto_supplement
nfl_football,b007aec520821541,nfl_football,local_hard_negative,local_hard_negative,711143,"Tsarni’s bio, in an official SEC filing, stated he worked for the US Agency for International Development, USAID, during the early 1990’s.",college_and_non_nfl_football,sec,,hard_negative,yes,high,nearby_confounder,,annotation_source=auto_supplement; sampled_from_bucket=local_hard_negative,auto_supplement
nfl_football,82527277dd0f7946,nfl_football,local_hard_negative,local_hard_negative,675122,"In its SEC filing, Iridium said it has begun negotiations with its creditors on a covenant waiver allowing them to proceed with the first launch even as the company seeks to complete the coverage for the full constellation.",college_and_non_nfl_football,sec,,hard_negative,yes,high,nearby_confounder,,annotation_source=auto_supplement; sampled_from_bucket=local_hard_negative,auto_supplement
nfl_football,073112e05bf4850a,nfl_football,local_hard_negative,local_hard_negative,22815,"Days after L'Equipe broke the news that Dan Carter, Juan Imhoff and Joe Rockocoko had tested positive for cortisone after the Top 14 final, the issue of doping in rugby has found itself back upon the wider sporting consciousness.",college_and_non_nfl_football,rugby,,hard_negative,yes,high,nearby_confounder,,annotation_source=auto_supplement; sampled_from_bucket=local_hard_negative,auto_supplement
nfl_football,6abfcc98da1c7ef2,nfl_football,local_hard_negative,local_hard_negative,479825,"Average attendance at rugby league games was 11,000.",college_and_non_nfl_football,rugby,,hard_negative,yes,high,nearby_confounder,,annotation_source=auto_supplement; sampled_from_bucket=local_hard_negative,auto_supplement
nfl_football,c0c70d450a38614a,nfl_football,local_hard_negative,local_hard_negative,242076,"In the women’s event, junior Jessica Thielmann avenged her runner-up finish in the 500-yard freestyle a few day ago by winning her first-career SEC crown tonight.",college_and_non_nfl_football,sec,,hard_negative,yes,high,nearby_confounder,,annotation_source=auto_supplement; sampled_from_bucket=local_hard_negative,auto_supplement
nfl_football,2d36d363e683e15e,nfl_football,local_hard_negative,local_hard_negative,369388,"Sat., March 4 Missouri at Auburn SEC Network 3:30 p.m.",college_and_non_nfl_football,sec,,hard_negative,yes,high,nearby_confounder,,annotation_source=auto_supplement; sampled_from_bucket=local_hard_negative,auto_supplement
nfl_football,4e2c6e6beb769682,nfl_football,local_hard_negative,local_hard_negative,242111,"Vanderbilt 171

SEC Champions:

Men’s 800 FR (Wallace, Werner, Alexiou, D’Arrigo – 6:12.85) – SEC & UF record

Mitch D’Arrigo (500 Free – 4:10.77) – 2nd in UF history

Theresa Michalak (200 IM – 1:56.09) – 3rd in UF history

Caeleb Dressel (100 Fly – 45.28) – 2nd in UF history

Amelia Maughan (200 Free – 1:44.68) – 7th in UF history

Jessica Thielmann (1,650 Free – 15:47.95) – 2nd in UF history

Natalie Hinds (100 Free – 47.26) – 1st in UF history

Day 5 – B & C Final Top-3 Finishers:

Sophia Batchelor won the women’s 200-yard backstroke C Final with a mark of 1:55.49.",college_and_non_nfl_football,sec,,hard_negative,yes,high,nearby_confounder,,annotation_source=auto_supplement; sampled_from_bucket=local_hard_negative,auto_supplement
nfl_football,0d26495f91881174,nfl_football,local_hard_negative,local_hard_negative,567498,"With an adjusted completion percentage of 77.2 that ranked fourth among Power-5 quarterbacks combined with an opportunistic running style, Mayfield’s efficiency will keep him in the Heisman mix, especially if he can spearhead another run at the College Football Playoff.",college_and_non_nfl_football,college football,,hard_negative,yes,high,nearby_confounder,,annotation_source=auto_supplement; sampled_from_bucket=local_hard_negative,auto_supplement
nfl_football,7872a11d4b26bdc2,nfl_football,local_hard_negative,local_hard_negative,369376,"Sat., Feb. 18 Ole Miss at Arkansas SEC Network 6:00 p.m.",college_and_non_nfl_football,sec,,hard_negative,yes,high,nearby_confounder,,annotation_source=auto_supplement; sampled_from_bucket=local_hard_negative,auto_supplement
nfl_football,86d1f3d2afbe7139,nfl_football,local_hard_negative,local_hard_negative,450883,The Welshman won the gong at the star-studded World Rugby Awards ceremony at Battersea Evolution in London on Sunday.,college_and_non_nfl_football,rugby,,hard_negative,yes,high,nearby_confounder,,annotation_source=auto_supplement; sampled_from_bucket=local_hard_negative,auto_supplement
nfl_football,f72ab37212c0ee9d,nfl_football,local_hard_negative,local_hard_negative,434705,"The U.S. Securities and Exchange Commission logo adorns an office door at the SEC headquarters in Washington, June 24, 2011.",college_and_non_nfl_football,sec,,hard_negative,yes,high,nearby_confounder,,annotation_source=auto_supplement; sampled_from_bucket=local_hard_negative,auto_supplement
nfl_football,12b4ff209356fa8e,nfl_football,local_hard_negative,local_hard_negative,749570,"Video taken from the field as Oregon celebrated its 59-20 win in the College Football Playoff semifinal showed at least three players chanting ""No means no!""",college_and_non_nfl_football,college football,,hard_negative,yes,high,nearby_confounder,,annotation_source=auto_supplement; sampled_from_bucket=local_hard_negative,auto_supplement
nfl_football,480898d984cd045a,nfl_football,local_hard_negative,local_hard_negative,401438,"Winston also wrote:

For NBA basketball, NCAA basketball and college football, respectively, Jeff Sagarin has found that the historical standard deviation of game results about a prediction from a rating system is given by 12, 10, and 16 points, respectively.",college_and_non_nfl_football,college football,,hard_negative,yes,high,nearby_confounder,,annotation_source=auto_supplement; sampled_from_bucket=local_hard_negative,auto_supplement
nfl_football,e3b020b43d51461b,nfl_football,local_hard_negative,local_hard_negative,667106,"SEC: Alabama

The Crimson Tide return this year stronger than ever.",college_and_non_nfl_football,sec,,hard_negative,yes,high,nearby_confounder,,annotation_source=auto_supplement; sampled_from_bucket=local_hard_negative,auto_supplement
nfl_football,07e9d870642ba413,nfl_football,local_hard_negative,local_hard_negative,242063,"Coaches Corner:

Head Coach Gregg Troy:

On the men winning the SEC Championship…

“It was a great week.",college_and_non_nfl_football,sec,,hard_negative,yes,high,nearby_confounder,,annotation_source=auto_supplement; sampled_from_bucket=local_hard_negative,auto_supplement
nfl_football,bc45cd48371b866a,nfl_football,local_hard_negative,local_hard_negative,369362,"Sat., Feb. 4 Auburn at Alabama SEC Network 8:30 p.m.",college_and_non_nfl_football,sec,,hard_negative,yes,high,nearby_confounder,,annotation_source=auto_supplement; sampled_from_bucket=local_hard_negative,auto_supplement
nfl_football,90db0eba8b085ddd,nfl_football,local_hard_negative,local_hard_negative,751026,"(Reuters Health) - High school and college football players suffer more concussions during practices than during games, according to a new study.",college_and_non_nfl_football,college football,,hard_negative,yes,high,nearby_confounder,,annotation_source=auto_supplement; sampled_from_bucket=local_hard_negative,auto_supplement
nfl_football,58ab2ca6b11b1532,nfl_football,local_hard_negative,local_hard_negative,592678,"The 1987 FSU team finished 11-1, which started 14 consecutive seasons with 10 or more victories, the longest such streak in college football history.",college_and_non_nfl_football,college football,,hard_negative,yes,high,nearby_confounder,,annotation_source=auto_supplement; sampled_from_bucket=local_hard_negative,auto_supplement
nfl_football,c7b11cb038252dfd,nfl_football,local_hard_negative,local_hard_negative,302434,"Because normal people can afford to live here; because the Rugby estate takes an intelligent view of long-term rents, and securing good tenancies, and nurturing a community rather than maximising immediate returns.",college_and_non_nfl_football,rugby,,hard_negative,yes,high,nearby_confounder,,annotation_source=auto_supplement; sampled_from_bucket=local_hard_negative,auto_supplement
nfl_football,44e5a67d62b75e8f,nfl_football,local_hard_negative,local_hard_negative,473473,"Getting good intel and deciphering messages while sifting through a torrent of rumors is critical as big-time college programs finalize their classes, especially now that the SEC prohibits schools from sending out unlimited scholarship papers.",college_and_non_nfl_football,sec,,hard_negative,yes,high,nearby_confounder,,annotation_source=auto_supplement; sampled_from_bucket=local_hard_negative,auto_supplement
nfl_football,e7fce8783b433daa,nfl_football,local_hard_negative,local_hard_negative,261020,"https://t.co/dDOAtA3uPo — USA TODAY Sports (@usatodaysports) September 10, 2017

Other Big Ten teams ranked this week in the Coaches Poll were Michigan (7), Ohio State (9) and Wisconsin (12).",college_and_non_nfl_football,big ten,,hard_negative,yes,high,nearby_confounder,,annotation_source=auto_supplement; sampled_from_bucket=local_hard_negative,auto_supplement
nfl_football,7aaf98d13a49d2b0,nfl_football,local_hard_negative,local_hard_negative,323032,"To put that in perspective, the combined undergraduate enrollment of all 12 schools in the Big Ten is roughly 370,000.",college_and_non_nfl_football,big ten,,hard_negative,yes,high,nearby_confounder,,annotation_source=auto_supplement; sampled_from_bucket=local_hard_negative,auto_supplement
nfl_football,85bef80365ef90b5,nfl_football,local_hard_negative,local_hard_negative,788586,"Patterson was okay, for a freshman (he didn’t commit a turnover) but much more inconsistent and erratic than the emerging star we saw at A&M; meanwhile, the defense was trashed by an extremely pedestrian Vandy attack for season highs in yards (481) and points against an SEC opponent.",college_and_non_nfl_football,sec,,hard_negative,yes,high,nearby_confounder,,annotation_source=auto_supplement; sampled_from_bucket=local_hard_negative,auto_supplement
nfl_football,21875c6fcc982c37,nfl_football,local_hard_negative,local_hard_negative,788488,"With one week to go in the regular season the SEC — the self-appointed center of the sport, around which so much of the national conversation has revolved over the past decade — is largely an afterthought.",college_and_non_nfl_football,sec,,hard_negative,yes,high,nearby_confounder,,annotation_source=auto_supplement; sampled_from_bucket=local_hard_negative,auto_supplement
nfl_football,c1f1c29e1ad5de01,nfl_football,local_hard_negative,local_hard_negative,774284,"""I have my favorite players from college football on tape, Heisman winners.",college_and_non_nfl_football,college football,,hard_negative,yes,high,nearby_confounder,,annotation_source=auto_supplement; sampled_from_bucket=local_hard_negative,auto_supplement
nfl_football,d7e881ca222ffcc0,nfl_football,local_hard_negative,local_hard_negative,557328,Top college QBs to watch in 2014 SEE PHOTOS Take a look ahead to the 2014 college football season with the best quarterbacks to follow this fall.,college_and_non_nfl_football,college football,,hard_negative,yes,high,nearby_confounder,,annotation_source=auto_supplement; sampled_from_bucket=local_hard_negative,auto_supplement
nfl_football,19cf49073e9513d7,nfl_football,local_hard_negative,local_hard_negative,47175,"Subscribe To The #1 Rated Alabama And Auburn Podcast

Auburn Gets 3 Injured Starters Back Just In Time For Georgia

Auburn has ran into that part of the season where playing in the SEC really takes a toll on players physically.",college_and_non_nfl_football,sec,,hard_negative,yes,high,nearby_confounder,,annotation_source=auto_supplement; sampled_from_bucket=local_hard_negative,auto_supplement
nfl_football,e807faaed048f19a,nfl_football,local_hard_negative,local_hard_negative,667113,"PAC-12: USC

USC, a college football playoff favorite, is the heavy favorite in the PAC-12.",college_and_non_nfl_football,college football,,hard_negative,yes,high,nearby_confounder,,annotation_source=auto_supplement; sampled_from_bucket=local_hard_negative,auto_supplement
nfl_football,d152f70806629dbd,nfl_football,local_hard_negative,local_hard_negative,641577,"""We're not sure if it will fuel a complete change from NZ's rugby psyche just yet but we know Kiwis will appreciate the skill and pace of the game,"" he said in a statement today.",college_and_non_nfl_football,rugby,,hard_negative,yes,high,nearby_confounder,,annotation_source=auto_supplement; sampled_from_bucket=local_hard_negative,auto_supplement
nfl_football,d32ab8450484ea80,nfl_football,local_hard_negative,local_hard_negative,788492,"In the SEC, the stakes on Thanksgiving weekend amount to in-state bragging rights and not much else.",college_and_non_nfl_football,sec,,hard_negative,yes,high,nearby_confounder,,annotation_source=auto_supplement; sampled_from_bucket=local_hard_negative,auto_supplement
nfl_football,38a2e9f24814f52b,nfl_football,local_hard_negative,local_hard_negative,479830,"And as the city grew into the sprawling, gleaming behemoth it is now, when the demographics changed, rugby league didn’t change to meet them.",college_and_non_nfl_football,rugby,,hard_negative,yes,high,nearby_confounder,,annotation_source=auto_supplement; sampled_from_bucket=local_hard_negative,auto_supplement
nfl_football,615e4bf3f921f16c,nfl_football,local_hard_negative,local_hard_negative,379202,"Meanwhile, McGill University in Montreal used rules based on rugby union .",college_and_non_nfl_football,rugby,,hard_negative,yes,high,nearby_confounder,,annotation_source=auto_supplement; sampled_from_bucket=local_hard_negative,auto_supplement
nfl_football,4224031201074841,nfl_football,local_hard_negative,local_hard_negative,177281,"“I called (national coach Dan Valley) and said, ‘I think you’re missing a premier rugby athlete from our area,’ and I wanted to know what we could do to get her into the trials to give her a shot,” Greenwood said.",college_and_non_nfl_football,rugby,,hard_negative,yes,high,nearby_confounder,,annotation_source=auto_supplement; sampled_from_bucket=local_hard_negative,auto_supplement
nfl_football,f74bf72e15310fa7,nfl_football,local_hard_negative,local_hard_negative,432816,"***

PORT TURNING HEADS

Melbourne introduced exciting Queensland Cup back Linc Port to the NRL world at the Auckland Nines but he could soon be lost to rugby.",college_and_non_nfl_football,rugby,,hard_negative,yes,high,nearby_confounder,,annotation_source=auto_supplement; sampled_from_bucket=local_hard_negative,auto_supplement
nfl_football,a6557d782177a769,nfl_football,local_hard_negative,local_hard_negative,764893,"The Hogs lost nine straight games to close the season, and they finished 0-8 in the SEC for the first time in program history.",college_and_non_nfl_football,sec,,hard_negative,yes,high,nearby_confounder,,annotation_source=auto_supplement; sampled_from_bucket=local_hard_negative,auto_supplement
nfl_football,3b304e18ad4ff778,nfl_football,local_hard_negative,local_hard_negative,242089,"Final 2015 SEC Championships Standings

MEN WOMEN Rank Team Score Rank Team Score 1.",college_and_non_nfl_football,sec,,hard_negative,yes,high,nearby_confounder,,annotation_source=auto_supplement; sampled_from_bucket=local_hard_negative,auto_supplement
nfl_football,5bed61c393ad10bd,nfl_football,local_hard_negative,local_hard_negative,575010,"In a poorly-worded release on government-headed paper dated December 1, a copy of which has been obtained by The Rugby Paper, Malielegaoi said of the Samoan players: “The problem is, they talk to players in Tier One countries and think they should be paid the same allowances.",college_and_non_nfl_football,rugby,,hard_negative,yes,high,nearby_confounder,,annotation_source=auto_supplement; sampled_from_bucket=local_hard_negative,auto_supplement
nfl_football,826883a593c4ac6c,nfl_football,local_hard_negative,local_hard_negative,323033,"So, for a time, Apollo's schools were larger than the entire Big Ten Conference.",college_and_non_nfl_football,big ten,,hard_negative,yes,high,nearby_confounder,,annotation_source=auto_supplement; sampled_from_bucket=local_hard_negative,auto_supplement
nfl_football,c9cdc9f5df06ee78,nfl_football,local_hard_negative,local_hard_negative,580852,Who asks Shepard to place a bug in the control center of C-Sec?,college_and_non_nfl_football,sec,,hard_negative,yes,high,nearby_confounder,,annotation_source=auto_supplement; sampled_from_bucket=local_hard_negative,auto_supplement
nfl_football,30f826be1c6fcc6e,nfl_football,local_hard_negative,local_hard_negative,55291,"Head coach Will Muschamp of the Florida Gators (3-2, 2-2 SEC) met with the media on Monday as his team continues to recover from its latest loss while preparing for the Missouri Tigers (4-2, 1-1 SEC) on Saturday evening.",college_and_non_nfl_football,sec,,hard_negative,yes,high,nearby_confounder,,annotation_source=auto_supplement; sampled_from_bucket=local_hard_negative,auto_supplement
nfl_football,d965083a2e23b17b,nfl_football,local_hard_negative,local_hard_negative,543174,"Despite never being one to watch much sport, World Cup played rugby at school, and a bit of league - which was more to his liking.",college_and_non_nfl_football,rugby,,hard_negative,yes,high,nearby_confounder,,annotation_source=auto_supplement; sampled_from_bucket=local_hard_negative,auto_supplement
nfl_football,b922b96dc7d014ac,nfl_football,local_hard_negative,local_hard_negative,788021,"Australian rules or rugby league both trade on nostalgia – think ‘kick-to-kick’ and the Fitzroy Lions in the AFL, or ‘Bring Back the Biff’ and Newtown Jets in the NRL.",college_and_non_nfl_football,rugby,,hard_negative,yes,high,nearby_confounder,,annotation_source=auto_supplement; sampled_from_bucket=local_hard_negative,auto_supplement
nfl_football,f1bf554bc7120425,nfl_football,local_hard_negative,local_hard_negative,401360,"Harvey Pitt, former chairman of the Securities and Exchange Commission, told me the SEC’s extraction of this acknowledgement from Goldman was itself “highly unusual.” He called the settlement ""a major victory for the SEC.”

Here’s the statement from Goldman:

In particular, it was a mistake for the Goldman marketing materials to state that the reference portfolio was ‘selected by’ ACA Management LLC without disclosing the role of Paulson & Co. Inc. in the portfolio selection process and that Paulson’s economic interests were adverse to CDO investors.",college_and_non_nfl_football,sec,,hard_negative,yes,high,nearby_confounder,,annotation_source=auto_supplement; sampled_from_bucket=local_hard_negative,auto_supplement
nfl_football,5b2bfebad0e50830,nfl_football,local_hard_negative,local_hard_negative,639665,"Jack Minds, head coach, ended with a season record of 4-5 (1-2 Big Ten).",college_and_non_nfl_football,big ten,,hard_negative,yes,high,nearby_confounder,,annotation_source=auto_supplement; sampled_from_bucket=local_hard_negative,auto_supplement
nfl_football,40e3533e6e22ddf4,nfl_football,local_hard_negative,local_hard_negative,622302,"And, in case we're still neglecting the lessons of the UGA-Carolina series, let's remember this is actually a good omen for the Dawgs' SEC Championship chances: the loser of the Dawgs-Cocks game has finished ahead of the winner in the standings three years running.",college_and_non_nfl_football,sec,,hard_negative,yes,high,nearby_confounder,,annotation_source=auto_supplement; sampled_from_bucket=local_hard_negative,auto_supplement
nfl_football,2beae26f7803bf8d,nfl_football,local_hard_negative,local_hard_negative,237991,"The hacks that hit Yahoo in 2014 cost CEO Marissa Mayer a lot of cash, and General Counsel Ronald Bell his job, the company said today in its annual report to the SEC.",college_and_non_nfl_football,sec,,hard_negative,yes,high,nearby_confounder,,annotation_source=auto_supplement; sampled_from_bucket=local_hard_negative,auto_supplement
nfl_football,dc54dd2c625ac0ab,nfl_football,local_hard_negative,local_hard_negative,416306,"The eight teams in contention are those playing in the championship games of the Big Ten (Wisconsin and Ohio State), SEC (Georgia and Auburn), and ACC (Clemson and Miami), plus Oklahoma (playing TCU in the bizarre “championship game” of the division-less Big 12) and Alabama (which won’t play again until the playoff field is announced).",college_and_non_nfl_football,big ten;sec,,hard_negative,yes,high,nearby_confounder,,annotation_source=auto_supplement; sampled_from_bucket=local_hard_negative,auto_supplement
nfl_football,abf4337534daf919,nfl_football,local_hard_negative,local_hard_negative,224365,"RUGBY league journalist Paul Kent has slammed Jarryd Hayne’s return to Parramatta from the Gold Coast, blasting the NRL to allow a deal that “stinks” to go through.",college_and_non_nfl_football,rugby,,hard_negative,yes,high,nearby_confounder,,annotation_source=auto_supplement; sampled_from_bucket=local_hard_negative,auto_supplement
nfl_football,91cbb97749eb113b,nfl_football,local_hard_negative,local_hard_negative,532195,"(Jordan McPherson, SEC Country)

Assessing what’s left of the Gators’ roster: There are just 56 scholarship players available for Florida this weekend.",college_and_non_nfl_football,sec,,hard_negative,yes,high,nearby_confounder,,annotation_source=auto_supplement; sampled_from_bucket=local_hard_negative,auto_supplement
nfl_football,45c9924086b41e67,nfl_football,local_hard_negative,local_hard_negative,110842,"And there are others, I'm sure; young coordinators or head coaches at mid-major programs that deserve a chance to prove what they can do at an SEC program.",college_and_non_nfl_football,sec,,hard_negative,yes,high,nearby_confounder,,annotation_source=auto_supplement; sampled_from_bucket=local_hard_negative,auto_supplement
nfl_football,fd222a75f354fc69,nfl_football,local_hard_negative,local_hard_negative,450885,The 44-year-old is a veteran of three Rugby World Cups and 68 test matches and is the most experienced member of the current referee panel.,college_and_non_nfl_football,rugby,,hard_negative,yes,high,nearby_confounder,,annotation_source=auto_supplement; sampled_from_bucket=local_hard_negative,auto_supplement
nfl_football,5590246ba1b40d9f,nfl_football,local_hard_negative,local_hard_negative,676750,"Considering that EEG word elicited potentials are comparatively long (hundreds of milliseconds), indicates that remote radar brain wave capture is adequate to word recognition, with ultrashort pulses allowing some 109 or more radar reflections in a millisecond (10-3 sec.)",college_and_non_nfl_football,sec,,hard_negative,yes,high,nearby_confounder,,annotation_source=auto_supplement; sampled_from_bucket=local_hard_negative,auto_supplement
nfl_football,74638095796c9abe,nfl_football,local_hard_negative,local_hard_negative,617780,"He is now enrolled in CU's graduate program for IPHY with plans to go to medical school after the conclusion of his football career.Voters for the award include selected members of the national media, previous finalists, the Board of Directors of the Pacific Club IMPACT Foundation and a distinguished group of former college football head coaches.",college_and_non_nfl_football,college football,,hard_negative,yes,high,nearby_confounder,,annotation_source=auto_supplement; sampled_from_bucket=local_hard_negative,auto_supplement
nfl_football,064086d8d1574031,nfl_football,local_hard_negative,local_hard_negative,691549,"While the Japanese public has not taken cricket to their hearts as they have other “foreign” sports – baseball, football and rugby – the idea that Japan could one day compete in a major international tournament no longer sounds as preposterous as it would have done just a few years ago.",college_and_non_nfl_football,rugby,,hard_negative,yes,high,nearby_confounder,,annotation_source=auto_supplement; sampled_from_bucket=local_hard_negative,auto_supplement
nfl_football,019321938676a8a4,nfl_football,local_hard_negative,local_hard_negative,622305,"The Pac-12 South: ¯\_(ツ)_/¯

Matthew Emmons, USA Today

UCLA, a preseason College Football Playoff pick by many, is somehow both 3-0 and looking shakier by the week, in different ways each time.",college_and_non_nfl_football,college football,,hard_negative,yes,high,nearby_confounder,,annotation_source=auto_supplement; sampled_from_bucket=local_hard_negative,auto_supplement
nfl_football,017fdc7e15c139af,nfl_football,local_hard_negative,local_hard_negative,405093,"LSU (3-2, 0-1 SEC) heads to play No.",college_and_non_nfl_football,sec,,hard_negative,yes,high,nearby_confounder,,annotation_source=auto_supplement; sampled_from_bucket=local_hard_negative,auto_supplement
nfl_football,bd0663e0763e1de6,nfl_football,local_hard_negative,local_hard_negative,146289,"Extra points: Illinois is 1-3, 0-1 in the Big Ten, but Smith said he's hopeful the Illini's improved play in their loss to Nebraska can carry over to Saturday's home game against Purdue (2-2, 0-1).",college_and_non_nfl_football,big ten,,hard_negative,yes,high,nearby_confounder,,annotation_source=auto_supplement; sampled_from_bucket=local_hard_negative,auto_supplement
nfl_football,5d2ce207f2328dd9,nfl_football,local_hard_negative,local_hard_negative,629156,"Just as Barack Obama won the 2008 primary in large part because of smart, careful planning of how to win delegates, Cruz’s campaign has put together a plan that includes a strong showing the March 1 “SEC primary” and picking off delegates in little-noticed territories like Guam and American Samoa.",college_and_non_nfl_football,sec,,hard_negative,yes,high,nearby_confounder,,annotation_source=auto_supplement; sampled_from_bucket=local_hard_negative,auto_supplement
nfl_football,033ae968fa739007,nfl_football,local_hard_negative,local_hard_negative,617770,"Founded in 2004 by The Pacific Club IMPACT Foundation, The Lott Trophy is the first and only college football award to equally recognize athletic performance and the personal character attributes of the player.",college_and_non_nfl_football,college football,,hard_negative,yes,high,nearby_confounder,,annotation_source=auto_supplement; sampled_from_bucket=local_hard_negative,auto_supplement
nfl_football,aab6261896939fac,nfl_football,local_hard_negative,local_hard_negative,764938,"Year 1 didn't go according to Bielema's plan, but now he knows what to expect in the SEC and is working to implement changes that could get the Hogs program back on the right track.",college_and_non_nfl_football,sec,,hard_negative,yes,high,nearby_confounder,,annotation_source=auto_supplement; sampled_from_bucket=local_hard_negative,auto_supplement
nfl_football,36718b27f452c073,nfl_football,local_hard_negative,local_hard_negative,46612,"The announcement was not made official, but it was discovered in a 10-K annual filing with the SEC.",college_and_non_nfl_football,sec,,hard_negative,yes,high,nearby_confounder,,annotation_source=auto_supplement; sampled_from_bucket=local_hard_negative,auto_supplement
nfl_football,c90303afb156d959,nfl_football,local_hard_negative,local_hard_negative,704397,"For decades, the standard practice has been for Canadian TV rights-holders to sub in their own domestic commercials for any popular out-of-country sports event, such as The Masters or U.S. college football games.",college_and_non_nfl_football,college football,,hard_negative,yes,high,nearby_confounder,,annotation_source=auto_supplement; sampled_from_bucket=local_hard_negative,auto_supplement
nfl_football,58f074f53f36c9c7,nfl_football,local_hard_negative,local_hard_negative,797070,Find all college football stubs and label them.,college_and_non_nfl_football,college football,,hard_negative,yes,high,nearby_confounder,,annotation_source=auto_supplement; sampled_from_bucket=local_hard_negative,auto_supplement
nfl_football,2ae8996679007949,nfl_football,local_hard_negative,local_hard_negative,797051,This page and its subpages contain a forum for coordinating editors' efforts and building and maintaining quality and coherent style across all college football articles.,college_and_non_nfl_football,college football,,hard_negative,yes,high,nearby_confounder,,annotation_source=auto_supplement; sampled_from_bucket=local_hard_negative,auto_supplement
nfl_football,682ae70249a708ff,nfl_football,local_hard_negative,local_hard_negative,575011,Samoa is a Tier Two Rugby Nation…Tier One nations generate a lot more money than we do.,college_and_non_nfl_football,rugby,,hard_negative,yes,high,nearby_confounder,,annotation_source=auto_supplement; sampled_from_bucket=local_hard_negative,auto_supplement
nfl_football,2e7747607f10b556,nfl_football,local_hard_negative,local_hard_negative,401344,"The SEC is touting the sum as the “largest-ever penalty paid by a Wall Street firm,” but how much does the settlement actually hurt Goldman?",college_and_non_nfl_football,sec,,hard_negative,yes,high,nearby_confounder,,annotation_source=auto_supplement; sampled_from_bucket=local_hard_negative,auto_supplement
nfl_football,1a15b377b706a185,nfl_football,local_hard_negative,local_hard_negative,776760,Mike & Mike are critical of Alabama coach Nick Saban's comments blasting QB Blake Barnett for transferring from the program when he left the Dolphins' organization to return to college football two years into his contract.,college_and_non_nfl_football,college football,,hard_negative,yes,high,nearby_confounder,,annotation_source=auto_supplement; sampled_from_bucket=local_hard_negative,auto_supplement
nfl_football,77fce48b091d41b2,nfl_football,local_hard_negative,local_hard_negative,494633,"Get the biggest rugby stories by email Subscribe Thank you for subscribing We have more newsletters Show me See our privacy notice Could not subscribe, try again later Invalid Email

Pontypridd overcame the elements and a determined Merthyr side to advance to the semi-finals of the Swalec Cup, running out 6-5 winners at Sardis Road.",college_and_non_nfl_football,rugby,,hard_negative,yes,high,nearby_confounder,,annotation_source=auto_supplement; sampled_from_bucket=local_hard_negative,auto_supplement
nfl_football,501a4acdd623edef,nfl_football,local_hard_negative,local_hard_negative,192731,"ADVERTISEMENT

“The body has indications that it belongs to Sec.",college_and_non_nfl_football,sec,,hard_negative,yes,high,nearby_confounder,,annotation_source=auto_supplement; sampled_from_bucket=local_hard_negative,auto_supplement
nfl_football,342e466f58465cc7,nfl_football,local_hard_negative,local_hard_negative,173313,"Apparently, the process for getting SEC guidance on what constitutes insider trading.",college_and_non_nfl_football,sec,,hard_negative,yes,high,nearby_confounder,,annotation_source=auto_supplement; sampled_from_bucket=local_hard_negative,auto_supplement
nfl_football,b71e00c72b64fad8,nfl_football,local_hard_negative,local_hard_negative,369481,"RLIF Rugby League World Cup 2021 Qualification

In respect of the qualification process for the RLIF Rugby League World Cup 2021 it was agreed that this would be a 16 -team tournament.",college_and_non_nfl_football,rugby,,hard_negative,yes,high,nearby_confounder,,annotation_source=auto_supplement; sampled_from_bucket=local_hard_negative,auto_supplement
nfl_football,ccdc88112aea98cb,nfl_football,local_hard_negative,local_hard_negative,724716,"But if Oregon has taught us anything as the trendsetters of college football it’s that if your program is going to implode, you might as well do it in style.",college_and_non_nfl_football,college football,,hard_negative,yes,high,nearby_confounder,,annotation_source=auto_supplement; sampled_from_bucket=local_hard_negative,auto_supplement
nfl_football,c19660978d4085b7,nfl_football,local_hard_negative,local_hard_negative,22825,"And following the Racing revelations, Kimmage wrote in the Sunday Independent of the nature of cheating in rugby, and what exactly constituted a performance-enhancing drug in the game.",college_and_non_nfl_football,rugby,,hard_negative,yes,high,nearby_confounder,,annotation_source=auto_supplement; sampled_from_bucket=local_hard_negative,auto_supplement
nfl_football,52e8c68500d9b190,nfl_football,local_hard_negative,local_hard_negative,797060,This project is limited to college football in the United States under the umbrella of the NCAA and the NAIA.,college_and_non_nfl_football,college football,,hard_negative,yes,high,nearby_confounder,,annotation_source=auto_supplement; sampled_from_bucket=local_hard_negative,auto_supplement
nfl_football,d08dadbb93756448,gaming_general,positive,medium_negative,307419,"A Mess of Multiplayer

Multiplayer is where Star Wars Battlefront 2 wants you to spend most of your time, and Multiplayer is where you will encounter most of this game's dizzying smorgasbord of systems and concepts.",esports_and_live_service,multiplayer,gaming_general,medium_negative,yes,high,topical_but_not_primary,,annotation_source=auto_supplement; sampled_from_bucket=medium_negative,auto_supplement
nfl_football,5fed186eceb3abcc,gaming_general,positive,medium_negative,222562,"I guess that is what happens when you make stupid decisions, maybe SEGA should have funded Bayonetta 2 as a SEGA published title on PlayStation 4, Xbox One, PC and Wii u.",platform_anchor,playstation;xbox,gaming_general,medium_negative,yes,high,topical_but_not_primary,,annotation_source=auto_supplement; sampled_from_bucket=medium_negative,auto_supplement
nfl_football,73697b913c7de2cc,gaming_general,positive,medium_negative,333191,This multiplayer hacking game is little more than a terminal window and a four-hour tutorial that tells you the basics of what you're doing.,esports_and_live_service,multiplayer,gaming_general,medium_negative,yes,high,topical_but_not_primary,,annotation_source=auto_supplement; sampled_from_bucket=medium_negative,auto_supplement
nfl_football,cb41ed194ca31cef,gaming_general,positive,medium_negative,212231,"As an amateur game developer this is one of the scariest aspects of working on this game, and its the main reason right now that I’m not actively pursuing help on this project.",platform_anchor,game developer,gaming_general,medium_negative,yes,high,topical_but_not_primary,,annotation_source=auto_supplement; sampled_from_bucket=medium_negative,auto_supplement
nfl_football,02841ab1ac40e6df,combat_sports,positive,medium_negative,49540,"The UFC has a multi-year broadcast agreement with FOX in the U.S., which annually includes four live events broadcast on the FOX network, as well as The Ultimate Fighter® reality television show and thousands of hours of programming on FOX Sports 1 and FOX Sports 2.",promotion_anchor,ufc,combat_sports,medium_negative,yes,high,topical_but_not_primary,,annotation_source=auto_supplement; sampled_from_bucket=medium_negative,auto_supplement
nfl_football,9e572233ac12fe0f,combat_sports,positive,medium_negative,349948,"Diaz, a popular fighter whose relationship with the UFC has appeared strained at times, has fought 21 times for the promotion since debuting in 2007, winning 13 of those bouts.",promotion_anchor,ufc,combat_sports,medium_negative,yes,high,topical_but_not_primary,,annotation_source=auto_supplement; sampled_from_bucket=medium_negative,auto_supplement
nfl_football,f3ed6d864e25f484,gaming_general,positive,medium_negative,229787,"Ideally, I would like to get to the point I can support those 2 show matches per month with a regular eSports income (subs / donations / ad revenue).",esports_and_live_service,esports,gaming_general,medium_negative,yes,high,topical_but_not_primary,,annotation_source=auto_supplement; sampled_from_bucket=medium_negative,auto_supplement
nfl_football,14c255370e114a79,combat_sports,positive,medium_negative,433911,"For example, the fighter earnings for events outside of the U.S, such as UFC99 in Germany and UFC 106 in the UK, or in certain states, like UFC 101 in Philly, were not released.",promotion_anchor,ufc,combat_sports,medium_negative,yes,high,topical_but_not_primary,,annotation_source=auto_supplement; sampled_from_bucket=medium_negative,auto_supplement
nfl_football,d0021eed2a10e003,gaming_general,positive,medium_negative,305172,"Valhalla Knights 3 Gold will come out on February 27, 2014 for PlayStation Vita.",platform_anchor,playstation,gaming_general,medium_negative,yes,high,topical_but_not_primary,,annotation_source=auto_supplement; sampled_from_bucket=medium_negative,auto_supplement
nfl_football,7841f8c52fbaf72f,gaming_general,positive,medium_negative,281593,"Its rapid development amazed observers,[23] as did the willingness of the Colossus of Armonk to sell as a launch title Microsoft Adventure (a video game that, its press release stated, brought ""players into a fantasy world of caves and treasures"");[54][84][20] the company even offered an optional joystick port.",platform_anchor,video game,gaming_general,medium_negative,yes,high,topical_but_not_primary,,annotation_source=auto_supplement; sampled_from_bucket=medium_negative,auto_supplement
nfl_football,ad0b1a3fc57e64e6,combat_sports,positive,medium_negative,462377,He won the silver medal at the Ahmednagar Boxing Championship barely after entering his teens.,promotion_anchor,boxing,combat_sports,medium_negative,yes,high,topical_but_not_primary,,annotation_source=auto_supplement; sampled_from_bucket=medium_negative,auto_supplement
nfl_football,ac28f5ba85cd864d,gaming_general,positive,medium_negative,161525,"With Playstation 4 and Nintendo Switch releases coming out soon, the game should be around for many more years and be allowed to change without having to cater to the Wii's limitations.",platform_anchor,nintendo;playstation,gaming_general,medium_negative,yes,high,topical_but_not_primary,,annotation_source=auto_supplement; sampled_from_bucket=medium_negative,auto_supplement
nfl_football,b83cdbfa8801e498,combat_sports,positive,medium_negative,47883,"BEN ROTHWELL - Rothwell's win, most notably the matter which he won and the stage he won it on, makes the heavyweight championship picture even more interesting.",promotion_anchor,heavyweight,combat_sports,medium_negative,yes,high,topical_but_not_primary,,annotation_source=auto_supplement; sampled_from_bucket=medium_negative,auto_supplement
nfl_football,1464827034d62487,gaming_general,positive,medium_negative,36556,"It's better in a number of ways, making it even more of a worthy alternative to Sony's PlayStation 4.",platform_anchor,playstation,gaming_general,medium_negative,yes,high,topical_but_not_primary,,annotation_source=auto_supplement; sampled_from_bucket=medium_negative,auto_supplement
nfl_football,773540c6f85dfc62,gaming_general,positive,medium_negative,106956,"Previously, Microsoft explained that users would be able to connect an HDMI line from their cable box to the Xbox One’s HDMI-in port, allowing the game console to handle controlling the user’s TV service, and it seemed that functionality would fall under the purview of OneGuide.",platform_anchor,xbox,gaming_general,medium_negative,yes,high,topical_but_not_primary,,annotation_source=auto_supplement; sampled_from_bucket=medium_negative,auto_supplement
nfl_football,94aaba200f6b5805,gaming_general,positive,medium_negative,99242,"Over the past few days, I've been talking to multiple sources about Star Wars: First Assault, the troubled multiplayer shooter that could be LucasArts's downloadable take on Battlefield and Call of Duty.",esports_and_live_service,multiplayer,gaming_general,medium_negative,yes,high,topical_but_not_primary,,annotation_source=auto_supplement; sampled_from_bucket=medium_negative,auto_supplement
nfl_football,6ff807bf4e16cda8,gaming_general,positive,medium_negative,309489,"Really hope Nintendo does something along these lines, as it would certainly expand the Wii U’s potential.",platform_anchor,nintendo,gaming_general,medium_negative,yes,high,topical_but_not_primary,,annotation_source=auto_supplement; sampled_from_bucket=medium_negative,auto_supplement
nfl_football,43ec74296014cf7d,gaming_general,positive,medium_negative,245061,"Badowski told me that Cyberpunk 2077, like The Witcher 3, will also be an open world game - albeit in a very different setting.",gameplay_jargon,open world,gaming_general,medium_negative,yes,high,topical_but_not_primary,,annotation_source=auto_supplement; sampled_from_bucket=medium_negative,auto_supplement
nfl_football,8ceae76fe6daaf59,combat_sports,positive,medium_negative,200756,"Tuck your shirt in.”

Former UFC lightweight champion Anthony Pettis, who faces Eddie Alvarez in tonight’s co-main event, said the Reebok arrangement beats chasing your own sponsors.",fighter_entities;promotion_anchor,main event;ufc,combat_sports,medium_negative,yes,high,topical_but_not_primary,,annotation_source=auto_supplement; sampled_from_bucket=medium_negative,auto_supplement
nfl_football,1adeeaa8f3f4d414,gaming_general,positive,medium_negative,326122,"by

It’s been quite some time since we’ve seen a great jet-ski game, Nintendo’s Wave Race series being the most notable.",platform_anchor,nintendo,gaming_general,medium_negative,yes,high,topical_but_not_primary,,annotation_source=auto_supplement; sampled_from_bucket=medium_negative,auto_supplement
nfl_football,cb61a4bfd8b8b19e,combat_sports,positive,medium_negative,346995,"This title fight will be the second championship fight on the card, as Brandon Vera will defend his heavyweight title against Hideki Sekine in the main event, according to the promotion Tuesday.",fighter_entities;promotion_anchor,heavyweight;main event;title fight,combat_sports,medium_negative,yes,high,topical_but_not_primary,,annotation_source=auto_supplement; sampled_from_bucket=medium_negative,auto_supplement
nfl_football,c5fda6fb7b1bb343,gaming_general,positive,medium_negative,324791,These are the side effects of the Iranian video game industry’s rapid growth—something that Ayatollah Seyed Ali Khamenei himself has apparently pushed for.,platform_anchor,video game,gaming_general,medium_negative,yes,high,topical_but_not_primary,,annotation_source=auto_supplement; sampled_from_bucket=medium_negative,auto_supplement
nfl_football,b8c673df1af0765c,combat_sports,positive,medium_negative,351972,"[30]

Legacy [ edit ]

Roberta Morgan's 1979 kayfabe book Main Event wrote, ""Although he is a rule bender, [Graham] has managed to stay very popular with the fans, probably because of his skill, strength, and colorful personality"".",fighter_entities,main event,combat_sports,medium_negative,yes,high,topical_but_not_primary,,annotation_source=auto_supplement; sampled_from_bucket=medium_negative,auto_supplement
nfl_football,e91c358aabde2ff3,combat_sports,positive,medium_negative,171158,"Not often will fighters at the UFC level move up in weight, but Whittaker looked better than ever after doing so.",promotion_anchor,ufc,combat_sports,medium_negative,yes,high,topical_but_not_primary,,annotation_source=auto_supplement; sampled_from_bucket=medium_negative,auto_supplement
nfl_football,ef5148ebf1afbd6d,gaming_general,positive,medium_negative,326904,"Famous collectors such as Pat the Nes Punk, the GameSack crew, and Game Chasers have not only shared their tips and thoughts with players, but have become major staples of entertainment and advice regarding video game collecting.",platform_anchor,video game,gaming_general,medium_negative,yes,high,topical_but_not_primary,,annotation_source=auto_supplement; sampled_from_bucket=medium_negative,auto_supplement
nfl_football,d9e7c8acfc4a3dd8,gaming_general,positive,medium_negative,305571,"The company is bringing the core of Windows 10 to the Xbox One, allowing developers to bring apps and games from Windows Phone and PCs to Microsoft's latest console.",platform_anchor,xbox,gaming_general,medium_negative,yes,high,topical_but_not_primary,,annotation_source=auto_supplement; sampled_from_bucket=medium_negative,auto_supplement
nfl_football,523d5815c8399698,combat_sports,positive,medium_negative,385914,"But it could be argued that prolonged abstinence from wanking could be detrimental to a man’s health, unless he was a star football player or a boxing champion, in which case it is believed that, um, preserving the fluids could lead to enhanced physical performance on the field or in the boxing ring.",promotion_anchor,boxing,combat_sports,medium_negative,yes,high,topical_but_not_primary,,annotation_source=auto_supplement; sampled_from_bucket=medium_negative,auto_supplement
nfl_football,a9f15beb892db34f,gaming_general,positive,medium_negative,303647,"The PS4 version runs at 1080p and 60fps, while the Xbox One version runs natively at 720p and 60fps.",platform_anchor,xbox,gaming_general,medium_negative,yes,high,topical_but_not_primary,,annotation_source=auto_supplement; sampled_from_bucket=medium_negative,auto_supplement
nfl_football,e8437b8d74d709bc,gaming_general,positive,medium_negative,196744,On the contrary there’s a far greater chance of me ignoring his cries for help when he slips in the bathtub and gurgles his way to an early funeral if I’m completely engrossed in a video game.,platform_anchor,video game,gaming_general,medium_negative,yes,high,topical_but_not_primary,,annotation_source=auto_supplement; sampled_from_bucket=medium_negative,auto_supplement
nfl_football,e4efcd539bcdf784,gaming_general,positive,medium_negative,333192,"But once you're thrust into the actual multiplayer end of Hackmud, you're on your own... or you could always make the mistake of trusting another player.",esports_and_live_service,multiplayer,gaming_general,medium_negative,yes,high,topical_but_not_primary,,annotation_source=auto_supplement; sampled_from_bucket=medium_negative,auto_supplement
nfl_football,a97493419b5175d0,gaming_general,positive,medium_negative,326892,"In 1997, the video game Frogger was released on multiple platforms for the day for the first time since 1981.",platform_anchor,video game,gaming_general,medium_negative,yes,high,topical_but_not_primary,,annotation_source=auto_supplement; sampled_from_bucket=medium_negative,auto_supplement
nfl_football,c2adbfb7f4a71340,gaming_general,positive,medium_negative,251824,"Senior Xbox Live Product Marketing Manager Peter Orullian has promised that Microsoft is going after mobile in a big way, urging developers to take full advantage of Xbox Live servers to build cross-platform games with asynchronous multiplayer elements and cloud storage.",esports_and_live_service;platform_anchor,multiplayer;xbox,gaming_general,medium_negative,yes,high,topical_but_not_primary,,annotation_source=auto_supplement; sampled_from_bucket=medium_negative,auto_supplement
nfl_football,21e0246591fc012a,gaming_general,positive,medium_negative,63080,How does Nintendo's final Game Boy title hold up in 2012?,platform_anchor,nintendo,gaming_general,medium_negative,yes,high,topical_but_not_primary,,annotation_source=auto_supplement; sampled_from_bucket=medium_negative,auto_supplement
nfl_football,2941e9e9727946d2,gaming_general,positive,medium_negative,41983,A lot of people have been wondering if Nintendo Directs will continue after Iwata's passing.,platform_anchor,nintendo,gaming_general,medium_negative,yes,high,topical_but_not_primary,,annotation_source=auto_supplement; sampled_from_bucket=medium_negative,auto_supplement
nfl_football,d3df7edabc6d945f,combat_sports,positive,medium_negative,433965,Ultimate Fighter season 1 winner and former light-heavyweight champion Forrest Griffin is another of the promotions most recognized fighters.,promotion_anchor,heavyweight,combat_sports,medium_negative,yes,high,topical_but_not_primary,,annotation_source=auto_supplement; sampled_from_bucket=medium_negative,auto_supplement
nfl_football,c16269d8e05e8c55,combat_sports,positive,medium_negative,342079,"Tate, 27, made her UFC debut in April 2013, taking on Cat Zingano in The Ultimate Fighter 17 finale, which marked the second women’s MMA matchup in the UFC and produced the coach for The Ultimate Fighter 18 reality TV series.",promotion_anchor,mma;ufc,combat_sports,medium_negative,yes,high,topical_but_not_primary,,annotation_source=auto_supplement; sampled_from_bucket=medium_negative,auto_supplement
nfl_football,a13c4b57dff63b59,gaming_general,positive,medium_negative,41987,"Plays games to obtain game footage and/or screen captures

Edits video/audio for TV commercials, game trailers, Nintendo Direct, web content, demo kiosks, internal and external presentations, and general marketing purposes as needed

Facilitates file transfers with other groups, agencies, and subsidiaries

Maintains audio/video equipment and editing Macs

Recommends and installs new editing/computer equipment and software

Ability to work overtime required

Be able to receive feedback from various groups, analyze it, and implement it in a timely manner

Certainly seems to indicate that we'll have more Nintendo Directs in the future.",platform_anchor,nintendo,gaming_general,medium_negative,yes,high,topical_but_not_primary,,annotation_source=auto_supplement; sampled_from_bucket=medium_negative,auto_supplement
nfl_football,23fea2edfac2e7b4,gaming_general,positive,medium_negative,179436,"The latest story concerns a batch of Xbox One consoles shipped early by Target to a number of lucky consumers, some of whom have taken to sites like YouTube to post about the system.",platform_anchor,xbox,gaming_general,medium_negative,yes,high,topical_but_not_primary,,annotation_source=auto_supplement; sampled_from_bucket=medium_negative,auto_supplement
nfl_football,d44e2b677feec31f,gaming_general,positive,medium_negative,222504,"Like always this is a personal opinion list of games, if one of your favorite SEGA published games on the Xbox 360 and PlayStation 3 didn’t make the list, let us know in the comments below.",platform_anchor,playstation;xbox,gaming_general,medium_negative,yes,high,topical_but_not_primary,,annotation_source=auto_supplement; sampled_from_bucket=medium_negative,auto_supplement
nfl_football,bf5226015d354dce,combat_sports,positive,medium_negative,219986,"With Bautista's MMA debut still on for the event, Evans was replaced by journeyman and 40-fight veteran Vince Lucero.",promotion_anchor,mma,combat_sports,medium_negative,yes,high,topical_but_not_primary,,annotation_source=auto_supplement; sampled_from_bucket=medium_negative,auto_supplement
nfl_football,f2265b04121759ff,gaming_general,positive,medium_negative,137469,"Now, in the brand new issue of Official PlayStation Magazine, The Last Of Us creative director Neil Druckmann sets things straight and it's pretty exciting.",platform_anchor,playstation,gaming_general,medium_negative,yes,high,topical_but_not_primary,,annotation_source=auto_supplement; sampled_from_bucket=medium_negative,auto_supplement
nfl_football,025993399d439fb0,combat_sports,positive,medium_negative,410712,This was the epitome of a house show main event that sends the fans home happy.,fighter_entities,main event,combat_sports,medium_negative,yes,high,topical_but_not_primary,,annotation_source=auto_supplement; sampled_from_bucket=medium_negative,auto_supplement
nfl_football,e52fec4d65a083de,gaming_general,positive,medium_negative,46335,"CIA agents and Air Force personnel today kill real people in distant countries using remotely piloted drones, on interfaces modeled on video games, while US soldiers hone tactical combat skills on video game simulators and use Xbox joysticks to control real machines in the battlefield.",platform_anchor,video game;xbox,gaming_general,medium_negative,yes,high,topical_but_not_primary,,annotation_source=auto_supplement; sampled_from_bucket=medium_negative,auto_supplement
nfl_football,2277b39513bb9d51,gaming_general,positive,medium_negative,148103,"""Blue Angels: Aerobatic Sim"" is available now in the iTunes and Google Play stores, with versions for PC and Xbox coming soon, according to the RORTOS release.",platform_anchor,xbox,gaming_general,medium_negative,yes,high,topical_but_not_primary,,annotation_source=auto_supplement; sampled_from_bucket=medium_negative,auto_supplement
nfl_football,63359db7ab0928a2,gaming_general,positive,medium_negative,480,"Compatible Games:

Write and Read:

Super Smash Bros. for Wii U

Read Only:

The Legend of Zelda: Twilight Princess HD

Mario Kart 8

Hyrule Warriors

Captain Toad: Treasure Tracker

ACE COMBAT® Assault Horizon Legacy +

Mario Party 10

amiibo tap: Nintendo's Greatest Bits

Super Mario Maker

Chibi-Robo!",platform_anchor,nintendo,gaming_general,medium_negative,yes,high,topical_but_not_primary,,annotation_source=auto_supplement; sampled_from_bucket=medium_negative,auto_supplement
nfl_football,e234fa09f8cdf805,combat_sports,positive,medium_negative,65586,I don't care if we sparring or fighting.,training_and_matchmaking,sparring,combat_sports,medium_negative,yes,high,topical_but_not_primary,,annotation_source=auto_supplement; sampled_from_bucket=medium_negative,auto_supplement
nfl_football,eee32443220ec96c,combat_sports,positive,medium_negative,267311,"The three hours were:

8 p.m.: 3.36 million viewers

9 p.m.: 3.33 million viewers

10 p.m.: 3.12 million viewers

Dancing with the Stars' final Monday night show of the season featuring UFC's Paige VanZant in the final three contestants did 12.34 million viewers.",promotion_anchor,ufc,combat_sports,medium_negative,yes,high,topical_but_not_primary,,annotation_source=auto_supplement; sampled_from_bucket=medium_negative,auto_supplement
nfl_football,530ae92582df71f9,gaming_general,positive,medium_negative,336018,"We know (per the link above) that the game will use the same engine as Quantum Break, and that it will come to PS4, Xbox One, and PC.",platform_anchor,xbox,gaming_general,medium_negative,yes,high,topical_but_not_primary,,annotation_source=auto_supplement; sampled_from_bucket=medium_negative,auto_supplement
nfl_football,e0cf55b441c89d27,combat_sports,positive,medium_negative,392594,"[112][113] Makabe and Tanahashi received their title shot on June 21 at Dominion 6.21, but were defeated by Bullet Club's Doc Gallows and Karl Anderson.",training_and_matchmaking,title shot,combat_sports,medium_negative,yes,high,topical_but_not_primary,,annotation_source=auto_supplement; sampled_from_bucket=medium_negative,auto_supplement
nfl_football,a521dace8acff738,combat_sports,positive,medium_negative,47822,"After the first two UFC shows of the year, the talk was about close decisions and controversial judging.",promotion_anchor,ufc,combat_sports,medium_negative,yes,high,topical_but_not_primary,,annotation_source=auto_supplement; sampled_from_bucket=medium_negative,auto_supplement
nfl_football,d32a50deb6385a6d,gaming_general,positive,medium_negative,211194,"Version details

Steam build ID numbers: Game 1213242, dedicated server tool 1213245, SDK tool 1213246.",platform_anchor,steam,gaming_general,medium_negative,yes,high,topical_but_not_primary,,annotation_source=auto_supplement; sampled_from_bucket=medium_negative,auto_supplement
nfl_football,be976a75687bddb9,gaming_general,positive,medium_negative,12913,"""In this particular case, Nintendo called the school and spoke to the school principal.""",platform_anchor,nintendo,gaming_general,medium_negative,yes,high,topical_but_not_primary,,annotation_source=auto_supplement; sampled_from_bucket=medium_negative,auto_supplement
nfl_football,667ca3274f5c2d2d,gaming_general,positive,medium_negative,136211,"MMORPG

Massively-Multiplayer Online Role-Playing Game

MMO

Massively-Multiplayer Online.",esports_and_live_service,multiplayer,gaming_general,medium_negative,yes,high,topical_but_not_primary,,annotation_source=auto_supplement; sampled_from_bucket=medium_negative,auto_supplement
nfl_football,29fc47b6536dc326,gaming_general,positive,medium_negative,130982,"), but some just asked for the names of popular TV shows, toys, and video game (including a number of YouTube channels, like Sky Does Minecraft).",platform_anchor,video game,gaming_general,medium_negative,yes,high,topical_but_not_primary,,annotation_source=auto_supplement; sampled_from_bucket=medium_negative,auto_supplement
nfl_football,742af371ad1b73f9,combat_sports,positive,medium_negative,324576,"Ali Bagautinov will be the first fighter from the North Caucasus, but certainly not the last, to fight for a UFC title when he faces flyweight kingpin Demetrious Johnson on Saturday night.",promotion_anchor,ufc,combat_sports,medium_negative,yes,high,topical_but_not_primary,,annotation_source=auto_supplement; sampled_from_bucket=medium_negative,auto_supplement
nfl_football,34b849bdb7f88d0a,gaming_general,positive,medium_negative,326920,"The only known evidence of its existence includes a lone screenshot of the game in an issue of Nintendo Power, Vol.",platform_anchor,nintendo,gaming_general,medium_negative,yes,high,topical_but_not_primary,,annotation_source=auto_supplement; sampled_from_bucket=medium_negative,auto_supplement
nfl_football,433d0af0a69b2ed2,combat_sports,positive,medium_negative,399227,"When asked if that circumstance might open the door for Aldo -- who hasn’t lost since 2005 and is undefeated under the Zuffa banner in both the UFC and WEC -- White said ""definitely.""",promotion_anchor,ufc,combat_sports,medium_negative,yes,high,topical_but_not_primary,,annotation_source=auto_supplement; sampled_from_bucket=medium_negative,auto_supplement
nfl_football,270a36a9d8b29326,combat_sports,positive,medium_negative,241909,"With Bisping primarily being a striker, it’s safe to assume St-Pierre is working with Shields, who last found in July under the PFL banner, to sharpen his wrestling and grappling for UFC 217.",promotion_anchor,ufc,combat_sports,medium_negative,yes,high,topical_but_not_primary,,annotation_source=auto_supplement; sampled_from_bucket=medium_negative,auto_supplement
nfl_football,79876e189a5c6130,gaming_general,positive,medium_negative,237960,"**** Remember to set the bioinput.ini file back to ""read only"" before you launch the game.- Moonshine for his work on ME2 and ME3 which inspired me to make this MOD.- Heff for all his techincal support.- Machine4578 and eezonaut for there relentless enthusiasm and testing.- BarderothReturns for her config only mod which found all the xbox interfaces that weren't broken.- For extra testing: libm, daninthemix, MotokoKusanagi34, b3ft, Gikoku, Daiyus, rjms1974, Mivey and arkhamtheknight2.- The creators of the tools used: ME1Explorer, JPEXS Free Flash Decompiler and UE Explorer.",platform_anchor,xbox,gaming_general,medium_negative,yes,high,topical_but_not_primary,,annotation_source=auto_supplement; sampled_from_bucket=medium_negative,auto_supplement
nfl_football,123e93d564019dc9,gaming_general,positive,medium_negative,251834,"Fast-paced multiplayer would be difficult to implement correctly, taking into account multiple form factors and control layouts, but turn-based gameplay is definitely a perfect suit for Microsoft's cross-platform approach.",esports_and_live_service,multiplayer,gaming_general,medium_negative,yes,high,topical_but_not_primary,,annotation_source=auto_supplement; sampled_from_bucket=medium_negative,auto_supplement
nfl_football,fe77e7c998221173,gaming_general,positive,medium_negative,69176,You may notice that you enjoy this boss fight.,gameplay_jargon,boss fight,gaming_general,medium_negative,yes,high,topical_but_not_primary,,annotation_source=auto_supplement; sampled_from_bucket=medium_negative,auto_supplement
nfl_football,438ee0a71c96b3fc,gaming_general,positive,medium_negative,158968,"We made an avatar creation station, a top scroller 8-bit video game in which dinosaurs were bad and banjos were good.",platform_anchor,video game,gaming_general,medium_negative,yes,high,topical_but_not_primary,,annotation_source=auto_supplement; sampled_from_bucket=medium_negative,auto_supplement
nfl_football,7173ec333f72105a,combat_sports,positive,medium_negative,488716,The UFC will return to FOX Sports on Sunday for UFC Fight Night: Nelson vs. Ponzinibbio and the six fight main card will begin at 3 p.m. ET/12 p.m. PT on FS1.,promotion_anchor,ufc,combat_sports,medium_negative,yes,high,topical_but_not_primary,,annotation_source=auto_supplement; sampled_from_bucket=medium_negative,auto_supplement
nfl_football,73fe0f1327015b92,combat_sports,positive,medium_negative,171174,"Luke Rockhold

Should fight: Ronaldo Souza

Why they should fight: Despite a setback against Vitor Belfort in his UFC debut, Rockhold has fought back to prominence and is on the verge of becoming the top contender in the middleweight division after earning his third consecutive UFC victory.",promotion_anchor,ufc,combat_sports,medium_negative,yes,high,topical_but_not_primary,,annotation_source=auto_supplement; sampled_from_bucket=medium_negative,auto_supplement
nfl_football,fc0a23c9604c61bb,gaming_general,positive,medium_negative,131820,"Image copyright Ubisoft Image caption A copy of the hacker-themed game was sent to Ninemsn to mark the title's launch

Watch Dogs' publisher has apologised after a publicity stunt for the video game backfired, causing an office evacuation and the deployment of an Australian bomb squad.",platform_anchor,video game,gaming_general,medium_negative,yes,high,topical_but_not_primary,,annotation_source=auto_supplement; sampled_from_bucket=medium_negative,auto_supplement
nfl_football,75e3871ff1bd349b,combat_sports,positive,medium_negative,423288,"Four days after California state athletic commission executive officer George Dodd broke the news that UFC middleweight contender Chael Sonnen had failed his UFC 117 drug test, the commission has finally released an official statement on their findings.The statement is below.MMA Fighting contacted the CSAC with follow-up questions regarding the exact findings on Sonnen's testosterone-to-estrogen level, but a commission representative declined to immediately answer, saying the commission was still waiting to get confirmation from their lawyers about releasing that more specific information.According to the World Anti-Doping Agency (WADA), a T/E ratio of greater than 4-to-1 indicates steroid use.",promotion_anchor,mma;ufc,combat_sports,medium_negative,yes,high,topical_but_not_primary,,annotation_source=auto_supplement; sampled_from_bucket=medium_negative,auto_supplement
nfl_football,185ec358843a25d5,combat_sports,positive,medium_negative,1770,"As for motivation for bringing up this forgery issue, Kamaka speculates that Tynanes may simply be looking to ""capitalize on the moment"" after breaking out as an MMA star.",promotion_anchor,mma,combat_sports,medium_negative,yes,high,topical_but_not_primary,,annotation_source=auto_supplement; sampled_from_bucket=medium_negative,auto_supplement
nfl_football,81f8282da92534d3,combat_sports,positive,medium_negative,328657,Frankie Edgar has campaigned in the cage and outside of it for another featherweight world title shot for what must feel like forever to him.,training_and_matchmaking,title shot,combat_sports,medium_negative,yes,high,topical_but_not_primary,,annotation_source=auto_supplement; sampled_from_bucket=medium_negative,auto_supplement
nfl_football,297a34bce6fa5489,combat_sports,positive,medium_negative,47846,"But when Northcutt tapped to an arm triangle while holding half guard, a move that is rarely if ever a submission on the major league stage, and in a fight where he never looked in serious trouble, it opened up real questions.",training_and_matchmaking,submission,combat_sports,medium_negative,yes,high,topical_but_not_primary,,annotation_source=auto_supplement; sampled_from_bucket=medium_negative,auto_supplement
nfl_football,60ac71cf7f068448,combat_sports,positive,medium_negative,47891,"He's also not under contract at this point, but the UFC does have the right to match any outside offer.",promotion_anchor,ufc,combat_sports,medium_negative,yes,high,topical_but_not_primary,,annotation_source=auto_supplement; sampled_from_bucket=medium_negative,auto_supplement
nfl_football,241e4eb872afc3dc,gaming_general,positive,medium_negative,46353,"Despite a landmark Supreme Court decision in 2011, which protected commercial video games as free speech, the Newtown massacre has renewed debate in the Congress and White House over what, if anything, should – or can – be done to regulate the $60 billion video game industry, the largest media business in the world.",platform_anchor,video game,gaming_general,medium_negative,yes,high,topical_but_not_primary,,annotation_source=auto_supplement; sampled_from_bucket=medium_negative,auto_supplement
nfl_football,d2dbd85b0150e2fe,gaming_general,positive,medium_negative,27715,"With the help of EB Games and numerous A-League football clubs, Livewire In-Hospital recently hosted a series of launch nights for FIFA 14; the most recent release in the incredibly popular soccer video game franchise.",platform_anchor,video game,gaming_general,medium_negative,yes,high,topical_but_not_primary,,annotation_source=auto_supplement; sampled_from_bucket=medium_negative,auto_supplement
nfl_football,7c35801d76d7386e,gaming_general,positive,medium_negative,279520,Join host Morgue Anne as M4R10 on an exploration beyond the borders of the Mushroom Kingdom and into a wild assortment of video game universes in her journey to rescue the princess.,platform_anchor,video game,gaming_general,medium_negative,yes,high,topical_but_not_primary,,annotation_source=auto_supplement; sampled_from_bucket=medium_negative,auto_supplement
nfl_football,b7e7306ab1cb0304,combat_sports,positive,medium_negative,433918,"—

Chuck Liddell: $500,000 (no win bonus)

Arguably the best known UFC fighter ever, Chuck Liddell took home the biggest base salary in 2009 despite his loss to Maurcio ‘Shogun’ Rua.",promotion_anchor,ufc,combat_sports,medium_negative,yes,high,topical_but_not_primary,,annotation_source=auto_supplement; sampled_from_bucket=medium_negative,auto_supplement
nfl_football,434796b8361ca996,gaming_general,positive,medium_negative,106952,"Xbox One will have a TV experience for everyone, including non-Gold members.",platform_anchor,xbox,gaming_general,medium_negative,yes,high,topical_but_not_primary,,annotation_source=auto_supplement; sampled_from_bucket=medium_negative,auto_supplement
nfl_football,3b5350dde272749a,combat_sports,positive,medium_negative,449787,"So when I was put into a “man in the middle” sparring situation, where I was in the middle and completely overwhelmed by my three bigger, stronger sparring partners, I already knew how to get my points: stay calm, disagree with all the points being landed on me, and laugh my ass off.",training_and_matchmaking,sparring,combat_sports,medium_negative,yes,high,topical_but_not_primary,,annotation_source=auto_supplement; sampled_from_bucket=medium_negative,auto_supplement
nfl_football,8c3c1b6a46d711d8,gaming_general,positive,medium_negative,293122,"However, he was on a mission to catch all of the majikichi sushi in Kanto and become a majikichi sushi master, just like in that hit video game he used to play…Nobunaga’s Ambition.",platform_anchor,video game,gaming_general,medium_negative,yes,high,topical_but_not_primary,,annotation_source=auto_supplement; sampled_from_bucket=medium_negative,auto_supplement
nfl_football,69df6bb3346d1b9e,gaming_general,positive,medium_negative,178100,"Now, NF Magazine is not Nintendo Power.",platform_anchor,nintendo,gaming_general,medium_negative,yes,high,topical_but_not_primary,,annotation_source=auto_supplement; sampled_from_bucket=medium_negative,auto_supplement
nfl_football,bfe6968836547e25,combat_sports,positive,medium_negative,352044,"MONTREAL

UFC president Dana White has caused quite the stir among fans in recent days by saying that he didn’t think Georges St-Pierre would fight again, but that’s an opinion not shared by the fighter himself.",promotion_anchor,ufc,combat_sports,medium_negative,yes,high,topical_but_not_primary,,annotation_source=auto_supplement; sampled_from_bucket=medium_negative,auto_supplement
nfl_football,017e5e5c0ce8f6a6,gaming_general,positive,medium_negative,36592,"You can still attach Kinect to the Xbox One S, you'll just need a special $40 (!)",platform_anchor,xbox,gaming_general,medium_negative,yes,high,topical_but_not_primary,,annotation_source=auto_supplement; sampled_from_bucket=medium_negative,auto_supplement
nfl_football,603e2c4d85791cb2,gaming_general,positive,medium_negative,289682,The ultimate video game area sat in the middle of the room.,platform_anchor,video game,gaming_general,medium_negative,yes,high,topical_but_not_primary,,annotation_source=auto_supplement; sampled_from_bucket=medium_negative,auto_supplement
nfl_football,87de830953964b5f,gaming_general,positive,medium_negative,240292,"Game Title: Akiba’s Beat

Developer: Acquire

Platform: PlayStation Vita

Download: 3.1 GB

Availability: Retail (Europe, Japan, North America), Digital (EU, JP, NA)

PSTV Support: No

The newest game in the “Akiba” series has caused quite the buzz in the online PS Vita community.",platform_anchor,playstation,gaming_general,medium_negative,yes,high,topical_but_not_primary,,annotation_source=auto_supplement; sampled_from_bucket=medium_negative,auto_supplement
nfl_football,2028e3d92b7e549a,combat_sports,positive,medium_negative,108622,"FXOpen currently sponsors MMA, drift car series and various other sporting events.",promotion_anchor,mma,combat_sports,medium_negative,yes,high,topical_but_not_primary,,annotation_source=auto_supplement; sampled_from_bucket=medium_negative,auto_supplement
nfl_football,2820012610b2578d,gaming_general,positive,medium_negative,179450,"That would be bad for video games and for the industry---the same would apply in reverse as well, if a hypothetical future Sony ditched its PlayStation business.",platform_anchor,playstation,gaming_general,medium_negative,yes,high,topical_but_not_primary,,annotation_source=auto_supplement; sampled_from_bucket=medium_negative,auto_supplement
nfl_football,b4dc82eaf5757208,combat_sports,positive,medium_negative,338034,"Anthony Joshua has won all 16 of his professional fights by knockout

Great Britain's IBF world heavyweight champion Anthony Joshua could make a defence of his title at Beijing's National Stadium, according to promoter Barry Hearn.",fighter_entities;promotion_anchor,heavyweight;knockout,combat_sports,medium_negative,yes,high,topical_but_not_primary,,annotation_source=auto_supplement; sampled_from_bucket=medium_negative,auto_supplement
nfl_football,bcd29da8f0a6d67a,combat_sports,positive,medium_negative,433937,After holding out for a more substantial PPV cut Ortiz will surely have been disappointed to discover that his return at UFC 106 against Forrest Griffin had an uncharacteristically low buy-rate.,promotion_anchor,ufc,combat_sports,medium_negative,yes,high,topical_but_not_primary,,annotation_source=auto_supplement; sampled_from_bucket=medium_negative,auto_supplement
nfl_football,06ae2cbc36d0c09a,combat_sports,positive,medium_negative,493857,"As much as this was in bad taste, it's yet another example of a hurdle the UFC has to clear in its race towards mainstream acceptance as a sport.",promotion_anchor,ufc,combat_sports,medium_negative,yes,high,topical_but_not_primary,,annotation_source=auto_supplement; sampled_from_bucket=medium_negative,auto_supplement
nfl_football,543ce4fce6e7ec94,gaming_general,positive,medium_negative,46345,"The very idea of moving from room to room with an assault weapon, “clearing” the room by shooting victims in the head, as Lanza did in Newtown, is a convention of the First Person Shooter video game genre.",platform_anchor,video game,gaming_general,medium_negative,yes,high,topical_but_not_primary,,annotation_source=auto_supplement; sampled_from_bucket=medium_negative,auto_supplement
nfl_football,f4cf2dd20f1b5263,combat_sports,positive,medium_negative,58476,"— Conor McGregor (@TheNotoriousMMA) April 19, 2016

Since that tweet, which sent the MMA world into a frenzy, McGregor announced that he's still training hard for Diaz in Iceland but will not fulfill the UFC's exhaustive media obligations.",promotion_anchor,mma;ufc,combat_sports,medium_negative,yes,high,topical_but_not_primary,,annotation_source=auto_supplement; sampled_from_bucket=medium_negative,auto_supplement
nfl_football,2990893debb6b5fb,gaming_general,positive,medium_negative,57553,"https://t.co/sZcl8aOa1h #overwatch #asusrog — ASUS ROG Tournaments (@ROGtournament) July 3, 2017

The eight teams attending the tournament will be decided by invite, with the attendence of Finnish teams Rest in Pyjamas and ENCE eSports already confirmed.",esports_and_live_service,esports,gaming_general,medium_negative,yes,high,topical_but_not_primary,,annotation_source=auto_supplement; sampled_from_bucket=medium_negative,auto_supplement
nfl_football,8ea78b8e07772882,gaming_general,positive,medium_negative,271582,"Ironically, Daftmike had begun his project several weeks before Nintendo announced the NES Classic Edition.",platform_anchor,nintendo,gaming_general,medium_negative,yes,high,topical_but_not_primary,,annotation_source=auto_supplement; sampled_from_bucket=medium_negative,auto_supplement
nfl_football,32d7a50f29119669,gaming_general,positive,medium_negative,43649,"Hardware developer CTA’s kiosk featured an array of third-party Playstation, Playstation Move™, Wii, DSi and Kinect peripherals on the CES floor, from induction charge stations to gun controller and bowling ball modifications.",platform_anchor,playstation,gaming_general,medium_negative,yes,high,topical_but_not_primary,,annotation_source=auto_supplement; sampled_from_bucket=medium_negative,auto_supplement
nfl_football,63fb68884933a689,combat_sports,positive,medium_negative,349942,"Overeem knocked out dos Santos ($400,000) with a vicious second-round volley of strikes in the night's heavyweight co-main event, which took place Dec. 19 and aired live on FOX.",fighter_entities;promotion_anchor,heavyweight;main event,combat_sports,medium_negative,yes,high,topical_but_not_primary,,annotation_source=auto_supplement; sampled_from_bucket=medium_negative,auto_supplement
nfl_football,d50a518d8734546e,gaming_general,positive,medium_negative,245056,"""It will be a story-based RPG experience with amazing single-player playthroughs, but we're going to add multiplayer features,"" CDPR managing director Adam Badowski told me.",esports_and_live_service;gameplay_jargon,multiplayer;rpg,gaming_general,medium_negative,yes,high,topical_but_not_primary,,annotation_source=auto_supplement; sampled_from_bucket=medium_negative,auto_supplement
nfl_football,df244292d0fecb1d,gaming_general,positive,medium_negative,310506,"In the last two years, Sling TV, Hulu Live, DirecTV Now, YouTube TV and Playstation Vue have added almost 2.3 million subscribers, according to estimates by research firm MoffettNathanson.",platform_anchor,playstation,gaming_general,medium_negative,yes,high,topical_but_not_primary,,annotation_source=auto_supplement; sampled_from_bucket=medium_negative,auto_supplement
nfl_football,1f7961e93fbab10f,gaming_general,positive,medium_negative,9664,"I know some of the eSports Square staff have personally voiced concern about Japanese players’ LoL skills in the competitive community, but the overall tone is that they just hope esports become more recognized in Japan.",esports_and_live_service,esports,gaming_general,medium_negative,yes,high,topical_but_not_primary,,annotation_source=auto_supplement; sampled_from_bucket=medium_negative,auto_supplement
nfl_football,8cf02ae07fe6f6cb,gaming_general,positive,medium_negative,46336,"Meanwhile, the video game industry works closely with the military and gun manufacturers to ensure that their virtual weaponry, from the PM-63 submachine gun to the C-130 gunship, behaves just like the real thing.",platform_anchor,video game,gaming_general,medium_negative,yes,high,topical_but_not_primary,,annotation_source=auto_supplement; sampled_from_bucket=medium_negative,auto_supplement
nfl_football,b7ab894c4a840062,combat_sports,positive,medium_negative,381042,“Interim” means whatever the UFC wants it to.,promotion_anchor,ufc,combat_sports,medium_negative,yes,high,topical_but_not_primary,,annotation_source=auto_supplement; sampled_from_bucket=medium_negative,auto_supplement
nfl_football,961fe10667529f4f,combat_sports,positive,medium_negative,334466,"And to that, I say never relent.That said, watching those who should damn well know better push a fake story is troublesome.MMAFighting.com's Marc Raimondi put out a tweet from NSAC killing that idea, just as our own Elias Cepeda got quotes from Mr. Bennett echoing the same notion, but new headlines kicked up, and more tweets fired out crediting Joanna Jedrzejczyk for attempting to save the day.And for this I'll once again quote NSAC's Bob Bennett, ""The UFC did not request a replacement for Nunes.",promotion_anchor,ufc,combat_sports,medium_negative,yes,high,topical_but_not_primary,,annotation_source=auto_supplement; sampled_from_bucket=medium_negative,auto_supplement
nfl_football,6ba95e09626df6c2,gaming_general,positive,medium_negative,326898,"I doubt, however, anyone would believe that, in 2013, the Super Nintendo would be graced with one more new release, in the hands of a non-licensed Nintendo product.",platform_anchor,nintendo,gaming_general,medium_negative,yes,high,topical_but_not_primary,,annotation_source=auto_supplement; sampled_from_bucket=medium_negative,auto_supplement
nfl_football,12cf1bb14606c60c,combat_sports,positive,medium_negative,334463,"There is no downside to this for ""Joanna Violence"" and the move could very well set up a pivotal showdown down the road if she makes the jump to the 125-pound weight class the UFC has been rumored to open in the coming year.Pushing the ""save the day"" narrative only helps to further her mystique, and that should absolutely be applauded.And for fans who jumped on the excitement of the moment they hoped would unfold...it's good on your part as well.",promotion_anchor,ufc,combat_sports,medium_negative,yes,high,topical_but_not_primary,,annotation_source=auto_supplement; sampled_from_bucket=medium_negative,auto_supplement
nfl_football,f3ae7594c51922d3,gaming_general,positive,medium_negative,279393,"[/box_light]

[box_light]

Press Start III: Turbo Edition

Time: 7-11PM

Location: Ltd. Art Gallery, 307 E Pike St, Seattle, Washington 98122

Tix: Free Admission, All Ages

Info: Facebook

PRESS START III: TURBO EDITION

August 29th – September 28th, 2013

Our Annual Video Game show is in it’s third year!",platform_anchor,video game,gaming_general,medium_negative,yes,high,topical_but_not_primary,,annotation_source=auto_supplement; sampled_from_bucket=medium_negative,auto_supplement
nfl_football,a3f7874071c09811,gaming_general,positive,medium_negative,310463,[29] The shirt appeared in a television ad for the release of the PlayStation 3 Slim game console.,platform_anchor,playstation,gaming_general,medium_negative,yes,high,topical_but_not_primary,,annotation_source=auto_supplement; sampled_from_bucket=medium_negative,auto_supplement
nfl_football,7deab6584a76aa20,gaming_general,positive,medium_negative,239336,"For its part, Microsoft has issued a service alert for Xbox 360, notifying users of connectivity problems.",platform_anchor,xbox,gaming_general,medium_negative,yes,high,topical_but_not_primary,,annotation_source=auto_supplement; sampled_from_bucket=medium_negative,auto_supplement
nfl_football,af613372d5a1d66c,combat_sports,positive,medium_negative,323410,"It proved to be a comfortable win for Conor, who claimed a second UFC division belt after knocking out his opponent in the second round.",promotion_anchor,ufc,combat_sports,medium_negative,yes,high,topical_but_not_primary,,annotation_source=auto_supplement; sampled_from_bucket=medium_negative,auto_supplement
nfl_football,3437638120e40dde,gaming_general,positive,medium_negative,288840,Or about the technical accomplishment that's happening on this Xbox One hardware.,platform_anchor,xbox,gaming_general,medium_negative,yes,high,topical_but_not_primary,,annotation_source=auto_supplement; sampled_from_bucket=medium_negative,auto_supplement
nfl_football,e7affe5aad9b3960,combat_sports,positive,medium_negative,28343,Stay tuned to MMAWeekly.com for more Bellator news and updates.,promotion_anchor,bellator,combat_sports,medium_negative,yes,high,topical_but_not_primary,,annotation_source=auto_supplement; sampled_from_bucket=medium_negative,auto_supplement
nfl_football,3cef8c9de8e82891,gaming_general,positive,medium_negative,307507,"Star Wars Battlefront 2

Developer: DICE

Platforms: PS4, Xbox One, PC

Publisher: EA

Release Date: November 17, 2017

Price: $59.99

Score: 5/10

A review code was provided for the purpose of this review.",platform_anchor,xbox,gaming_general,medium_negative,yes,high,topical_but_not_primary,,annotation_source=auto_supplement; sampled_from_bucket=medium_negative,auto_supplement
nfl_football,01c4f35bcfc2f4fb,gaming_general,positive,medium_negative,9267,"Come watch the alluring performances of talented nerdlesque performers from all around the country as they channel your favorite cartoon, comic, and video game heroes.",platform_anchor,video game,gaming_general,medium_negative,yes,high,topical_but_not_primary,,annotation_source=auto_supplement; sampled_from_bucket=medium_negative,auto_supplement
nfl_football,eae4e5f25ef1b468,gaming_general,positive,medium_negative,119854,"And while DICE hasn't quite managed to overcome all of the problems that Mirror's Edge 's head-down charge forward often collided with, it turns out an open world is a pretty good space to allow the series to grow.",gameplay_jargon,open world,gaming_general,medium_negative,yes,high,topical_but_not_primary,,annotation_source=auto_supplement; sampled_from_bucket=medium_negative,auto_supplement
nfl_football,cf888b3d81218dd1,gaming_general,positive,medium_negative,246796,"Portal 2 comes out February 9, 2011 for the Playstation 3, Xbox 360, PC and Mac.",platform_anchor,playstation;xbox,gaming_general,medium_negative,yes,high,topical_but_not_primary,,annotation_source=auto_supplement; sampled_from_bucket=medium_negative,auto_supplement
nfl_football,395ef3305ff5e44d,gaming_general,positive,medium_negative,158656,Editor's Picks Top women's CS:GO teams battle for charity at IEM Fierce rivals CLG Red and Team Secret faced off in a best-of-one exhibition match at IEM Oakland hosted by esports diversity organization AnyKey.,esports_and_live_service,esports,gaming_general,medium_negative,yes,high,topical_but_not_primary,,annotation_source=auto_supplement; sampled_from_bucket=medium_negative,auto_supplement
nfl_football,576c2e525fcd6f38,gaming_general,positive,medium_negative,178125,"With the simultaneous worldwide release of Pokémon X and Pokémon Y coming just around the corner, the Nintendo Force jumped straight into exploring what awaited trainers in the all-new Kalos region in our fifth issue, Pokémon Power!",platform_anchor,nintendo,gaming_general,medium_negative,yes,high,topical_but_not_primary,,annotation_source=auto_supplement; sampled_from_bucket=medium_negative,auto_supplement
nfl_football,b6db6c83cfca90c5,gaming_general,positive,medium_negative,320321,We aren’t all as sickly as that pale glow from our laptops or as sedentary as the man-child tethered to his Xbox.,platform_anchor,xbox,gaming_general,medium_negative,yes,high,topical_but_not_primary,,annotation_source=auto_supplement; sampled_from_bucket=medium_negative,auto_supplement
nfl_football,24a18e6c43ccf929,gaming_general,positive,medium_negative,251821,"That's a massive family of potential with Xbox powering the video game console industry, Windows advancing the desktop environment and Windows Phone sporting Xbox Live connectivity.",platform_anchor,video game;xbox,gaming_general,medium_negative,yes,high,topical_but_not_primary,,annotation_source=auto_supplement; sampled_from_bucket=medium_negative,auto_supplement
nfl_football,084945756a4a4a6b,combat_sports,positive,medium_negative,149832,"No one thought Bryan had the potential to be a star, but he won over crowds with his innovative in-ring persona, mixing MMA-style strikes and submissions with lucha-esque agility and just a hint of brawling.",promotion_anchor,mma,combat_sports,medium_negative,yes,high,topical_but_not_primary,,annotation_source=auto_supplement; sampled_from_bucket=medium_negative,auto_supplement
nfl_football,2b663dcfd09aaab0,gaming_general,positive,medium_negative,307433,"It gave each map a wonderful sense of rhythm and narrative, and I maintain it's the best large-scale multiplayer mode I've ever played.",esports_and_live_service,multiplayer,gaming_general,medium_negative,yes,high,topical_but_not_primary,,annotation_source=auto_supplement; sampled_from_bucket=medium_negative,auto_supplement
nfl_football,082acc0ca99a7a9a,combat_sports,positive,medium_negative,171163,"Two well-known middleweights in Marquardt (33-13-2 MMA, 11-6 UFC) and Tavares (12-3 MMA, 7-3 UFC) are set to square off at UFC 182 on Jan. 3, and a potential victory over the winner would add a lot of credibility to Whittaker’s resume.",promotion_anchor,mma;ufc,combat_sports,medium_negative,yes,high,topical_but_not_primary,,annotation_source=auto_supplement; sampled_from_bucket=medium_negative,auto_supplement
nfl_football,bef120f82bd25b27,combat_sports,positive,medium_negative,47838,"But Barnett was facing someone who now has to be in the discussion for a heavyweight title shot, and was competitive with him the entire way until the shocking finish.",promotion_anchor;training_and_matchmaking,heavyweight;title shot,combat_sports,medium_negative,yes,high,topical_but_not_primary,,annotation_source=auto_supplement; sampled_from_bucket=medium_negative,auto_supplement
nfl_football,ff0320e7052e814c,gaming_general,positive,medium_negative,190052,"Release:-It is expected that Need For Speed:The Run will hit gaming Market in November 15 not confirmed,You can also set your :-It is expected that Need For Speed:The Run will hit gaming Market in November 15 not confirmed,You can also set your Preorders for ""The Run""

Platform: -Xbox 360, PlayStation 3, PC, Wii, Nintendo 3DS

You might love to see the first teaser of game shown below:

Source:Official Website",platform_anchor,nintendo;playstation;xbox,gaming_general,medium_negative,yes,high,topical_but_not_primary,,annotation_source=auto_supplement; sampled_from_bucket=medium_negative,auto_supplement
nfl_football,a8c7d8029e1a0d79,combat_sports,positive,medium_negative,18126,"'Maturity Is Greatly Overrated': The Conversation With Ronda Rousey

UFC Champion Ronda Rousey explains why she doesn't like calling herself a ""role model.""",promotion_anchor,ufc,combat_sports,medium_negative,yes,high,topical_but_not_primary,,annotation_source=auto_supplement; sampled_from_bucket=medium_negative,auto_supplement
nfl_football,431988b2b8a1a140,gaming_general,positive,medium_negative,106960,"“You can do the HDMI pass through,” he said, when I asked about assumption that TV functionality required Xbox Live Gold.",platform_anchor,xbox,gaming_general,medium_negative,yes,high,topical_but_not_primary,,annotation_source=auto_supplement; sampled_from_bucket=medium_negative,auto_supplement
nfl_football,861308a97ff1a4c5,combat_sports,positive,medium_negative,56572,"Use your library card, you know those antiquated government-funded facilities that have things made from paper called ‘books.’ There’s an entire world out there that is separate from this sport known as MMA — you don’t need to be a walking Sherdog Fighter Finder to justify your existence.",promotion_anchor,mma,combat_sports,medium_negative,yes,high,topical_but_not_primary,,annotation_source=auto_supplement; sampled_from_bucket=medium_negative,auto_supplement
nfl_football,ee878ba249c4d256,combat_sports,positive,medium_negative,334461,"There were myriadreasons why the Nevada State Athletic Commission would never allow the strawweight champion to step in on less than 24 hours notice, but those were details that didn't seem to stick with most fight fans.Furthermore, FloCombat confirmed with NSAC Chief Bob Bennett the UFC never even attempted to get a bout between Jedrzejczyk and Shevchenko pushed through.",promotion_anchor,ufc,combat_sports,medium_negative,yes,high,topical_but_not_primary,,annotation_source=auto_supplement; sampled_from_bucket=medium_negative,auto_supplement
nfl_football,0468aa9500a17870,gaming_general,positive,medium_negative,12921,However Ms Murphy said Nintendo would like to thank everyone who had written to the company already.,platform_anchor,nintendo,gaming_general,medium_negative,yes,high,topical_but_not_primary,,annotation_source=auto_supplement; sampled_from_bucket=medium_negative,auto_supplement
nfl_football,a97cbf331defe94a,combat_sports,positive,medium_negative,49515,"Mark Hunt, never one to shy away from a big opportunity, wasted no time accepting a dream opportunity to fight for UFC gold.",promotion_anchor,ufc,combat_sports,medium_negative,yes,high,topical_but_not_primary,,annotation_source=auto_supplement; sampled_from_bucket=medium_negative,auto_supplement
nfl_football,b5f4f6702aa06be6,gaming_general,positive,medium_negative,222505,"Note: We didn’t include the Nintendo Wii games that deserve PC ports because the Wii was a really unique console, but we might have a list dedicated just for the Nintendo Wii in the near future.",platform_anchor,nintendo,gaming_general,medium_negative,yes,high,topical_but_not_primary,,annotation_source=auto_supplement; sampled_from_bucket=medium_negative,auto_supplement
nfl_football,5d6cdfcaf5a5f040,gaming_general,positive,medium_negative,135360,"About This Game Hit the dirt in Colin McRae Rally - the classic off-road racing experience

Colin McRae Rally features the car and track list from last year’s top selling mobile title and features THIRTY amazing rally stages in three environments taken from the PlayStation classic Colin McRae 2.0. for this PC and Mac edition.",platform_anchor,playstation,gaming_general,medium_negative,yes,high,topical_but_not_primary,,annotation_source=auto_supplement; sampled_from_bucket=medium_negative,auto_supplement
nfl_football,199bf78a7c1f1ff5,combat_sports,positive,medium_negative,442407,"He lost all three bouts, two by submission and one by split decision, ending his run with MMA for the present time.",promotion_anchor;training_and_matchmaking,mma;submission,combat_sports,medium_negative,yes,high,topical_but_not_primary,,annotation_source=auto_supplement; sampled_from_bucket=medium_negative,auto_supplement
nfl_football,f688613950c106b8,combat_sports,positive,medium_negative,273625,"These days Imes works as a project manager, a job he knows he wouldn’t have been able to perform had he took the position immediately after leaving MMA.",promotion_anchor,mma,combat_sports,medium_negative,yes,high,topical_but_not_primary,,annotation_source=auto_supplement; sampled_from_bucket=medium_negative,auto_supplement
nfl_football,124b70342f91772e,combat_sports,positive,medium_negative,241906,"In order to help him get ready, “Rush” has enlisted the help of Jake Shields (32-9-1), a former Strikeforce champion and former opponent of the French-Canadian (via Instagram):

St-Pierre clashed with Shields inside the octagon at UFC 129 in April 2011.",fighter_entities;promotion_anchor,octagon;ufc,combat_sports,medium_negative,yes,high,topical_but_not_primary,,annotation_source=auto_supplement; sampled_from_bucket=medium_negative,auto_supplement
nfl_football,9350cfbcada09446,combat_sports,positive,medium_negative,493855,"To his credit, Davis fessed up to the poor taste of the tweets after being called out by MMA journalist Ariel Helwani of MMAFighting.com.",promotion_anchor,mma,combat_sports,medium_negative,yes,high,topical_but_not_primary,,annotation_source=auto_supplement; sampled_from_bucket=medium_negative,auto_supplement
nfl_football,b878ad930e2b34fa,gaming_general,positive,medium_negative,63088,"Each chapter consists of a few levels that culminate in a boss fight, most of which are uniquely designed to be challenging even though Wario can't perish.",gameplay_jargon,boss fight,gaming_general,medium_negative,yes,high,topical_but_not_primary,,annotation_source=auto_supplement; sampled_from_bucket=medium_negative,auto_supplement
nfl_football,9c4b0c8eb0f3b48a,gaming_general,positive,medium_negative,222087,"This is important, because that way Xbox music can verify your request ( more on this later on ).",platform_anchor,xbox,gaming_general,medium_negative,yes,high,topical_but_not_primary,,annotation_source=auto_supplement; sampled_from_bucket=medium_negative,auto_supplement
nfl_football,0a264f34b0606ed5,gaming_general,positive,medium_negative,106982,"2D fighting games are a very video game kinda thing, but where there’s a will, there’s a Way of the Fighter, an upcoming board game that tries to replicate the digital genre on a tabletop.",platform_anchor,video game,gaming_general,medium_negative,yes,high,topical_but_not_primary,,annotation_source=auto_supplement; sampled_from_bucket=medium_negative,auto_supplement
nfl_football,da55cd73825ec30c,combat_sports,positive,medium_negative,400183,"Main-card fights, including a welterweight title fight between champ Nate Marquardt and Tarec Saffiedine, air live on Showtime.",promotion_anchor,title fight,combat_sports,medium_negative,yes,high,topical_but_not_primary,,annotation_source=auto_supplement; sampled_from_bucket=medium_negative,auto_supplement
nfl_football,129dd980536cc6b4,gaming_general,positive,medium_negative,116973,reason: What does a video game company want with an economist?,platform_anchor,video game,gaming_general,medium_negative,yes,high,topical_but_not_primary,,annotation_source=auto_supplement; sampled_from_bucket=medium_negative,auto_supplement
nfl_football,66e9e979b1bb9ce3,combat_sports,positive,medium_negative,56575,Even more MMA goodness after the jump.,promotion_anchor,mma,combat_sports,medium_negative,yes,high,topical_but_not_primary,,annotation_source=auto_supplement; sampled_from_bucket=medium_negative,auto_supplement
nfl_football,00539e3a5d150393,gaming_general,positive,medium_negative,150855,"For as good a job as these games do in providing life simulations that promote the importance of community, the one thing that the Harvest Moon series has never perfected is multiplayer, and that rings true in Story of Seasons.",esports_and_live_service,multiplayer,gaming_general,medium_negative,yes,high,topical_but_not_primary,,annotation_source=auto_supplement; sampled_from_bucket=medium_negative,auto_supplement
nfl_football,df4c9f3538f56dad,gaming_general,positive,medium_negative,295010,"We believe this will appeal to anyone who has even a slight interest in video game production, from gamers who want to know more about the game development pipeline to even parents who have young children who aspire to work in the industry, We Made A Game will be for everyone who loves games and wants an insight into how they're made.",platform_anchor,video game,gaming_general,medium_negative,yes,high,topical_but_not_primary,,annotation_source=auto_supplement; sampled_from_bucket=medium_negative,auto_supplement
nfl_football,a18391aab491d135,combat_sports,positive,medium_negative,433973,"One former champion who may have been expected to appear on the list is Frank Mir, yet remarkably he earned just $45,000 for his first round defeat against Brock Lesnar at UFC 100.",promotion_anchor,ufc,combat_sports,medium_negative,yes,high,topical_but_not_primary,,annotation_source=auto_supplement; sampled_from_bucket=medium_negative,auto_supplement
nfl_football,7a54b3d0c160e43c,gaming_general,positive,medium_negative,230939,Listen to the latest speech by Nintendo president Satoru Iwata and the company's philosophy seeps through: games don't need to be more complicated; game machines don't need to be more complicated.,platform_anchor,nintendo,gaming_general,medium_negative,yes,high,topical_but_not_primary,,annotation_source=auto_supplement; sampled_from_bucket=medium_negative,auto_supplement
nfl_football,93c8cf9d1188532f,combat_sports,positive,medium_negative,433962,Long time fighter in the UFC and Current lightweight champion BJ Penn is perhaps the most obvious name that didn’t make the top 12.,promotion_anchor,ufc,combat_sports,medium_negative,yes,high,topical_but_not_primary,,annotation_source=auto_supplement; sampled_from_bucket=medium_negative,auto_supplement
nfl_football,47b1bce448a583fa,gaming_general,positive,medium_negative,186741,Already unlocked are the PS4 and Xbox One releases.,platform_anchor,xbox,gaming_general,medium_negative,yes,high,topical_but_not_primary,,annotation_source=auto_supplement; sampled_from_bucket=medium_negative,auto_supplement
nfl_football,0e0f1e4b6e5fcf20,combat_sports,positive,medium_negative,146225,Berto and Porter will meet April 22 in a Showtime Boxing main event in Brooklyn.,fighter_entities;promotion_anchor,boxing;main event,combat_sports,medium_negative,yes,high,topical_but_not_primary,,annotation_source=auto_supplement; sampled_from_bucket=medium_negative,auto_supplement
nfl_football,adb61269ae9dd5b2,gaming_general,positive,medium_negative,202570,And the experience of using ESPN's website should feel a little more consistent between the Xbox and whatever else you're using.,platform_anchor,xbox,gaming_general,medium_negative,yes,high,topical_but_not_primary,,annotation_source=auto_supplement; sampled_from_bucket=medium_negative,auto_supplement
nfl_football,f5b307ee8993a1f1,gaming_general,positive,medium_negative,271247,But one of the biggest draws is a six-seater table featuring a video game that gamblers play for money.,platform_anchor,video game,gaming_general,medium_negative,yes,high,topical_but_not_primary,,annotation_source=auto_supplement; sampled_from_bucket=medium_negative,auto_supplement
nfl_football,4ca4ba512e447c5e,gaming_general,positive,medium_negative,229617,God and the PlayStation 3 -Deacon Duncan.,platform_anchor,playstation,gaming_general,medium_negative,yes,high,topical_but_not_primary,,annotation_source=auto_supplement; sampled_from_bucket=medium_negative,auto_supplement
nfl_football,9dff1214c9c8b6de,gaming_general,positive,medium_negative,125217,"It’s a tremendous week for PlayStation games, so read on for the full list.",platform_anchor,playstation,gaming_general,medium_negative,yes,high,topical_but_not_primary,,annotation_source=auto_supplement; sampled_from_bucket=medium_negative,auto_supplement
nfl_football,285dfe03ceb7035c,gaming_general,positive,medium_negative,14304,"An Xbox press release by PUBG Corp. CEO Chang Han Kim says the following:

""In addition to announcing Xbox’s XGP launch date on December 12, we also shared the exciting news that we’re on track to launch 1.0 for the PC version in late December.",platform_anchor,xbox,gaming_general,medium_negative,yes,high,topical_but_not_primary,,annotation_source=auto_supplement; sampled_from_bucket=medium_negative,auto_supplement
nfl_football,cc0ccec458c03760,combat_sports,positive,medium_negative,433945,"—

Rashad Evans: $200,000 (+ $175,000 for a win)

The fifth light-heavyweight star on this list, Rashad Evans has come along way from winning a six figure contract (spread out over three years) with the UFC after winning The Ultimate Fighter Season 2.",promotion_anchor,heavyweight;ufc,combat_sports,medium_negative,yes,high,topical_but_not_primary,,annotation_source=auto_supplement; sampled_from_bucket=medium_negative,auto_supplement
nfl_football,f10bb3734def7613,gaming_general,positive,medium_negative,178129,"So multiplayer became our focus, as we encouraged our readers to take advantage of the parties and family reunions that naturally happen around Thanksgiving, Christmas and New Year’s each year and enjoy some Nintendo game time with friends and family – playing games like Wii Party U, Mario Party: Island Tour and our cover game, Super Mario 3D World.",esports_and_live_service;platform_anchor,multiplayer;nintendo,gaming_general,medium_negative,yes,high,topical_but_not_primary,,annotation_source=auto_supplement; sampled_from_bucket=medium_negative,auto_supplement
nfl_football,a6de25b28231d341,combat_sports,positive,medium_negative,460810,The timekeepers responsible for allowing the first round of the Gennady Golovkin-Daniel Geale middleweight world title fight to run for four minutes -- one minute longer than rounds are supposed to last -- were suspended by the New York State Athletic Commission on Monday.,promotion_anchor,title fight,combat_sports,medium_negative,yes,high,topical_but_not_primary,,annotation_source=auto_supplement; sampled_from_bucket=medium_negative,auto_supplement
nfl_football,6f263478f52fe44f,gaming_general,positive,medium_negative,162423,[11] This dance is also included as an easter egg in the video game Medal of Honor: Allied Assault Spearhead.,platform_anchor,video game,gaming_general,medium_negative,yes,high,topical_but_not_primary,,annotation_source=auto_supplement; sampled_from_bucket=medium_negative,auto_supplement
nfl_football,a75c9be77b0dea3b,gaming_general,positive,medium_negative,168253,"Now, some of you may already know Reverie is coming first to the PlayStation Vita worldwide in Q1 2018, but we are very happy to announce that it will also be coming to PlayStation 4 soon after, as a physical release and digitally on PlayStation Store.",platform_anchor,playstation,gaming_general,medium_negative,yes,high,topical_but_not_primary,,annotation_source=auto_supplement; sampled_from_bucket=medium_negative,auto_supplement
nfl_football,206b8f0b7aa51fad,gaming_general,positive,medium_negative,41984,"Nintendo hasn't commented on the matter, but a recent job listing seems to indicate that the presentations will continue.",platform_anchor,nintendo,gaming_general,medium_negative,yes,high,topical_but_not_primary,,annotation_source=auto_supplement; sampled_from_bucket=medium_negative,auto_supplement
nfl_football,2190bd1f1b37af9a,combat_sports,positive,medium_negative,232689,"“Depression clings to me — it’s hard to walk, to shower, to try, to care.”

During the first debate of the general election, which was watched by 84 million people, Donald brought up the former “View” hosts name while sparring with Hillary Clinton over political attack ads.",training_and_matchmaking,sparring,combat_sports,medium_negative,yes,high,topical_but_not_primary,,annotation_source=auto_supplement; sampled_from_bucket=medium_negative,auto_supplement
nfl_football,59aca3b5faa082fb,gaming_general,positive,medium_negative,187581,"The Fractured But Whole is coming to PlayStation 4, Xbox One, and PC.",platform_anchor,playstation;xbox,gaming_general,medium_negative,yes,high,topical_but_not_primary,,annotation_source=auto_supplement; sampled_from_bucket=medium_negative,auto_supplement
nfl_football,478119f9d9063291,gaming_general,positive,medium_negative,327458,"From Homeworld, Relic went on to make the interesting, but less remembered Impossible Creatures, and then created perhaps the most highly regarded Warhammer video game ever released: Dawn of War.",platform_anchor,video game,gaming_general,medium_negative,yes,high,topical_but_not_primary,,annotation_source=auto_supplement; sampled_from_bucket=medium_negative,auto_supplement
nfl_football,3c4c1a7c837531ef,combat_sports,positive,medium_negative,74557,I just hope that the rest of the pay-per-view doesn’t spoil the whole night.,fighter_entities,pay-per-view,combat_sports,medium_negative,yes,high,topical_but_not_primary,,annotation_source=auto_supplement; sampled_from_bucket=medium_negative,auto_supplement
nfl_football,da9c5adbc7c1471c,combat_sports,positive,medium_negative,49537,"###

About the Ultimate Fighting Championship®

Owned and operated by Zuffa, LLC, the Ultimate Fighting Championship (UFC®) is the premier mixed martial arts (MMA) organization and largest pay-per-view event provider in the world.",fighter_entities;promotion_anchor,mma;pay-per-view;ufc,combat_sports,medium_negative,yes,high,topical_but_not_primary,,annotation_source=auto_supplement; sampled_from_bucket=medium_negative,auto_supplement
nfl_football,5ce9acae8d7c0dc2,combat_sports,positive,medium_negative,442406,"That’s being fake to me.”

Riggs, 32, moved back on to his MMA career and appeared in three fights, spanning from 2012 to 2013.",promotion_anchor,mma,combat_sports,medium_negative,yes,high,topical_but_not_primary,,annotation_source=auto_supplement; sampled_from_bucket=medium_negative,auto_supplement
nfl_football,03f1ead5138dfdef,combat_sports,positive,medium_negative,31478,"The 2016 college Senior Bowl begins tomorrow with the weigh-in, followed by practices Tuesday-Thursday, with the game next Saturday January 30th.",fighter_entities,weigh-in,combat_sports,medium_negative,yes,high,topical_but_not_primary,,annotation_source=auto_supplement; sampled_from_bucket=medium_negative,auto_supplement
nfl_football,7986a1aa93be634e,combat_sports,positive,medium_negative,460208,"— Brett Okamoto (@bokamotoESPN) September 22, 2016

Aldo, who also criticized the UFC’s sponsorship deal with Reebok, captured the interim 145-pound title when he cruised to a unanimous decision win over Frankie Edgar at UFC 200.",promotion_anchor,ufc,combat_sports,medium_negative,yes,high,topical_but_not_primary,,annotation_source=auto_supplement; sampled_from_bucket=medium_negative,auto_supplement
nfl_football,533d88b5d60a0b3b,gaming_general,positive,medium_negative,203171,"Like the suicidal animals on which the classic video game drew inspiration, the Lemmings brand has in recent years gone off a cliff — the cliff of public awareness!",platform_anchor,video game,gaming_general,medium_negative,yes,high,topical_but_not_primary,,annotation_source=auto_supplement; sampled_from_bucket=medium_negative,auto_supplement
nfl_football,4dba855d0c17e4b9,gaming_general,positive,medium_negative,137785,This next very important step to Steam Early Access launch will rely very heavily on this community to ensure all the newcomers experiences are as great as the ones we have already had over the Alpha period.,platform_anchor,steam,gaming_general,medium_negative,yes,high,topical_but_not_primary,,annotation_source=auto_supplement; sampled_from_bucket=medium_negative,auto_supplement
nfl_football,7db3089867d8fc32,gaming_general,positive,medium_negative,178109,"The incredible reception proved that an audience still existed hungry for Nintendo games coverage in magazine form, and propelled us to pursue subscriptions and enter production on a full year of follow-up issues.",platform_anchor,nintendo,gaming_general,medium_negative,yes,high,topical_but_not_primary,,annotation_source=auto_supplement; sampled_from_bucket=medium_negative,auto_supplement
nfl_football,9e291080e535cb11,gaming_general,positive,medium_negative,69995,"Unfortunately, they eventually have to turn off the Playstation and go to bed since they have school and all.",platform_anchor,playstation,gaming_general,medium_negative,yes,high,topical_but_not_primary,,annotation_source=auto_supplement; sampled_from_bucket=medium_negative,auto_supplement
nfl_football,0187b64628cdeea6,gaming_general,positive,medium_negative,126211,"[61][62]

The website for Harmonix's The Beatles: Rock Band video game is notable as the first evidence of the Apple, Inc./Apple Corps Ltd. settlement: ""Apple Corps"" is prominently referred to throughout, and the ""Granny Smith"" Apple logo appears but the text beneath the logo now reads ""Apple Corps"" rather than the previous ""Apple"".",platform_anchor,video game,gaming_general,medium_negative,yes,high,topical_but_not_primary,,annotation_source=auto_supplement; sampled_from_bucket=medium_negative,auto_supplement
nfl_football,605103ca42355302,combat_sports,positive,medium_negative,497492,"Earlier in the week we had a chance to pay UFC welterweight Mike Pierce a visit at the Affliction Gym in Seal Beach, CA.",promotion_anchor,ufc,combat_sports,medium_negative,yes,high,topical_but_not_primary,,annotation_source=auto_supplement; sampled_from_bucket=medium_negative,auto_supplement
nfl_football,703a7427d8b7a515,gaming_general,positive,medium_negative,170730,"Usually in an old 2D Nintendo game a bug is no more than a few lines of code to fix, whereas in a 3D game it could be something in the animation system stomping memory in the renderer.",platform_anchor,nintendo,gaming_general,medium_negative,yes,high,topical_but_not_primary,,annotation_source=auto_supplement; sampled_from_bucket=medium_negative,auto_supplement
nfl_football,e8336524e39ff889,gaming_general,positive,medium_negative,122742,Final Fantasy VII Remake is currently in development for PlayStation 4.,platform_anchor,playstation,gaming_general,medium_negative,yes,high,topical_but_not_primary,,annotation_source=auto_supplement; sampled_from_bucket=medium_negative,auto_supplement
nfl_football,879e5bf6d203d880,combat_sports,positive,medium_negative,342082,"“What Miesha has been able to do in her MMA career speaks volumes not only for her athleticism but for her marketability,” Harvick said.",promotion_anchor,mma,combat_sports,medium_negative,yes,high,topical_but_not_primary,,annotation_source=auto_supplement; sampled_from_bucket=medium_negative,auto_supplement
nfl_football,85a3d8bbb2bc759f,gaming_general,positive,medium_negative,182032,"Along with the Xbox One, Microsoft also announced a new Kinect today — and it appears the updated motion-tracking system will be coming to Windows PCs just like its predecessor.",platform_anchor,xbox,gaming_general,medium_negative,yes,high,topical_but_not_primary,,annotation_source=auto_supplement; sampled_from_bucket=medium_negative,auto_supplement
nfl_football,f49d96c34bbe678e,combat_sports,positive,medium_negative,154639,"UFC FN — GILBERT BURNS (@GilbertDurinho) November 7, 2017

Yes lets do it — Olivier Aubin (@oliaubin) November 7, 2017

Burns saw action most recently at September’s UFC Fight Night 116 event, scoring a second-round knockout of Jason Saggo.",fighter_entities;promotion_anchor,knockout;ufc,combat_sports,medium_negative,yes,high,topical_but_not_primary,,annotation_source=auto_supplement; sampled_from_bucket=medium_negative,auto_supplement
nfl_football,181e87d00cf04121,combat_sports,positive,medium_negative,380758,"The cars run heats and semifinals in order to set the field for the 10-car main event, which makes for a fast-paced race day.",fighter_entities,main event,combat_sports,medium_negative,yes,high,topical_but_not_primary,,annotation_source=auto_supplement; sampled_from_bucket=medium_negative,auto_supplement
nfl_football,4940f7599751f29b,gaming_general,positive,medium_negative,240352,"I spoke with PQube and XSEED Games, but no version of Akiba’s Beat is going to be made compatible with the PlayStation TV (even though enabling it is as simple as hitting a checkbox).",platform_anchor,playstation,gaming_general,medium_negative,yes,high,topical_but_not_primary,,annotation_source=auto_supplement; sampled_from_bucket=medium_negative,auto_supplement
nfl_football,e0807964a595f226,combat_sports,positive,medium_negative,433957,"It’s not known whether Silva currently has a win bonus written into his contract, though having won just one of his four fights since his return to the UFC in 2007, this has perhaps been something of a moot point lately.",promotion_anchor,ufc,combat_sports,medium_negative,yes,high,topical_but_not_primary,,annotation_source=auto_supplement; sampled_from_bucket=medium_negative,auto_supplement
nfl_football,9d7cc1b6ce0d8f81,combat_sports,positive,medium_negative,488710,UFC 213 took place this past Saturday night at the T-Mobile Arena in Las Vegas and the main card on pay-per-view was headlined by Robert Whittaker becoming the interim middleweight champion with a decision victory over Yoel Romero.,fighter_entities;promotion_anchor,pay-per-view;ufc,combat_sports,medium_negative,yes,high,topical_but_not_primary,,annotation_source=auto_supplement; sampled_from_bucket=medium_negative,auto_supplement
nfl_football,679e2e57cde8260e,combat_sports,positive,medium_negative,365569,"[12][13] For the 1970 Main Event, Moss was actually elected champion by his peers and received a silver cup as his prize.",fighter_entities,main event,combat_sports,medium_negative,yes,high,topical_but_not_primary,,annotation_source=auto_supplement; sampled_from_bucket=medium_negative,auto_supplement
nfl_football,ab711b1e33284be8,gaming_general,positive,medium_negative,166595,"I think Norway has some interest in esports right now, but more from a spectator side.",esports_and_live_service,esports,gaming_general,medium_negative,yes,high,topical_but_not_primary,,annotation_source=auto_supplement; sampled_from_bucket=medium_negative,auto_supplement
nfl_football,aeae86c2f0cbf065,gaming_general,positive,medium_negative,46358,"The industry is fond of saying that no one has yet been able to prove that a specific act of violence was ""caused"" by someone playing a video game.",platform_anchor,video game,gaming_general,medium_negative,yes,high,topical_but_not_primary,,annotation_source=auto_supplement; sampled_from_bucket=medium_negative,auto_supplement
nfl_football,e8c4a5aed3cc750f,gaming_general,positive,medium_negative,135058,Feels like the equivalent of eSports protectionism lol.,esports_and_live_service,esports,gaming_general,medium_negative,yes,high,topical_but_not_primary,,annotation_source=auto_supplement; sampled_from_bucket=medium_negative,auto_supplement
nfl_football,55c9585afe8621da,gaming_general,positive,medium_negative,245057,"Whether there will be any multiplayer in The Witcher 3, we don't yet know.",esports_and_live_service,multiplayer,gaming_general,medium_negative,yes,high,topical_but_not_primary,,annotation_source=auto_supplement; sampled_from_bucket=medium_negative,auto_supplement
nfl_football,151540860ff266ac,combat_sports,positive,medium_negative,342077,"They have all the capabilities I am looking for in an agency, and I really look forward to what the future will hold both inside and out of the Octagon.”

Tate, a former Strikeforce Women’s bantamweight champion, is based and trains in Las Vegas.",fighter_entities,octagon,combat_sports,medium_negative,yes,high,topical_but_not_primary,,annotation_source=auto_supplement; sampled_from_bucket=medium_negative,auto_supplement
nfl_football,5fa0f33f3cfe8222,combat_sports,positive,medium_negative,328659,"""The Answer"" made sure to be on hand to watch UFC 189 on Saturday night in Las Vegas, and also to greet and challenge the new interim champion immediately afterward.",promotion_anchor,ufc,combat_sports,medium_negative,yes,high,topical_but_not_primary,,annotation_source=auto_supplement; sampled_from_bucket=medium_negative,auto_supplement
nfl_football,7440c24b333e7032,gaming_general,positive,medium_negative,222561,"While it has demand from fans, all these contracts they stupidly signed with Nintendo is tying their hands from doing a straight port.",platform_anchor,nintendo,gaming_general,medium_negative,yes,high,topical_but_not_primary,,annotation_source=auto_supplement; sampled_from_bucket=medium_negative,auto_supplement
nfl_football,a99a7cfbeb6c6ca8,gaming_general,positive,medium_negative,245065,"And yes it will be an open world game as well.""",gameplay_jargon,open world,gaming_general,medium_negative,yes,high,topical_but_not_primary,,annotation_source=auto_supplement; sampled_from_bucket=medium_negative,auto_supplement
nfl_football,1f224acaf8295c7d,combat_sports,positive,medium_negative,342089,"Rousey and Tate served as the first-ever female coaches and mentors for the show, which welcomed female fighters to the series and the UFC house for the first time since its inception in 2005.",promotion_anchor,ufc,combat_sports,medium_negative,yes,high,topical_but_not_primary,,annotation_source=auto_supplement; sampled_from_bucket=medium_negative,auto_supplement
nfl_football,92306db9e4d3e58a,gaming_general,positive,medium_negative,305572,"The update for the Xbox One will arrive sometime in 2015, the company said Tuesday.",platform_anchor,xbox,gaming_general,medium_negative,yes,high,topical_but_not_primary,,annotation_source=auto_supplement; sampled_from_bucket=medium_negative,auto_supplement
nfl_football,47dd475717e3f4ec,gaming_general,positive,medium_negative,178099,"So we assembled a dream team of the most well known Nintendo journalists from around the world and launched a new magazine just a little over a year ago – the first issue went on sale on January 11, 2013, exactly one month after Nintendo Power ended.",platform_anchor,nintendo,gaming_general,medium_negative,yes,high,topical_but_not_primary,,annotation_source=auto_supplement; sampled_from_bucket=medium_negative,auto_supplement
nfl_football,ee9a4eb16bdc6c5e,gaming_general,positive,medium_negative,210825,"Exit Theatre Mode

Multiplayer combat is the sole focus of the free-to-play MechWarrior Online.",esports_and_live_service,multiplayer,gaming_general,medium_negative,yes,high,topical_but_not_primary,,annotation_source=auto_supplement; sampled_from_bucket=medium_negative,auto_supplement
nfl_football,6bfd14beeb44c15c,combat_sports,positive,medium_negative,66258,"However, he went against the grain and was one of only two staffers to predict middleweight Nate Marquardt (33-13-2 MMA, 11-6 UFC) to beat Brad Tavares (12-3 MMA, 7-3 UFC).",promotion_anchor,mma;ufc,combat_sports,medium_negative,yes,high,topical_but_not_primary,,annotation_source=auto_supplement; sampled_from_bucket=medium_negative,auto_supplement
nfl_football,48a89521ab2acac3,combat_sports,positive,medium_negative,28342,The reality series format has been a big hit in the past for Spike TV when it partnered with the UFC for The Ultimate Fighter.,promotion_anchor,ufc,combat_sports,medium_negative,yes,high,topical_but_not_primary,,annotation_source=auto_supplement; sampled_from_bucket=medium_negative,auto_supplement
nfl_football,b1bbebf210b3db77,combat_sports,positive,medium_negative,228376,"On Saturday, the resilient welterweight will square off with Diego Sanchez in the co-main event at UFC Fight Night 120 in Norfolk, VA, for that final effort.",fighter_entities;promotion_anchor,main event;ufc,combat_sports,medium_negative,yes,high,topical_but_not_primary,,annotation_source=auto_supplement; sampled_from_bucket=medium_negative,auto_supplement
nfl_football,34d48692fbef5ccb,combat_sports,positive,medium_negative,58481,Bloody Elbow will provide news when the UFC release an official statement on the matter.,promotion_anchor,ufc,combat_sports,medium_negative,yes,high,topical_but_not_primary,,annotation_source=auto_supplement; sampled_from_bucket=medium_negative,auto_supplement
nfl_football,a91356796afd6cba,combat_sports,positive,medium_negative,328658,He was crushed to have gotten passed over again when UFC 189 needed a last-minute replacement to face Conor McGregor after champion Jose Aldo pulled out with a broken rib.,promotion_anchor,ufc,combat_sports,medium_negative,yes,high,topical_but_not_primary,,annotation_source=auto_supplement; sampled_from_bucket=medium_negative,auto_supplement
nfl_football,f3b60e5f195c0eef,gaming_general,positive,medium_negative,32449,"The system reached a new sales low in November when it managed to sell only 4,021 units across Japan in a week, placing behind even the ancient PlayStation Portable and selling less than 1/46th as much as the 3DS in the same period.",platform_anchor,playstation,gaming_general,medium_negative,yes,high,topical_but_not_primary,,annotation_source=auto_supplement; sampled_from_bucket=medium_negative,auto_supplement
nfl_football,6514b0d0ff0bef36,combat_sports,positive,medium_negative,49538,"Headquartered in Las Vegas with offices in London, Toronto, Singapore and Sao Paulo, UFC produces more than 40 live events annually that consistently sell out some of the most prestigious arenas around the globe.",promotion_anchor,ufc,combat_sports,medium_negative,yes,high,topical_but_not_primary,,annotation_source=auto_supplement; sampled_from_bucket=medium_negative,auto_supplement
nfl_football,ea595cc4ccb3057e,combat_sports,positive,medium_negative,154636,Now the two simply need to get UFC brass to offer up a few bout agreements.,promotion_anchor,ufc,combat_sports,medium_negative,yes,high,topical_but_not_primary,,annotation_source=auto_supplement; sampled_from_bucket=medium_negative,auto_supplement
nfl_football,0e7140b90360b66d,combat_sports,positive,medium_negative,230618,I have picked them while training and sparring in the UK and in Thailand.,training_and_matchmaking,sparring,combat_sports,medium_negative,yes,high,topical_but_not_primary,,annotation_source=auto_supplement; sampled_from_bucket=medium_negative,auto_supplement
nfl_football,d2a9bb3b033b94b7,combat_sports,positive,medium_negative,433952,"Though historically not considered one of the promotions biggest Pay Per View draws, Silva’s status as one of the top three pound for pound fighters in the sport, and currently holding the record for most consecutive UFC wins (10), the Brazilian is undoubtedly worth every penny he earns.",promotion_anchor,ufc,combat_sports,medium_negative,yes,high,topical_but_not_primary,,annotation_source=auto_supplement; sampled_from_bucket=medium_negative,auto_supplement
nfl_football,5d32fd170f0f2828,gaming_general,positive,medium_negative,225257,"Proof can be found in the comments section on YouTube, in multiplayer Xbox games, and under nearly every politics story on the Web.",esports_and_live_service;platform_anchor,multiplayer;xbox,gaming_general,medium_negative,yes,high,topical_but_not_primary,,annotation_source=auto_supplement; sampled_from_bucket=medium_negative,auto_supplement
nfl_football,386f06ea18d3017e,gaming_general,positive,medium_negative,339267,"It comes loaded with Windows 10, supports Steam games, has 8 gigs of ram, and a 128 gb hard drive.",platform_anchor,steam,gaming_general,medium_negative,yes,high,topical_but_not_primary,,annotation_source=auto_supplement; sampled_from_bucket=medium_negative,auto_supplement
nfl_football,9951b62538ffca70,combat_sports,positive,medium_negative,446099,"Within the first five minutes of the season premiere Scott and Stonebridge are leading a commando raid on a gang hideout, and the action goes in short order to Stonebridge sparring with a cleaver-wielding thug and Scott commandeering a jet ski for a chase through Bangkok rivers.",training_and_matchmaking,sparring,combat_sports,medium_negative,yes,high,topical_but_not_primary,,annotation_source=auto_supplement; sampled_from_bucket=medium_negative,auto_supplement
nfl_football,68b90651a2d9e01f,combat_sports,positive,medium_negative,206326,7 in the UFC's light-heavyweight rankings.,promotion_anchor,heavyweight;ufc,combat_sports,medium_negative,yes,high,topical_but_not_primary,,annotation_source=auto_supplement; sampled_from_bucket=medium_negative,auto_supplement
nfl_football,445b3db16a1fb5a8,combat_sports,positive,medium_negative,154635,"With no trash talk needed, the two UFC lightweights are simply hoping to book a clash at the recently announced UFC on FOX 27 event, which takes place Jan. 27 at Spectrum Center in Charlotte, N.C.

Burns recently issued the challenge, and Aubin-Mericer happily accepted.",promotion_anchor,ufc,combat_sports,medium_negative,yes,high,topical_but_not_primary,,annotation_source=auto_supplement; sampled_from_bucket=medium_negative,auto_supplement
nfl_football,491314f6f4636903,gaming_general,positive,medium_negative,125240,"PS4 — Digital, Retail

Elite Dangerous is the definitive massively multiplayer space epic, bringing gaming’s original open world adventure to the modern generation with a connected galaxy, evolving narrative, and the entirety of the Milky Way re-created at its full galactic proportions.",esports_and_live_service;gameplay_jargon,multiplayer;open world,gaming_general,medium_negative,yes,high,topical_but_not_primary,,annotation_source=auto_supplement; sampled_from_bucket=medium_negative,auto_supplement
nfl_football,cad2e8db8f9a3b15,combat_sports,positive,medium_negative,433930,"—

Antonio Rodrigo Nogueira: $250,000 (+ $150,000 for a win)

Another veteran, Pride legend and former UFC interim heavyweight champion Antonio Rodrigo Nogueira, is also well paid for his battles in the octagon.",fighter_entities;promotion_anchor,heavyweight;octagon;ufc,combat_sports,medium_negative,yes,high,topical_but_not_primary,,annotation_source=auto_supplement; sampled_from_bucket=medium_negative,auto_supplement
nfl_football,9b5fda692455026a,combat_sports,positive,medium_negative,171155,"Robert Whittaker

Should fight: Winner of Nate Marquardt vs. Brad Tavares at UFC 182

Why they should fight: Whittaker’s decision to move up to middleweight was clearly the right one.",promotion_anchor,ufc,combat_sports,medium_negative,yes,high,topical_but_not_primary,,annotation_source=auto_supplement; sampled_from_bucket=medium_negative,auto_supplement
nfl_football,4b5fc96e56dba7ae,gaming_general,positive,medium_negative,98963,"]”

“No free battle or online versus, and a drastic reduction of the number of mechs available, I don’t get what’s the point of this game.”

“The worst content of all Gundam games as of late.”

“While it’s okay to release [a game] as a standalone version with the premise of solo-play, the degree of completeness is way too low, even for a single player game.”

“The stress that comes from its bad camera angles is just horrible.”

“The retail version can be sold as a used game, but for those who purchased the download version, it’s like they threw 7,000 yen down the gutters.”

“If they can’t put in a free battle mode, then I wish they’d at least have an arcade mode.”

“Gundam fans are being looked down upon by Bandai Namco, who probably think they can cut corners for a game and still have it sell.”

Mobile Suit Gundam: Extreme VS Force will release in the west in 2016 for PlayStation Vita.",platform_anchor,playstation,gaming_general,medium_negative,yes,high,topical_but_not_primary,,annotation_source=auto_supplement; sampled_from_bucket=medium_negative,auto_supplement
nfl_football,09f92d9120ffb919,combat_sports,positive,medium_negative,47832,"With Barnett, in a 19-year MMA career, he had never tapped out to a submission hold.",promotion_anchor;training_and_matchmaking,mma;submission,combat_sports,medium_negative,yes,high,topical_but_not_primary,,annotation_source=auto_supplement; sampled_from_bucket=medium_negative,auto_supplement
nfl_football,62b34bf24ea5851a,combat_sports,positive,medium_negative,206328,"A four-time NCAA Division I All-American wrestler at Penn State University, Davis is managed by Zinkin Entertainment, who's long had a great working relationship with Bellator president Scott Coker.",promotion_anchor,bellator,combat_sports,medium_negative,yes,high,topical_but_not_primary,,annotation_source=auto_supplement; sampled_from_bucket=medium_negative,auto_supplement
nfl_football,43156b6d582462c5,gaming_general,positive,medium_negative,222140,"<span id=""lnum1"" style=""color: #606060""> 1:</span> <span style=""color: #0000ff"">string</span>.Format(<span style=""color: #006080"">""http://click.linksynergy.com/deeplink?id={0}&mid=39033&murl={1}""</span>, <span style=""color: #006080"">""{your Xbox music LinkShare id}""</span>, HttpUtility.UrlEncode(<span style=""color: #0000ff"">string</span>.Concat(item.Link, <span style=""color: #006080"">""&action=play""</span>))) 1 < span id = ""lnum1"" style = ""color: #606060"" > 1 : < / span > < span style = ""color: #0000ff"" > string < / span > .",platform_anchor,xbox,gaming_general,medium_negative,yes,high,topical_but_not_primary,,annotation_source=auto_supplement; sampled_from_bucket=medium_negative,auto_supplement
nfl_football,44dff0fe630769e8,gaming_general,positive,medium_negative,36596,"Sarah Tew/CNET

Suffice it to say, the One S plays all existing Xbox One games, and a growing list of Xbox 360 games.",platform_anchor,xbox,gaming_general,medium_negative,yes,high,topical_but_not_primary,,annotation_source=auto_supplement; sampled_from_bucket=medium_negative,auto_supplement
nfl_football,122c99792c1609af,gaming_general,positive,medium_negative,295019,What I can tell you for certain is that we're creating a new and innovative game to be released on the Xbox One through the ID@Xbox program.,platform_anchor,xbox,gaming_general,medium_negative,yes,high,topical_but_not_primary,,annotation_source=auto_supplement; sampled_from_bucket=medium_negative,auto_supplement
nfl_football,b80aa7a8a07bd6fa,combat_sports,positive,medium_negative,342088,"Team Tate, a reality show in which eight women and eight men bantamweight fighters lived and trained together as they vied for the “The Ultimate Fighter” title and a six-figure contract with the UFC.",promotion_anchor,ufc,combat_sports,medium_negative,yes,high,topical_but_not_primary,,annotation_source=auto_supplement; sampled_from_bucket=medium_negative,auto_supplement
nfl_football,b87d0cd168dc8215,gaming_general,positive,medium_negative,117002,In the video game world it's quite astonishing to watch.,platform_anchor,video game,gaming_general,medium_negative,yes,high,topical_but_not_primary,,annotation_source=auto_supplement; sampled_from_bucket=medium_negative,auto_supplement
nfl_football,d12af0fa53cf4679,gaming_general,positive,medium_negative,333214,Its multiplayer beta failed to impress.,esports_and_live_service,multiplayer,gaming_general,medium_negative,yes,high,topical_but_not_primary,,annotation_source=auto_supplement; sampled_from_bucket=medium_negative,auto_supplement
nfl_football,6ee0f45fd5fb8a09,gaming_general,positive,medium_negative,31643,"Also Read : Now Nintendo 3DS XL can Run Windows 95

All it takes is a Raspberry Pi Zero and a couple of cables.",platform_anchor,nintendo,gaming_general,medium_negative,yes,high,topical_but_not_primary,,annotation_source=auto_supplement; sampled_from_bucket=medium_negative,auto_supplement
nfl_football,1982d5da784e4baa,combat_sports,positive,medium_negative,483594,"In the main event, Henderson held the significant strike advantage over Masvidal 86 to 77.",fighter_entities,main event,combat_sports,medium_negative,yes,high,topical_but_not_primary,,annotation_source=auto_supplement; sampled_from_bucket=medium_negative,auto_supplement
nfl_football,bbfe09dcacaadf89,combat_sports,positive,medium_negative,47824,"Anthony ""Rumble"" Johnson's 86-second knockout win over Ryan Bader in the main event, putting him in the front of the line for a future light heavyweight title shot, was neither a surprise nor a submission.",fighter_entities;promotion_anchor;training_and_matchmaking,heavyweight;knockout;main event;submission;title shot,combat_sports,medium_negative,yes,high,topical_but_not_primary,,annotation_source=auto_supplement; sampled_from_bucket=medium_negative,auto_supplement
nfl_football,980119510cd648a9,gaming_general,positive,medium_negative,119852,"Six years later, publisher Electronic Arts shocked those fans by announcing Mirror's Edge Catalyst , a ""reimagining""/reboot of the series starring Faith in an open world.",gameplay_jargon,open world,gaming_general,medium_negative,yes,high,topical_but_not_primary,,annotation_source=auto_supplement; sampled_from_bucket=medium_negative,auto_supplement
nfl_football,c0c9c703cc2cfa6b,gaming_general,positive,medium_negative,326893,"While high end graphical versions, at the time at least, were given a lukewarm reception on both the PC and the Sony Playstation, one version of the game was released quietly to little fanfare.",platform_anchor,playstation,gaming_general,medium_negative,yes,high,topical_but_not_primary,,annotation_source=auto_supplement; sampled_from_bucket=medium_negative,auto_supplement
nfl_football,fcf4211d48831f1a,gaming_general,positive,medium_negative,265133,"The following games and services will be inaccessible during maintenance:

Arc Games forums

Arc Games main website, product pages and news pages

Arc Games platform including billing and messaging

Arc Games support websites

Battle of the Immortals

Blacklight Retribution (launched from Arc Games)

Champions Online

Forsaken World

Fortuna

Jade Dynasty

Neverwinter (PC & Xbox One)

PWI

Star Trek Online

Swordsman

War of the Immortals

Additional games launched from Arc Games

We anticipate this maintenance to run from October 13 starting at 6:00 am PT and running to 6:00 pm PT.",platform_anchor,xbox,gaming_general,medium_negative,yes,high,topical_but_not_primary,,annotation_source=auto_supplement; sampled_from_bucket=medium_negative,auto_supplement
nfl_football,05f7ec4bdeba0e86,gaming_general,positive,medium_negative,232938,We’ve dedicated countless hours and committed numerous resources to the eSports community to support the world's most aspiring and best gamers and use their knowledge and expertise in our products in return.,esports_and_live_service,esports,gaming_general,medium_negative,yes,high,topical_but_not_primary,,annotation_source=auto_supplement; sampled_from_bucket=medium_negative,auto_supplement
nfl_football,a00a050f3fef09c3,gaming_general,positive,medium_negative,116978,"If you have a kind of community involving millions of people who trade with one another, who engage with one another, and who can even create value through production processes-for instance, designing some shield or some garden and sending it through the store of the community to other players-all of a sudden, these video game companies realized that they have an economy in their hands.",platform_anchor,video game,gaming_general,medium_negative,yes,high,topical_but_not_primary,,annotation_source=auto_supplement; sampled_from_bucket=medium_negative,auto_supplement
nfl_football,7f86225802aa5603,gaming_general,positive,medium_negative,265539,"Veteran Finnish game developer Antti Kallioinen passed away suddenly at the age of 42 on February 24, 2016.",platform_anchor,game developer,gaming_general,medium_negative,yes,high,topical_but_not_primary,,annotation_source=auto_supplement; sampled_from_bucket=medium_negative,auto_supplement
nfl_football,78878769f8737f83,combat_sports,positive,medium_negative,433906,"As the sport of mixed martial arts continues to grow in popularity, the biggest stars in the UFC are in turn becoming increasingly wealthy.",promotion_anchor,ufc,combat_sports,medium_negative,yes,high,topical_but_not_primary,,annotation_source=auto_supplement; sampled_from_bucket=medium_negative,auto_supplement
nfl_football,c775b2e967e20016,combat_sports,positive,medium_negative,433959,"—

Mauricio ‘Shogun’ Rua: $155,000 (win bonus unknown)

The current No.1 contender in the light-heavyweight division, Mauricio ‘Shogun’ Rua claimed $155,000 for his controversial loss against Lyoto Machida at UFC 104.",promotion_anchor,heavyweight;ufc,combat_sports,medium_negative,yes,high,topical_but_not_primary,,annotation_source=auto_supplement; sampled_from_bucket=medium_negative,auto_supplement
nfl_football,00f1373be40408ae,combat_sports,positive,medium_negative,256734,"In more recent years the roster has grown to include MMA fighters, savate kickboxers, and even Turkish oil wrestlers.",promotion_anchor,mma,combat_sports,medium_negative,yes,high,topical_but_not_primary,,annotation_source=auto_supplement; sampled_from_bucket=medium_negative,auto_supplement
nfl_football,5848b26c38667720,gaming_general,positive,medium_negative,80651,"The version of Corpse Party released on the PlayStation Network represents this complete version, localized for the first time for a western audience.",platform_anchor,playstation,gaming_general,medium_negative,yes,high,topical_but_not_primary,,annotation_source=auto_supplement; sampled_from_bucket=medium_negative,auto_supplement
nfl_football,2a3bcc0957d1f0b2,gaming_general,positive,medium_negative,66994,"Mass Effect 4 is being developed by BioWare Montreal, the maker's of Mass Effect 3's co-op multiplayer mode.",esports_and_live_service,multiplayer,gaming_general,medium_negative,yes,high,topical_but_not_primary,,annotation_source=auto_supplement; sampled_from_bucket=medium_negative,auto_supplement
nfl_football,841fe120e63c33df,gaming_general,positive,medium_negative,228879,"On top of that, we’ll have a brand new special event for Versus and a Bonus Loot Drop event in our 25 wave Horde experience – Horde Frenzy!",gameplay_jargon,loot drop,gaming_general,medium_negative,yes,high,topical_but_not_primary,,annotation_source=auto_supplement; sampled_from_bucket=medium_negative,auto_supplement
nfl_football,8f4e3e274db63611,gaming_general,positive,medium_negative,91475,"The third-person video game, which is slated for an early 2014 release, allows players to pretend they’re a little mouse in a dangerous world.",platform_anchor,video game,gaming_general,medium_negative,yes,high,topical_but_not_primary,,annotation_source=auto_supplement; sampled_from_bucket=medium_negative,auto_supplement
nfl_football,c905ca19e6232713,combat_sports,positive,medium_negative,28340,Applications can be downloaded at http://2.images.spike.com/downloads/bellator/Bellator-Long-App.pdf and video submission sent to CastingBellator@gmail.com.,promotion_anchor;training_and_matchmaking,bellator;submission,combat_sports,medium_negative,yes,high,topical_but_not_primary,,annotation_source=auto_supplement; sampled_from_bucket=medium_negative,auto_supplement
nfl_football,990a1e08a17c58f7,combat_sports,positive,medium_negative,59399,"On Wednesday’s new edition of “UFC Tonight,” UFC President Dana White said Gina Carano (7-1 MMA, 0-0 UFC) and Holly Holm (7-0 MMA, 0-0 UFC) are both current targets and that each of them will likely appear in the UFC very soon.",promotion_anchor,mma;ufc,combat_sports,medium_negative,yes,high,topical_but_not_primary,,annotation_source=auto_supplement; sampled_from_bucket=medium_negative,auto_supplement
nfl_football,a5b8aade0127d64a,combat_sports,positive,medium_negative,18269,"RR: For a week or so once, yeah, after judo, before MMA.",promotion_anchor,mma,combat_sports,medium_negative,yes,high,topical_but_not_primary,,annotation_source=auto_supplement; sampled_from_bucket=medium_negative,auto_supplement
nfl_football,36163ea4890a78f0,gaming_general,positive,medium_negative,305585,Microsoft is also reportedly working on allowing people to play full resolution Xbox One games on lower-powered PCs and tablets through Internet Explorer.,platform_anchor,xbox,gaming_general,medium_negative,yes,high,topical_but_not_primary,,annotation_source=auto_supplement; sampled_from_bucket=medium_negative,auto_supplement
nfl_football,a2f62e4b9b8109b5,gaming_general,positive,medium_negative,23911,"DriveClub may have suffered some serious server issues at launch, but the studio both rectified those and delivered arguably the best Season Pass on the PlayStation 4 to date.",platform_anchor,playstation,gaming_general,medium_negative,yes,high,topical_but_not_primary,,annotation_source=auto_supplement; sampled_from_bucket=medium_negative,auto_supplement
nfl_football,3274df7b4bb123d6,gaming_general,positive,medium_negative,232945,"About CEVO:

CEVO is a global eSports company built around North America’s largest competitive online PC gaming league.",esports_and_live_service,esports,gaming_general,medium_negative,yes,high,topical_but_not_primary,,annotation_source=auto_supplement; sampled_from_bucket=medium_negative,auto_supplement
nfl_football,4014a8baf837df2a,combat_sports,positive,medium_negative,324595,"Here's another example, in a more formal setting:

This kind of cultural norm is the same reason that Chechen dictator Ramzan Kadyrov, an all-around nasty character and one of the major political players in the North Caucasus, constantly posts pictures and video of himself hitting pads, sparring, and engaging in other forms of demanding physical activity:

For someone in Kadyrov's position, photos like this aren't a vain affectation; instead, they represent a savvy public relations move in a place where personal physical prowess and toughness are essential components of the cultural ideal of masculinity and power.",training_and_matchmaking,sparring,combat_sports,medium_negative,yes,high,topical_but_not_primary,,annotation_source=auto_supplement; sampled_from_bucket=medium_negative,auto_supplement
nfl_football,c44523fc0fb12b3a,gaming_general,positive,medium_negative,297607,"On 9th September Destiny will launch on PlayStation 4, PlayStation 3, Xbox One and Xbox 360 - but not PC.",platform_anchor,playstation;xbox,gaming_general,medium_negative,yes,high,topical_but_not_primary,,annotation_source=auto_supplement; sampled_from_bucket=medium_negative,auto_supplement
nfl_football,659779346d9b4d2f,combat_sports,positive,medium_negative,18519,"RR: Boxing, MMA and tennis.",promotion_anchor,boxing;mma,combat_sports,medium_negative,yes,high,topical_but_not_primary,,annotation_source=auto_supplement; sampled_from_bucket=medium_negative,auto_supplement
nfl_football,aecbc0298a650666,gaming_general,positive,medium_negative,337687,"But I think if we did do multiplayer, I’m sure we could get to something of that same level.",esports_and_live_service,multiplayer,gaming_general,medium_negative,yes,high,topical_but_not_primary,,annotation_source=auto_supplement; sampled_from_bucket=medium_negative,auto_supplement
nfl_football,886e3af4ed2d5497,combat_sports,positive,medium_negative,219774,"He later won the OVW Heavyweight Championship from ""The Machine"" Doug Basham before losing the belt to The Prototype.",promotion_anchor,heavyweight,combat_sports,medium_negative,yes,high,topical_but_not_primary,,annotation_source=auto_supplement; sampled_from_bucket=medium_negative,auto_supplement
nfl_football,1030c8722fa69d94,gaming_general,positive,medium_negative,324805,"In an interview with Kotaku on Monday, Iranian/Canadian game developer Navid Khonsari revealed he has been branded a spy for his latest game, which depicts the chaos of the 1979 Iranian Revolution.",platform_anchor,game developer,gaming_general,medium_negative,yes,high,topical_but_not_primary,,annotation_source=auto_supplement; sampled_from_bucket=medium_negative,auto_supplement
nfl_football,7f6f29b08e98aae9,combat_sports,positive,medium_negative,1796,"At the same time, Terry told Lowen and I the terms of the KOTC contract in full detail, the plans and steps we would take to make Lowen a MMA star and what was expected from KOTC.",promotion_anchor,mma,combat_sports,medium_negative,yes,high,topical_but_not_primary,,annotation_source=auto_supplement; sampled_from_bucket=medium_negative,auto_supplement
nfl_football,cd372083c3ed7ec6,gaming_general,positive,medium_negative,12917,"""Nintendo does not routinely give away products in response to letters.",platform_anchor,nintendo,gaming_general,medium_negative,yes,high,topical_but_not_primary,,annotation_source=auto_supplement; sampled_from_bucket=medium_negative,auto_supplement
nfl_football,26a48542bfe6cd88,gaming_general,positive,medium_negative,116974,"Yanis Varoufakis: The moment that video game companies shifted from single-player to multiplayer games, without realizing it, they created a social economy.",esports_and_live_service;platform_anchor,multiplayer;video game,gaming_general,medium_negative,yes,high,topical_but_not_primary,,annotation_source=auto_supplement; sampled_from_bucket=medium_negative,auto_supplement
nfl_football,3e5489ff206e67a6,gaming_general,positive,medium_negative,85096,"Rear occupants had use of the entertainment center, which included a video game system on the end of the transmission tunnel, an intercom, and a telephone.",platform_anchor,video game,gaming_general,medium_negative,yes,high,topical_but_not_primary,,annotation_source=auto_supplement; sampled_from_bucket=medium_negative,auto_supplement
nfl_football,86c675b034f9521d,gaming_general,positive,medium_negative,179448,"This is a big reason I hope Microsoft continues to make its video game console (rather than spin it off, as some people in the industry have suggested.)",platform_anchor,video game,gaming_general,medium_negative,yes,high,topical_but_not_primary,,annotation_source=auto_supplement; sampled_from_bucket=medium_negative,auto_supplement
nfl_football,9eb25ef66faa42c6,combat_sports,positive,medium_negative,273603,"Imes (13-7) fought a total of three times with the UFC, losing each of those bouts.",promotion_anchor,ufc,combat_sports,medium_negative,yes,high,topical_but_not_primary,,annotation_source=auto_supplement; sampled_from_bucket=medium_negative,auto_supplement
nfl_football,ea7598908707a01f,gaming_general,positive,medium_negative,238127,"I ask honestly, do you believe this is a reasonable use of your time in what is ultimately a video game?",platform_anchor,video game,gaming_general,medium_negative,yes,high,topical_but_not_primary,,annotation_source=auto_supplement; sampled_from_bucket=medium_negative,auto_supplement
nfl_football,61557d7799bb6e98,gaming_general,positive,medium_negative,222089,"After you filled in all the needed info and your account is in order, open the LinkShare website and navigate to PROGRAMS > Categories – select category Entertainment > Music and look for Xbox Music and press the Apply button on the right side.",platform_anchor,xbox,gaming_general,medium_negative,yes,high,topical_but_not_primary,,annotation_source=auto_supplement; sampled_from_bucket=medium_negative,auto_supplement
nfl_football,f5d66a4f163fc6df,combat_sports,positive,medium_negative,90443,"After the pre-fight press conference for UFC 155 in December, White threw cold water on the idea of ever giving a UFC contract to a one-handed fighter despite Newell's obvious progress in the sport.",promotion_anchor,ufc,combat_sports,medium_negative,yes,high,topical_but_not_primary,,annotation_source=auto_supplement; sampled_from_bucket=medium_negative,auto_supplement
nfl_football,7019925339115f75,gaming_general,positive,medium_negative,335086,"Many would like to see platformers such as Ratchet and Clank or Jak and Daxter make the transition to the PlayStation VR head-mounted display (HMD), as it’s called, while others picture driving simulators such as Gran Turismo as the perfect companion for the device.",platform_anchor,playstation,gaming_general,medium_negative,yes,high,topical_but_not_primary,,annotation_source=auto_supplement; sampled_from_bucket=medium_negative,auto_supplement
nfl_football,92a69c8cb25bf5e8,gaming_general,positive,medium_negative,12897,"In fact Helen was such a big fan of Nintendo she couldn't resist asking for a DS gaming console after her parents ""refused"" to buy her one.",platform_anchor,nintendo,gaming_general,medium_negative,yes,high,topical_but_not_primary,,annotation_source=auto_supplement; sampled_from_bucket=medium_negative,auto_supplement
nfl_football,083aa670093eaf15,combat_sports,positive,medium_negative,135263,"The Boston native was in Seattle, Washington to corner his training partner Joe Proctor, but prior to the FOX card he had an exhibition grappling match against Nick “The Tooth” who is a friend of UFC President Dana White.",promotion_anchor,ufc,combat_sports,medium_negative,yes,high,topical_but_not_primary,,annotation_source=auto_supplement; sampled_from_bucket=medium_negative,auto_supplement
nfl_football,d808ace1473c88ce,gaming_general,positive,medium_negative,276884,"July 2017 PSN Flash Sale Is Live, Here’s All the Deals

Starting a day earlier than normal, and seemingly carrying a Comic-Con theme, the July 2017 PlayStation Store Flash Sale is now live in North America, letting you save on PlayStation 4, PlayStation 3, PlayStation Vita, and PlayStation Portable games.",platform_anchor,playstation,gaming_general,medium_negative,yes,high,topical_but_not_primary,,annotation_source=auto_supplement; sampled_from_bucket=medium_negative,auto_supplement
nfl_football,4e3730d5fea17386,gaming_general,positive,medium_negative,116984,"But in a video game world, all the data are there.",platform_anchor,video game,gaming_general,medium_negative,yes,high,topical_but_not_primary,,annotation_source=auto_supplement; sampled_from_bucket=medium_negative,auto_supplement
nfl_football,123e2a284d4f9f02,combat_sports,positive,medium_negative,49523,"Along with the explosive main event, fans will also be treated to six other bouts featuring Latin American contenders.",fighter_entities,main event,combat_sports,medium_negative,yes,high,topical_but_not_primary,,annotation_source=auto_supplement; sampled_from_bucket=medium_negative,auto_supplement
nfl_football,b426dea42b893431,combat_sports,positive,medium_negative,58471,"The Notorious was expected to headline UFC 200 in a welterweight rematch with Nate Diaz, but abruptly announced his retirement on Tuesday.",promotion_anchor,ufc,combat_sports,medium_negative,yes,high,topical_but_not_primary,,annotation_source=auto_supplement; sampled_from_bucket=medium_negative,auto_supplement
nfl_football,a71e5cc4bbb39ecd,combat_sports,positive,medium_negative,433969,"Another TUF winner, Michael Bisping commands a significant fee for his fights in the UFC.",promotion_anchor,ufc,combat_sports,medium_negative,yes,high,topical_but_not_primary,,annotation_source=auto_supplement; sampled_from_bucket=medium_negative,auto_supplement
nfl_football,9caf6532d76eafac,gaming_general,positive,medium_negative,23916,"Earlier in the year, Sony sadly laid off a number of staff at the British outfit, but maintained that the developer would remain open in order to support its PlayStation 4 exclusive racer as a service.",platform_anchor,playstation,gaming_general,medium_negative,yes,high,topical_but_not_primary,,annotation_source=auto_supplement; sampled_from_bucket=medium_negative,auto_supplement
nfl_football,1e3c64f0abb6dfae,combat_sports,positive,medium_negative,135262,"Joe Lauzon wasn’t on this past Saturday’s UFC on FOX 5 fight card, however he stepped inside the octagon and walked away with $6,000 in bonus money.",fighter_entities;promotion_anchor,octagon;ufc,combat_sports,medium_negative,yes,high,topical_but_not_primary,,annotation_source=auto_supplement; sampled_from_bucket=medium_negative,auto_supplement
nfl_football,bcb4cfaaa97f324f,gaming_general,positive,medium_negative,158654,"North American esports organization Tempo Storm has purchased the North American Challenger Series slot owned by Dream Team, sources close to both organizations tell ESPN.",esports_and_live_service,esports,gaming_general,medium_negative,yes,high,topical_but_not_primary,,annotation_source=auto_supplement; sampled_from_bucket=medium_negative,auto_supplement
nfl_football,671a1b3a0c8afb35,combat_sports,positive,medium_negative,433938,"—

Quinton ‘Rampage’ Jackson: $225,000 (+ $100,000 for a win)

Former light-heavyweight champion Quinton Jackson rounds out the top 5 earners, at least as far as base salaries go.",promotion_anchor,heavyweight,combat_sports,medium_negative,yes,high,topical_but_not_primary,,annotation_source=auto_supplement; sampled_from_bucket=medium_negative,auto_supplement
nfl_football,6bc973cf5e3c654a,combat_sports,positive,medium_negative,483622,"Willie Parks , who has been living with the Albuquerque native, alternates sets with him.“Let’s do this, Willie,” Sanchez exhorts.A little later, Jackson’s MMA General Manager Ricky Kottenstette gives a tour of the gym to prospective members and changes the music to something more visitor friendly.",promotion_anchor,mma,combat_sports,medium_negative,yes,high,topical_but_not_primary,,annotation_source=auto_supplement; sampled_from_bucket=medium_negative,auto_supplement
nfl_football,d7b1e5845e253c26,gaming_general,positive,medium_negative,301309,"For the June 2015 U-Pick Video Game Marathon for Charity fundraiser, what game(s) would you pay to have us play?",platform_anchor,video game,gaming_general,medium_negative,yes,high,topical_but_not_primary,,annotation_source=auto_supplement; sampled_from_bucket=medium_negative,auto_supplement
nfl_football,27b5baaf3c5a4d8e,gaming_general,positive,medium_negative,336017,"A move into large, persistent multiplayer gaming is a huge change for the developer, which is publishing the game under 505 Games (and they have invested in it fairly heavily).",esports_and_live_service,multiplayer,gaming_general,medium_negative,yes,high,topical_but_not_primary,,annotation_source=auto_supplement; sampled_from_bucket=medium_negative,auto_supplement
nfl_football,e39a4edb6d3f053d,combat_sports,positive,medium_negative,324646,"While Bagautinov is one of the most accomplished Combat Sambo practitioners ever to cross over into high-level mixed martial arts, nearly all of the other North Caucasian fighters in the UFC have earned national and international accolades in the sport.",promotion_anchor,ufc,combat_sports,medium_negative,yes,high,topical_but_not_primary,,annotation_source=auto_supplement; sampled_from_bucket=medium_negative,auto_supplement
nfl_football,571992081550bc2e,gaming_general,positive,medium_negative,251815,"We've gone into some detail as to who Microsoft can save Xbox Games for Windows Phone, but it seems the company does have plans to tackle the issue.",platform_anchor,xbox,gaming_general,medium_negative,yes,high,topical_but_not_primary,,annotation_source=auto_supplement; sampled_from_bucket=medium_negative,auto_supplement
nfl_football,6cb89b741a807e8d,gaming_general,positive,medium_negative,431,We thank you for your support with the eSports development in the game!,esports_and_live_service,esports,gaming_general,medium_negative,yes,high,topical_but_not_primary,,annotation_source=auto_supplement; sampled_from_bucket=medium_negative,auto_supplement
nfl_football,759e2df3f2e8a9cd,gaming_general,positive,medium_negative,320207,"Once Super Nintendo came out, we dove into Street Fighter, starting a rivalry that continues to this day.",platform_anchor,nintendo,gaming_general,medium_negative,yes,high,topical_but_not_primary,,annotation_source=auto_supplement; sampled_from_bucket=medium_negative,auto_supplement
nfl_football,ede9db0b655914d1,gaming_general,positive,medium_negative,279306,See the beautiful Xbox campus.,platform_anchor,xbox,gaming_general,medium_negative,yes,high,topical_but_not_primary,,annotation_source=auto_supplement; sampled_from_bucket=medium_negative,auto_supplement
nfl_football,b54b80afbbe6eb87,combat_sports,positive,medium_negative,433978,"His stock has dwindled significantly since then due to a number of defeats and lackluster performances in the UFC, so it doubtful that his new contract, which was signed in July of ’09.",promotion_anchor,ufc,combat_sports,medium_negative,yes,high,topical_but_not_primary,,annotation_source=auto_supplement; sampled_from_bucket=medium_negative,auto_supplement
nfl_football,06c70f8bdcd4e760,gaming_general,positive,medium_negative,242519,"Kuchta testified the VIPs were ""basically playing a video game,"" using a simulator of rig controls on the bridge that was usually used for crew training.",platform_anchor,video game,gaming_general,medium_negative,yes,high,topical_but_not_primary,,annotation_source=auto_supplement; sampled_from_bucket=medium_negative,auto_supplement
nfl_football,4c7c9943632d5fd7,gaming_general,positive,medium_negative,222135,"I now present these albums in a list so the user can press the image, with this I’m activating the Deep Link url to Xbox Music on the phone.",platform_anchor,xbox,gaming_general,medium_negative,yes,high,topical_but_not_primary,,annotation_source=auto_supplement; sampled_from_bucket=medium_negative,auto_supplement
nfl_football,77a4022f866b7328,gaming_general,positive,medium_negative,34474,"Also, in the wake of the drastic rise in ContentID claims, which involved ContentID matches to in-game music, creators incorporating video game footage in their videos should mute background music in game.",platform_anchor,video game,gaming_general,medium_negative,yes,high,topical_but_not_primary,,annotation_source=auto_supplement; sampled_from_bucket=medium_negative,auto_supplement
nfl_football,dab34de359020c46,gaming_general,positive,medium_negative,237957,(Example directory : D:\Steam\steamapps\common\Mass Effect)(If you are using MEUITM use the binaries from the Mass Effect MEUITM dir)This mod uses the same controls as the xbox 360.,platform_anchor,steam;xbox,gaming_general,medium_negative,yes,high,topical_but_not_primary,,annotation_source=auto_supplement; sampled_from_bucket=medium_negative,auto_supplement
nfl_football,2d8736a9002f02db,combat_sports,positive,medium_negative,423289,"CSAC testing is done through the UCLA Olympic Analytical Lab, a WADA-accredited facility.Meanwhile, Sonnen's manager Mike Roberts confirmed to MMA Fighting yesterday that Sonnen will appeal the findings.",promotion_anchor,mma,combat_sports,medium_negative,yes,high,topical_but_not_primary,,annotation_source=auto_supplement; sampled_from_bucket=medium_negative,auto_supplement
nfl_football,a0c64faafd4012f1,gaming_general,positive,medium_negative,178045,"Thanks for checking out NF Magazine, coming to you from the Nintendo Force.",platform_anchor,nintendo,gaming_general,medium_negative,yes,high,topical_but_not_primary,,annotation_source=auto_supplement; sampled_from_bucket=medium_negative,auto_supplement
nfl_football,97a25b1afe62719c,combat_sports,positive,medium_negative,278022,"In his first major appearance, the IGN ProLeague season 3 qualifier , Stephano vaulted himself all the way to first place after defeating Socke, Revival, Puzzle, Kiwikaki, and MMA, at a time where maps like Xel’Naga Caverns, dreaded by zergs, were still in the map pool.",promotion_anchor,mma,combat_sports,medium_negative,yes,high,topical_but_not_primary,,annotation_source=auto_supplement; sampled_from_bucket=medium_negative,auto_supplement
nfl_football,7a2dc22481c05e2d,combat_sports,positive,medium_negative,49504,"Mexico City, Mexico - The UFC® announced today that UFC heavyweight champion Cain Velasquez suffered a right knee injury during training and was forced to withdraw from his championship fight against No.1 contender Fabricio Werdum in Mexico City on November 15.",promotion_anchor,heavyweight;ufc,combat_sports,medium_negative,yes,high,topical_but_not_primary,,annotation_source=auto_supplement; sampled_from_bucket=medium_negative,auto_supplement
nfl_football,fb74184b6ea24d1a,combat_sports,positive,medium_negative,334459,A dominant champion only in Las Vegas to do promotional work decides to strap on the gloves and fight up two weight classes against a woman who already owns three victories over her outside the UFC.That's storybook sports fantasy shit right there folks.,promotion_anchor,ufc,combat_sports,medium_negative,yes,high,topical_but_not_primary,,annotation_source=auto_supplement; sampled_from_bucket=medium_negative,auto_supplement
nfl_football,5398e272df0de238,combat_sports,positive,medium_negative,47844,"Northcutt has been a UFC pet project since Dana White introduced him on his ""Lookin' for a Fight"" YouTube show in the fall.",promotion_anchor,ufc,combat_sports,medium_negative,yes,high,topical_but_not_primary,,annotation_source=auto_supplement; sampled_from_bucket=medium_negative,auto_supplement
nfl_football,66fb65881ae6a5c9,gaming_general,positive,medium_negative,229838,Helps she loves SC2 and eSports too!,esports_and_live_service,esports,gaming_general,medium_negative,yes,high,topical_but_not_primary,,annotation_source=auto_supplement; sampled_from_bucket=medium_negative,auto_supplement
nfl_football,325dc38dc45ca218,combat_sports,positive,medium_negative,206331,"“I can’t wait to be fighting in Bellator and wreck shop on everyone,” said Davis in a statement.",promotion_anchor,bellator,combat_sports,medium_negative,yes,high,topical_but_not_primary,,annotation_source=auto_supplement; sampled_from_bucket=medium_negative,auto_supplement
nfl_football,a061c8a058c3a1f1,combat_sports,positive,medium_negative,28341,"The man in charge of developing the Bellator reality series is award-winning producer Bertrand van Munster, who was behind the CBS hit The Amazing Race and several other series.",promotion_anchor,bellator,combat_sports,medium_negative,yes,high,topical_but_not_primary,,annotation_source=auto_supplement; sampled_from_bucket=medium_negative,auto_supplement
nfl_football,b72dff2bd51fea50,gaming_general,positive,medium_negative,115065,"These days, I play the occasional spot of League of Legends (I like Jinx, but am very bad at her) and the web-based ‘pet’ game Flight Rising, which is completely different; my daughter got me into it because she loves all things dragon, and I’ve developed an affection for the pixel beasts!”

Chris Kluwe (Beautifully Unique Sparkleponies)

“My favorite video game of all time has to be Final Fantasy VI (FFIII in the U.S.), for one simple reason—the writing.",platform_anchor,video game,gaming_general,medium_negative,yes,high,topical_but_not_primary,,annotation_source=auto_supplement; sampled_from_bucket=medium_negative,auto_supplement
nfl_football,06fe98d85c39508e,combat_sports,positive,medium_negative,349949,"In addition to their commission-reported salaries, dos Anjos, Diaz, Johnson, and undercard winner Vicente Luque all scored $50,000 fight night bonuses for their performances.",fighter_entities,undercard,combat_sports,medium_negative,yes,high,topical_but_not_primary,,annotation_source=auto_supplement; sampled_from_bucket=medium_negative,auto_supplement
nfl_football,bb980a8f4da11c28,combat_sports,positive,medium_negative,28339,"The Bellator open tryouts are slated for Nov. 10 from 8 a.m. to 4 p.m. at the American Top Team gym in Coconut Creak, Fla.",promotion_anchor,bellator,combat_sports,medium_negative,yes,high,topical_but_not_primary,,annotation_source=auto_supplement; sampled_from_bucket=medium_negative,auto_supplement
nfl_football,ca20d3f94f9b2770,gaming_general,positive,medium_negative,337624,When The New Order came out it wasn’t such a big deal that you were mowing down Nazis in a video game en masse.,platform_anchor,video game,gaming_general,medium_negative,yes,high,topical_but_not_primary,,annotation_source=auto_supplement; sampled_from_bucket=medium_negative,auto_supplement
nfl_football,9f20b8b455537f48,combat_sports,positive,medium_negative,56574,It’s just fantastic general info that can certainly fill in some gaps in your mental MMA timeline.,promotion_anchor,mma,combat_sports,medium_negative,yes,high,topical_but_not_primary,,annotation_source=auto_supplement; sampled_from_bucket=medium_negative,auto_supplement
nfl_football,e28ec0999f4c7f8a,gaming_general,positive,medium_negative,203347,If you want a critical opinion of the Multiplayer you won't find one here.,esports_and_live_service,multiplayer,gaming_general,medium_negative,yes,high,topical_but_not_primary,,annotation_source=auto_supplement; sampled_from_bucket=medium_negative,auto_supplement
nfl_football,3d04eacf00b26423,gaming_general,positive,medium_negative,97954,"Nano-one and Calcflow launched in the STEAM store (VR equivalent of an app story) Nov. 10, and are finalists for CONNECT’s Most Innovative New Product Awards in December.",platform_anchor,steam,gaming_general,medium_negative,yes,high,topical_but_not_primary,,annotation_source=auto_supplement; sampled_from_bucket=medium_negative,auto_supplement
nfl_football,ea2d332fe54ea292,gaming_general,positive,medium_negative,125759,"Battlefield 4 is set to be launched on PS3, PS4, PC, Xbox 360 and Xbox One later this year with the first DLC for the game being a timed exclusive for Xbox One.",platform_anchor,xbox,gaming_general,medium_negative,yes,high,topical_but_not_primary,,annotation_source=auto_supplement; sampled_from_bucket=medium_negative,auto_supplement
nfl_football,0bd54c449a7c7bb1,combat_sports,positive,medium_negative,392529,"[46] On June 24, 2007, Makabe lost the WEW Heavyweight Championship in Apache Pro to Kintaro Kanemura in their third meeting.",promotion_anchor,heavyweight,combat_sports,medium_negative,yes,high,topical_but_not_primary,,annotation_source=auto_supplement; sampled_from_bucket=medium_negative,auto_supplement
nfl_football,b2413a89239c20c1,combat_sports,positive,medium_negative,18182,AG: Yours is the first fashion sponsorship anyone in MMA has ever gotten.,promotion_anchor,mma,combat_sports,medium_negative,yes,high,topical_but_not_primary,,annotation_source=auto_supplement; sampled_from_bucket=medium_negative,auto_supplement
nfl_football,bce1ad2fe132447a,combat_sports,positive,medium_negative,433949,Silva signed a six fight deal with the UFC after his win over James Irvin at UFN 14 in July 2008.,promotion_anchor,ufc,combat_sports,medium_negative,yes,high,topical_but_not_primary,,annotation_source=auto_supplement; sampled_from_bucket=medium_negative,auto_supplement
nfl_football,969e08c6ae812b67,gaming_general,positive,medium_negative,326145,"I’m not sure it’s fair to compare to an iconic Nintendo TV console launch title with a big budget, but we’re very happy with the result in how fun the game is to play.",platform_anchor,nintendo,gaming_general,medium_negative,yes,high,topical_but_not_primary,,annotation_source=auto_supplement; sampled_from_bucket=medium_negative,auto_supplement
nfl_football,2e6c1ef5089e0ac3,combat_sports,positive,medium_negative,392530,"[40] Makabe followed up his pinfall over Nagata in May with a challenge to Nagata's title, his first singles title shot in New Japan, on July 6, 2007 in front of a sold out Korakuen Hall; Nagata won with a backdrop in just under 20 minutes.",training_and_matchmaking,title shot,combat_sports,medium_negative,yes,high,topical_but_not_primary,,annotation_source=auto_supplement; sampled_from_bucket=medium_negative,auto_supplement
nfl_football,6aa160e043b9a319,gaming_general,positive,medium_negative,93209,"It begins with the latest episode of Invisible Walls, a Game Trailers podcast, featuring a lengthy rant from Marcus Beer, a longtime member of the industry now commentating under the named “Annoyed Gamer.” The podcast was discussing the recent turn of events regarding Xbox One self-publishing, and how both Fish and Braid designer Jonathan Blow used Twitter to criticize the press for running towards both of them for quotes about what was, then, still a rumor coming from Game Informer about the news.",platform_anchor,xbox,gaming_general,medium_negative,yes,high,topical_but_not_primary,,annotation_source=auto_supplement; sampled_from_bucket=medium_negative,auto_supplement
nfl_football,5a39cbdf94254a2e,gaming_general,positive,medium_negative,106961,"He added that Xbox One owners can also “do the TV guide stuff without Gold.”

That’s good news for those purchasers looking forward to using a feature Microsoft made the cornerstone of its reveal event in May without hassle.",platform_anchor,xbox,gaming_general,medium_negative,yes,high,topical_but_not_primary,,annotation_source=auto_supplement; sampled_from_bucket=medium_negative,auto_supplement
nfl_football,cdc373fd2fc73377,gaming_general,positive,medium_negative,267651,"Of baan je knallend een weg door een nog intensere multiplayer-ervaring met 6 nieuwe Titans, uitgebreide Pilot-vaardigheden, ongelooflijke nieuwe wapens en vaardigheden, en nog veel meer.",esports_and_live_service,multiplayer,gaming_general,medium_negative,yes,high,topical_but_not_primary,,annotation_source=auto_supplement; sampled_from_bucket=medium_negative,auto_supplement
nfl_football,ed223463a3dfea74,gaming_general,positive,medium_negative,14309,"The new desert map will be included in the 1.0 PC release scheduled for December, and will come to Xbox later.",platform_anchor,xbox,gaming_general,medium_negative,yes,high,topical_but_not_primary,,annotation_source=auto_supplement; sampled_from_bucket=medium_negative,auto_supplement
nfl_football,9ebd9cee9c930901,gaming_general,positive,medium_negative,32444,"2012 might have been too early for a price cut on Sony's flagging PlayStation Vita portable, but early 2013 is obviously a different matter.",platform_anchor,playstation,gaming_general,medium_negative,yes,high,topical_but_not_primary,,annotation_source=auto_supplement; sampled_from_bucket=medium_negative,auto_supplement
nfl_football,aa44117d85dae6f6,gaming_general,positive,medium_negative,222513,"Sadly the game has been delisted (meaning no longer on sale) on Xbox Live and PSN services since December 16, 2015 and was removed from mobile stores on May 18, 2015.",platform_anchor,xbox,gaming_general,medium_negative,yes,high,topical_but_not_primary,,annotation_source=auto_supplement; sampled_from_bucket=medium_negative,auto_supplement
nfl_football,7dc590604d245666,combat_sports,positive,medium_negative,324644,"They tend to be particularly skilled at combining punches with takedowns and striking on the ground, skills that only exist in Sambo and MMA itself.",promotion_anchor,mma,combat_sports,medium_negative,yes,high,topical_but_not_primary,,annotation_source=auto_supplement; sampled_from_bucket=medium_negative,auto_supplement
nfl_football,717fbcce0b8242c4,gaming_general,positive,medium_negative,305582,"Those so-called ""universal Windows"" apps are the ones Microsoft previously called ""metro,"" and while PCs will still be able to run ""legacy,"" or traditional Windows programs like Adobe Photoshop and Excel, which won't come to the Xbox.",platform_anchor,xbox,gaming_general,medium_negative,yes,high,topical_but_not_primary,,annotation_source=auto_supplement; sampled_from_bucket=medium_negative,auto_supplement
nfl_football,ba48cd4c422e1c59,combat_sports,positive,medium_negative,49542,"The UFC organization also licenses over 100 UFC GYM® locations, and owns UFC.TV® (offering live event broadcasts and video on-demand around the world), UFC FIT® (an in-home fitness and nutrition program), UFC Magazine, and has a videogame franchise with EA SPORTS, UFC Fight Club®, UFC Fan Expo®, UFC branded apparel, DVDs and Blu-rays and Topps Trading Cards.",promotion_anchor,ufc,combat_sports,medium_negative,yes,high,topical_but_not_primary,,annotation_source=auto_supplement; sampled_from_bucket=medium_negative,auto_supplement
nfl_football,3443078b8e7dbf67,combat_sports,positive,medium_negative,483612,The former champion is now 6-1 in five-round decisions in the UFC and WEC.,promotion_anchor,ufc,combat_sports,medium_negative,yes,high,topical_but_not_primary,,annotation_source=auto_supplement; sampled_from_bucket=medium_negative,auto_supplement
nfl_football,2c6c8d6284b1356f,gaming_general,positive,medium_negative,12914,"After talking to the principal to make sure the gaming console would be well used, Nintendo sent a DS and a ""game suitable for children to play"" to the school.",platform_anchor,nintendo,gaming_general,medium_negative,yes,high,topical_but_not_primary,,annotation_source=auto_supplement; sampled_from_bucket=medium_negative,auto_supplement
nfl_football,fa4d66cfe2711fdc,gaming_general,positive,medium_negative,151711,They had to make the underwater levelalways a bane of any gamer's existencethe single most difficult underwater level in video game history.,platform_anchor,video game,gaming_general,medium_negative,yes,high,topical_but_not_primary,,annotation_source=auto_supplement; sampled_from_bucket=medium_negative,auto_supplement
nfl_football,1c89d497478a5290,combat_sports,positive,medium_negative,342078,"Her legendary rivalry with UFC women’s bantamweight champion, Ronda Rousey, is one of the most infamous in UFC history and in today’s sports world, credited with bringing women’s MMA to the UFC, the sport’s premier promotion, and piquing national interest.",promotion_anchor,mma;ufc,combat_sports,medium_negative,yes,high,topical_but_not_primary,,annotation_source=auto_supplement; sampled_from_bucket=medium_negative,auto_supplement
nfl_football,0a6d17a98e784d33,combat_sports,positive,medium_negative,342074,"“It’s an awesome feeling to be able to sign with KHI Management,” stated Tate, a professional mixed martial artist fighter currently ranked second in the UFC women’s bantamweight (135 lbs.)",promotion_anchor,ufc,combat_sports,medium_negative,yes,high,topical_but_not_primary,,annotation_source=auto_supplement; sampled_from_bucket=medium_negative,auto_supplement
nfl_football,bdb80a1b6bed3531,gaming_general,positive,medium_negative,69678,The Steam Workshop release is also highly desirable as it allows players to find and install community mods easily.,platform_anchor,steam,gaming_general,medium_negative,yes,high,topical_but_not_primary,,annotation_source=auto_supplement; sampled_from_bucket=medium_negative,auto_supplement
nfl_football,4e4c1c324bb672d8,combat_sports,positive,medium_negative,90467,"A lot of those guys in the UFC, just because they're in the UFC doesn't mean they can beat me.",promotion_anchor,ufc,combat_sports,medium_negative,yes,high,topical_but_not_primary,,annotation_source=auto_supplement; sampled_from_bucket=medium_negative,auto_supplement
nfl_football,abc584a1e922917f,china,positive,background_negative,70812,"It is made in China, and the workmanship is adequate.",country_anchor,china,china,background_negative,yes,high,clean_background_control,,annotation_source=auto_supplement; sampled_from_bucket=background_negative,auto_supplement
nfl_football,eef6d35c3bc46ea5,china,positive,background_negative,2681,"Media playback is unsupported on your device Media caption Cindy Sui speaks to Taiwanese students holding a rally to demonstrate their support for the protests in Hong Kong

In January, 13 groups from Hong Kong and Taiwan gathered in Taipei for a weekend conference.",economy_and_society,hong kong,china,background_negative,yes,high,clean_background_control,,annotation_source=auto_supplement; sampled_from_bucket=background_negative,auto_supplement
nfl_football,f09a351336d13079,china,positive,background_negative,61851,"The ranking varies depending on how two territories disputed by China and India are counted, and how the total size of the United States is measured.",country_anchor,china,china,background_negative,yes,high,clean_background_control,,annotation_source=auto_supplement; sampled_from_bucket=background_negative,auto_supplement
nfl_football,bd7b7ba1397e1017,crypto_blockchain,positive,background_negative,159331,"Bitcoin’s Adoption Will Explode In 2018

Bitcoin is growing in adoption across the world.",protocol_anchor,bitcoin,crypto_blockchain,background_negative,yes,high,clean_background_control,,annotation_source=auto_supplement; sampled_from_bucket=background_negative,auto_supplement
nfl_football,486185c71081f465,crypto_blockchain,positive,background_negative,209029,"Tim Draper, founding partner of Draper Fisher Jurvetson, a prominent Silicon Valley venture capital fund, believes that bitcoin might one day be the preeminent store of value for investors.",protocol_anchor,bitcoin,crypto_blockchain,background_negative,yes,high,clean_background_control,,annotation_source=auto_supplement; sampled_from_bucket=background_negative,auto_supplement
nfl_football,70ecc9dec67e7859,aviation_aerospace,positive,background_negative,134938,Need an airline to sponsor Sc2!yee!Thanks for translatingI can fully understand where the koreans come from withdrawing for NASL.,aviation_anchor,airline,aviation_aerospace,background_negative,yes,high,clean_background_control,,annotation_source=auto_supplement; sampled_from_bucket=background_negative,auto_supplement
nfl_football,096aa113483d2021,china,positive,background_negative,78350,"It is the first time China, the world's biggest polluter, has set an approximate date for emissions to peak.",country_anchor,china,china,background_negative,yes,high,clean_background_control,,annotation_source=auto_supplement; sampled_from_bucket=background_negative,auto_supplement
nfl_football,c3de33e82cfa474e,china,positive,background_negative,100499,"Australian businesses have copped a bad deal in Australia’s free trade agreement with China, according to the Australian Fair Trade and Investment Network.",country_anchor,china,china,background_negative,yes,high,clean_background_control,,annotation_source=auto_supplement; sampled_from_bucket=background_negative,auto_supplement
nfl_football,7441e286341838f8,crypto_blockchain,positive,background_negative,11396,"One month later it skyrocketed to $1,200, then plummeted back down to $500 in December before rising back up to $932 per Bitcoin.",protocol_anchor,bitcoin,crypto_blockchain,background_negative,yes,high,clean_background_control,,annotation_source=auto_supplement; sampled_from_bucket=background_negative,auto_supplement
nfl_football,86a8a0f812fc2158,china,positive,background_negative,94982,Using the internet he purchased a few cosmetic products from China for a value of $36.,country_anchor,china,china,background_negative,yes,high,clean_background_control,,annotation_source=auto_supplement; sampled_from_bucket=background_negative,auto_supplement
nfl_football,d3e1f23b44af8de5,china,positive,background_negative,91873,CNBC also provides daily business updates to 400 million households across China.,country_anchor,china,china,background_negative,yes,high,clean_background_control,,annotation_source=auto_supplement; sampled_from_bucket=background_negative,auto_supplement
nfl_football,701e400b7e4ac6a2,china,positive,background_negative,74418,"The final race saw American pilots Shaun Taylor, Cain Medere, Paul ""Bulbufet"" Nurkkala, and Nick Willard fly alongside the Chinese pilot Kunhuang ""Hailang"" Li, Frenchman Couturier ""SartoRius"" Benoit, German pilot Niklas Solle, and Korean team member DongKi Han.",country_anchor,chinese,china,background_negative,yes,high,clean_background_control,,annotation_source=auto_supplement; sampled_from_bucket=background_negative,auto_supplement
nfl_football,b2c933dc21da8016,aviation_aerospace,positive,background_negative,131548,Some have claimed “Nibiru” is not a planet after all but a brown dwarf star with its own active satellite system.,aerospace_anchor,satellite,aviation_aerospace,background_negative,yes,high,clean_background_control,,annotation_source=auto_supplement; sampled_from_bucket=background_negative,auto_supplement
nfl_football,0912bd90fe646a52,crypto_blockchain,positive,background_negative,26095,"Meanwhile the European Central Bank (ECB) showed “openness to new technologies” and said that it intends to assess the relevance of blockchain and distributed ledger technology for various banking services like payments, securities settlement as well as collateral.",protocol_anchor,blockchain,crypto_blockchain,background_negative,yes,high,clean_background_control,,annotation_source=auto_supplement; sampled_from_bucket=background_negative,auto_supplement
nfl_football,2dfbfa31d5e44787,china,positive,background_negative,24514,The Permanent Court of Arbitration ruled last July that China's economic claim on the South China Sea was without basis.,country_anchor,china,china,background_negative,yes,high,clean_background_control,,annotation_source=auto_supplement; sampled_from_bucket=background_negative,auto_supplement
nfl_football,4bfc9a622c98b5f2,aviation_aerospace,positive,background_negative,150911,"That’s why I included the rate based on aircraft departures, since regional carriers make a bit more than 50 percent of all departures.",aviation_anchor,aircraft,aviation_aerospace,background_negative,yes,high,clean_background_control,,annotation_source=auto_supplement; sampled_from_bucket=background_negative,auto_supplement
nfl_football,af9f6e4e97753a3b,china,positive,background_negative,62172,"In 2015, the country had the fifth-highest number of executions in the world, following China, Iran, Pakistan and Saudi Arabia.",country_anchor,china,china,background_negative,yes,high,clean_background_control,,annotation_source=auto_supplement; sampled_from_bucket=background_negative,auto_supplement
nfl_football,ea74ca666e9df20e,crypto_blockchain,positive,background_negative,180065,The cryptocurrency bitcoin requires blockchain technology to operate.,protocol_anchor,bitcoin;blockchain,crypto_blockchain,background_negative,yes,high,clean_background_control,,annotation_source=auto_supplement; sampled_from_bucket=background_negative,auto_supplement
nfl_football,245b9bb94c9da964,china,positive,background_negative,39510,"According to Dr. Judith MacKay, director of the Asian Consultancy of Tobacco Control in Hong Kong, the use of peasant farmland for tobacco growth ""denies 10-20 million people food...where food has to be imported because the rich farmland is being diverted to tobacco production..""(4) Women in some developing countries carry the heaviest burden since they must carry out farming-related tasks and collect wood for the barns as well as for domestic use.",economy_and_society,hong kong,china,background_negative,yes,high,clean_background_control,,annotation_source=auto_supplement; sampled_from_bucket=background_negative,auto_supplement
nfl_football,6cab9f0abfb28d8e,crypto_blockchain,positive,background_negative,159372,"Today, sites like Coinbase.com have made Bitcoin easy to use and accessible to the masses.",ecosystem_entities;protocol_anchor,bitcoin;coinbase,crypto_blockchain,background_negative,yes,high,clean_background_control,,annotation_source=auto_supplement; sampled_from_bucket=background_negative,auto_supplement
nfl_football,f3f3b72e50b93a16,crypto_blockchain,positive,background_negative,180790,"It is, in fact, the very problem that the blockchain itself solves.",protocol_anchor,blockchain,crypto_blockchain,background_negative,yes,high,clean_background_control,,annotation_source=auto_supplement; sampled_from_bucket=background_negative,auto_supplement
nfl_football,0d5885eefd6b350f,china,positive,background_negative,27655,"Since I actually had to listen to the Chinese National Anthem weekly during the flag-raising ceremony at school, I might have some basis for my personal opinion.",country_anchor,chinese,china,background_negative,yes,high,clean_background_control,,annotation_source=auto_supplement; sampled_from_bucket=background_negative,auto_supplement
nfl_football,39cb973960a05700,china,positive,background_negative,3077,"And so, we stagger into an even more uncertain future

Emotions ran high as Hong Kong legislators opened debate on a controversial electoral reform package on Wednesday.",economy_and_society,hong kong,china,background_negative,yes,high,clean_background_control,,annotation_source=auto_supplement; sampled_from_bucket=background_negative,auto_supplement
nfl_football,d671c09645cb9261,china,positive,background_negative,2695,"Image copyright Getty Images Image caption Student activists organised a protest at the Hong Kong office in Taipei on Monday

'Support each other'

In recent days, Taiwanese activists have flown to Hong Kong to lend support.",economy_and_society,hong kong,china,background_negative,yes,high,clean_background_control,,annotation_source=auto_supplement; sampled_from_bucket=background_negative,auto_supplement
nfl_football,02ce3e09637d489a,aviation_aerospace,positive,background_negative,62283,"[621]

The civil airline industry is entirely privately owned and has been largely deregulated since 1978, while most major airports are publicly owned.",aviation_anchor,airline,aviation_aerospace,background_negative,yes,high,clean_background_control,,annotation_source=auto_supplement; sampled_from_bucket=background_negative,auto_supplement
nfl_football,74793f920d19f33e,crypto_blockchain,positive,background_negative,34138,"6:50pm (10 minutes):

RUBIX (http://rubixbydeloitte.com/): Blockchain Implementations - Method in the Madness ILIANA ORIS VALIENTE (https://www.linkedin.com/in/ilianaorisvaliente), CPA, CA, CBP | Co-Founder, Rubix by Deloitte | Blockchain Strategist

7:00pm (30 minutes):

Power of Decentralization

TOUFI SALIBA (https://www.linkedin.com/in/touficsaliba), Co-authored fully-decentralized Blockchain protocol, cofounded ToDa Foundation, 6 blockchain companies, had 3 exits in the past, expecting 2 in near future.",protocol_anchor,blockchain,crypto_blockchain,background_negative,yes,high,clean_background_control,,annotation_source=auto_supplement; sampled_from_bucket=background_negative,auto_supplement
nfl_football,c07f2deb7d33b7c8,crypto_blockchain,positive,background_negative,160515,"By outperforming the US dollar by almost 50 percent, Bitcoin surpassed the growth of the Mexican Peso, Silver, Gold and Russian Ruble to become the best performing currency so far in 2017.",protocol_anchor,bitcoin,crypto_blockchain,background_negative,yes,high,clean_background_control,,annotation_source=auto_supplement; sampled_from_bucket=background_negative,auto_supplement
nfl_football,48a6e3c36cc9d4ed,aviation_aerospace,positive,background_negative,20579,The turbines resemble large aircraft propellers submerged in 180 to 240 feet of water.,aviation_anchor,aircraft,aviation_aerospace,background_negative,yes,high,clean_background_control,,annotation_source=auto_supplement; sampled_from_bucket=background_negative,auto_supplement
nfl_football,0f5f27b54e2dda70,china,positive,background_negative,28589,"A great example of this is the work that our design technologist Bart Szyszka did for our recent series on China and the environment, ""Choking on Growth.""",country_anchor,china,china,background_negative,yes,high,clean_background_control,,annotation_source=auto_supplement; sampled_from_bucket=background_negative,auto_supplement
nfl_football,84dd7e5b221830c6,crypto_blockchain,positive,background_negative,68118,"While one figure of $40,000 was claimed as the total value of donations, Bitcoin transaction records show that he received only 0.25 bitcoin (around $120).",protocol_anchor,bitcoin,crypto_blockchain,background_negative,yes,high,clean_background_control,,annotation_source=auto_supplement; sampled_from_bucket=background_negative,auto_supplement
nfl_football,b63e6f94be3e5cfc,china,positive,background_negative,61889,"[263] The third most populous nation in the world, after China and India, the United States is the only major industrialized nation in which large population increases are projected.",country_anchor,china,china,background_negative,yes,high,clean_background_control,,annotation_source=auto_supplement; sampled_from_bucket=background_negative,auto_supplement
nfl_football,a02d4dae96e335cb,crypto_blockchain,positive,background_negative,135319,"The exchange will be amazingly fast with order types, that are unique in the bitcoin world.",protocol_anchor,bitcoin,crypto_blockchain,background_negative,yes,high,clean_background_control,,annotation_source=auto_supplement; sampled_from_bucket=background_negative,auto_supplement
nfl_football,96747baa7e960c19,china,positive,background_negative,101373,But “foreigner departs China” is the very definition of dog-bites-man.,country_anchor,china,china,background_negative,yes,high,clean_background_control,,annotation_source=auto_supplement; sampled_from_bucket=background_negative,auto_supplement
nfl_football,738c0fca86d2a20a,aviation_aerospace,positive,background_negative,5695,"That launch vehicle, capable of hefting 53 tons to low-Earth orbit (almost twice the ground-to-LEO payload capacity of the Space Shuttle), has already slipped in its development several times.",operations_and_safety,payload,aviation_aerospace,background_negative,yes,high,clean_background_control,,annotation_source=auto_supplement; sampled_from_bucket=background_negative,auto_supplement
nfl_football,fcc67ea0daeac064,china,positive,background_negative,64414,"“Hong Kong’s over-reliance on imports exposes the city to global commodity disruptions and price fluctuations,” food researcher Daisy Tam, an assistant professor at Hong Kong Baptist University, said during a recent TEDx talk in Hong Kong.",economy_and_society,hong kong,china,background_negative,yes,high,clean_background_control,,annotation_source=auto_supplement; sampled_from_bucket=background_negative,auto_supplement
nfl_football,0394455d0343ec49,crypto_blockchain,positive,background_negative,42392,"(For a graphic on Bitcoin price rockets, click reut.rs/2zPekGm)

London-based Blockchain.info, one of the biggest global bitcoin wallet-providers, told Reuters on Wednesday that it had added a record number of new users on Tuesday, with more than 100,000 customers signing up, taking the total number to more than 19 million.",market_and_wallet;protocol_anchor,bitcoin;blockchain;wallet,crypto_blockchain,background_negative,yes,high,clean_background_control,,annotation_source=auto_supplement; sampled_from_bucket=background_negative,auto_supplement
nfl_football,39f2addf8b2b57c0,crypto_blockchain,positive,background_negative,194595,"Information shared with DHS as part of these efforts, including whether a request has been made, is confidential.”

The virus locks users out of their computers and demands a bitcoin ransom worth $300.",protocol_anchor,bitcoin,crypto_blockchain,background_negative,yes,high,clean_background_control,,annotation_source=auto_supplement; sampled_from_bucket=background_negative,auto_supplement
nfl_football,408cac76bfca5a5f,china,positive,background_negative,13445,"""If you take China and India out of the equation, what is more surprising is that under current regulations, coal demand in the rest of the world will remain at current levels,"" Durbin said.",country_anchor,china,china,background_negative,yes,high,clean_background_control,,annotation_source=auto_supplement; sampled_from_bucket=background_negative,auto_supplement
nfl_football,e80b43f013206c3a,aviation_aerospace,positive,background_negative,195250,Lee has previously told me that he’d like the site where the Falcon is built to become a sort of “NASA Space Camp” for kids that want to learn how to build hardware from scratch.,aerospace_anchor,nasa,aviation_aerospace,background_negative,yes,high,clean_background_control,,annotation_source=auto_supplement; sampled_from_bucket=background_negative,auto_supplement
nfl_football,b13e5f04a82aed0b,crypto_blockchain,positive,background_negative,26090,"Al Aleeli, CEO, Dubai Museum of the Future Foundation said that “the significant growth in the volume of transactions using Blockchain platform during 2015, which reached 56%, refers to the great opportunities that can be utilized through the optimal application of this technology in the relevant sectors.""",protocol_anchor,blockchain,crypto_blockchain,background_negative,yes,high,clean_background_control,,annotation_source=auto_supplement; sampled_from_bucket=background_negative,auto_supplement
nfl_football,1399b5d8a3ba29e1,aviation_aerospace,positive,background_negative,174030,"Most Popular Articles

Archived Articles Archived Articles Select Month December 2017 November 2017 October 2017 August 2017 July 2017 June 2017 April 2017 February 2017 July 2016 May 2016 March 2016 November 2015 July 2015 June 2015 May 2015 April 2015 March 2015 February 2015 January 2015 December 2014 October 2014 August 2014 July 2014 June 2014 May 2014 April 2014 March 2014 February 2014 January 2014 December 2013 November 2013 October 2013 September 2013 August 2013 July 2013 June 2013 May 2013 April 2013 March 2013 February 2013 January 2013 December 2012 November 2012 October 2012 September 2012 August 2012 July 2012 June 2012 May 2012 April 2012 March 2012 February 2012 January 2012 December 2011 November 2011 October 2011 September 2011 August 2011 July 2011 June 2011 May 2011 April 2011 March 2011 January 2011 December 2010 November 2010 September 2010 August 2010 June 2010 May 2010 April 2010 March 2010 February 2010 January 2010 December 2009 November 2009 October 2009 September 2009 August 2009 July 2009 June 2009 May 2009 April 2009 March 2009 February 2009 January 2009 December 2008 November 2008 October 2008 September 2008 August 2008 July 2008 June 2008 May 2008 April 2008 March 2008 February 2008 January 2008 December 2007 November 2007 October 2007 September 2007 August 2007 July 2007 June 2007 May 2007 April 2007 March 2007 February 2007 January 2007 November 2006 October 2006 August 2006 July 2006 June 2006 May 2006 April 2006

Gallery of Real Mexican Trucks

Mexico Trucker Online Categories Mexico Trucker Online Categories Select Category American Politics (41) Border News (103) Border Patrol Crimes (5) Borderland Files (13) Cross Border Program (262) Editorial Comment (11) Events (1) Fear Factor (14) FMCSA (135) For your information (29) Guest Bloggers (14) Hate Crimes (14) Hate Watch (7) Headlines (46) Homeland Stupidity (6) Human Rights (9) ICE & CBP (27) Immigration Blog (14) Immigration Reform (4) Issues (7) Legal Actions (69) Media & Talk Radio (39) Mexican Information Sources (13) Mexican Pilot Program Revealed (2) Mexican Politics (51) Mexican Trucks & Trucking (97) Mexico Business (8) Mexico Historical (4) Mexico Living (15) Mexico Today (78) NAFTA (221) NAFTA 2.0 (1) Nafta Op (24) Narco Wars (103) News & Views (533) Opinions (55) Public Corruption (25) Ramos & Compean (4) Smugglers Brew (62) The Border (3) Trucking Opinions (13) U.S.",operations_and_safety,pilot,aviation_aerospace,background_negative,yes,high,clean_background_control,,annotation_source=auto_supplement; sampled_from_bucket=background_negative,auto_supplement
nfl_football,0ee5002e7b99bb31,aviation_aerospace,positive,background_negative,122281,The flight crew consisted of two test pilots and one engineer working for Airbus Helicopters.,aviation_anchor,airbus,aviation_aerospace,background_negative,yes,high,clean_background_control,,annotation_source=auto_supplement; sampled_from_bucket=background_negative,auto_supplement
nfl_football,d4fd8e373fcf944f,crypto_blockchain,positive,background_negative,122265,"It was only a matter of time before Bitcoin made its way into dance music, and it’s no big surprise that it’s forward-thinking label Monstercat carrying the torch in support.",protocol_anchor,bitcoin,crypto_blockchain,background_negative,yes,high,clean_background_control,,annotation_source=auto_supplement; sampled_from_bucket=background_negative,auto_supplement
nfl_football,5f8c86f0d7f19e66,crypto_blockchain,positive,background_negative,14541,"“The challenge for the designers is to tie the coding of algorithms with the experiences they enable.” Post-Industrial Designers

“As every object becomes connected–from your couch to your fitness bracelet, the hospital room to your wallet–we need to think about connected experiences,” says Artefact’s Markus Wierzoch.",market_and_wallet,wallet,crypto_blockchain,background_negative,yes,high,clean_background_control,,annotation_source=auto_supplement; sampled_from_bucket=background_negative,auto_supplement
nfl_football,6da799baa41da724,crypto_blockchain,positive,background_negative,180814,"As promised:

Crypto 101: Hardware Wallet Setup Guide / Walkthrough

Software Wallet Setup Coming Soon

I’m passionate about blockchains.",market_and_wallet,wallet,crypto_blockchain,background_negative,yes,high,clean_background_control,,annotation_source=auto_supplement; sampled_from_bucket=background_negative,auto_supplement
nfl_football,1347abe5e4027f23,crypto_blockchain,positive,background_negative,74183,"The code for this project is available on GitHub, and Poon added, “It should be in a testable state on SegNet 4 very soon.”

Ready When Segregated Witness Goes Live

When asked whether the Lightning Network will be available once Segregated Witness is merged into Bitcoin Core, Poon responded:

“A basic, functional version of Lightning Network should be ready when the Segregated Witness soft-fork goes live on Bitcoin, presuming it gets merged and activated this Summer.",protocol_anchor,bitcoin,crypto_blockchain,background_negative,yes,high,clean_background_control,,annotation_source=auto_supplement; sampled_from_bucket=background_negative,auto_supplement
nfl_football,88344f82e2f1f176,crypto_blockchain,positive,background_negative,122269,Still confused about what a Bitcoin is?,protocol_anchor,bitcoin,crypto_blockchain,background_negative,yes,high,clean_background_control,,annotation_source=auto_supplement; sampled_from_bucket=background_negative,auto_supplement
nfl_football,2cc6aa0b9ef37b7e,china,positive,background_negative,77816,"Instead, the conquest of China was a military conquest, much like the [Soviet] Red Army fought the Nazis.",country_anchor,china,china,background_negative,yes,high,clean_background_control,,annotation_source=auto_supplement; sampled_from_bucket=background_negative,auto_supplement
nfl_football,cc5c24606071c5d6,crypto_blockchain,positive,background_negative,117974,"Several stores in Tokyo now accept bitcoin for a beer and fries, smartphone repairs and even eyelash extensions, as the reach of the virtual currency extends well beyond the tech nerd’s basement or bedroom.",protocol_anchor,bitcoin,crypto_blockchain,background_negative,yes,high,clean_background_control,,annotation_source=auto_supplement; sampled_from_bucket=background_negative,auto_supplement
nfl_football,d3aef72ff3138370,crypto_blockchain,positive,background_negative,15977,Ethereum’s (ETH) troubled but uncontentious Byzantium is officially here as the cryptocurrency’s fifth hard fork.,protocol_anchor,ethereum,crypto_blockchain,background_negative,yes,high,clean_background_control,,annotation_source=auto_supplement; sampled_from_bucket=background_negative,auto_supplement
nfl_football,f31394d71b516fa6,crypto_blockchain,positive,background_negative,155359,"Moreover, as the anchor that the blockchain community relied upon to explain the tech’s potential to the European Union Parliament, Gupta gets how and why governments need to grasp this tech as soon as possible.",protocol_anchor,blockchain,crypto_blockchain,background_negative,yes,high,clean_background_control,,annotation_source=auto_supplement; sampled_from_bucket=background_negative,auto_supplement
nfl_football,3e61342893ba7f68,crypto_blockchain,positive,background_negative,61065,"Ked.ai passes 100,000 registered users, aims to increase sales and merchants

Optimistic on future of cryptocurrencies, adds Bitcoin as a payment method

WHEN Digital News Asia (DNA) first featured Ked.ai in January of 2013, its founder Arsyan Ismail (pic) said the team’s biggest challenge would be trying to achieve critical mass.",protocol_anchor,bitcoin,crypto_blockchain,background_negative,yes,high,clean_background_control,,annotation_source=auto_supplement; sampled_from_bucket=background_negative,auto_supplement
nfl_football,6135c439f3c662c7,crypto_blockchain,positive,background_negative,216653,"Kraken group made $6,220 in 3 days of hijacking MongoDB servers

At the time of writing, the group's Bitcoin wallets received 70 ransom payments from their nearly 16,000 infected victims.",protocol_anchor,bitcoin,crypto_blockchain,background_negative,yes,high,clean_background_control,,annotation_source=auto_supplement; sampled_from_bucket=background_negative,auto_supplement
nfl_football,ff3697af31687d5b,crypto_blockchain,positive,background_negative,74193,"In terms of SegNet 4, the Blockstream Core Tech Engineer added, “It’s the last bitcoin protocol change required to make lightning a reality.”",protocol_anchor,bitcoin,crypto_blockchain,background_negative,yes,high,clean_background_control,,annotation_source=auto_supplement; sampled_from_bucket=background_negative,auto_supplement
nfl_football,80f6f230a2353595,crypto_blockchain,positive,background_negative,12839,"By doing some very advanced tricks across multiple transactions, it might even be just possible already (exercise for the reader).”

When it comes to the “very advanced tricks,” Back also added, “If someone can solve that exercise for the reader via advanced Bitcoin script hacking, we’d be very happy to hear from them.”

A BIP and Community Consensus

According to Back, either an upgrade to Bitcoin script or specific changes that enable two-way peg support should be enough to bring sidechains to Bitcoin.",protocol_anchor,bitcoin,crypto_blockchain,background_negative,yes,high,clean_background_control,,annotation_source=auto_supplement; sampled_from_bucket=background_negative,auto_supplement
nfl_football,cb16fd9fa04c83ad,aviation_aerospace,positive,background_negative,148294,"Khalifasat is billed as the satellite that marks the independence of EIAST from foreign technology providers, notably South Korea’s Satrec Initiative.",aerospace_anchor,satellite,aviation_aerospace,background_negative,yes,high,clean_background_control,,annotation_source=auto_supplement; sampled_from_bucket=background_negative,auto_supplement
nfl_football,7f2578004af6c0c4,crypto_blockchain,positive,background_negative,137681,"Identity

Let us take a particular use case, ""identity on the blockchain"", and run with it.",protocol_anchor,blockchain,crypto_blockchain,background_negative,yes,high,clean_background_control,,annotation_source=auto_supplement; sampled_from_bucket=background_negative,auto_supplement
nfl_football,a3e6aebd8dce56f2,aviation_aerospace,positive,background_negative,23927,"From the 25-carat diamond ring President Trump bought Melania for their 10-year wedding anniversary “worth more than most Americans would make in 10 lifetimes” to the fact that she’s “not really smiling” like other first ladies or that her “cool, distant gaze seems to evoke her runway-model past more than her current role as the country’s first lady,” the Globe found all kinds of reasons why Melania’s White House portrait sucks.",aviation_anchor,runway,aviation_aerospace,background_negative,yes,high,clean_background_control,,annotation_source=auto_supplement; sampled_from_bucket=background_negative,auto_supplement
nfl_football,a8665e298d9c7401,china,positive,background_negative,106736,"In the US they will permit imitations to label themselves as Port however.Walmart-brand Port is the most common Port in the US, made in China, sweetened with lead acetate.It's easy to get a little lost after too much Port, so be careful!The British especially love sweet wines -- in 1799, the British imported an average of 5 bottles of Port per man, woman and child!They even had Gentleman's clubs in which the membership trial consisted of drinking three bottles of Port in one sitting!I don't recommend trying this, due to the high risk of diabetes.So try a relaxed Port-tasting, and buy a couple bottles to bring back home to your Grandma-ma!I recommend checking out road race times before you go-- there were two while we were there!You can read about the Clerigo's tower on my post to be published April 14th, 2015!",country_anchor,china,china,background_negative,yes,high,clean_background_control,,annotation_source=auto_supplement; sampled_from_bucket=background_negative,auto_supplement
nfl_football,57d97f1b9e01cc3b,china,positive,background_negative,60050,"Multi-currency platform and sending

Although based in Hong Kong, ANX aims for an international client base for both its full exchange and mobile apps.",economy_and_society,hong kong,china,background_negative,yes,high,clean_background_control,,annotation_source=auto_supplement; sampled_from_bucket=background_negative,auto_supplement
nfl_football,892bfd97fdad98a6,crypto_blockchain,positive,background_negative,56529,Please note that the contribution is calculated based on the CFI held in your wallet — the numbers below are just examples at specific CFI holding levels.,market_and_wallet,wallet,crypto_blockchain,background_negative,yes,high,clean_background_control,,annotation_source=auto_supplement; sampled_from_bucket=background_negative,auto_supplement
nfl_football,b87ea74dedeba96e,aviation_aerospace,positive,background_negative,709,"In January, NASA and 14 international space agencies plan to publish their common goals for exploration, including an extended presence in low Earth orbit, a cislunar habitat, moon missions and eventual excursions to Mars, in an updated Global Exploration Roadmap being drafted by the International Space Exploration Coordination Group (ISECG).",aerospace_anchor,nasa,aviation_aerospace,background_negative,yes,high,clean_background_control,,annotation_source=auto_supplement; sampled_from_bucket=background_negative,auto_supplement
nfl_football,3b74ac7282cc64e1,aviation_aerospace,positive,background_negative,16941,"Don't start thinking that landing a rocket's first stage is routine just yet, as SpaceX has just posted video of its latest attempt.",aerospace_anchor,spacex,aviation_aerospace,background_negative,yes,high,clean_background_control,,annotation_source=auto_supplement; sampled_from_bucket=background_negative,auto_supplement
nfl_football,0ac05cb99a5026ef,china,positive,background_negative,93543,"PRESIDENT DONALD TRUMP Is First US President Invited to Dine in China’s Forbidden City

President Trump arrived in China on the third leg of his Asian tour.",country_anchor,china,china,background_negative,yes,high,clean_background_control,,annotation_source=auto_supplement; sampled_from_bucket=background_negative,auto_supplement
nfl_football,948d0cdc4ee2b020,china,positive,background_negative,90222,"His page on Baidu Encyclopedia, which resembles a Chinese version of Wikipedia, was also removed, as was a store he had opened on the Chinese e-commerce platform Taobao.",country_anchor,chinese,china,background_negative,yes,high,clean_background_control,,annotation_source=auto_supplement; sampled_from_bucket=background_negative,auto_supplement
nfl_football,08de47b61adf6ac2,aviation_aerospace,positive,background_negative,156299,German Aircraft of the First World War .,aviation_anchor,aircraft,aviation_aerospace,background_negative,yes,high,clean_background_control,,annotation_source=auto_supplement; sampled_from_bucket=background_negative,auto_supplement
nfl_football,9a420359e121b81f,crypto_blockchain,positive,background_negative,117989,"BitPay uses Bitcoin to Sponsor Georgia Tech Athletics, Unveils Facebook App

BitPay, a Bitcoin startup company founded in 2011 and a pioneer in business solutions for the digital currency, recently announced its affiliation to the Georgia Institute of Technology’s Athletic Association.",protocol_anchor,bitcoin,crypto_blockchain,background_negative,yes,high,clean_background_control,,annotation_source=auto_supplement; sampled_from_bucket=background_negative,auto_supplement
nfl_football,8831fe8a5bf5c0e9,china,positive,background_negative,12375,"Haiti earthquake: your stories

1614 A-cui from Beijing e-mails: ""Sichuan people suffered the pain of earthquake on 12 May 2008, when some hundreds of thousands of lives were taken away.",country_anchor,beijing,china,background_negative,yes,high,clean_background_control,,annotation_source=auto_supplement; sampled_from_bucket=background_negative,auto_supplement
nfl_football,eaa555d4ae3fc263,aviation_aerospace,positive,background_negative,19825,The companies participated in demonstration of Remotely Piloted Aircraft (Drones) in Aktio in Greece in October 2011.,aviation_anchor,aircraft,aviation_aerospace,background_negative,yes,high,clean_background_control,,annotation_source=auto_supplement; sampled_from_bucket=background_negative,auto_supplement
nfl_football,7cdf815729cc29c2,china,positive,background_negative,2458,"That’s right, under Chinese pressure, Israel may prevent the victims of a Tel Aviv terrorist attack from extracting damages from the people who bankrolled an operation that killed their son.",country_anchor,chinese,china,background_negative,yes,high,clean_background_control,,annotation_source=auto_supplement; sampled_from_bucket=background_negative,auto_supplement
nfl_football,fae491504c14b8ad,aviation_aerospace,positive,background_negative,122283,"The helicopter can accommodate up to seven passengers, excluding the pilot.",operations_and_safety,pilot,aviation_aerospace,background_negative,yes,high,clean_background_control,,annotation_source=auto_supplement; sampled_from_bucket=background_negative,auto_supplement
nfl_football,3a4a2a173738fd71,aviation_aerospace,positive,background_negative,181960,"In May, Attorney General Loretta E. Lynch, in announcing a Justice Department body-camera pilot program, argued that such cameras “hold tremendous promise for enhancing transparency, promoting accountability, and advancing public safety for law enforcement officers and the communities they serve.”

But as currently implemented, body camera programs in the United States too often fail to serve those goals because the police own and control the footage.",operations_and_safety,pilot,aviation_aerospace,background_negative,yes,high,clean_background_control,,annotation_source=auto_supplement; sampled_from_bucket=background_negative,auto_supplement
nfl_football,9cbaa33cf44c591e,aviation_aerospace,positive,background_negative,81081,"On seeing the Pentagon in flames, the lead fighter pilot later explained, “I reverted to the Russian threat.",operations_and_safety,pilot,aviation_aerospace,background_negative,yes,high,clean_background_control,,annotation_source=auto_supplement; sampled_from_bucket=background_negative,auto_supplement
nfl_football,8d642ce18c8e7f6e,aviation_aerospace,positive,background_negative,82530,"Millions are waiting.”

(Subadra Ramakrishnan is a freelance writer and licensed pilot who lives in New Delhi.",operations_and_safety,pilot,aviation_aerospace,background_negative,yes,high,clean_background_control,,annotation_source=auto_supplement; sampled_from_bucket=background_negative,auto_supplement
nfl_football,a41d0297b654305d,china,positive,background_negative,90236,"And yet, although Sino-Japanese tensions remain high — on Sept. 3rd, Beijing is hosting a military parade celebrating Japanese defeat in World War II, which has angered Tokyo — Rebel’s adapted home hasn’t offered him the protection he feels he needs.",country_anchor,beijing,china,background_negative,yes,high,clean_background_control,,annotation_source=auto_supplement; sampled_from_bucket=background_negative,auto_supplement
nfl_football,3af542a4fbb9f1bd,crypto_blockchain,positive,background_negative,42406,"On Zimbabwe’s local exchange golix.com bitcoin touched a new high of $18,500 on Wednesday before retreating to $18,000.",protocol_anchor,bitcoin,crypto_blockchain,background_negative,yes,high,clean_background_control,,annotation_source=auto_supplement; sampled_from_bucket=background_negative,auto_supplement
nfl_football,3fee29f9281e0b1c,china,positive,background_negative,64408,"Hong Kong

You’ll have no problem finding a cafe, bar, or restaurant in Hong Kong.",economy_and_society,hong kong,china,background_negative,yes,high,clean_background_control,,annotation_source=auto_supplement; sampled_from_bucket=background_negative,auto_supplement
nfl_football,29da676d155b6802,aviation_aerospace,positive,background_negative,5715,"""SpaceX has sought NASA’s support because the agency has unique expertise in deep space exploration in areas such as deep space communication and navigation.” A successful mission may also open the door to future cooperation between SpaceX and NASA's aims to return soil samples from the surface of Mars.",aerospace_anchor,nasa;spacex,aviation_aerospace,background_negative,yes,high,clean_background_control,,annotation_source=auto_supplement; sampled_from_bucket=background_negative,auto_supplement
nfl_football,36700663d7cbda6c,aviation_aerospace,positive,background_negative,10058,[36] In November 2014 Iran claimed to have carried out a successful test flight of an aircraft based on reverse engineering of the RQ-170.,aviation_anchor,aircraft,aviation_aerospace,background_negative,yes,high,clean_background_control,,annotation_source=auto_supplement; sampled_from_bucket=background_negative,auto_supplement
nfl_football,dd85bd294810ea3c,aviation_aerospace,positive,background_negative,5729,"Doesn’t NASA have plans to go to Mars, too?",aerospace_anchor,nasa,aviation_aerospace,background_negative,yes,high,clean_background_control,,annotation_source=auto_supplement; sampled_from_bucket=background_negative,auto_supplement
nfl_football,1ff159fe3423908d,aviation_aerospace,positive,background_negative,82284,"An industry source said: ""The belief was that a plane could not be shot down at that altitude, which is why aircraft continue to fly over zones that have wars going on.""",aviation_anchor,aircraft,aviation_aerospace,background_negative,yes,high,clean_background_control,,annotation_source=auto_supplement; sampled_from_bucket=background_negative,auto_supplement
nfl_football,771e39d1e239eb42,china,positive,background_negative,13163,She dismisses my suggestion to bake the scones in China.,country_anchor,china,china,background_negative,yes,high,clean_background_control,,annotation_source=auto_supplement; sampled_from_bucket=background_negative,auto_supplement
nfl_football,98ea9604ff01e5e9,crypto_blockchain,positive,background_negative,79682,"HTML5 Wallet: Probably coming sooner rather then later, essentially building up a clean simple HTML5 wallet using qt web server.",market_and_wallet,wallet,crypto_blockchain,background_negative,yes,high,clean_background_control,,annotation_source=auto_supplement; sampled_from_bucket=background_negative,auto_supplement
nfl_football,a1e0542265b0f07b,aviation_aerospace,positive,background_negative,18715,"The Viking 1 spacecraft touched down on the Martian surface on July 20, 1976, seven years after Apollo 11 astronauts stepped out onto the moon.",aerospace_anchor,spacecraft,aviation_aerospace,background_negative,yes,high,clean_background_control,,annotation_source=auto_supplement; sampled_from_bucket=background_negative,auto_supplement
nfl_football,13fb652984da2f8c,aviation_aerospace,positive,background_negative,100958,"Though 32.9% say they're frustrated by ""poor customer service,"" and 29.9% say they're bothered by the quality of the pay TV service they receive from their telco, cable, or satellite TV provider.",aerospace_anchor,satellite,aviation_aerospace,background_negative,yes,high,clean_background_control,,annotation_source=auto_supplement; sampled_from_bucket=background_negative,auto_supplement
nfl_football,8894ea98fa06ea95,aviation_aerospace,positive,background_negative,36130,"The line plot above shows yearly temperature anomalies from 1880 to 2011 as recorded by NASA GISS, the National Oceanic and Atmospheric Administration (NOAA) National Climatic Data Center, the Japanese Meteorological Agency, and the Met Office Hadley Centre in the United Kingdom.",aerospace_anchor,nasa,aviation_aerospace,background_negative,yes,high,clean_background_control,,annotation_source=auto_supplement; sampled_from_bucket=background_negative,auto_supplement
nfl_football,80244dd2ad89f199,crypto_blockchain,positive,background_negative,148538,"Well, a long list of merchants near the theater on Lee Road accept payment in the form of Bitcoin — a form of digital money that isn’t controlled by a central government.",protocol_anchor,bitcoin,crypto_blockchain,background_negative,yes,high,clean_background_control,,annotation_source=auto_supplement; sampled_from_bucket=background_negative,auto_supplement
nfl_football,f75c31bfc65e1474,china,positive,background_negative,2709,It will also likely build a long blacklist of Taiwanese activists to keep out of Hong Kong.,economy_and_society,hong kong,china,background_negative,yes,high,clean_background_control,,annotation_source=auto_supplement; sampled_from_bucket=background_negative,auto_supplement
nfl_football,e837b60387146631,aviation_aerospace,positive,background_negative,41307,"(Credit: NAOJ)

Although there are only a small number of super-Earths that scientists can observe in the sky now, this situation will dramatically change when the Transiting Exoplanet Survey Satellite (TESS) begins its whole sky survey of small transiting exoplanets in our solar neighborhood.",aerospace_anchor,satellite,aviation_aerospace,background_negative,yes,high,clean_background_control,,annotation_source=auto_supplement; sampled_from_bucket=background_negative,auto_supplement
nfl_football,4f80d8bb81c7986b,china,positive,background_negative,90268,"“He said, ‘I left China to get away from these people, and now here they are!’” Rebel feels like he’s growing as a cartoonist and as a thinker — “raising his level,” as he put it, as he continues the slow process of sloughing off what he describes as the unavoidable self-censorship that came from his life in China.",country_anchor,china,china,background_negative,yes,high,clean_background_control,,annotation_source=auto_supplement; sampled_from_bucket=background_negative,auto_supplement
nfl_football,2e4ecd3d8ff6b218,china,positive,background_negative,34168,"“I don’t think most people who trade it know what it is.” Trading of commodity futures in China from steel reinforcement bars -- a benchmark product used in construction -- to iron ore, coking coal and cotton has ballooned this month on an unprecedented surge in retail investor interest.",country_anchor,china,china,background_negative,yes,high,clean_background_control,,annotation_source=auto_supplement; sampled_from_bucket=background_negative,auto_supplement
nfl_football,8ece7ca6d3fbd9ae,aviation_aerospace,positive,background_negative,10768,The New York Times is reporting the arrest of three RC hobbyists that were flying an RC aircraft at a lake nearby a nuclear power plant.,aviation_anchor,aircraft,aviation_aerospace,background_negative,yes,high,clean_background_control,,annotation_source=auto_supplement; sampled_from_bucket=background_negative,auto_supplement
nfl_football,78236fa4ab121497,china,positive,background_negative,15352,"China faces a looming glut in coal-fired generating capacity, with plant utilization rates at a 35-year low.",country_anchor,china,china,background_negative,yes,high,clean_background_control,,annotation_source=auto_supplement; sampled_from_bucket=background_negative,auto_supplement
nfl_football,9f3ec3bac6933e7c,aviation_aerospace,positive,background_negative,111200,"Absent that promise, it is difficult to imagine this is anything other than a gambit to save Ex-Im and keep the K Street lobbying dollars rolling in from Boeing, GE and the Chamber of Commerce.",aviation_anchor,boeing,aviation_aerospace,background_negative,yes,high,clean_background_control,,annotation_source=auto_supplement; sampled_from_bucket=background_negative,auto_supplement
nfl_football,3347c645b6c6217b,china,positive,background_negative,104464,"I have stood there many times, on the anniversaries of wars with China and Pakistan, and bowed my head without a thought for the men who died in foreign fields a century ago.",country_anchor,china,china,background_negative,yes,high,clean_background_control,,annotation_source=auto_supplement; sampled_from_bucket=background_negative,auto_supplement
nfl_football,68b8725293dd1e28,china,positive,background_negative,18889,"[Apple’s big bet on China is also a bet on driverless cars]

It is, in fact, leading the world in both areas.",country_anchor,china,china,background_negative,yes,high,clean_background_control,,annotation_source=auto_supplement; sampled_from_bucket=background_negative,auto_supplement
nfl_football,742fa68eeb6e1f2d,aviation_aerospace,positive,background_negative,179368,"An aircraft can only be registered once, in one jurisdiction, at a time.",aviation_anchor,aircraft,aviation_aerospace,background_negative,yes,high,clean_background_control,,annotation_source=auto_supplement; sampled_from_bucket=background_negative,auto_supplement
nfl_football,9dc96b3c417db1db,aviation_aerospace,positive,background_negative,132662,"""That was an ugly, spidery spacecraft,"" he says.",aerospace_anchor,spacecraft,aviation_aerospace,background_negative,yes,high,clean_background_control,,annotation_source=auto_supplement; sampled_from_bucket=background_negative,auto_supplement
nfl_football,bbeb767c0dc71faa,crypto_blockchain,positive,background_negative,148539,They’ll be offering Bitcoin-related deals throughout the week.,protocol_anchor,bitcoin,crypto_blockchain,background_negative,yes,high,clean_background_control,,annotation_source=auto_supplement; sampled_from_bucket=background_negative,auto_supplement
nfl_football,c30ec7cce66a82e7,china,positive,background_negative,3454,Many feel the framework for business deals in China is unfair.,country_anchor,china,china,background_negative,yes,high,clean_background_control,,annotation_source=auto_supplement; sampled_from_bucket=background_negative,auto_supplement
nfl_football,ab3161377392896b,china,positive,background_negative,45003,"Alexander Zakharchenko, prime minister of the separatists' Donetsk People's Republic, has acknowledged that retirees are dying of hunger.",country_anchor,people's republic,china,background_negative,yes,high,clean_background_control,,annotation_source=auto_supplement; sampled_from_bucket=background_negative,auto_supplement
nfl_football,c737e34b5cd5f702,crypto_blockchain,positive,background_negative,159364,Bitcoin was developed after the poor financial practices from the economic collapse in 2009.,protocol_anchor,bitcoin,crypto_blockchain,background_negative,yes,high,clean_background_control,,annotation_source=auto_supplement; sampled_from_bucket=background_negative,auto_supplement
nfl_football,5db8093a7fff9bf1,aviation_aerospace,positive,background_negative,172382,"""A heated exchange of words followed during which the pilot continued to misbehave, the complaint said.",operations_and_safety,pilot,aviation_aerospace,background_negative,yes,high,clean_background_control,,annotation_source=auto_supplement; sampled_from_bucket=background_negative,auto_supplement
nfl_football,dd946dd2d6431afd,aviation_aerospace,positive,background_negative,789,"A reconnaissance aircraft was seen in the sky an hour before the airstrike happened, media activist Ammar al-Adalba told Website for the Syrian Revolution.",aviation_anchor,aircraft,aviation_aerospace,background_negative,yes,high,clean_background_control,,annotation_source=auto_supplement; sampled_from_bucket=background_negative,auto_supplement
nfl_football,beeaa156116b7f7c,crypto_blockchain,positive,background_negative,160523,The Indian government announced the likelihood of a regulatory framework for Bitcoin being implemented by as early as May.,protocol_anchor,bitcoin,crypto_blockchain,background_negative,yes,high,clean_background_control,,annotation_source=auto_supplement; sampled_from_bucket=background_negative,auto_supplement
nfl_football,ee5b856105dfa08b,aviation_aerospace,positive,background_negative,134933,Need an airline to sponsor Sc2!,aviation_anchor,airline,aviation_aerospace,background_negative,yes,high,clean_background_control,,annotation_source=auto_supplement; sampled_from_bucket=background_negative,auto_supplement
nfl_football,f4375bceaf21d353,aviation_aerospace,positive,background_negative,7677,"SOME OF FOSSETT'S RECORDS 1998/2002: Long-distance for solo ballooning 2001/2002: Duration for solo ballooning 2002: First solo round-the-world balloon flight First balloon crossings of Asia, Africa, Europe, South America, South Atlantic, South Pacific, Indian Oceans Seven fastest speed sailing titles 13 World Sailing Speed Record Council titles 2001: Fastest transatlantic sailing 2004: Fastest round-the-world sailing Round-the-world titles for medium airplanes US transcontinental titles for non-military aircraft

In pictures: Steve Fossett Profile: Steve Fossett But reports later said that some remains had been found in the aircraft and would be sent for DNA analysis.",aviation_anchor,aircraft,aviation_aerospace,background_negative,yes,high,clean_background_control,,annotation_source=auto_supplement; sampled_from_bucket=background_negative,auto_supplement
nfl_football,00cbe51758323e84,crypto_blockchain,positive,background_negative,209040,"Due to the understood finite supply of bitcoin—there will only ever be 21 million coins released—as usage increases and the supply stays relatively constant, the only place for the price to go is up.",protocol_anchor,bitcoin,crypto_blockchain,background_negative,yes,high,clean_background_control,,annotation_source=auto_supplement; sampled_from_bucket=background_negative,auto_supplement
nfl_football,af391199d52b47ff,aviation_aerospace,positive,background_negative,170443,Natural sociological and economic forces are forcing NASA and the defense technology complex to return to the model they had prior to World War II in which government-funded R&D was indeed sparse.,aerospace_anchor,nasa,aviation_aerospace,background_negative,yes,high,clean_background_control,,annotation_source=auto_supplement; sampled_from_bucket=background_negative,auto_supplement
nfl_football,c6b82a1268640f0c,aviation_aerospace,positive,background_negative,60338,"A comparison with the glow produced by SpaceX's Falcon 9 rocket, which launches the company's Dragon capsule on cargo missions to the International Space Station (ISS), might be instructive.",aerospace_anchor,spacex,aviation_aerospace,background_negative,yes,high,clean_background_control,,annotation_source=auto_supplement; sampled_from_bucket=background_negative,auto_supplement
nfl_football,8b37e64ceb2c10b8,crypto_blockchain,positive,background_negative,209037,"In essence, miners need to sell their bitcoin more to pay for electricity than hoarders and users need to buy.",protocol_anchor,bitcoin,crypto_blockchain,background_negative,yes,high,clean_background_control,,annotation_source=auto_supplement; sampled_from_bucket=background_negative,auto_supplement
nfl_football,adaabf9d85a43208,aviation_aerospace,positive,background_negative,185348,"[THE LATEST: Police identify pilot in deadly plane crash]

Westlake was the only person on the plane and no one was in the house at the time of the crash.",operations_and_safety,pilot,aviation_aerospace,background_negative,yes,high,clean_background_control,,annotation_source=auto_supplement; sampled_from_bucket=background_negative,auto_supplement
nfl_football,550eff7e6c7030ef,aviation_aerospace,positive,background_negative,32328,"By 1975, the company was flying airplanes as well when it bought an aircraft maintenance center outside Tucson, Arizona, that was run by the CIA, according to the Oregonian, Oregon's largest newspaper.",aviation_anchor,aircraft,aviation_aerospace,background_negative,yes,high,clean_background_control,,annotation_source=auto_supplement; sampled_from_bucket=background_negative,auto_supplement
nfl_football,389001c3aff209eb,crypto_blockchain,positive,background_negative,79851,"When Bitcoin came along, I was in the middle of a study about mobile phones and money in sub-Saharan Africa.",protocol_anchor,bitcoin,crypto_blockchain,background_negative,yes,high,clean_background_control,,annotation_source=auto_supplement; sampled_from_bucket=background_negative,auto_supplement
nfl_football,c82181ced2376300,aviation_aerospace,positive,background_negative,100835,NASA is working on different shielding materials.,aerospace_anchor,nasa,aviation_aerospace,background_negative,yes,high,clean_background_control,,annotation_source=auto_supplement; sampled_from_bucket=background_negative,auto_supplement
nfl_football,d90a2a2c48473938,china,positive,background_negative,27641,"MY ARTICLE on the 1989 Tiananmen Square uprising in China (""Twenty years after Tiananmen Square"") for SocialistWorker.org drew a harsh response from Richard Becker, writing for the Party for Socialism and Liberation (PSL).",country_anchor,china,china,background_negative,yes,high,clean_background_control,,annotation_source=auto_supplement; sampled_from_bucket=background_negative,auto_supplement
nfl_football,49b1ceb2c715ccca,aviation_aerospace,positive,background_negative,55968,"“Having security cameras is not going to be acceptable.”

The two Toronto libraries scheduled for the staff-less pilot project are Swansea Memorial Public Library in Bloor West Village and the other is Todmorden Public Library on Pape Avenue in the east end.",operations_and_safety,pilot,aviation_aerospace,background_negative,yes,high,clean_background_control,,annotation_source=auto_supplement; sampled_from_bucket=background_negative,auto_supplement
nfl_football,6c0bc211e7de27ef,aviation_aerospace,positive,background_negative,176497,"Note the figure in the link above, showing a pretty remarkable drop in Boeing’s share price on the day of Rep. Cantor’s surprise loss to Dave Brat (Cantor’s a supporter of the bank, and Boeing depends on the bank to boost its international sales; Brat’s a strong opponent).",aviation_anchor,boeing,aviation_aerospace,background_negative,yes,high,clean_background_control,,annotation_source=auto_supplement; sampled_from_bucket=background_negative,auto_supplement
nfl_football,d2a217fd1f94c1e3,crypto_blockchain,positive,background_negative,127067,It made me wonder if Ethereum will ultimately be the dominant app platform or not.,protocol_anchor,ethereum,crypto_blockchain,background_negative,yes,high,clean_background_control,,annotation_source=auto_supplement; sampled_from_bucket=background_negative,auto_supplement
nfl_football,194cee6c5dd5ec72,crypto_blockchain,positive,background_negative,152602,"Bridges was also ordered to forfeit approximately 1,500 bitcoin and other fiat currency which has a current value of approximately $10.4 million.",protocol_anchor,bitcoin,crypto_blockchain,background_negative,yes,high,clean_background_control,,annotation_source=auto_supplement; sampled_from_bucket=background_negative,auto_supplement
nfl_football,50736c6ef62a9160,china,positive,background_negative,78375,"Mr Obama said the US would encourage free and fair elections, while Mr Xi stated issues in the territory were an internal Chinese affair.",country_anchor,chinese,china,background_negative,yes,high,clean_background_control,,annotation_source=auto_supplement; sampled_from_bucket=background_negative,auto_supplement
nfl_football,cfbfa875f6a6b3f0,china,positive,background_negative,91346,"[53] But what seems like a spirited defence of the legacy of the Cultural Revolution is actually a bankrupt rehashing of the idealist notion of the material world and historical experiences simply as the concrete embodiment of an “absolute idea.”

On the other hand, Žižek also endorses the slander about Mao’s Great Leap Forward supposedly “causing the greatest famine in history by exporting food to Russia to buy nuclear and arms industries” in order to paint Maoist China as the realization of the “industrial production of corpses.”[54] Jung Chang and Jon Halliday’s biography of Mao which forms the basis of this fantastic account is, of course, a complete hoax refuted even by bourgeois scholars who are unsympathetic to Mao.",country_anchor,china,china,background_negative,yes,high,clean_background_control,,annotation_source=auto_supplement; sampled_from_bucket=background_negative,auto_supplement
nfl_football,5a36fef5f39c8fb3,crypto_blockchain,positive,background_negative,155358,"As such, Gupta was responsible for explaining “how to sell ideas” at the original Ethereum Devcon.",protocol_anchor,ethereum,crypto_blockchain,background_negative,yes,high,clean_background_control,,annotation_source=auto_supplement; sampled_from_bucket=background_negative,auto_supplement
nfl_football,fbfbfece1d29e8a8,aviation_aerospace,positive,background_negative,36122,"Scientists at NASA’s Goddard Institute for Space Studies (GISS) say 2012 was the ninth warmest year since 1880, continuing a long-term trend of rising global temperatures.",aerospace_anchor,nasa,aviation_aerospace,background_negative,yes,high,clean_background_control,,annotation_source=auto_supplement; sampled_from_bucket=background_negative,auto_supplement
nfl_football,e1f391e451b7d9fa,crypto_blockchain,positive,background_negative,143909,"It comes down to a few key parameters and effects that some economists have a hard time getting their head around in reference to Cryptocurrency I will explain both :

Mining for production – the means and the technology.",market_and_wallet,mining,crypto_blockchain,background_negative,yes,high,clean_background_control,,annotation_source=auto_supplement; sampled_from_bucket=background_negative,auto_supplement
nfl_football,e02bb88860800f38,china,positive,background_negative,90280,"Soon after we arrived at the protest, a Chinese IT professional and peace activist introduced himself, giving his surname as Wang (also unrelated to Rebel).",country_anchor,chinese,china,background_negative,yes,high,clean_background_control,,annotation_source=auto_supplement; sampled_from_bucket=background_negative,auto_supplement
nfl_football,f6d909ef672503c5,china,positive,background_negative,107367,"One team member is seen openly discrediting the man who would become Beijing’s model citizen during practice while another tells him directly in a close-up, “Championship title?",country_anchor,beijing,china,background_negative,yes,high,clean_background_control,,annotation_source=auto_supplement; sampled_from_bucket=background_negative,auto_supplement
nfl_football,842033a624f0f4a8,china,positive,background_negative,27653,"THIS IS clear from the beginning of Becker's response to my article, when he takes offense at my distaste for the Chinese National Anthem--a sign, he says, of my ""cultural arrogance, jingoism and apparent ignorance.""",country_anchor,chinese,china,background_negative,yes,high,clean_background_control,,annotation_source=auto_supplement; sampled_from_bucket=background_negative,auto_supplement
nfl_football,49f668dbe732ae2f,china,positive,background_negative,78367,"Image copyright AFP Image caption The UN has warned that global warming is likely to have a severe impact

Mr Obama called Wednesday's agreement ""historic"" and said the US would work with China to ""slow, peak and then reverse the course of China's carbon emissions"".",country_anchor,china,china,background_negative,yes,high,clean_background_control,,annotation_source=auto_supplement; sampled_from_bucket=background_negative,auto_supplement
nfl_football,8baa9e34cefbc707,aviation_aerospace,positive,background_negative,113612,"""One was a raid to Revigny (France) which was only a small raid of 106 aircraft and altogether 24 were lost.",aviation_anchor,aircraft,aviation_aerospace,background_negative,yes,high,clean_background_control,,annotation_source=auto_supplement; sampled_from_bucket=background_negative,auto_supplement
nfl_football,1dd4d342b62d0785,crypto_blockchain,positive,background_negative,159327,"Bitcoin had a record-breaking year in 2017, taking a volatile growth course from $900 at the start of the year to $6,300 by October.",protocol_anchor,bitcoin,crypto_blockchain,background_negative,yes,high,clean_background_control,,annotation_source=auto_supplement; sampled_from_bucket=background_negative,auto_supplement
nfl_football,d48c94462b8ef098,china,positive,background_negative,94006,"China, the United States, France, Britain, Russia and Germany have agreed to participate in the redesign and the construction of the modernised reactor.",country_anchor,china,china,background_negative,yes,high,clean_background_control,,annotation_source=auto_supplement; sampled_from_bucket=background_negative,auto_supplement
nfl_football,b91e0a75ba7e27a9,china,positive,background_negative,34170,"Exchanges in Asia’s top economy including in Shanghai have announced a series of measures this month to cool the frenzy, and said more steps may follow.",country_anchor,shanghai,china,background_negative,yes,high,clean_background_control,,annotation_source=auto_supplement; sampled_from_bucket=background_negative,auto_supplement
nfl_football,e28a16780a3e3be7,crypto_blockchain,positive,background_negative,185110,"Stock prices immediately plunged:

The US dollar surged:

Gold put in a $100/oz reversal (which has since moderated a bit):

And Bitcoin jumped:

And look at the capital fleeing derivatives like sovereign credit default swaps.",protocol_anchor,bitcoin,crypto_blockchain,background_negative,yes,high,clean_background_control,,annotation_source=auto_supplement; sampled_from_bucket=background_negative,auto_supplement
nfl_football,c554356f969562ca,aviation_aerospace,positive,background_negative,82282,"On Wednesday a Ukrainian Air Force Su-25 fighter was also hit by a missile, forcing the pilot to eject.",operations_and_safety,pilot,aviation_aerospace,background_negative,yes,high,clean_background_control,,annotation_source=auto_supplement; sampled_from_bucket=background_negative,auto_supplement
nfl_football,9d94b46e5d6cddf5,aviation_aerospace,positive,background_negative,111755,"The pendulum swung too far.” The company’s Chief Executive, Jim McNerney, said that he “would draw the lines in a different place” — but don’t mistake that for ditching the outsourcing, because he also said that he “would still have the same supplier/partner concept.”

And why did Boeing decide to do this in the first place?",aviation_anchor,boeing,aviation_aerospace,background_negative,yes,high,clean_background_control,,annotation_source=auto_supplement; sampled_from_bucket=background_negative,auto_supplement
nfl_football,5df8ab32419e1148,crypto_blockchain,positive,background_negative,137651,"Notice that this definition does NOT:

Use financially-charged terms like ""ledger"", ""money"" or ""transactions"", or indeed any terms geared toward a particular use case

Mention any particular consensus algorithm, or indeed mention anything about the technical properties of how a blockchain works (except for the fact that it's ""cryptoeconomic"", a technical term roughly meaning ""it's decentralized, it uses public key cryptography for authentication, and it uses economic incentives to ensure that it keeps going and doesn't go back in time or incur any other glitch"")

Make a restriction to any particular type of state transition function

The one thing that the definition does well is explain what a blockchain does, and it explains it in such a way that any software developer will be able to fairly clearly have at least an intuitive grasp of its value proposition.",protocol_anchor,blockchain,crypto_blockchain,background_negative,yes,high,clean_background_control,,annotation_source=auto_supplement; sampled_from_bucket=background_negative,auto_supplement
nfl_football,79f58fd6a7cc3aab,crypto_blockchain,positive,background_negative,45838,"Bitcoin surges

Bitcoin, the digital currency that has become a global phenomenon, reached an all-time high today, topping $200 (U.S.).",protocol_anchor,bitcoin,crypto_blockchain,background_negative,yes,high,clean_background_control,,annotation_source=auto_supplement; sampled_from_bucket=background_negative,auto_supplement
nfl_football,c138359918560463,aviation_aerospace,positive,background_negative,165961,"A new Purdue University report and survey of on global warming finds that just 50 percent of scientists blame human causes, not the NASA-endorsed and widely distributed claim of 97 percent.",aerospace_anchor,nasa,aviation_aerospace,background_negative,yes,high,clean_background_control,,annotation_source=auto_supplement; sampled_from_bucket=background_negative,auto_supplement
nfl_football,1ca1d8baefaec4c0,aviation_aerospace,positive,background_negative,173816,"Similarly, Figure 4 shows 130.4 nm UV airglow data measured by the Special Sensor Ultraviolet Spectrographic Imager (SSUSI) satellite instrument on days before (left), during (middle), and after (right) a total solar eclipse over Africa on 29 March 2006.",aerospace_anchor,satellite,aviation_aerospace,background_negative,yes,high,clean_background_control,,annotation_source=auto_supplement; sampled_from_bucket=background_negative,auto_supplement
nfl_football,7148d127441b61c8,china,positive,background_negative,43362,"[58]

Release [ edit ]

On August 7, 2015, Lionsgate announced that they would distribute and market the film worldwide except in China.",country_anchor,china,china,background_negative,yes,high,clean_background_control,,annotation_source=auto_supplement; sampled_from_bucket=background_negative,auto_supplement
nfl_football,612122f3e1c73160,china,positive,background_negative,101494,He met with Japanese Prime Minister Shinzo Abe on Tuesday and was set to talk with the Chinese leadership later in the week.,country_anchor,chinese,china,background_negative,yes,high,clean_background_control,,annotation_source=auto_supplement; sampled_from_bucket=background_negative,auto_supplement
nfl_football,a189ff877d90e007,china,positive,background_negative,69354,"Image copyright AFP Image caption China's defence minister Chang Wanquan has suggested drills for ""maritime rescues and disaster relief""

China has proposed joint maritime drills with South East Asian nations in the hotly contested South China Sea in 2016.",country_anchor,china,china,background_negative,yes,high,clean_background_control,,annotation_source=auto_supplement; sampled_from_bucket=background_negative,auto_supplement
nfl_football,88c58edf594be91a,aviation_aerospace,positive,background_negative,178140,"Currently, there are more than 20 licensed partners in the pilot program, leading to rapid growth in the amount of farmland used for industrial hemp production.",operations_and_safety,pilot,aviation_aerospace,background_negative,yes,high,clean_background_control,,annotation_source=auto_supplement; sampled_from_bucket=background_negative,auto_supplement
nfl_football,49dd30640cfd9ae2,aviation_aerospace,positive,background_negative,114507,Senate Minority Leader Harry Reid Harry Mason ReidBottom Line Brennan fires back at 'selfish' Trump over Harry Reid criticism Trump rips Harry Reid for 'failed career' after ex-Dem leader slams him in interview MORE (D-Nev.) says Mitt Romney’s bid to join President-elect Donald Trump Donald John TrumpHouse committee believes it has evidence Trump requested putting ally in charge of Cohen probe: report Vietnamese airline takes steps to open flights to US on sidelines of Trump-Kim summit Manafort's attorneys say he should get less than 10 years in prison MORE’s Cabinet has erased any esteem he has for the GOP’s 2012 presidential nominee.,aviation_anchor,airline,aviation_aerospace,background_negative,yes,high,clean_background_control,,annotation_source=auto_supplement; sampled_from_bucket=background_negative,auto_supplement
nfl_football,622773e3a0803c9a,aviation_aerospace,positive,background_negative,177683,"It hasn’t been all bad for Goddard—he was nominated for an Oscar for penning 2015’s blockbuster The Martian, he still serves as an executive producer on Daredevil, and he helmed the pilot of one of this year’s best new shows The Good Place—but it was a bummer to see his directorial projects fall apart.",operations_and_safety,pilot,aviation_aerospace,background_negative,yes,high,clean_background_control,,annotation_source=auto_supplement; sampled_from_bucket=background_negative,auto_supplement
nfl_football,73e1f67d6ed1f048,crypto_blockchain,positive,background_negative,137696,"This does not yet require blockchains - although, in the latest designs, in the limit scalable blockchains are really not that different in design from DHTs and so it is entirely possible that, in ten years time, every kind of decentralized system used for anything will accidentally or intentionally converge into some kind of scalable blockchain.",protocol_anchor,blockchain,crypto_blockchain,background_negative,yes,high,clean_background_control,,annotation_source=auto_supplement; sampled_from_bucket=background_negative,auto_supplement
nfl_football,661605c9b3ce656b,china,positive,background_negative,81380,"Christofferson's argument is like saying, “The Chinese could make fireworks a long time ago, so maybe the Europeans could likewise make fireworks at the same time.” Sure, they maybe could have, but there is no evidence that they did.",country_anchor,chinese,china,background_negative,yes,high,clean_background_control,,annotation_source=auto_supplement; sampled_from_bucket=background_negative,auto_supplement
nfl_football,8190129acc2ae5e1,crypto_blockchain,positive,background_negative,186427,"The move is part of a new liquidity-enhanced venture capital fund called Blockchain Capital III: a combination of a traditional limited partnership and the BCAP digital token, which will be sold in an upcoming initial token offering (ITO).",protocol_anchor,blockchain;token,crypto_blockchain,background_negative,yes,high,clean_background_control,,annotation_source=auto_supplement; sampled_from_bucket=background_negative,auto_supplement
nfl_football,8a5cc27c2e48d291,aviation_aerospace,positive,background_negative,77548,"The FAA issued an advisory warning pilots on Saturday that global positioning systems (GPS) could be unreliable during six different days this month, primarily in the Southwestern United States.",aviation_anchor,faa,aviation_aerospace,background_negative,yes,high,clean_background_control,,annotation_source=auto_supplement; sampled_from_bucket=background_negative,auto_supplement
nfl_football,3b778a9ac869bcf1,china,positive,background_negative,101482,"If a conflict were to break out, Kurt Campbell said, it would likely be a “small skirmish, probably easily contained.”

But the larger context, of ""what is really the two great countries of Asia, China and Japan"" is hard to ignore.",country_anchor,china,china,background_negative,yes,high,clean_background_control,,annotation_source=auto_supplement; sampled_from_bucket=background_negative,auto_supplement
nfl_football,f585d72672125e91,china,positive,background_negative,46589,"2.6% of Baidu (Price: $10 million, Date: June 23, 2004)

Baidu is the biggest search engine in China right now.",country_anchor,china,china,background_negative,yes,high,clean_background_control,,annotation_source=auto_supplement; sampled_from_bucket=background_negative,auto_supplement
nfl_football,d48a1ce88c924276,china,positive,background_negative,2462,"Awash in seized Soviet weapons following the Six Day War in 1967, Israel quietly worked to upgrade China’s military arsenal.",country_anchor,china,china,background_negative,yes,high,clean_background_control,,annotation_source=auto_supplement; sampled_from_bucket=background_negative,auto_supplement
nfl_football,c21845c55d6c2848,crypto_blockchain,positive,background_negative,45849,"As an asset, said Justin Fox, editorial director of the Harvard Business Review Group, Bitcoin ""is clearly in a bubble,"" and has been so always.",protocol_anchor,bitcoin,crypto_blockchain,background_negative,yes,high,clean_background_control,,annotation_source=auto_supplement; sampled_from_bucket=background_negative,auto_supplement
nfl_football,29e5574a6b2bf32e,china,positive,background_negative,18891,And more plug-in electric vehicles were sold in China last year than in any other country.,country_anchor,china,china,background_negative,yes,high,clean_background_control,,annotation_source=auto_supplement; sampled_from_bucket=background_negative,auto_supplement
nfl_football,964342da85de2241,china,positive,background_negative,91568,"TEN YEAR EFFORT

“Our objective is to get the approval and the clearance from the Chinese authorities so that we can go into a full commercial launch as soon as possible,” said Frank Terhorst, global head of seeds for the company.",country_anchor,chinese,china,background_negative,yes,high,clean_background_control,,annotation_source=auto_supplement; sampled_from_bucket=background_negative,auto_supplement
nfl_football,6cfec2282b388c33,china,positive,background_negative,13159,But the hard fact for exporters is that China is a long way away.,country_anchor,china,china,background_negative,yes,high,clean_background_control,,annotation_source=auto_supplement; sampled_from_bucket=background_negative,auto_supplement
nfl_football,75dbfa159aeab63f,aviation_aerospace,positive,background_negative,8712,"Other Russian firms that made the ranking were the United Aircraft Corp., which owns Sukhoi, MiG and Irkut, and saw revenues rise 7 percent to $6.2 billion; Russian Helicopters, which finished at $3.96 billion, up 16 percent over 2013; and the United Engine-building Company, which saw a 25 percent increase over 2013 revenues to $3.3 billion in 2014.",aviation_anchor,aircraft,aviation_aerospace,background_negative,yes,high,clean_background_control,,annotation_source=auto_supplement; sampled_from_bucket=background_negative,auto_supplement
nfl_football,cddf87d0aa071414,aviation_aerospace,positive,background_negative,26569,"In fact, Love's first four episodes are so overstuffed with bland filler that episodes two, three, and four could've been cut altogether, and the show could've skipped right from the pilot with ""The Date"" without the plot losing much importance.",operations_and_safety,pilot,aviation_aerospace,background_negative,yes,high,clean_background_control,,annotation_source=auto_supplement; sampled_from_bucket=background_negative,auto_supplement
nfl_football,77a02eaa1a55c75a,aviation_aerospace,positive,background_negative,187605,"Some of the world’s best fighters and bombers, and Osprey hybrid aircraft, now regularly fly into Darwin and nearby Shoal Bay Receiving Station and RAAF Tindal in Katherine, with huge ships coming down from a US base in Okinawa, Japan.",aviation_anchor,aircraft,aviation_aerospace,background_negative,yes,high,clean_background_control,,annotation_source=auto_supplement; sampled_from_bucket=background_negative,auto_supplement
nfl_football,90ac789e3e916679,china,positive,background_negative,34063,"By Christine Duhaime | January 2nd, 2017

The questions and answers I’ve been asked the most in 2016 about China:

Q: How much money has been removed from China in proceeds of corruption?",country_anchor,china,china,background_negative,yes,high,clean_background_control,,annotation_source=auto_supplement; sampled_from_bucket=background_negative,auto_supplement
nfl_football,eaf6bd3d414e33cb,aviation_aerospace,positive,background_negative,193182,"He expressed confidence that maritime security of our nation is in capable hands and each ship, aircraft and naval personnel stands tall and ready to protect our nation.",aviation_anchor,aircraft,aviation_aerospace,background_negative,yes,high,clean_background_control,,annotation_source=auto_supplement; sampled_from_bucket=background_negative,auto_supplement
nfl_football,b7b4963fe63f926c,china,positive,background_negative,3475,"Over the next few years, Beijing envisions higher wages for the middle classes and plans to pull an additional 200 million people out of poverty in western China.",country_anchor,beijing;china,china,background_negative,yes,high,clean_background_control,,annotation_source=auto_supplement; sampled_from_bucket=background_negative,auto_supplement
nfl_football,2899b43981ae96bf,aviation_aerospace,positive,background_negative,160217,"Mr Obama visits Poland at the end of the month and is expected to confirm the stationing of F16 combat aircraft on Polish soil during meetings with Bronislaw Komorowski, his Polish counterpart, and other central and eastern European leaders.",aviation_anchor,aircraft,aviation_aerospace,background_negative,yes,high,clean_background_control,,annotation_source=auto_supplement; sampled_from_bucket=background_negative,auto_supplement
nfl_football,8f8f168651058757,aviation_aerospace,positive,background_negative,36844,One offer was of an anti-aircraft gun which came complete with a truck.,aviation_anchor,aircraft,aviation_aerospace,background_negative,yes,high,clean_background_control,,annotation_source=auto_supplement; sampled_from_bucket=background_negative,auto_supplement
nfl_football,a8110860f7e2e073,aviation_aerospace,positive,background_negative,12827,"Anyone encountering this who refers specifically to the ""European Court case of Wallentin-Hermann v Alitalia"" may impress the airline sufficiently so that it does not waste time trying to bluster its way out of paying up.",aviation_anchor,airline,aviation_aerospace,background_negative,yes,high,clean_background_control,,annotation_source=auto_supplement; sampled_from_bucket=background_negative,auto_supplement
nfl_football,c448d20c146a051a,crypto_blockchain,positive,background_negative,159351,"Disruption Of The Status Quo Will Continue

Technologies like Uber, Airbnb and Alibaba have disrupted major industries almost overnight, and Bitcoin is poised to do the same with the monetary system.",protocol_anchor,bitcoin,crypto_blockchain,background_negative,yes,high,clean_background_control,,annotation_source=auto_supplement; sampled_from_bucket=background_negative,auto_supplement
nfl_football,34a00e380977183f,china,positive,background_negative,27700,"The actions of the student and worker protesters of Tiananmen deserve our support, not the Chinese government.",country_anchor;policy_and_state,chinese;chinese government,china,background_negative,yes,high,clean_background_control,,annotation_source=auto_supplement; sampled_from_bucket=background_negative,auto_supplement
nfl_football,5a71541826d25a75,aviation_aerospace,positive,background_negative,136069,"In honor of our event, Omega turned it up a notch by throwing in a couple of bonuses: exclusive access to one of five 45th Anniversary Apollo Speedmasters currently in the US, and pulling in one of the foremost experts on early NASA spaceflight, Larry McGlynn.",aerospace_anchor,nasa,aviation_aerospace,background_negative,yes,high,clean_background_control,,annotation_source=auto_supplement; sampled_from_bucket=background_negative,auto_supplement
nfl_football,61f282fb154b0275,china,positive,background_negative,54350,"""I know there are many in China who think their time has come, that America's best days are over.",country_anchor,china,china,background_negative,yes,high,clean_background_control,,annotation_source=auto_supplement; sampled_from_bucket=background_negative,auto_supplement
nfl_football,609b8fde4fd1a809,crypto_blockchain,positive,background_negative,127098,"I came away with several other takeaways that I’m still processing and plan to write about over the coming weeks, including, I hope:

How to assess “value” in blockchain startups

Growing use cases and the increase in pilot programs

The industrialization of data

Finally, I’ve mentally committed to making a pilgrimage to Crypto Valley this summer in Switzerland.",protocol_anchor,blockchain,crypto_blockchain,background_negative,yes,high,clean_background_control,,annotation_source=auto_supplement; sampled_from_bucket=background_negative,auto_supplement
nfl_football,a7b204110e217a65,crypto_blockchain,positive,background_negative,180805,I strongly suggest that you get a hardware wallet to protect your crypto.,market_and_wallet,wallet,crypto_blockchain,background_negative,yes,high,clean_background_control,,annotation_source=auto_supplement; sampled_from_bucket=background_negative,auto_supplement
nfl_football,b8c8fd7a9528de1d,crypto_blockchain,positive,background_negative,95636,"The Bitcoin Price Calculator allows us to take any market capitalization, at a particular point in time and see what the Bitcoin price would be.",protocol_anchor,bitcoin,crypto_blockchain,background_negative,yes,high,clean_background_control,,annotation_source=auto_supplement; sampled_from_bucket=background_negative,auto_supplement
nfl_football,9d282b8cb2944705,crypto_blockchain,positive,background_negative,79626,"The history of Nexus

Nexus started as a vision of improving the Bitcoin protocol and at the same time cleaning the cryptosphere from scam coins.",protocol_anchor,bitcoin,crypto_blockchain,background_negative,yes,high,clean_background_control,,annotation_source=auto_supplement; sampled_from_bucket=background_negative,auto_supplement
nfl_football,7575b6efaf383eeb,china,positive,background_negative,70827,"It’s a Chinese-made unit, so it is cheaply made, but fully functional for it’s intended purpose.",country_anchor,chinese,china,background_negative,yes,high,clean_background_control,,annotation_source=auto_supplement; sampled_from_bucket=background_negative,auto_supplement
nfl_football,120e03f2caa9e5c9,crypto_blockchain,positive,background_negative,12842,"Back also pointed out that technically-inclined individuals in the Bitcoin community seem to have a positive view of the sidechains concept:

“We can say that generally technical people have been quite supportive of the idea of sidechains and the flexibility it adds for experimentation and extension, but it’s quite difficult to predict a time-frame as a specific proposal has not been made yet, and how long that would take depends on the technical community reaching consensus on alternative proposals.",protocol_anchor,bitcoin,crypto_blockchain,background_negative,yes,high,clean_background_control,,annotation_source=auto_supplement; sampled_from_bucket=background_negative,auto_supplement
nfl_football,876e492004a3442e,china,positive,background_negative,3087,"Young Hong Kong people see such moves by Beijing as a bad omen, especially after it issued a white paper last year in which it asserted full control and authority over Hong Kong in contravention of “one country, two systems”.",country_anchor;economy_and_society,beijing;hong kong,china,background_negative,yes,high,clean_background_control,,annotation_source=auto_supplement; sampled_from_bucket=background_negative,auto_supplement
nfl_football,3ff9580f5467df34,crypto_blockchain,positive,background_negative,55066,The reputation of Deloitte should ensure that Watts’ advice on Bitcoin regulation is taken into account by regulators and policymakers.,protocol_anchor,bitcoin,crypto_blockchain,background_negative,yes,high,clean_background_control,,annotation_source=auto_supplement; sampled_from_bucket=background_negative,auto_supplement
nfl_football,330076795c10fbd8,china,positive,background_negative,16029,Castronova estimates that Norrath’s per capita GNP is higher than India’s or China’s.,country_anchor,china,china,background_negative,yes,high,clean_background_control,,annotation_source=auto_supplement; sampled_from_bucket=background_negative,auto_supplement
nfl_football,8cc98a6babcccd76,aviation_aerospace,positive,background_negative,114359,"On December 12, North Korea launched a rocket from its separate Sohae site that, according to experts, managed to reach near the Philippines and to put a small satellite into orbit.",aerospace_anchor,satellite,aviation_aerospace,background_negative,yes,high,clean_background_control,,annotation_source=auto_supplement; sampled_from_bucket=background_negative,auto_supplement
nfl_football,44d8e6d175f67aa7,china,positive,background_negative,90265,(The Chinese embassy in Japan and the Tokyo Metropolitan Police Department didn’t respond to requests for comment.),country_anchor,chinese,china,background_negative,yes,high,clean_background_control,,annotation_source=auto_supplement; sampled_from_bucket=background_negative,auto_supplement
nfl_football,5deb126d3342c326,china,positive,background_negative,36473,"China's law did not have a clear stipulation of what activities could result in such criminal charges, said Hu Yunteng, a senior research fellow with the SPC, which experts said was one of the reasons for China's long-standing environmental issues.",country_anchor,china,china,background_negative,yes,high,clean_background_control,,annotation_source=auto_supplement; sampled_from_bucket=background_negative,auto_supplement
nfl_football,b0e4bfc2edb2795a,aviation_aerospace,positive,background_negative,154397,NASA has dedicated about $2.5 million to the studies at the facility.,aerospace_anchor,nasa,aviation_aerospace,background_negative,yes,high,clean_background_control,,annotation_source=auto_supplement; sampled_from_bucket=background_negative,auto_supplement
nfl_football,aa91623bc0edfc07,china,positive,background_negative,27654,"Besides being born in Hong Kong, I lived on the mainland as well, where I attended public primary school.",economy_and_society,hong kong,china,background_negative,yes,high,clean_background_control,,annotation_source=auto_supplement; sampled_from_bucket=background_negative,auto_supplement
nfl_football,ac1382ca0f745de4,crypto_blockchain,positive,background_negative,191776,"This means that more Australians with American Express cards, those issued directly by us, and by ANZ, can enjoy the ease and convenience of paying with Apple Pay whilst earning rewards.”

“As the first issuer to introduce Apple Pay in Australia, we know that it’s becoming a popular payment option for our tech savvy Card Members, and are thrilled that more people can now use this digital wallet to make purchases.”

ANZ are going to take an aggressive stance on this too – despite being late to the party with AMEX in market for 5 months now, ANZ will be hammering the other banks in their marketing:

It’s good news as a huge leap forward for customers and if VISA itself is pushing it could see more banks follow soon.",market_and_wallet,wallet,crypto_blockchain,background_negative,yes,high,clean_background_control,,annotation_source=auto_supplement; sampled_from_bucket=background_negative,auto_supplement
nfl_football,476b3c285ae3a266,china,positive,background_negative,90221,"But in late July 2014, two major Chinese media companies, Sina and Tencent, deleted Rebel’s microblog accounts on their sites, on which he had close to 1 million followers.",country_anchor,chinese,china,background_negative,yes,high,clean_background_control,,annotation_source=auto_supplement; sampled_from_bucket=background_negative,auto_supplement
nfl_football,4c4326c874147c51,crypto_blockchain,positive,background_negative,135547,"Also Read: Australian Bitcoin Adoption Increases Following Regulatory Amendments

Using Bitcoin to Conduct Bill Payments

Despite bitcoin’s recent price surge triggering widespread use of the cryptocurrency as a speculative instrument, one Australian company is reporting increased usage of bitcoin as a means of payment.",protocol_anchor,bitcoin,crypto_blockchain,background_negative,yes,high,clean_background_control,,annotation_source=auto_supplement; sampled_from_bucket=background_negative,auto_supplement
nfl_football,618300fa75c4d9ce,aviation_aerospace,positive,background_negative,122322,"The union said in a statement that NASA's research showed that ""with proper rest periods,"" the rattler ""actually produced less periods of fatigue risk to the overall schedule.""",aerospace_anchor,nasa,aviation_aerospace,background_negative,yes,high,clean_background_control,,annotation_source=auto_supplement; sampled_from_bucket=background_negative,auto_supplement
nfl_football,2f6d5b941954de98,crypto_blockchain,positive,background_negative,180050,He believes blockchain has a lot more to offer than just finalising a payment -- it has the potential to redefine a banking archetype and enable new business models.,protocol_anchor,blockchain,crypto_blockchain,background_negative,yes,high,clean_background_control,,annotation_source=auto_supplement; sampled_from_bucket=background_negative,auto_supplement
nfl_football,ddb4c0e772d99cc2,aviation_aerospace,positive,background_negative,25399,What determinants did your airline use to arrive at such a policy?,aviation_anchor,airline,aviation_aerospace,background_negative,yes,high,clean_background_control,,annotation_source=auto_supplement; sampled_from_bucket=background_negative,auto_supplement
nfl_football,204dbe0eeec0c91d,china,positive,background_negative,91556,Bayer CropScience told Reuters it has decided to keep a new soybean variety on hold until it receives Chinese import approval.,country_anchor,chinese,china,background_negative,yes,high,clean_background_control,,annotation_source=auto_supplement; sampled_from_bucket=background_negative,auto_supplement
nfl_football,b09784a797f57282,aviation_aerospace,positive,background_negative,53768,"[3] The aircraft had crash landed after its undercarriage had failed to lower and it came to rest on the airfields bomb dump, where it caught fire.",aviation_anchor,aircraft,aviation_aerospace,background_negative,yes,high,clean_background_control,,annotation_source=auto_supplement; sampled_from_bucket=background_negative,auto_supplement
nfl_football,3aa38a279e971741,aviation_aerospace,positive,background_negative,183555,Our military guardians had access to satellite and other intelligence technology which made it reasonably clear that no nation anywhere near – from China or India down – had the capacity – even the shipping – to invade Australia with a force they could sustain while we were fighting back.,aerospace_anchor,satellite,aviation_aerospace,background_negative,yes,high,clean_background_control,,annotation_source=auto_supplement; sampled_from_bucket=background_negative,auto_supplement
nfl_football,c0588c98152e430d,china,positive,background_negative,17669,"South Korean and American military officers and diplomats have, for decades, tried to discuss with their Chinese counterparts what happens when, for whatever reason, the Kim regime can no longer rule.",country_anchor,chinese,china,background_negative,yes,high,clean_background_control,,annotation_source=auto_supplement; sampled_from_bucket=background_negative,auto_supplement
nfl_football,6849f852cee3e6bd,china,positive,background_negative,34067,"China also has something called “grey” income, which means income earned (or acquired off the books – basically handed to someone in the proverbial suitcases) in China that is not reported on income tax reports, and that is held by its richest families.",country_anchor,china,china,background_negative,yes,high,clean_background_control,,annotation_source=auto_supplement; sampled_from_bucket=background_negative,auto_supplement
nfl_football,2a63fefd77252f2e,china,positive,background_negative,90218,"He’s probably China’s best-known political cartoonist, and certainly the one most critical of the ruling Communist Party.",country_anchor,china,china,background_negative,yes,high,clean_background_control,,annotation_source=auto_supplement; sampled_from_bucket=background_negative,auto_supplement
nfl_football,3c23763b8b473a1c,china,positive,background_negative,10081,"You have already heard a lot about jobs being lost to China and Mexico (a strong concern of Donald Trump), jobs being outsourced to low-wage countries or moved to tax havens (so-called “tax inversions” are a Hillary Clinton bugaboo), or jobs eliminated because of Obamacare or high minimum wages (a favorite Ted Cruz line).",country_anchor,china,china,background_negative,yes,high,clean_background_control,,annotation_source=auto_supplement; sampled_from_bucket=background_negative,auto_supplement
nfl_football,82417a94655d5e58,china,positive,background_negative,16823,"1 film ever in Mexico, and this weekend set a Pixar record in China where it is the animation label’s biggest grosser to date.",country_anchor,china,china,background_negative,yes,high,clean_background_control,,annotation_source=auto_supplement; sampled_from_bucket=background_negative,auto_supplement
nfl_football,5ed96ca6fa9a8dda,china,positive,background_negative,36478,"We Recommend:

China's weekly story (2013.6.1-6.7)

Banknotes worth $65,240 eaten by termintes

Last dialect storytelling theater

See the world in drumbeats

Youths highlight passionate party

Becoming acrobats in China

9-yr-old girl realizes her dream despite of illness

A drug addict's journey to new life

Seaside life in China's Hainan",country_anchor,china,china,background_negative,yes,high,clean_background_control,,annotation_source=auto_supplement; sampled_from_bucket=background_negative,auto_supplement
nfl_football,f04afca696ccafe2,aviation_aerospace,positive,background_negative,196177,"Constraints, constraints…

The spacecraft is, in principle, able to turn in any direction, however the left, right and rear sides have radiators for shedding heat from the platform and payload systems and should not be illuminated by the Sun.",aerospace_anchor;operations_and_safety,payload;spacecraft,aviation_aerospace,background_negative,yes,high,clean_background_control,,annotation_source=auto_supplement; sampled_from_bucket=background_negative,auto_supplement
nfl_football,4b1e1e84f8ec35d7,crypto_blockchain,positive,background_negative,206136,The faux snake skin look is perfect for keeping PETA and your wallet happy.,market_and_wallet,wallet,crypto_blockchain,background_negative,yes,high,clean_background_control,,annotation_source=auto_supplement; sampled_from_bucket=background_negative,auto_supplement
nfl_football,a70694c4e649aaae,crypto_blockchain,positive,background_negative,12847,"Although there have been issues with making changes to Bitcoin Core in the past, Blockstream’s Adam Back seems somewhat optimistic about the prospects of implementing the two-way peg model in Bitcoin:",protocol_anchor,bitcoin,crypto_blockchain,background_negative,yes,high,clean_background_control,,annotation_source=auto_supplement; sampled_from_bucket=background_negative,auto_supplement
nfl_football,379a1efdb174b766,china,positive,background_negative,27671,"He also states that ""millions of mainly young Chinese engaged in fierce struggle within the CCP, and against some of its top leaders, including Deng.""",country_anchor;policy_and_state,ccp;chinese,china,background_negative,yes,high,clean_background_control,,annotation_source=auto_supplement; sampled_from_bucket=background_negative,auto_supplement
nfl_football,5b788ff438e2e5ac,aviation_aerospace,positive,background_negative,11373,"Samsung 's engineering division also includes Samsung Techwin, an aerospace manufacturer that manufactures aircraft engines and gas turbines as well as supplying parts used in jet engines on Boeing and Airbus aircraft.",aviation_anchor,airbus;aircraft;boeing,aviation_aerospace,background_negative,yes,high,clean_background_control,,annotation_source=auto_supplement; sampled_from_bucket=background_negative,auto_supplement
nfl_football,3dbe71c388986a8b,crypto_blockchain,positive,background_negative,11391,"“I believe in Bitcoin, I really do,” the 30-year-old told CTV News.",protocol_anchor,bitcoin,crypto_blockchain,background_negative,yes,high,clean_background_control,,annotation_source=auto_supplement; sampled_from_bucket=background_negative,auto_supplement
nfl_football,8473222d60625c7c,crypto_blockchain,positive,background_negative,42395,"Hileman, who last week gave a lecture to the Bank of England on the risks of bitcoin and other cryptocurrencies, also flagged the risk of the whole market collapsing entirely.",protocol_anchor,bitcoin,crypto_blockchain,background_negative,yes,high,clean_background_control,,annotation_source=auto_supplement; sampled_from_bucket=background_negative,auto_supplement
nfl_football,7bc06c58e1fd590e,china,positive,background_negative,62412,"And in case anybody is thinking that things may have changed substantially in the last couple years (beyond the range of Wolfram Alpha’s dataset), here’s the latest snapshot (2014) [2, 3]:

2014 per Capita Coal Consumption

China: 2.53 t / person year

US: 2.59 t / person year

China needs to reduce it’s coal consumption dramatically, as many countries do (see Addendum data below).",country_anchor,china,china,background_negative,yes,high,clean_background_control,,annotation_source=auto_supplement; sampled_from_bucket=background_negative,auto_supplement
nfl_football,de415a9672e2bbd1,aviation_aerospace,positive,background_negative,108071,And of the aircraft carriers -- of which we're supposed to have 11 -- only 10 are now afloat.,aviation_anchor,aircraft,aviation_aerospace,background_negative,yes,high,clean_background_control,,annotation_source=auto_supplement; sampled_from_bucket=background_negative,auto_supplement
nfl_football,642c56d0643d8293,crypto_blockchain,positive,background_negative,74188,"Millions of Transactions Per Second

While the Bitcoin network is currently limited to less than ten transactions per second, Joseph Poon contends that the Lightning Network will enable millions (and eventually billions) of possible transactions per second.",protocol_anchor,bitcoin,crypto_blockchain,background_negative,yes,high,clean_background_control,,annotation_source=auto_supplement; sampled_from_bucket=background_negative,auto_supplement
nfl_football,319465e9f9a8a993,china,positive,background_negative,27685,"According to PSL leader Brian Becker in Socialism and Liberation, the process of capitalist class relations becoming entrenched in China is ""unfinished,"" and ""as long as the [CCP] retains its hold on political power, there is a possibility, however great or small, that this trend can still be reversed.""",country_anchor;policy_and_state,ccp;china,china,background_negative,yes,high,clean_background_control,,annotation_source=auto_supplement; sampled_from_bucket=background_negative,auto_supplement
nfl_football,9b67e4bc7e2c62fc,crypto_blockchain,positive,background_negative,155356,This is actually a big part of what led me to the Ethereum space.” Gupta knows a thing or two about political will and has been generating it in regard to the blockchain and cryptocurrency for years.,protocol_anchor,blockchain;ethereum,crypto_blockchain,background_negative,yes,high,clean_background_control,,annotation_source=auto_supplement; sampled_from_bucket=background_negative,auto_supplement
nfl_football,07e3e34168dfc511,china,positive,background_negative,39744,"After weeks of constant searching for a decent lab, one of my contacts sent me the URL of a site in Shanghai that, on the surface of things, has nothing to do with legal highs, analog drugs, or any gray-market activity.",country_anchor,shanghai,china,background_negative,yes,high,clean_background_control,,annotation_source=auto_supplement; sampled_from_bucket=background_negative,auto_supplement
