group,index,text,agg,val
target,0,Shri Parrikar was taken on a whirlwind tour of the massive complex spread across hundreds of acres of land and was briefed on the future expansion plans including the proposed naval air station and housing complex.,mean,58.202022552490234
target,0,Shri Parrikar was taken on a whirlwind tour of the massive complex spread across hundreds of acres of land and was briefed on the future expansion plans including the proposed naval air station and housing complex.,max,85.0640640258789
target,0,Shri Parrikar was taken on a whirlwind tour of the massive complex spread across hundreds of acres of land and was briefed on the future expansion plans including the proposed naval air station and housing complex.,last,78.30351257324219
target,1,"With the passage of stringent laws like Benami Act, the department needed this technological tool to make “sense” of the data that is with them.",mean,54.83432388305664
target,1,"With the passage of stringent laws like Benami Act, the department needed this technological tool to make “sense” of the data that is with them.",max,91.74828338623047
target,1,"With the passage of stringent laws like Benami Act, the department needed this technological tool to make “sense” of the data that is with them.",last,91.74828338623047
target,2,The clearance from the Home Ministry came during the second week of June and the review is likely to be started soon whereby Robert Vadra and many other VVIPs would be likely to lose the ‘no-frisking’ at the airports privilege very soon.,mean,59.84785461425781
target,2,The clearance from the Home Ministry came during the second week of June and the review is likely to be started soon whereby Robert Vadra and many other VVIPs would be likely to lose the ‘no-frisking’ at the airports privilege very soon.,max,96.91387176513672
target,2,The clearance from the Home Ministry came during the second week of June and the review is likely to be started soon whereby Robert Vadra and many other VVIPs would be likely to lose the ‘no-frisking’ at the airports privilege very soon.,last,82.99098205566406
target,3,But till date every bag made by the brand boasts of the same signature quality.,mean,36.98080062866211
target,3,But till date every bag made by the brand boasts of the same signature quality.,max,57.24877166748047
target,3,But till date every bag made by the brand boasts of the same signature quality.,last,50.75727462768555
target,4,Congress president Sonia Gandhi had flagged off these trucks fron New Delhi on Monday.,mean,61.774696350097656
target,4,Congress president Sonia Gandhi had flagged off these trucks fron New Delhi on Monday.,max,91.10215759277344
target,4,Congress president Sonia Gandhi had flagged off these trucks fron New Delhi on Monday.,last,82.19142150878906
target,5,CRPF personnel were also present.,mean,44.810829162597656
target,5,CRPF personnel were also present.,max,70.47981262207031
target,5,CRPF personnel were also present.,last,70.47981262207031
target,6,"Kejriwal also congratulated all the people present at the function and said, ""When we won in Delhi we thought there will be a full stop on the corruption, but despite being in government for five months we have to fight to curb it.""",mean,64.35711669921875
target,6,"Kejriwal also congratulated all the people present at the function and said, ""When we won in Delhi we thought there will be a full stop on the corruption, but despite being in government for five months we have to fight to curb it.""",max,93.09837341308594
target,6,"Kejriwal also congratulated all the people present at the function and said, ""When we won in Delhi we thought there will be a full stop on the corruption, but despite being in government for five months we have to fight to curb it.""",last,69.38333892822266
target,7,Sachin GIDC police had intimated the Income tax department officials to assist and interrogate all the four people.,mean,46.761409759521484
target,7,Sachin GIDC police had intimated the Income tax department officials to assist and interrogate all the four people.,max,75.68708801269531
target,7,Sachin GIDC police had intimated the Income tax department officials to assist and interrogate all the four people.,last,67.17532348632812
target,8,"The additional capacity will also help Intel India consolidate its R&D operations to a large extent at the SRR campus, the company said in a statement.“Karnataka has always been in the forefront when it comes to the IT industry, being the centre of investment, our Invest Karnataka initiative is proving its worth with such beneficial investments in the recent years.",mean,55.36726379394531
target,8,"The additional capacity will also help Intel India consolidate its R&D operations to a large extent at the SRR campus, the company said in a statement.“Karnataka has always been in the forefront when it comes to the IT industry, being the centre of investment, our Invest Karnataka initiative is proving its worth with such beneficial investments in the recent years.",max,81.7338638305664
target,8,"The additional capacity will also help Intel India consolidate its R&D operations to a large extent at the SRR campus, the company said in a statement.“Karnataka has always been in the forefront when it comes to the IT industry, being the centre of investment, our Invest Karnataka initiative is proving its worth with such beneficial investments in the recent years.",last,73.93572235107422
target,9,"The lead actor of the film Prabhas retweeted all the congratulatory messages which poured in, including from Anuskha Shetty, who also featured in the film.",mean,40.18501281738281
target,9,"The lead actor of the film Prabhas retweeted all the congratulatory messages which poured in, including from Anuskha Shetty, who also featured in the film.",max,77.97529602050781
target,9,"The lead actor of the film Prabhas retweeted all the congratulatory messages which poured in, including from Anuskha Shetty, who also featured in the film.",last,61.47311782836914
target,10,"Besides, the AAP's membership drive is not as vibrant as the media hype surrounding it.",mean,54.40032196044922
target,10,"Besides, the AAP's membership drive is not as vibrant as the media hype surrounding it.",max,91.80300903320312
target,10,"Besides, the AAP's membership drive is not as vibrant as the media hype surrounding it.",last,89.19822692871094
target,11,"jawans of the Indian Army and BSF in Gurez valley +

Spending time with our Forces gives me new energy.",mean,44.555877685546875
target,11,"jawans of the Indian Army and BSF in Gurez valley +

Spending time with our Forces gives me new energy.",max,70.9999771118164
target,11,"jawans of the Indian Army and BSF in Gurez valley +

Spending time with our Forces gives me new energy.",last,69.11814880371094
target,12,"According to Harish -an organiser- more than 50,000 people will join the protest, with 7000-odd people expected to join from Vijayawada alone.",mean,51.13728332519531
target,12,"According to Harish -an organiser- more than 50,000 people will join the protest, with 7000-odd people expected to join from Vijayawada alone.",max,79.38543701171875
target,12,"According to Harish -an organiser- more than 50,000 people will join the protest, with 7000-odd people expected to join from Vijayawada alone.",last,75.01994323730469
target,13,"Here CM Amarinder Singh, offsetting past reputation of vacillation, is working over time to address the grievances of the people who have thrown out the BJP-Akali combine in the recent Assembly polls.",mean,56.16802215576172
target,13,"Here CM Amarinder Singh, offsetting past reputation of vacillation, is working over time to address the grievances of the people who have thrown out the BJP-Akali combine in the recent Assembly polls.",max,87.92654418945312
target,13,"Here CM Amarinder Singh, offsetting past reputation of vacillation, is working over time to address the grievances of the people who have thrown out the BJP-Akali combine in the recent Assembly polls.",last,72.01940155029297
target,14,Maharashtra CM Devendra Fadnavis is likely to make a statement in the assembly.,mean,46.357887268066406
target,14,Maharashtra CM Devendra Fadnavis is likely to make a statement in the assembly.,max,79.36509704589844
target,14,Maharashtra CM Devendra Fadnavis is likely to make a statement in the assembly.,last,78.50167846679688
target,15,"The National Commission for Women has decided to take suo motu cognisance of the allegations of Bollywood actress Preity Zinta against her former boyfriend and businessman Ness Wadia, and will conduct a detailed investigation into the case.",mean,53.68875503540039
target,15,"The National Commission for Women has decided to take suo motu cognisance of the allegations of Bollywood actress Preity Zinta against her former boyfriend and businessman Ness Wadia, and will conduct a detailed investigation into the case.",max,95.76107788085938
target,15,"The National Commission for Women has decided to take suo motu cognisance of the allegations of Bollywood actress Preity Zinta against her former boyfriend and businessman Ness Wadia, and will conduct a detailed investigation into the case.",last,73.87692260742188
target,16,"The film has been received well in AP, thanks to no big releases in the state.",mean,44.37311935424805
target,16,"The film has been received well in AP, thanks to no big releases in the state.",max,72.00740051269531
target,16,"The film has been received well in AP, thanks to no big releases in the state.",last,50.28801727294922
target,17,"Also Read: Art of Living’s Yamuna event: NGT panel says rehabilitation to cost Rs42 crore

“The AOL had obtained all the necessary permission including the NGT’s.",mean,55.581260681152344
target,17,"Also Read: Art of Living’s Yamuna event: NGT panel says rehabilitation to cost Rs42 crore

“The AOL had obtained all the necessary permission including the NGT’s.",max,100.25737762451172
target,17,"Also Read: Art of Living’s Yamuna event: NGT panel says rehabilitation to cost Rs42 crore

“The AOL had obtained all the necessary permission including the NGT’s.",last,76.04104614257812
target,18,"NEW DELHI: Accusing Pakistan of fomenting trouble in India, home minister Sushilkumar Shinde said it was helping terrorists to infiltrate into the country.",mean,50.25151443481445
target,18,"NEW DELHI: Accusing Pakistan of fomenting trouble in India, home minister Sushilkumar Shinde said it was helping terrorists to infiltrate into the country.",max,94.6497802734375
target,18,"NEW DELHI: Accusing Pakistan of fomenting trouble in India, home minister Sushilkumar Shinde said it was helping terrorists to infiltrate into the country.",last,72.40502166748047
target,19,"education

New Delhi, Nov 28 (PTI) The Leader of Opposition in the Delhi Assembly, Vijender Gupta, today demanded that the AAP government presented a ""white paper"" on the status of school education in the national capital, saying that its data pointed towards various shortcomings in it.",mean,57.52262496948242
target,19,"education

New Delhi, Nov 28 (PTI) The Leader of Opposition in the Delhi Assembly, Vijender Gupta, today demanded that the AAP government presented a ""white paper"" on the status of school education in the national capital, saying that its data pointed towards various shortcomings in it.",max,93.14389038085938
target,19,"education

New Delhi, Nov 28 (PTI) The Leader of Opposition in the Delhi Assembly, Vijender Gupta, today demanded that the AAP government presented a ""white paper"" on the status of school education in the national capital, saying that its data pointed towards various shortcomings in it.",last,63.412559509277344
target,20,"In each institution with the help of the Skill Development Ministry, we will provide an environment such that after college a youth will secure a job, or some assurance for his own Start-Up.",mean,42.29941940307617
target,20,"In each institution with the help of the Skill Development Ministry, we will provide an environment such that after college a youth will secure a job, or some assurance for his own Start-Up.",max,74.44039154052734
target,20,"In each institution with the help of the Skill Development Ministry, we will provide an environment such that after college a youth will secure a job, or some assurance for his own Start-Up.",last,74.44039154052734
target,21,The plea had alleged that the Tamil Nadu ministers were bargaining with the central government for presidential assent for their proposed ordinance to exempt the Tamil Nadu students from NEET as a “quid pro quo for supporting the NDA candidates for the Presidential and Vice Presidential polls.,mean,61.06591796875
target,21,The plea had alleged that the Tamil Nadu ministers were bargaining with the central government for presidential assent for their proposed ordinance to exempt the Tamil Nadu students from NEET as a “quid pro quo for supporting the NDA candidates for the Presidential and Vice Presidential polls.,max,89.4483642578125
target,21,The plea had alleged that the Tamil Nadu ministers were bargaining with the central government for presidential assent for their proposed ordinance to exempt the Tamil Nadu students from NEET as a “quid pro quo for supporting the NDA candidates for the Presidential and Vice Presidential polls.,last,81.86282348632812
target,22,"Read: Aadhaar payment: Forget debit and credit cards, now pay bills with your thumb

First Published: Mar 08, 2017 21:41 IST",mean,41.17145919799805
target,22,"Read: Aadhaar payment: Forget debit and credit cards, now pay bills with your thumb

First Published: Mar 08, 2017 21:41 IST",max,93.88126373291016
target,22,"Read: Aadhaar payment: Forget debit and credit cards, now pay bills with your thumb

First Published: Mar 08, 2017 21:41 IST",last,27.39503288269043
target,23,"(As Karnataka places cooking gas subsidies under the ration card programme, unlike many other states, we had a bigger net.)",mean,66.304443359375
target,23,"(As Karnataka places cooking gas subsidies under the ration card programme, unlike many other states, we had a bigger net.)",max,97.39697265625
target,23,"(As Karnataka places cooking gas subsidies under the ration card programme, unlike many other states, we had a bigger net.)",last,77.082763671875
target,24,"Advertising

Kejriwal also noted that there are a lot of good individuals in the bureaucracy, but despite that, governance has not improved.",mean,62.0557975769043
target,24,"Advertising

Kejriwal also noted that there are a lot of good individuals in the bureaucracy, but despite that, governance has not improved.",max,96.4759292602539
target,24,"Advertising

Kejriwal also noted that there are a lot of good individuals in the bureaucracy, but despite that, governance has not improved.",last,83.3503189086914
target,25,A committee headed by Revenue Secretary Hasmukh Adhia met exporters on Tuesday to look into the worries of the sector and assured faster relief.,mean,49.01559829711914
target,25,A committee headed by Revenue Secretary Hasmukh Adhia met exporters on Tuesday to look into the worries of the sector and assured faster relief.,max,84.80736541748047
target,25,A committee headed by Revenue Secretary Hasmukh Adhia met exporters on Tuesday to look into the worries of the sector and assured faster relief.,last,84.80736541748047
target,26,"However, the CBI's idea to give a break in National Insurance contributions of newly hired youngsters is a welcome start.",mean,45.05757141113281
target,26,"However, the CBI's idea to give a break in National Insurance contributions of newly hired youngsters is a welcome start.",max,84.49556732177734
target,26,"However, the CBI's idea to give a break in National Insurance contributions of newly hired youngsters is a welcome start.",last,73.56890106201172
target,27,The bench passed the order despite counsel for Dr. Sen seeking adjournment of the matter.,mean,49.80073165893555
target,27,The bench passed the order despite counsel for Dr. Sen seeking adjournment of the matter.,max,82.2950668334961
target,27,The bench passed the order despite counsel for Dr. Sen seeking adjournment of the matter.,last,75.6860122680664
target,28,"You have some great actors from the nation in your house, who are willing to give their advice, so why not take it,"" asked Abhishek, who likes to deal with criticism ""positively"".",mean,31.612335205078125
target,28,"You have some great actors from the nation in your house, who are willing to give their advice, so why not take it,"" asked Abhishek, who likes to deal with criticism ""positively"".",max,73.07001495361328
target,28,"You have some great actors from the nation in your house, who are willing to give their advice, so why not take it,"" asked Abhishek, who likes to deal with criticism ""positively"".",last,62.13562774658203
target,29,"Lakhpat is one of the many talukas in Kuchchh district where the Gujarat government has banned mutation, or transfer of ownership, of land.",mean,44.34614944458008
target,29,"Lakhpat is one of the many talukas in Kuchchh district where the Gujarat government has banned mutation, or transfer of ownership, of land.",max,80.71173095703125
target,29,"Lakhpat is one of the many talukas in Kuchchh district where the Gujarat government has banned mutation, or transfer of ownership, of land.",last,77.45208740234375
target,30,New Delhi: The Supreme Court on Tuesday asked the Tamil Nadu government to start counselling for admissions for MBBS and BDS seats in the state based on the NEET merit list and complete the process by 4 September.,mean,57.34246826171875
target,30,New Delhi: The Supreme Court on Tuesday asked the Tamil Nadu government to start counselling for admissions for MBBS and BDS seats in the state based on the NEET merit list and complete the process by 4 September.,max,90.0560531616211
target,30,New Delhi: The Supreme Court on Tuesday asked the Tamil Nadu government to start counselling for admissions for MBBS and BDS seats in the state based on the NEET merit list and complete the process by 4 September.,last,74.75537872314453
target,31,"The three phone conversations that Prime Minister Narendra Modi and Trump had, along with the officials meeting, has shown that the two governments are going to build on this momentum in the years to come, the officials said.",mean,51.97509765625
target,31,"The three phone conversations that Prime Minister Narendra Modi and Trump had, along with the officials meeting, has shown that the two governments are going to build on this momentum in the years to come, the officials said.",max,80.69223022460938
target,31,"The three phone conversations that Prime Minister Narendra Modi and Trump had, along with the officials meeting, has shown that the two governments are going to build on this momentum in the years to come, the officials said.",last,70.19144439697266
target,32,"While Modi was to attend a string of events at the Dereka ground, DLW guest house and the army campus, almost all major schools in the town were shut owing to the ""VVIP movement"", said an informed source.",mean,57.750267028808594
target,32,"While Modi was to attend a string of events at the Dereka ground, DLW guest house and the army campus, almost all major schools in the town were shut owing to the ""VVIP movement"", said an informed source.",max,85.71614074707031
target,32,"While Modi was to attend a string of events at the Dereka ground, DLW guest house and the army campus, almost all major schools in the town were shut owing to the ""VVIP movement"", said an informed source.",last,75.01283264160156
target,33,The Aam Aadmi Party (AAP) came back to power in Delhi in February 2015.,mean,42.618648529052734
target,33,The Aam Aadmi Party (AAP) came back to power in Delhi in February 2015.,max,76.9749755859375
target,33,The Aam Aadmi Party (AAP) came back to power in Delhi in February 2015.,last,76.9749755859375
target,34,"Advertising

He has also filed a complaint at the airport police station against the airline officials for allegedly misbehaving with him.",mean,44.5634765625
target,34,"Advertising

He has also filed a complaint at the airport police station against the airline officials for allegedly misbehaving with him.",max,77.08600616455078
target,34,"Advertising

He has also filed a complaint at the airport police station against the airline officials for allegedly misbehaving with him.",last,73.18537902832031
target,35,"If the Indian establishment, too, honours the ancient Vedic rishis and the modern Sanskrit pandits by discovering and spreading their insights, it would not only help character building in a big way, but also would instill pride in Indians to be the offspring of such great ancestors.",mean,44.660980224609375
target,35,"If the Indian establishment, too, honours the ancient Vedic rishis and the modern Sanskrit pandits by discovering and spreading their insights, it would not only help character building in a big way, but also would instill pride in Indians to be the offspring of such great ancestors.",max,79.6544189453125
target,35,"If the Indian establishment, too, honours the ancient Vedic rishis and the modern Sanskrit pandits by discovering and spreading their insights, it would not only help character building in a big way, but also would instill pride in Indians to be the offspring of such great ancestors.",last,60.15473937988281
target,36,Naidu's shifting positions have created confusion in the minds of voters about the TDP's real position.,mean,66.8344497680664
target,36,Naidu's shifting positions have created confusion in the minds of voters about the TDP's real position.,max,88.93124389648438
target,36,Naidu's shifting positions have created confusion in the minds of voters about the TDP's real position.,last,70.28588104248047
target,37,Kerala Blasters had initially taken the lead in the shootout but ATK managed to keep their calm and came out on top.,mean,34.396114349365234
target,37,Kerala Blasters had initially taken the lead in the shootout but ATK managed to keep their calm and came out on top.,max,63.343536376953125
target,37,Kerala Blasters had initially taken the lead in the shootout but ATK managed to keep their calm and came out on top.,last,63.343536376953125
target,38,"[Bihar Polls: 1st phase Live Updates]

""As soon as we came to know about the sting operation, I had a meeting with Chief Minister Nitish Kumar and state party president Bashishtha Narayan Singh.",mean,46.12917709350586
target,38,"[Bihar Polls: 1st phase Live Updates]

""As soon as we came to know about the sting operation, I had a meeting with Chief Minister Nitish Kumar and state party president Bashishtha Narayan Singh.",max,77.66873168945312
target,38,"[Bihar Polls: 1st phase Live Updates]

""As soon as we came to know about the sting operation, I had a meeting with Chief Minister Nitish Kumar and state party president Bashishtha Narayan Singh.",last,70.60433197021484
target,39,"Ashok Vajpeyi, former chairman of Lalit Kala Academy, strongly condemned the attack, saying, ""This is a violation of an artist's freedom of expression.",mean,54.17546081542969
target,39,"Ashok Vajpeyi, former chairman of Lalit Kala Academy, strongly condemned the attack, saying, ""This is a violation of an artist's freedom of expression.",max,90.06464385986328
target,39,"Ashok Vajpeyi, former chairman of Lalit Kala Academy, strongly condemned the attack, saying, ""This is a violation of an artist's freedom of expression.",last,75.83723449707031
target,40,"Can you ever forget Hindu civilisations' contribution to the world ""zero"", or the preservation of sanskrit language or invention of wireless communication by our scientists, but credit for which went to European scientists.",mean,38.23323440551758
target,40,"Can you ever forget Hindu civilisations' contribution to the world ""zero"", or the preservation of sanskrit language or invention of wireless communication by our scientists, but credit for which went to European scientists.",max,67.7840805053711
target,40,"Can you ever forget Hindu civilisations' contribution to the world ""zero"", or the preservation of sanskrit language or invention of wireless communication by our scientists, but credit for which went to European scientists.",last,56.63621139526367
target,41,"'Make in India' is one of the flagship programmes of the Government of India which is aimed at transforming the Indian economy towards making it a ""global manufacturing hub"", India's Consul General in Chicago Neeta Bhushan said in her address to a business community from the mid-west region recently, a media release said yesterday.",mean,43.54056930541992
target,41,"'Make in India' is one of the flagship programmes of the Government of India which is aimed at transforming the Indian economy towards making it a ""global manufacturing hub"", India's Consul General in Chicago Neeta Bhushan said in her address to a business community from the mid-west region recently, a media release said yesterday.",max,76.0866928100586
target,41,"'Make in India' is one of the flagship programmes of the Government of India which is aimed at transforming the Indian economy towards making it a ""global manufacturing hub"", India's Consul General in Chicago Neeta Bhushan said in her address to a business community from the mid-west region recently, a media release said yesterday.",last,58.57170104980469
target,42,"Finance Minister Arun Jaitley said that it would take two to three weeks to re-calibrate the machines, according to the Financial Times.",mean,52.619346618652344
target,42,"Finance Minister Arun Jaitley said that it would take two to three weeks to re-calibrate the machines, according to the Financial Times.",max,90.657958984375
target,42,"Finance Minister Arun Jaitley said that it would take two to three weeks to re-calibrate the machines, according to the Financial Times.",last,50.103118896484375
target,43,"If the government brings this law, we will not follow it.”

The rules also said that the committee will retain every declaration for six months and also take an undertaking that the animals are bought for agriculture purposes and not for slaughter and also keep a record of name and address of the purchaser.",mean,46.912052154541016
target,43,"If the government brings this law, we will not follow it.”

The rules also said that the committee will retain every declaration for six months and also take an undertaking that the animals are bought for agriculture purposes and not for slaughter and also keep a record of name and address of the purchaser.",max,74.42559814453125
target,43,"If the government brings this law, we will not follow it.”

The rules also said that the committee will retain every declaration for six months and also take an undertaking that the animals are bought for agriculture purposes and not for slaughter and also keep a record of name and address of the purchaser.",last,74.42559814453125
target,44,"Finances:

NTA will be given a one-time grant of Rs.25 crore from the Government of India to start its operation in the first year.",mean,35.59807586669922
target,44,"Finances:

NTA will be given a one-time grant of Rs.25 crore from the Government of India to start its operation in the first year.",max,84.36421966552734
target,44,"Finances:

NTA will be given a one-time grant of Rs.25 crore from the Government of India to start its operation in the first year.",last,55.78328323364258
target,45,"Calangute (Goa): HRD Minister Smriti Irani finds hidden camera at garment store’s trial room - 4 persons arrested April 3, 2015

The Minister along with her businessman husband Zubin Irani are on a private visit to Goa.",mean,46.029109954833984
target,45,"Calangute (Goa): HRD Minister Smriti Irani finds hidden camera at garment store’s trial room - 4 persons arrested April 3, 2015

The Minister along with her businessman husband Zubin Irani are on a private visit to Goa.",max,84.58003234863281
target,45,"Calangute (Goa): HRD Minister Smriti Irani finds hidden camera at garment store’s trial room - 4 persons arrested April 3, 2015

The Minister along with her businessman husband Zubin Irani are on a private visit to Goa.",last,71.6465835571289
target,46,Paytm already has close to 135 million wallets.,mean,46.85474395751953
target,46,Paytm already has close to 135 million wallets.,max,75.49375915527344
target,46,Paytm already has close to 135 million wallets.,last,75.49375915527344
target,47,"It asked the government to review the deemed university status of various institutions.The court adjudicated a bunch of petitions on the validity of correspondence courses of four deemed universities — JRN Rajasthan Vidyapeeth, Institute of Advanced Studies in Education in Rajasthan, Allahabad Agricultural Institute and Vinayaka Mission’s Research Foundation in Tamil Nadu — which have been providing engineering education through correspondence since 2001 despite AICTE disapproval.The apex court restrained all deemed universities from offering correspondence courses without the approval of the AICTE and directed a CBI probe against officials who permitted the universities to run the programmes from 2001.The court passed the order after UGC’s counsel and ASG Maninder Singh and AICTE advocate Anil Soni informed the court that distance learning courses in engineering were not permitted.Holding the degree issued by universities invalid, the court, however, opened a small window for students who took admission between 2001 and 2005 to revive their degree by undergoing a fresh examination by AICTE.",mean,51.97052001953125
target,47,"It asked the government to review the deemed university status of various institutions.The court adjudicated a bunch of petitions on the validity of correspondence courses of four deemed universities — JRN Rajasthan Vidyapeeth, Institute of Advanced Studies in Education in Rajasthan, Allahabad Agricultural Institute and Vinayaka Mission’s Research Foundation in Tamil Nadu — which have been providing engineering education through correspondence since 2001 despite AICTE disapproval.The apex court restrained all deemed universities from offering correspondence courses without the approval of the AICTE and directed a CBI probe against officials who permitted the universities to run the programmes from 2001.The court passed the order after UGC’s counsel and ASG Maninder Singh and AICTE advocate Anil Soni informed the court that distance learning courses in engineering were not permitted.Holding the degree issued by universities invalid, the court, however, opened a small window for students who took admission between 2001 and 2005 to revive their degree by undergoing a fresh examination by AICTE.",max,89.0596923828125
target,47,"It asked the government to review the deemed university status of various institutions.The court adjudicated a bunch of petitions on the validity of correspondence courses of four deemed universities — JRN Rajasthan Vidyapeeth, Institute of Advanced Studies in Education in Rajasthan, Allahabad Agricultural Institute and Vinayaka Mission’s Research Foundation in Tamil Nadu — which have been providing engineering education through correspondence since 2001 despite AICTE disapproval.The apex court restrained all deemed universities from offering correspondence courses without the approval of the AICTE and directed a CBI probe against officials who permitted the universities to run the programmes from 2001.The court passed the order after UGC’s counsel and ASG Maninder Singh and AICTE advocate Anil Soni informed the court that distance learning courses in engineering were not permitted.Holding the degree issued by universities invalid, the court, however, opened a small window for students who took admission between 2001 and 2005 to revive their degree by undergoing a fresh examination by AICTE.",last,69.48780822753906
target,48,"Catch News

Singh who belonged to Harda area and was living with his family in Baitul, was suffering from critical health condition to which he succumbed on 20 September.",mean,43.86457061767578
target,48,"Catch News

Singh who belonged to Harda area and was living with his family in Baitul, was suffering from critical health condition to which he succumbed on 20 September.",max,72.07666778564453
target,48,"Catch News

Singh who belonged to Harda area and was living with his family in Baitul, was suffering from critical health condition to which he succumbed on 20 September.",last,62.221946716308594
target,49,"The Lok Sabha results reflect that Shah managed to break traditional caste barriers and attract all sections of voters, including other backward classes (OBCs), Dalits and some sections of Yadavs too.",mean,59.23087692260742
target,49,"The Lok Sabha results reflect that Shah managed to break traditional caste barriers and attract all sections of voters, including other backward classes (OBCs), Dalits and some sections of Yadavs too.",max,90.22505187988281
target,49,"The Lok Sabha results reflect that Shah managed to break traditional caste barriers and attract all sections of voters, including other backward classes (OBCs), Dalits and some sections of Yadavs too.",last,88.68409729003906
target,50,"Consumers need to take them on,” Kamath prodded.He claimed that in surveys conducted by the organization at least 60% of women respondents had used such creams and 16% even admitted that it had reacted badly on their skin.Kamath suggested that there should be a regulatory agency to control and restrict such misleading advertisements.Referring to another beauty product shampoos, Kamath said that the product does nothing but clean one’s hair and scalp.",mean,50.662879943847656
target,50,"Consumers need to take them on,” Kamath prodded.He claimed that in surveys conducted by the organization at least 60% of women respondents had used such creams and 16% even admitted that it had reacted badly on their skin.Kamath suggested that there should be a regulatory agency to control and restrict such misleading advertisements.Referring to another beauty product shampoos, Kamath said that the product does nothing but clean one’s hair and scalp.",max,91.75901794433594
target,50,"Consumers need to take them on,” Kamath prodded.He claimed that in surveys conducted by the organization at least 60% of women respondents had used such creams and 16% even admitted that it had reacted badly on their skin.Kamath suggested that there should be a regulatory agency to control and restrict such misleading advertisements.Referring to another beauty product shampoos, Kamath said that the product does nothing but clean one’s hair and scalp.",last,68.00633239746094
target,51,Karnataka Tourism Minister Roshan Baig says Bijapur's monuments are being considered in a plan the Government is drawing up to promote tourism in the state.,mean,48.59479904174805
target,51,Karnataka Tourism Minister Roshan Baig says Bijapur's monuments are being considered in a plan the Government is drawing up to promote tourism in the state.,max,85.96456909179688
target,51,Karnataka Tourism Minister Roshan Baig says Bijapur's monuments are being considered in a plan the Government is drawing up to promote tourism in the state.,last,66.56929016113281
target,52,"""I had demanded an inquiry against Pachauri in a letter I wrote to Petroleum Minister Murli Deora some time back,"" he confirmed.",mean,49.03828048706055
target,52,"""I had demanded an inquiry against Pachauri in a letter I wrote to Petroleum Minister Murli Deora some time back,"" he confirmed.",max,81.09741973876953
target,52,"""I had demanded an inquiry against Pachauri in a letter I wrote to Petroleum Minister Murli Deora some time back,"" he confirmed.",last,75.1390151977539
target,53,Now Kejriwal is Chief Minister and the lady is now the head of a powerful Statutory Body in Delhi.,mean,58.00238037109375
target,53,Now Kejriwal is Chief Minister and the lady is now the head of a powerful Statutory Body in Delhi.,max,85.88333129882812
target,53,Now Kejriwal is Chief Minister and the lady is now the head of a powerful Statutory Body in Delhi.,last,78.53091430664062
target,54,"In 2007 Sinha had also complained to Sebi against DLF which related to the company’s dealings with other companies which were alleged to be closely related to the real estate major.After serving a show cause notice (SCN), giving DLF and its directors to examine relevant documents based on which the SCN was served, Sebi also gave them a chance for personal representation.",mean,61.26932144165039
target,54,"In 2007 Sinha had also complained to Sebi against DLF which related to the company’s dealings with other companies which were alleged to be closely related to the real estate major.After serving a show cause notice (SCN), giving DLF and its directors to examine relevant documents based on which the SCN was served, Sebi also gave them a chance for personal representation.",max,90.52871704101562
target,54,"In 2007 Sinha had also complained to Sebi against DLF which related to the company’s dealings with other companies which were alleged to be closely related to the real estate major.After serving a show cause notice (SCN), giving DLF and its directors to examine relevant documents based on which the SCN was served, Sebi also gave them a chance for personal representation.",last,72.89665222167969
target,55,"According to reports, Delhi BJP leader Sunil Yadav said on Tuesday that he would distribute two kilogram onions each to the women who tie the Rakhi on his wrist and added that he would be visiting the JJ camp on Tughlak Lane, located behind the official residence of Rahul Gandhi and Race Course Road jhuggi camp near the PM residence at 11 am.",mean,47.58085632324219
target,55,"According to reports, Delhi BJP leader Sunil Yadav said on Tuesday that he would distribute two kilogram onions each to the women who tie the Rakhi on his wrist and added that he would be visiting the JJ camp on Tughlak Lane, located behind the official residence of Rahul Gandhi and Race Course Road jhuggi camp near the PM residence at 11 am.",max,84.69589233398438
target,55,"According to reports, Delhi BJP leader Sunil Yadav said on Tuesday that he would distribute two kilogram onions each to the women who tie the Rakhi on his wrist and added that he would be visiting the JJ camp on Tughlak Lane, located behind the official residence of Rahul Gandhi and Race Course Road jhuggi camp near the PM residence at 11 am.",last,63.7093505859375
target,56,"Through this app, user can determine GST rate for a good or a service by entering the name or chapter heading of the commodity or service.",mean,29.71491241455078
target,56,"Through this app, user can determine GST rate for a good or a service by entering the name or chapter heading of the commodity or service.",max,50.648841857910156
target,56,"Through this app, user can determine GST rate for a good or a service by entering the name or chapter heading of the commodity or service.",last,47.522987365722656
target,57,"Investigations have revealed that Kumar’s Mumbai-based aide would ask for call details of personalities, which the he procured and duly handed over during personal meetings at posh hotels of Delhi.",mean,51.32465744018555
target,57,"Investigations have revealed that Kumar’s Mumbai-based aide would ask for call details of personalities, which the he procured and duly handed over during personal meetings at posh hotels of Delhi.",max,82.22676086425781
target,57,"Investigations have revealed that Kumar’s Mumbai-based aide would ask for call details of personalities, which the he procured and duly handed over during personal meetings at posh hotels of Delhi.",last,80.15821838378906
target,58,​In another incident recently a hotel in Jaipur was sealed within hours by the JMC (Jaipur Municipal Corporation) and its manager and staffer were detained after a cow vigilante Sadhvi Kamal led protests outside the hotel on suspicion of beef being cooked and meat leftovers being dumped outside.,mean,46.707523345947266
target,58,​In another incident recently a hotel in Jaipur was sealed within hours by the JMC (Jaipur Municipal Corporation) and its manager and staffer were detained after a cow vigilante Sadhvi Kamal led protests outside the hotel on suspicion of beef being cooked and meat leftovers being dumped outside.,max,77.85652160644531
target,58,​In another incident recently a hotel in Jaipur was sealed within hours by the JMC (Jaipur Municipal Corporation) and its manager and staffer were detained after a cow vigilante Sadhvi Kamal led protests outside the hotel on suspicion of beef being cooked and meat leftovers being dumped outside.,last,76.71852111816406
target,59,"The likes of Manish Sisodia, who worked with Zee News as a producer, and Shazia Ilmi, who was one of the lead anchors at Star News for several years, help Team Anna get an insider's perspective on how TV channels run and how to stay on top of the news cycle.",mean,60.176395416259766
target,59,"The likes of Manish Sisodia, who worked with Zee News as a producer, and Shazia Ilmi, who was one of the lead anchors at Star News for several years, help Team Anna get an insider's perspective on how TV channels run and how to stay on top of the news cycle.",max,95.22163391113281
target,59,"The likes of Manish Sisodia, who worked with Zee News as a producer, and Shazia Ilmi, who was one of the lead anchors at Star News for several years, help Team Anna get an insider's perspective on how TV channels run and how to stay on top of the news cycle.",last,83.04682922363281
target,60,Before Starting Services by Private operators in the year 1994 BSNL (then DOT) was the backbone of the country’s telecom network with 100% market share along with MTNL.,mean,39.188720703125
target,60,Before Starting Services by Private operators in the year 1994 BSNL (then DOT) was the backbone of the country’s telecom network with 100% market share along with MTNL.,max,64.84671783447266
target,60,Before Starting Services by Private operators in the year 1994 BSNL (then DOT) was the backbone of the country’s telecom network with 100% market share along with MTNL.,last,63.61565017700195
target,61,"The Congress vice president, who was supposed to come back today from his ""leave of absence,"" will now do so on Wednesday, sources have told NDTV.",mean,59.40386962890625
target,61,"The Congress vice president, who was supposed to come back today from his ""leave of absence,"" will now do so on Wednesday, sources have told NDTV.",max,80.21595001220703
target,61,"The Congress vice president, who was supposed to come back today from his ""leave of absence,"" will now do so on Wednesday, sources have told NDTV.",last,73.14958953857422
target,62,"He commanded the Southern Command at Pune, whose orientation is in the desert areas, before assuming the appointment of VCOAS under Gen Singh.",mean,46.065547943115234
target,62,"He commanded the Southern Command at Pune, whose orientation is in the desert areas, before assuming the appointment of VCOAS under Gen Singh.",max,76.30396270751953
target,62,"He commanded the Southern Command at Pune, whose orientation is in the desert areas, before assuming the appointment of VCOAS under Gen Singh.",last,58.24966049194336
target,63,Firstpost is now on WhatsApp.,mean,31.142091751098633
target,63,Firstpost is now on WhatsApp.,max,57.055416107177734
target,63,Firstpost is now on WhatsApp.,last,26.772104263305664
target,64,Firstpost is now on WhatsApp.,mean,31.142091751098633
target,64,Firstpost is now on WhatsApp.,max,57.055416107177734
target,64,Firstpost is now on WhatsApp.,last,26.772104263305664
target,65,"""During the polls, the Prime Minister had attacked the then government (led by Manmohan Singh) for the rupee downfall, but now that he is in power for the past 15 months, the currency downfall continues,"" AAP leader Ashutosh said.He added that Mr Modi had promised several reforms to boost the economy, but that has not been able to make any impact on the economy.",mean,61.16645050048828
target,65,"""During the polls, the Prime Minister had attacked the then government (led by Manmohan Singh) for the rupee downfall, but now that he is in power for the past 15 months, the currency downfall continues,"" AAP leader Ashutosh said.He added that Mr Modi had promised several reforms to boost the economy, but that has not been able to make any impact on the economy.",max,95.28138732910156
target,65,"""During the polls, the Prime Minister had attacked the then government (led by Manmohan Singh) for the rupee downfall, but now that he is in power for the past 15 months, the currency downfall continues,"" AAP leader Ashutosh said.He added that Mr Modi had promised several reforms to boost the economy, but that has not been able to make any impact on the economy.",last,71.61058807373047
target,66,Vikas Barala and Ashish are in judicial custody and their bail applications have been rejected by the court.,mean,43.54753875732422
target,66,Vikas Barala and Ashish are in judicial custody and their bail applications have been rejected by the court.,max,71.77230834960938
target,66,Vikas Barala and Ashish are in judicial custody and their bail applications have been rejected by the court.,last,66.8689193725586
target,67,"""PM's speech yesterday with regard to all sections including market players contributing to the national exchequer has been misinterpreted in some parts of media,"" Arun Jaitley said.",mean,55.8605842590332
target,67,"""PM's speech yesterday with regard to all sections including market players contributing to the national exchequer has been misinterpreted in some parts of media,"" Arun Jaitley said.",max,85.88567352294922
target,67,"""PM's speech yesterday with regard to all sections including market players contributing to the national exchequer has been misinterpreted in some parts of media,"" Arun Jaitley said.",last,71.869140625
target,68,"“Had Rahul Gandhi been effective, he would have talked about the country at large.",mean,59.13509750366211
target,68,"“Had Rahul Gandhi been effective, he would have talked about the country at large.",max,96.61575317382812
target,68,"“Had Rahul Gandhi been effective, he would have talked about the country at large.",last,76.93069458007812
target,69,Lignite based Thermal power plant has been established at Giral in Barmer district.,mean,15.386725425720215
target,69,Lignite based Thermal power plant has been established at Giral in Barmer district.,max,46.68193054199219
target,69,Lignite based Thermal power plant has been established at Giral in Barmer district.,last,46.68193054199219
target,70,"Casting agent: Vijay Rawal

After a conversation over the phone, Vijay Rawal agreed to meet around 3 pm at Bhaidas Hall, Vile Parle.",mean,28.40333366394043
target,70,"Casting agent: Vijay Rawal

After a conversation over the phone, Vijay Rawal agreed to meet around 3 pm at Bhaidas Hall, Vile Parle.",max,67.41340637207031
target,70,"Casting agent: Vijay Rawal

After a conversation over the phone, Vijay Rawal agreed to meet around 3 pm at Bhaidas Hall, Vile Parle.",last,55.44652557373047
target,71,"P Vaidyanathan Iyer: In the last one year, the economy has been struggling to cross the 7-8 per cent growth mark.",mean,50.28347396850586
target,71,"P Vaidyanathan Iyer: In the last one year, the economy has been struggling to cross the 7-8 per cent growth mark.",max,97.18084716796875
target,71,"P Vaidyanathan Iyer: In the last one year, the economy has been struggling to cross the 7-8 per cent growth mark.",last,87.00199127197266
target,72,"Reacting to the deteriorating and order situation in Uttar Pradesh, (BJP) leader Subramanian Swamy on Monday said that Article 256 empowers the government to give directions to a state government, and that even President's rule can be imposed on Uttar Pradesh, if they refused to follow those directions.",mean,53.19078063964844
target,72,"Reacting to the deteriorating and order situation in Uttar Pradesh, (BJP) leader Subramanian Swamy on Monday said that Article 256 empowers the government to give directions to a state government, and that even President's rule can be imposed on Uttar Pradesh, if they refused to follow those directions.",max,89.3952407836914
target,72,"Reacting to the deteriorating and order situation in Uttar Pradesh, (BJP) leader Subramanian Swamy on Monday said that Article 256 empowers the government to give directions to a state government, and that even President's rule can be imposed on Uttar Pradesh, if they refused to follow those directions.",last,73.54385375976562
target,73,"""Exactly two years ago, the Congress necked out MPs of Seemandhra region from Parliament and committed a grave

mistake by splitting the state.",mean,46.694297790527344
target,73,"""Exactly two years ago, the Congress necked out MPs of Seemandhra region from Parliament and committed a grave

mistake by splitting the state.",max,83.13713836669922
target,73,"""Exactly two years ago, the Congress necked out MPs of Seemandhra region from Parliament and committed a grave

mistake by splitting the state.",last,73.50628662109375
target,74,"Today, Terra Greens has 4,000 farmers from Maharashtra, Rajasthan, Tamil Nadu, Karnataka and Telengana working for them and the products are distributed through distributors in 600 major stores in India.",mean,39.63608169555664
target,74,"Today, Terra Greens has 4,000 farmers from Maharashtra, Rajasthan, Tamil Nadu, Karnataka and Telengana working for them and the products are distributed through distributors in 600 major stores in India.",max,77.34178161621094
target,74,"Today, Terra Greens has 4,000 farmers from Maharashtra, Rajasthan, Tamil Nadu, Karnataka and Telengana working for them and the products are distributed through distributors in 600 major stores in India.",last,68.0979995727539
target,75,"Mewat and Shekhawati

The two regions of Mewat and Shekhawati, while geographically adjacent, have not much in common when it comes to Muslim population.",mean,32.72761535644531
target,75,"Mewat and Shekhawati

The two regions of Mewat and Shekhawati, while geographically adjacent, have not much in common when it comes to Muslim population.",max,60.999481201171875
target,75,"Mewat and Shekhawati

The two regions of Mewat and Shekhawati, while geographically adjacent, have not much in common when it comes to Muslim population.",last,60.999481201171875
target,76,"Accompanied by Army chief General Bikram Singh, Jaitley arrived in Srinagar on his maiden visit since assuming charge as defence minister last month and will be meeting Governor N N Vohra and Chief Minister Omar Abdullah.",mean,38.80074691772461
target,76,"Accompanied by Army chief General Bikram Singh, Jaitley arrived in Srinagar on his maiden visit since assuming charge as defence minister last month and will be meeting Governor N N Vohra and Chief Minister Omar Abdullah.",max,85.74075317382812
target,76,"Accompanied by Army chief General Bikram Singh, Jaitley arrived in Srinagar on his maiden visit since assuming charge as defence minister last month and will be meeting Governor N N Vohra and Chief Minister Omar Abdullah.",last,68.65902709960938
target,77,- Gupta I love to sing and my inspiration was Matt.,mean,27.25536346435547
target,77,- Gupta I love to sing and my inspiration was Matt.,max,49.801597595214844
target,77,- Gupta I love to sing and my inspiration was Matt.,last,22.897010803222656
target,78,The government will have to spend around Rs 148 crore to issue these Aadhar cards for cows.,mean,41.95909118652344
target,78,The government will have to spend around Rs 148 crore to issue these Aadhar cards for cows.,max,81.59100341796875
target,78,The government will have to spend around Rs 148 crore to issue these Aadhar cards for cows.,last,81.59100341796875
target,79,"Apart from the celebrated personalities, there are a number of professional doctors who have predicted the four long years of Donald Trump as the president.",mean,32.22283172607422
target,79,"Apart from the celebrated personalities, there are a number of professional doctors who have predicted the four long years of Donald Trump as the president.",max,64.87689208984375
target,79,"Apart from the celebrated personalities, there are a number of professional doctors who have predicted the four long years of Donald Trump as the president.",last,22.825241088867188
target,80,Minister said that Pakistan has abundant IT talent and IT parks would be a good way of leveraging that talent to boost Pakistan’s IT exports which have already grown over 40% since last year.,mean,28.610910415649414
target,80,Minister said that Pakistan has abundant IT talent and IT parks would be a good way of leveraging that talent to boost Pakistan’s IT exports which have already grown over 40% since last year.,max,50.19165802001953
target,80,Minister said that Pakistan has abundant IT talent and IT parks would be a good way of leveraging that talent to boost Pakistan’s IT exports which have already grown over 40% since last year.,last,11.913206100463867
target,81,Police sources said the previous government led by Omar Abdullah had once decided to release Masarat and a senior police officer was sent to speak to him.,mean,42.33595657348633
target,81,Police sources said the previous government led by Omar Abdullah had once decided to release Masarat and a senior police officer was sent to speak to him.,max,71.27986145019531
target,81,Police sources said the previous government led by Omar Abdullah had once decided to release Masarat and a senior police officer was sent to speak to him.,last,58.08377456665039
target,82,People like #RajShetye makes one feel ashamed of being a part of such a society!,mean,42.76603698730469
target,82,People like #RajShetye makes one feel ashamed of being a part of such a society!,max,83.379150390625
target,82,People like #RajShetye makes one feel ashamed of being a part of such a society!,last,63.34600067138672
target,83,"Many quacks he has come across were originally compounders or paramedics who have worked in Maharashtra and Karnataka, who after a few years' 'experience', moved to Goa to open their own 'clinics'.A senior surgeon, who recently spoke at a medical conference, also hinted at a 'nexus' between top corporate hospitals and quacks in Goa.",mean,53.868309020996094
target,83,"Many quacks he has come across were originally compounders or paramedics who have worked in Maharashtra and Karnataka, who after a few years' 'experience', moved to Goa to open their own 'clinics'.A senior surgeon, who recently spoke at a medical conference, also hinted at a 'nexus' between top corporate hospitals and quacks in Goa.",max,88.84651184082031
target,83,"Many quacks he has come across were originally compounders or paramedics who have worked in Maharashtra and Karnataka, who after a few years' 'experience', moved to Goa to open their own 'clinics'.A senior surgeon, who recently spoke at a medical conference, also hinted at a 'nexus' between top corporate hospitals and quacks in Goa.",last,72.50226593017578
target,84,"Get all the latest updates on Lok Sabha elections throughout the day:

Advertising

9.20 pm Senior leader and BJP’s Lok Sabha candidate from Jhansi, Uma Bharti, on Friday denied reports that she had written to party president Rajnath Singh and asked for a ticket from Bhopal.",mean,47.01117706298828
target,84,"Get all the latest updates on Lok Sabha elections throughout the day:

Advertising

9.20 pm Senior leader and BJP’s Lok Sabha candidate from Jhansi, Uma Bharti, on Friday denied reports that she had written to party president Rajnath Singh and asked for a ticket from Bhopal.",max,86.42899322509766
target,84,"Get all the latest updates on Lok Sabha elections throughout the day:

Advertising

9.20 pm Senior leader and BJP’s Lok Sabha candidate from Jhansi, Uma Bharti, on Friday denied reports that she had written to party president Rajnath Singh and asked for a ticket from Bhopal.",last,69.61543273925781
target,85,"According to the special prosecutor, Pious Mathew, this was the first time in the state that such a harsh punishment has been awarded to an accused under the POCSO Act.Pious Mathew said the 35-year-old pastor had raped the girl, who was studying in seventh standard, at his presbytery (official residence) during the summer vacation in April 2014.The victim had gone to the pastor's residence to hand over the herbal medicine for treating his child.``The girl and her siblings were with the child of the convict, when he with evil motive to distract other children switched on TV and allowed them to watch shows.",mean,47.02689743041992
target,85,"According to the special prosecutor, Pious Mathew, this was the first time in the state that such a harsh punishment has been awarded to an accused under the POCSO Act.Pious Mathew said the 35-year-old pastor had raped the girl, who was studying in seventh standard, at his presbytery (official residence) during the summer vacation in April 2014.The victim had gone to the pastor's residence to hand over the herbal medicine for treating his child.``The girl and her siblings were with the child of the convict, when he with evil motive to distract other children switched on TV and allowed them to watch shows.",max,76.96702575683594
target,85,"According to the special prosecutor, Pious Mathew, this was the first time in the state that such a harsh punishment has been awarded to an accused under the POCSO Act.Pious Mathew said the 35-year-old pastor had raped the girl, who was studying in seventh standard, at his presbytery (official residence) during the summer vacation in April 2014.The victim had gone to the pastor's residence to hand over the herbal medicine for treating his child.``The girl and her siblings were with the child of the convict, when he with evil motive to distract other children switched on TV and allowed them to watch shows.",last,51.72431564331055
target,86,"This should be coupled with a thorough analysis of portfolio allocation of the fund, to arrive at a conclusion of the performance of the fund,"" Dutta says in a research report.",mean,31.95987892150879
target,86,"This should be coupled with a thorough analysis of portfolio allocation of the fund, to arrive at a conclusion of the performance of the fund,"" Dutta says in a research report.",max,81.64205932617188
target,86,"This should be coupled with a thorough analysis of portfolio allocation of the fund, to arrive at a conclusion of the performance of the fund,"" Dutta says in a research report.",last,81.64205932617188
target,87,The doubt over India's participation in the Champions Trophy arose after the BCCI missed the April 25 deadline to send its squad for the tournament to the ICC.,mean,34.466346740722656
target,87,The doubt over India's participation in the Champions Trophy arose after the BCCI missed the April 25 deadline to send its squad for the tournament to the ICC.,max,65.02108001708984
target,87,The doubt over India's participation in the Champions Trophy arose after the BCCI missed the April 25 deadline to send its squad for the tournament to the ICC.,last,49.50191879272461
target,88,"9.15 am: Markets recover following RBI steps

The Indian markets recovered today following RBI'ssteps to support the beaten-down bond market.",mean,48.030155181884766
target,88,"9.15 am: Markets recover following RBI steps

The Indian markets recovered today following RBI'ssteps to support the beaten-down bond market.",max,87.23121643066406
target,88,"9.15 am: Markets recover following RBI steps

The Indian markets recovered today following RBI'ssteps to support the beaten-down bond market.",last,81.427001953125
target,89,"Political pundit and AAP strategist Yogendra Yadav is widely seen as Haryana's chief ministerial candidate and is also tipped to fight the Lok Sabha polls from Gurgaon, adjoining Delhi.",mean,50.68803024291992
target,89,"Political pundit and AAP strategist Yogendra Yadav is widely seen as Haryana's chief ministerial candidate and is also tipped to fight the Lok Sabha polls from Gurgaon, adjoining Delhi.",max,82.8078842163086
target,89,"Political pundit and AAP strategist Yogendra Yadav is widely seen as Haryana's chief ministerial candidate and is also tipped to fight the Lok Sabha polls from Gurgaon, adjoining Delhi.",last,78.57832336425781
target,90,"Watch him taking on Rahul Gandhi, making Narendra Modi laugh

The second FIR (file 198) in the case was registered against 12 people including names like late Ashok Singhal, Advani, Joshi, Vinay Katiyar and Uma Bharti.",mean,45.64508819580078
target,90,"Watch him taking on Rahul Gandhi, making Narendra Modi laugh

The second FIR (file 198) in the case was registered against 12 people including names like late Ashok Singhal, Advani, Joshi, Vinay Katiyar and Uma Bharti.",max,88.3250503540039
target,90,"Watch him taking on Rahul Gandhi, making Narendra Modi laugh

The second FIR (file 198) in the case was registered against 12 people including names like late Ashok Singhal, Advani, Joshi, Vinay Katiyar and Uma Bharti.",last,80.63682556152344
target,91,Bansdih inspector Vashistha Narayan Dubey told TOI over phone that the baraat returned without a bride after collecting their gifts given to the girl and her family members.,mean,42.73995590209961
target,91,Bansdih inspector Vashistha Narayan Dubey told TOI over phone that the baraat returned without a bride after collecting their gifts given to the girl and her family members.,max,77.55160522460938
target,91,Bansdih inspector Vashistha Narayan Dubey told TOI over phone that the baraat returned without a bride after collecting their gifts given to the girl and her family members.,last,66.2531509399414
target,92,"Hardline Hurriyat Conference leader Masarat Alam, who organised the anti-India protests of 2010 in the Valley that saw the death of 112 people, was freed from a Baramulla jail on Saturday evening.",mean,38.385414123535156
target,92,"Hardline Hurriyat Conference leader Masarat Alam, who organised the anti-India protests of 2010 in the Valley that saw the death of 112 people, was freed from a Baramulla jail on Saturday evening.",max,66.99897766113281
target,92,"Hardline Hurriyat Conference leader Masarat Alam, who organised the anti-India protests of 2010 in the Valley that saw the death of 112 people, was freed from a Baramulla jail on Saturday evening.",last,60.03688430786133
target,93,It is also an IT Enabled Service (ITES) provider in the domain of Call Center as well as e-Commerce Portal.,mean,34.53615951538086
target,93,It is also an IT Enabled Service (ITES) provider in the domain of Call Center as well as e-Commerce Portal.,max,58.81800079345703
target,93,It is also an IT Enabled Service (ITES) provider in the domain of Call Center as well as e-Commerce Portal.,last,50.893001556396484
target,94,It is Yadav who is now keeping the AAP flag flying.,mean,43.199806213378906
target,94,It is Yadav who is now keeping the AAP flag flying.,max,73.4886474609375
target,94,It is Yadav who is now keeping the AAP flag flying.,last,73.4886474609375
target,95,"A public interest litigation filed in the Calcutta High Court by a member of the activist organisation Young Bengal mentioned 13 official days for the Pujas, accounting for almost a three-week break including weekends.",mean,54.27785873413086
target,95,"A public interest litigation filed in the Calcutta High Court by a member of the activist organisation Young Bengal mentioned 13 official days for the Pujas, accounting for almost a three-week break including weekends.",max,87.94004821777344
target,95,"A public interest litigation filed in the Calcutta High Court by a member of the activist organisation Young Bengal mentioned 13 official days for the Pujas, accounting for almost a three-week break including weekends.",last,84.18765258789062
target,96,Additional Solicitor General Gopal Subramanium appearing for the Airlines' had contended that the action taken against them was justified.,mean,51.51072311401367
target,96,Additional Solicitor General Gopal Subramanium appearing for the Airlines' had contended that the action taken against them was justified.,max,88.31452941894531
target,96,Additional Solicitor General Gopal Subramanium appearing for the Airlines' had contended that the action taken against them was justified.,last,80.10298156738281
target,97,UP ke andar dekhunga to 22 crore logon ko dekhna hoga.,mean,34.579463958740234
target,97,UP ke andar dekhunga to 22 crore logon ko dekhna hoga.,max,70.28092193603516
target,97,UP ke andar dekhunga to 22 crore logon ko dekhna hoga.,last,70.28092193603516
target,98,Murali Vijay carried on with the momentum of the last game as he shimmed down the track repeatedly and his hoicks repeatedly found the gap.,mean,23.274425506591797
target,98,Murali Vijay carried on with the momentum of the last game as he shimmed down the track repeatedly and his hoicks repeatedly found the gap.,max,52.42539596557617
target,98,Murali Vijay carried on with the momentum of the last game as he shimmed down the track repeatedly and his hoicks repeatedly found the gap.,last,31.55411720275879
target,99,"""But the people of Gujarat have rejected the Congress over and over again, and these elections are not going to be any different,"" he said.Meanwhile, a group of Patidar youth tried to disrupt the speech of BJP President Amit Shah at Anand.",mean,52.985023498535156
target,99,"""But the people of Gujarat have rejected the Congress over and over again, and these elections are not going to be any different,"" he said.Meanwhile, a group of Patidar youth tried to disrupt the speech of BJP President Amit Shah at Anand.",max,85.00126647949219
target,99,"""But the people of Gujarat have rejected the Congress over and over again, and these elections are not going to be any different,"" he said.Meanwhile, a group of Patidar youth tried to disrupt the speech of BJP President Amit Shah at Anand.",last,66.7798080444336
control,0,"He was taken to a local hospital, where he succumbed to his injuries Thursday.",mean,0.6810219287872314
control,0,"He was taken to a local hospital, where he succumbed to his injuries Thursday.",max,12.258394241333008
control,0,"He was taken to a local hospital, where he succumbed to his injuries Thursday.",last,0.0
control,1,The life insurance part was standard; the retirement scheme was pure tontine.,mean,0.4782131314277649
control,1,The life insurance part was standard; the retirement scheme was pure tontine.,max,8.129623413085938
control,1,The life insurance part was standard; the retirement scheme was pure tontine.,last,0.0
control,2,Then meet me at the docks same time tomorrow night!,mean,0.0
control,2,Then meet me at the docks same time tomorrow night!,max,0.0
control,2,Then meet me at the docks same time tomorrow night!,last,0.0
control,3,"Charlotte County Sheriff's Office

A 52-year-old man that bleaches his hair platinum blonde:

One of the strongest anti-drug messages you will ever see.",mean,0.0
control,3,"Charlotte County Sheriff's Office

A 52-year-old man that bleaches his hair platinum blonde:

One of the strongest anti-drug messages you will ever see.",max,0.0
control,3,"Charlotte County Sheriff's Office

A 52-year-old man that bleaches his hair platinum blonde:

One of the strongest anti-drug messages you will ever see.",last,0.0
control,4,"What they – and other conservative reforms – could and should do is make our economy a little stronger, our society a little fairer, and life a little better for America’s moms, and dads, and children.",mean,0.0
control,4,"What they – and other conservative reforms – could and should do is make our economy a little stronger, our society a little fairer, and life a little better for America’s moms, and dads, and children.",max,0.0
control,4,"What they – and other conservative reforms – could and should do is make our economy a little stronger, our society a little fairer, and life a little better for America’s moms, and dads, and children.",last,0.0
control,5,"Reacting to a variety of dust-ups in the news during Trump’s transition, the Cleveland group said they remained distrustful of Russian President Vladimir Putin, but were not convinced that Russia was behind cyber breaches in the United States in an effort to put Trump in the White House.",mean,0.29939040541648865
control,5,"Reacting to a variety of dust-ups in the news during Trump’s transition, the Cleveland group said they remained distrustful of Russian President Vladimir Putin, but were not convinced that Russia was behind cyber breaches in the United States in an effort to put Trump in the White House.",max,16.76586151123047
control,5,"Reacting to a variety of dust-ups in the news during Trump’s transition, the Cleveland group said they remained distrustful of Russian President Vladimir Putin, but were not convinced that Russia was behind cyber breaches in the United States in an effort to put Trump in the White House.",last,0.0
control,6,We hope you enjoy Fraps 3!,mean,0.0
control,6,We hope you enjoy Fraps 3!,max,0.0
control,6,We hope you enjoy Fraps 3!,last,0.0
control,7,"At the neuronal level, studies have shown that difficulties or expertise with numbers are associated with functional and anatomical anomalies of the right parietal lobe, as compared to the normal population [].",mean,0.0
control,7,"At the neuronal level, studies have shown that difficulties or expertise with numbers are associated with functional and anatomical anomalies of the right parietal lobe, as compared to the normal population [].",max,0.0
control,7,"At the neuronal level, studies have shown that difficulties or expertise with numbers are associated with functional and anatomical anomalies of the right parietal lobe, as compared to the normal population [].",last,0.0
control,8,This made Herbenick and her colleagues wonder if Americans were more sexually adventurous than prior surveys had suggested.,mean,0.0
control,8,This made Herbenick and her colleagues wonder if Americans were more sexually adventurous than prior surveys had suggested.,max,0.0
control,8,This made Herbenick and her colleagues wonder if Americans were more sexually adventurous than prior surveys had suggested.,last,0.0
control,9,"""Battletoads.""",mean,0.0
control,9,"""Battletoads.""",max,0.0
control,9,"""Battletoads.""",last,0.0
control,10,"The Apple co founder sold this particular Apple-1 directly from his parents’ garage for $600 way back in the mid-’70s, reports the Guardian.",mean,0.0
control,10,"The Apple co founder sold this particular Apple-1 directly from his parents’ garage for $600 way back in the mid-’70s, reports the Guardian.",max,0.0
control,10,"The Apple co founder sold this particular Apple-1 directly from his parents’ garage for $600 way back in the mid-’70s, reports the Guardian.",last,0.0
control,11,The price of each unit is 1.25 mBTC (0.00125 BTC).,mean,0.7643937468528748
control,11,The price of each unit is 1.25 mBTC (0.00125 BTC).,max,15.287874221801758
control,11,The price of each unit is 1.25 mBTC (0.00125 BTC).,last,0.0
control,12,"The Vicentini’s unflattering tag is thought to have originated from an era in which Vicenza – and the Veneto as a whole – suffered crippling poverty, leading to rumours that the people of Vicenza resorted to eating cats.",mean,0.0
control,12,"The Vicentini’s unflattering tag is thought to have originated from an era in which Vicenza – and the Veneto as a whole – suffered crippling poverty, leading to rumours that the people of Vicenza resorted to eating cats.",max,0.0
control,12,"The Vicentini’s unflattering tag is thought to have originated from an era in which Vicenza – and the Veneto as a whole – suffered crippling poverty, leading to rumours that the people of Vicenza resorted to eating cats.",last,0.0
control,13,"Yes there are characters on TV that suffer from depression, but at the time I was suffering from it, none of them were actively having a conversation about it.",mean,0.0
control,13,"Yes there are characters on TV that suffer from depression, but at the time I was suffering from it, none of them were actively having a conversation about it.",max,0.0
control,13,"Yes there are characters on TV that suffer from depression, but at the time I was suffering from it, none of them were actively having a conversation about it.",last,0.0
control,14,"The president of the French Rugby Federation, Pierre Camou, walked out when he failed to persuade a majority of the other unions that the Heineken Cup should be controlled by Fira, the organisation that represents the smaller unions in Europe.",mean,0.0
control,14,"The president of the French Rugby Federation, Pierre Camou, walked out when he failed to persuade a majority of the other unions that the Heineken Cup should be controlled by Fira, the organisation that represents the smaller unions in Europe.",max,0.0
control,14,"The president of the French Rugby Federation, Pierre Camou, walked out when he failed to persuade a majority of the other unions that the Heineken Cup should be controlled by Fira, the organisation that represents the smaller unions in Europe.",last,0.0
control,15,You can’t be mad at us if we recoil in fear and confusion during sex when face-to-face with an uncut member!,mean,0.0
control,15,You can’t be mad at us if we recoil in fear and confusion during sex when face-to-face with an uncut member!,max,0.0
control,15,You can’t be mad at us if we recoil in fear and confusion during sex when face-to-face with an uncut member!,last,0.0
control,16,"Samoa were probably the most disappointing team on the night; I thought they had a genuine opportunity of upsetting England, but they were poor, made a lot of mistakes and couldn't match England's control.",mean,0.0
control,16,"Samoa were probably the most disappointing team on the night; I thought they had a genuine opportunity of upsetting England, but they were poor, made a lot of mistakes and couldn't match England's control.",max,0.0
control,16,"Samoa were probably the most disappointing team on the night; I thought they had a genuine opportunity of upsetting England, but they were poor, made a lot of mistakes and couldn't match England's control.",last,0.0
control,17,"For other uses, see Melbourne Star (disambiguation) The Melbourne Star (previously Southern Star) is a giant Ferris wheel in the Waterfront City precinct in the Docklands area of Melbourne, the state capital of Victoria, Australia.",mean,0.0
control,17,"For other uses, see Melbourne Star (disambiguation) The Melbourne Star (previously Southern Star) is a giant Ferris wheel in the Waterfront City precinct in the Docklands area of Melbourne, the state capital of Victoria, Australia.",max,0.0
control,17,"For other uses, see Melbourne Star (disambiguation) The Melbourne Star (previously Southern Star) is a giant Ferris wheel in the Waterfront City precinct in the Docklands area of Melbourne, the state capital of Victoria, Australia.",last,0.0
control,18,"Tasked with the responsibility of correcting the precarious drop in both figures is France, NASCAR’s much maligned leader.",mean,1.5983551740646362
control,18,"Tasked with the responsibility of correcting the precarious drop in both figures is France, NASCAR’s much maligned leader.",max,11.310754776000977
control,18,"Tasked with the responsibility of correcting the precarious drop in both figures is France, NASCAR’s much maligned leader.",last,0.0
control,19,"""We need to discuss which hallway we go through.""",mean,0.0
control,19,"""We need to discuss which hallway we go through.""",max,0.0
control,19,"""We need to discuss which hallway we go through.""",last,0.0
control,20,"""Spills are not part of our economic benefits analysis, nor do we in any way say that money spent on spill response would be justification for our project,"" he said.",mean,0.0
control,20,"""Spills are not part of our economic benefits analysis, nor do we in any way say that money spent on spill response would be justification for our project,"" he said.",max,0.0
control,20,"""Spills are not part of our economic benefits analysis, nor do we in any way say that money spent on spill response would be justification for our project,"" he said.",last,0.0
control,21,"Granted, there are a couple of comic book characters that utilize new and interesting technology,

and there are even plenty of super villains that use the power of explosives as their main weapon,

but I think the best place to put Doctor Nitro would be as a smart, capable, and behind the scenes antagonist to S.H.I.E.L.D.",mean,0.0
control,21,"Granted, there are a couple of comic book characters that utilize new and interesting technology,

and there are even plenty of super villains that use the power of explosives as their main weapon,

but I think the best place to put Doctor Nitro would be as a smart, capable, and behind the scenes antagonist to S.H.I.E.L.D.",max,0.0
control,21,"Granted, there are a couple of comic book characters that utilize new and interesting technology,

and there are even plenty of super villains that use the power of explosives as their main weapon,

but I think the best place to put Doctor Nitro would be as a smart, capable, and behind the scenes antagonist to S.H.I.E.L.D.",last,0.0
control,22,"Only one group was being turned back at the border: Palestinians, said Mai Mahmoud, a United Nations worker in Salum.",mean,0.0
control,22,"Only one group was being turned back at the border: Palestinians, said Mai Mahmoud, a United Nations worker in Salum.",max,0.0
control,22,"Only one group was being turned back at the border: Palestinians, said Mai Mahmoud, a United Nations worker in Salum.",last,0.0
control,23,"(I made this mistake already once, and I still feel dumb about it.)",mean,0.0
control,23,"(I made this mistake already once, and I still feel dumb about it.)",max,0.0
control,23,"(I made this mistake already once, and I still feel dumb about it.)",last,0.0
control,24,"Whether they can, if they are found at all, be produced at an economically viable level is quite another question, and one to which answers are mostly kept conveniently opaque.",mean,0.23035085201263428
control,24,"Whether they can, if they are found at all, be produced at an economically viable level is quite another question, and one to which answers are mostly kept conveniently opaque.",max,8.06227970123291
control,24,"Whether they can, if they are found at all, be produced at an economically viable level is quite another question, and one to which answers are mostly kept conveniently opaque.",last,0.0
control,25,"On top of that, it requires more than a cursory glance to really see the benefit of these two very different styles of programming.",mean,0.0
control,25,"On top of that, it requires more than a cursory glance to really see the benefit of these two very different styles of programming.",max,0.0
control,25,"On top of that, it requires more than a cursory glance to really see the benefit of these two very different styles of programming.",last,0.0
control,26,"By Lindsay David , Paul Egan & Philip Soos, cross-posted from the Australia: Boom to Bust Blog

“With more and more Australians finding it difficult to break into home ownership, adopting the Canadian scheme would make a difference to thousands of Australians each year,” Senator Xenaphon said:

“As HomeStart Finance said this week, there’s something strange about being able to access your super fund if you are about to default on your housing loan, but you can’t access it to put a deposit on a home in the first place,” he said.",mean,0.0
control,26,"By Lindsay David , Paul Egan & Philip Soos, cross-posted from the Australia: Boom to Bust Blog

“With more and more Australians finding it difficult to break into home ownership, adopting the Canadian scheme would make a difference to thousands of Australians each year,” Senator Xenaphon said:

“As HomeStart Finance said this week, there’s something strange about being able to access your super fund if you are about to default on your housing loan, but you can’t access it to put a deposit on a home in the first place,” he said.",max,0.0
control,26,"By Lindsay David , Paul Egan & Philip Soos, cross-posted from the Australia: Boom to Bust Blog

“With more and more Australians finding it difficult to break into home ownership, adopting the Canadian scheme would make a difference to thousands of Australians each year,” Senator Xenaphon said:

“As HomeStart Finance said this week, there’s something strange about being able to access your super fund if you are about to default on your housing loan, but you can’t access it to put a deposit on a home in the first place,” he said.",last,0.0
control,27,The memorial and march were organized by All Out Atlanta but drew many other participants.,mean,0.0
control,27,The memorial and march were organized by All Out Atlanta but drew many other participants.,max,0.0
control,27,The memorial and march were organized by All Out Atlanta but drew many other participants.,last,0.0
control,28,20 Cohen T.M.,mean,0.0
control,28,20 Cohen T.M.,max,0.0
control,28,20 Cohen T.M.,last,0.0
control,29,"There were other fires and so on, but now when somebody died it wasn’t so bad.",mean,0.0
control,29,"There were other fires and so on, but now when somebody died it wasn’t so bad.",max,0.0
control,29,"There were other fires and so on, but now when somebody died it wasn’t so bad.",last,0.0
control,30,And it set in motion a transformation that would drastically alter every ecosystem on earth.,mean,0.0
control,30,And it set in motion a transformation that would drastically alter every ecosystem on earth.,max,0.0
control,30,And it set in motion a transformation that would drastically alter every ecosystem on earth.,last,0.0
control,31,Sometimes even less.,mean,0.0
control,31,Sometimes even less.,max,0.0
control,31,Sometimes even less.,last,0.0
control,32,"It has taken a lot of work by the Magic Lantern team to gain access to the camera and to build an understanding of the way it functions, so that they could run their own software alongside the camera firmware and new features could be added.",mean,0.0
control,32,"It has taken a lot of work by the Magic Lantern team to gain access to the camera and to build an understanding of the way it functions, so that they could run their own software alongside the camera firmware and new features could be added.",max,0.0
control,32,"It has taken a lot of work by the Magic Lantern team to gain access to the camera and to build an understanding of the way it functions, so that they could run their own software alongside the camera firmware and new features could be added.",last,0.0
control,33,"Ten billion dollars, less than the one fifth of the increase to the military/defense budget of $54 Billion.",mean,0.4536283016204834
control,33,"Ten billion dollars, less than the one fifth of the increase to the military/defense budget of $54 Billion.",max,10.887079238891602
control,33,"Ten billion dollars, less than the one fifth of the increase to the military/defense budget of $54 Billion.",last,0.0
control,34,"We rate this class medium to high on fun, and low on expense.",mean,0.0
control,34,"We rate this class medium to high on fun, and low on expense.",max,0.0
control,34,"We rate this class medium to high on fun, and low on expense.",last,0.0
control,35,"Chen said people with the “three highs” should pay special attention to their daily diet, exercise regularly and get regular follow-up examinations at a hospital to control their medical conditions.",mean,0.0
control,35,"Chen said people with the “three highs” should pay special attention to their daily diet, exercise regularly and get regular follow-up examinations at a hospital to control their medical conditions.",max,0.0
control,35,"Chen said people with the “three highs” should pay special attention to their daily diet, exercise regularly and get regular follow-up examinations at a hospital to control their medical conditions.",last,0.0
control,36,"“That’s how he wishes to be acknowledged is as a male.”

But the school is insisting that Damian wear the white gown intended for girls at graduation instead of the boys’ black black gown.",mean,0.0
control,36,"“That’s how he wishes to be acknowledged is as a male.”

But the school is insisting that Damian wear the white gown intended for girls at graduation instead of the boys’ black black gown.",max,0.0
control,36,"“That’s how he wishes to be acknowledged is as a male.”

But the school is insisting that Damian wear the white gown intended for girls at graduation instead of the boys’ black black gown.",last,0.0
control,37,"But at higher multiples, more and more value accrues to the equity.",mean,0.0
control,37,"But at higher multiples, more and more value accrues to the equity.",max,0.0
control,37,"But at higher multiples, more and more value accrues to the equity.",last,0.0
control,38,"Note: For PlayStation 4 in Japan, while the patch will be available on the morning of June 27, the Rise of the Necromancer pack and Eternal Collection will not be available until later that evening.",mean,0.0
control,38,"Note: For PlayStation 4 in Japan, while the patch will be available on the morning of June 27, the Rise of the Necromancer pack and Eternal Collection will not be available until later that evening.",max,0.0
control,38,"Note: For PlayStation 4 in Japan, while the patch will be available on the morning of June 27, the Rise of the Necromancer pack and Eternal Collection will not be available until later that evening.",last,0.0
control,39,"At McNeese State, Viator was 77-33 in 10 seasons with 5 FCS playoff appearances and 3 first-round wins.",mean,0.0
control,39,"At McNeese State, Viator was 77-33 in 10 seasons with 5 FCS playoff appearances and 3 first-round wins.",max,0.0
control,39,"At McNeese State, Viator was 77-33 in 10 seasons with 5 FCS playoff appearances and 3 first-round wins.",last,0.0
control,40,"Foto: Expressen The tradesmen are forced to adjust their businesses to new, tougher rules.",mean,0.0
control,40,"Foto: Expressen The tradesmen are forced to adjust their businesses to new, tougher rules.",max,0.0
control,40,"Foto: Expressen The tradesmen are forced to adjust their businesses to new, tougher rules.",last,0.0
control,41,"Calvary might be underestimated and seen by few as an indie film from Ireland but thanks to an Oscar worthy performance from Brendan Gleeson, a fantastic script and grade A direction it is one of the best films of 2014 thus far.",mean,0.0
control,41,"Calvary might be underestimated and seen by few as an indie film from Ireland but thanks to an Oscar worthy performance from Brendan Gleeson, a fantastic script and grade A direction it is one of the best films of 2014 thus far.",max,0.0
control,41,"Calvary might be underestimated and seen by few as an indie film from Ireland but thanks to an Oscar worthy performance from Brendan Gleeson, a fantastic script and grade A direction it is one of the best films of 2014 thus far.",last,0.0
control,42,"Astiz was taken to the UK, and although the French government asked prime minister Margaret Thatcher to hold him until they could charge him with the disappearance of the two French nuns, Astiz was repatriated to Argentina.",mean,0.0
control,42,"Astiz was taken to the UK, and although the French government asked prime minister Margaret Thatcher to hold him until they could charge him with the disappearance of the two French nuns, Astiz was repatriated to Argentina.",max,0.0
control,42,"Astiz was taken to the UK, and although the French government asked prime minister Margaret Thatcher to hold him until they could charge him with the disappearance of the two French nuns, Astiz was repatriated to Argentina.",last,0.0
control,43,"For example, we need not remember everything about an enemy in order to remember that someone is an enemy.",mean,0.0
control,43,"For example, we need not remember everything about an enemy in order to remember that someone is an enemy.",max,0.0
control,43,"For example, we need not remember everything about an enemy in order to remember that someone is an enemy.",last,0.0
control,44,But who needs jobs when you have student debt?,mean,0.0
control,44,But who needs jobs when you have student debt?,max,0.0
control,44,But who needs jobs when you have student debt?,last,0.0
control,45,Bei gleichen Ausbildungskosten sinkt der volkswirtschaftliche Nutzen durch die Frauenförderung massiv.,mean,0.0
control,45,Bei gleichen Ausbildungskosten sinkt der volkswirtschaftliche Nutzen durch die Frauenförderung massiv.,max,0.0
control,45,Bei gleichen Ausbildungskosten sinkt der volkswirtschaftliche Nutzen durch die Frauenförderung massiv.,last,0.0
control,46,"In a court filing this week, Contura said it believed that Alpha will have sufficient liquidity to meet its commitment.",mean,0.3818890452384949
control,46,"In a court filing this week, Contura said it believed that Alpha will have sufficient liquidity to meet its commitment.",max,9.165336608886719
control,46,"In a court filing this week, Contura said it believed that Alpha will have sufficient liquidity to meet its commitment.",last,0.0
control,47,"0 SHARES Facebook Twitter Google Whatsapp Pinterest Print Mail Flipboard

Sen. Bernie Sanders is calling out Hillary Clinton for being concerned about climate change, but refusing to take a stand against Keystone XL.",mean,0.0
control,47,"0 SHARES Facebook Twitter Google Whatsapp Pinterest Print Mail Flipboard

Sen. Bernie Sanders is calling out Hillary Clinton for being concerned about climate change, but refusing to take a stand against Keystone XL.",max,0.0
control,47,"0 SHARES Facebook Twitter Google Whatsapp Pinterest Print Mail Flipboard

Sen. Bernie Sanders is calling out Hillary Clinton for being concerned about climate change, but refusing to take a stand against Keystone XL.",last,0.0
control,48,"Looking around, she manages to spot Nora on a higher rooftop, running along it.",mean,0.0
control,48,"Looking around, she manages to spot Nora on a higher rooftop, running along it.",max,0.0
control,48,"Looking around, she manages to spot Nora on a higher rooftop, running along it.",last,0.0
control,49,"Linked Hybrid, Beijing

Designed as an ‘open city within a city’ oriented around pedestrians, the Linked Hybrid complex in Beijing by Steven Holl architects is a complex of shops, offices, public roof gardens, residential towers, restaurants, schools and more, all connected to green spaces.",mean,0.0
control,49,"Linked Hybrid, Beijing

Designed as an ‘open city within a city’ oriented around pedestrians, the Linked Hybrid complex in Beijing by Steven Holl architects is a complex of shops, offices, public roof gardens, residential towers, restaurants, schools and more, all connected to green spaces.",max,0.0
control,49,"Linked Hybrid, Beijing

Designed as an ‘open city within a city’ oriented around pedestrians, the Linked Hybrid complex in Beijing by Steven Holl architects is a complex of shops, offices, public roof gardens, residential towers, restaurants, schools and more, all connected to green spaces.",last,0.0
control,50,Twin Shadow is repped by Paradigm/Windish and manager Eddie Bezalel.,mean,0.0
control,50,Twin Shadow is repped by Paradigm/Windish and manager Eddie Bezalel.,max,0.0
control,50,Twin Shadow is repped by Paradigm/Windish and manager Eddie Bezalel.,last,0.0
control,51,Midwinter is stepping down.,mean,0.0
control,51,Midwinter is stepping down.,max,0.0
control,51,Midwinter is stepping down.,last,0.0
control,52,"On top of that, they say that Sinn Fein’s Rose Conway-Walsh, tallied with 6,397 first preferences (9.9 per cent) will see a greater share of her second preferences going to Chambers than Mulherin.",mean,0.0
control,52,"On top of that, they say that Sinn Fein’s Rose Conway-Walsh, tallied with 6,397 first preferences (9.9 per cent) will see a greater share of her second preferences going to Chambers than Mulherin.",max,0.0
control,52,"On top of that, they say that Sinn Fein’s Rose Conway-Walsh, tallied with 6,397 first preferences (9.9 per cent) will see a greater share of her second preferences going to Chambers than Mulherin.",last,0.0
control,53,Our podcast is now Mark’s actual age!,mean,0.0
control,53,Our podcast is now Mark’s actual age!,max,0.0
control,53,Our podcast is now Mark’s actual age!,last,0.0
control,54,"Seeing it, we feel a little deeper in our bones what has already been proven by praxeology.",mean,0.0
control,54,"Seeing it, we feel a little deeper in our bones what has already been proven by praxeology.",max,0.0
control,54,"Seeing it, we feel a little deeper in our bones what has already been proven by praxeology.",last,0.0
control,55,"To a fundamentalist, defending the fundamentals is the number one value.",mean,0.0
control,55,"To a fundamentalist, defending the fundamentals is the number one value.",max,0.0
control,55,"To a fundamentalist, defending the fundamentals is the number one value.",last,0.0
control,56,"His subscription covered a combination of services for a flat fee, and allowed him to use his login to use other telecommunications accounts and access techniques.",mean,0.0
control,56,"His subscription covered a combination of services for a flat fee, and allowed him to use his login to use other telecommunications accounts and access techniques.",max,0.0
control,56,"His subscription covered a combination of services for a flat fee, and allowed him to use his login to use other telecommunications accounts and access techniques.",last,0.0
control,57,Is the Red-Hooded Woman cross-crossing her own personal history by traveling in time?,mean,0.0
control,57,Is the Red-Hooded Woman cross-crossing her own personal history by traveling in time?,max,0.0
control,57,Is the Red-Hooded Woman cross-crossing her own personal history by traveling in time?,last,0.0
control,58,We have been talking with a lot of soccer fans around town who would love to see professional soccer in Baltimore.,mean,0.0
control,58,We have been talking with a lot of soccer fans around town who would love to see professional soccer in Baltimore.,max,0.0
control,58,We have been talking with a lot of soccer fans around town who would love to see professional soccer in Baltimore.,last,0.0
control,59,"I hope readers will add their own wisdom and comments, respond to my questions, ask their own questions, and correct me if I get something wrong.",mean,0.0
control,59,"I hope readers will add their own wisdom and comments, respond to my questions, ask their own questions, and correct me if I get something wrong.",max,0.0
control,59,"I hope readers will add their own wisdom and comments, respond to my questions, ask their own questions, and correct me if I get something wrong.",last,0.0
control,60,"Across a population of millions, widely-understood social expectations result in tectonic shifts of behavior.",mean,0.0
control,60,"Across a population of millions, widely-understood social expectations result in tectonic shifts of behavior.",max,0.0
control,60,"Across a population of millions, widely-understood social expectations result in tectonic shifts of behavior.",last,0.0
control,61,"#developing pic.twitter.com/uSIzSStA6P — Nefertiti Jáquez (@NefertitiWSB) March 25, 2017

© 2019 Cox Media Group.",mean,0.6723477840423584
control,61,"#developing pic.twitter.com/uSIzSStA6P — Nefertiti Jáquez (@NefertitiWSB) March 25, 2017

© 2019 Cox Media Group.",max,21.808502197265625
control,61,"#developing pic.twitter.com/uSIzSStA6P — Nefertiti Jáquez (@NefertitiWSB) March 25, 2017

© 2019 Cox Media Group.",last,0.0
control,62,"The article was followed by a series of responses, some in support, some critical.",mean,0.0
control,62,"The article was followed by a series of responses, some in support, some critical.",max,0.0
control,62,"The article was followed by a series of responses, some in support, some critical.",last,0.0
control,63,"If her count was right, only a day remained before the date set for her public execution.",mean,0.0
control,63,"If her count was right, only a day remained before the date set for her public execution.",max,0.0
control,63,"If her count was right, only a day remained before the date set for her public execution.",last,0.0
control,64,I think it looks awesome!,mean,0.0
control,64,I think it looks awesome!,max,0.0
control,64,I think it looks awesome!,last,0.0
control,65,He previously owned a few dollars’ worth of bitcoin.,mean,0.0
control,65,He previously owned a few dollars’ worth of bitcoin.,max,0.0
control,65,He previously owned a few dollars’ worth of bitcoin.,last,0.0
control,66,But what she was witnessing in the lab was telling her something very different.,mean,0.0
control,66,But what she was witnessing in the lab was telling her something very different.,max,0.0
control,66,But what she was witnessing in the lab was telling her something very different.,last,0.0
control,67,86.,mean,0.0
control,67,86.,max,0.0
control,67,86.,last,0.0
control,68,It was like the virus was frozen in time.,mean,0.0
control,68,It was like the virus was frozen in time.,max,0.0
control,68,It was like the virus was frozen in time.,last,0.0
control,69,"That said, not everyone hated Bush's address, especially after the follow-up Q&A.",mean,0.0
control,69,"That said, not everyone hated Bush's address, especially after the follow-up Q&A.",max,0.0
control,69,"That said, not everyone hated Bush's address, especially after the follow-up Q&A.",last,0.0
control,70,Any rape survivor can tell you that the two are not even close.,mean,8.37197208404541
control,70,Any rape survivor can tell you that the two are not even close.,max,34.43588638305664
control,70,Any rape survivor can tell you that the two are not even close.,last,0.0
control,71,"Tech Support: ""Ma'am, that's the printer.""",mean,0.0
control,71,"Tech Support: ""Ma'am, that's the printer.""",max,0.0
control,71,"Tech Support: ""Ma'am, that's the printer.""",last,0.0
control,72,Download it from the App Store.,mean,0.0
control,72,Download it from the App Store.,max,0.0
control,72,Download it from the App Store.,last,0.0
control,73,He was as slow as me climbing the mountain.,mean,0.0
control,73,He was as slow as me climbing the mountain.,max,0.0
control,73,He was as slow as me climbing the mountain.,last,0.0
control,74,"In the golden age of man-made pesticides, farmers were astonished by the agents’ effectiveness, and pesticide sales skyrocketed.",mean,0.0
control,74,"In the golden age of man-made pesticides, farmers were astonished by the agents’ effectiveness, and pesticide sales skyrocketed.",max,0.0
control,74,"In the golden age of man-made pesticides, farmers were astonished by the agents’ effectiveness, and pesticide sales skyrocketed.",last,0.0
control,75,We are working diligently to make that process much smoother for you.,mean,0.0
control,75,We are working diligently to make that process much smoother for you.,max,0.0
control,75,We are working diligently to make that process much smoother for you.,last,0.0
control,76,Kinda?,mean,0.0
control,76,Kinda?,max,0.0
control,76,Kinda?,last,0.0
control,77,"He was arrested, released and trafficked me again

They knew where I was, they didn't care when I came back

She said social workers did not seem interested in helping her.",mean,0.284707248210907
control,77,"He was arrested, released and trafficked me again

They knew where I was, they didn't care when I came back

She said social workers did not seem interested in helping her.",max,11.103582382202148
control,77,"He was arrested, released and trafficked me again

They knew where I was, they didn't care when I came back

She said social workers did not seem interested in helping her.",last,0.0
control,78,Terminate variant.,mean,0.0
control,78,Terminate variant.,max,0.0
control,78,Terminate variant.,last,0.0
control,79,"“Water is the driving force in nature.”

― Leonardo da Vinci

On November 9, 2013 the First Quarter Moon occurred in Aquarius (Fixed-Air), squaring the Sun in Scorpio (Fixed-Water).",mean,0.0
control,79,"“Water is the driving force in nature.”

― Leonardo da Vinci

On November 9, 2013 the First Quarter Moon occurred in Aquarius (Fixed-Air), squaring the Sun in Scorpio (Fixed-Water).",max,0.0
control,79,"“Water is the driving force in nature.”

― Leonardo da Vinci

On November 9, 2013 the First Quarter Moon occurred in Aquarius (Fixed-Air), squaring the Sun in Scorpio (Fixed-Water).",last,0.0
control,80,"For two generations of Salisburys, bookkeeping was both personal and practical.",mean,0.0
control,80,"For two generations of Salisburys, bookkeeping was both personal and practical.",max,0.0
control,80,"For two generations of Salisburys, bookkeeping was both personal and practical.",last,0.0
control,81,The Rhein-Main-Donau AG (RMD-AG) was founded on 30 December 1921 to undertake the project.,mean,0.0
control,81,The Rhein-Main-Donau AG (RMD-AG) was founded on 30 December 1921 to undertake the project.,max,0.0
control,81,The Rhein-Main-Donau AG (RMD-AG) was founded on 30 December 1921 to undertake the project.,last,0.0
control,82,The tradition of marriage is still attractive to singles.,mean,0.0
control,82,The tradition of marriage is still attractive to singles.,max,0.0
control,82,The tradition of marriage is still attractive to singles.,last,0.0
control,83,Their mission: to distribute as many Facebook likes as possible to desperate and starving children all over the world.,mean,0.0
control,83,Their mission: to distribute as many Facebook likes as possible to desperate and starving children all over the world.,max,0.0
control,83,Their mission: to distribute as many Facebook likes as possible to desperate and starving children all over the world.,last,0.0
control,84,The videos show all the evidence we need that there was explosives in the building.,mean,0.0
control,84,The videos show all the evidence we need that there was explosives in the building.,max,0.0
control,84,The videos show all the evidence we need that there was explosives in the building.,last,0.0
control,85,For the trick to be amazing the one on the stage needs to disappear.,mean,0.0
control,85,For the trick to be amazing the one on the stage needs to disappear.,max,0.0
control,85,For the trick to be amazing the one on the stage needs to disappear.,last,0.0
control,86,"Now perhaps this is a little unfair, since economists have also probed the political economy of trade policy—to help explain why protectionist policies persist, despite their inefficiency—but Bauer’s larger point—that we economists tend to overestimate our impact on policy outcomes, especially when they go our way—is surely valid.",mean,0.0
control,86,"Now perhaps this is a little unfair, since economists have also probed the political economy of trade policy—to help explain why protectionist policies persist, despite their inefficiency—but Bauer’s larger point—that we economists tend to overestimate our impact on policy outcomes, especially when they go our way—is surely valid.",max,0.0
control,86,"Now perhaps this is a little unfair, since economists have also probed the political economy of trade policy—to help explain why protectionist policies persist, despite their inefficiency—but Bauer’s larger point—that we economists tend to overestimate our impact on policy outcomes, especially when they go our way—is surely valid.",last,0.0
control,87,"If all three are close to each other, the system is unstable and one may go flying off, Burgasser said.",mean,0.0
control,87,"If all three are close to each other, the system is unstable and one may go flying off, Burgasser said.",max,0.0
control,87,"If all three are close to each other, the system is unstable and one may go flying off, Burgasser said.",last,0.0
control,88,Religion Walker is a former Mormon-turned non-denominational Christian.,mean,0.0
control,88,Religion Walker is a former Mormon-turned non-denominational Christian.,max,0.0
control,88,Religion Walker is a former Mormon-turned non-denominational Christian.,last,0.0
control,89,"The towel-folding robot, however, is doing something very new, according to the researchers, doctoral student Jeremy Maitin-Shepard and assistant professor Pieter Abbeel, both of UC Berkeley's Department of Electrical Engineering and Computer Sciences.",mean,0.0
control,89,"The towel-folding robot, however, is doing something very new, according to the researchers, doctoral student Jeremy Maitin-Shepard and assistant professor Pieter Abbeel, both of UC Berkeley's Department of Electrical Engineering and Computer Sciences.",max,0.0
control,89,"The towel-folding robot, however, is doing something very new, according to the researchers, doctoral student Jeremy Maitin-Shepard and assistant professor Pieter Abbeel, both of UC Berkeley's Department of Electrical Engineering and Computer Sciences.",last,0.0
control,90,"Then Quelle, he always sends stuff, so I was picking the best stuff that Quelle had.",mean,0.0
control,90,"Then Quelle, he always sends stuff, so I was picking the best stuff that Quelle had.",max,0.0
control,90,"Then Quelle, he always sends stuff, so I was picking the best stuff that Quelle had.",last,0.0
control,91,"Finally, I brought my timeline into After Effects and punched in all around.",mean,0.0
control,91,"Finally, I brought my timeline into After Effects and punched in all around.",max,0.0
control,91,"Finally, I brought my timeline into After Effects and punched in all around.",last,0.0
control,92,"Y. Harburg)

235.",mean,0.0
control,92,"Y. Harburg)

235.",max,0.0
control,92,"Y. Harburg)

235.",last,0.0
control,93,"The full title of Dr. Walton’s book is Marihuana, America’s New Drug Problem.",mean,0.0
control,93,"The full title of Dr. Walton’s book is Marihuana, America’s New Drug Problem.",max,0.0
control,93,"The full title of Dr. Walton’s book is Marihuana, America’s New Drug Problem.",last,0.0
control,94,"Four years after he survived a brutal firefight in a remote Afghanistan valley that claimed the lives of five Americans, retired U.S. Army Capt.",mean,0.2534255087375641
control,94,"Four years after he survived a brutal firefight in a remote Afghanistan valley that claimed the lives of five Americans, retired U.S. Army Capt.",max,7.349339962005615
control,94,"Four years after he survived a brutal firefight in a remote Afghanistan valley that claimed the lives of five Americans, retired U.S. Army Capt.",last,0.0
control,95,"Perhaps a bit out of character, inspired by the love of a boy for his dog and the opportunity to delve into a brand new genre, Wright drew up plans that would earn him neither commission nor notoriety.",mean,0.0
control,95,"Perhaps a bit out of character, inspired by the love of a boy for his dog and the opportunity to delve into a brand new genre, Wright drew up plans that would earn him neither commission nor notoriety.",max,0.0
control,95,"Perhaps a bit out of character, inspired by the love of a boy for his dog and the opportunity to delve into a brand new genre, Wright drew up plans that would earn him neither commission nor notoriety.",last,0.0
control,96,How many hours does it take for you and the bobber to meet?,mean,0.0
control,96,How many hours does it take for you and the bobber to meet?,max,0.0
control,96,How many hours does it take for you and the bobber to meet?,last,0.0
control,97,"SYNOPSIS

Black Sands is a bold new visual novel drawing from African, Indian and Middle Eastern mythology, married to an innovative spin on speculation about ancient aliens and precursor races.",mean,0.436177134513855
control,97,"SYNOPSIS

Black Sands is a bold new visual novel drawing from African, Indian and Middle Eastern mythology, married to an innovative spin on speculation about ancient aliens and precursor races.",max,16.138553619384766
control,97,"SYNOPSIS

Black Sands is a bold new visual novel drawing from African, Indian and Middle Eastern mythology, married to an innovative spin on speculation about ancient aliens and precursor races.",last,0.0
control,98,"“Over 600 images are alleged,” the judge said in his reasoning behind denying a release.",mean,1.9289569854736328
control,98,"“Over 600 images are alleged,” the judge said in his reasoning behind denying a release.",max,12.217763900756836
control,98,"“Over 600 images are alleged,” the judge said in his reasoning behind denying a release.",last,0.0
control,99,"Kramer applauded the EPA's action, but he said regulators have as yet failed to determine where the barrels full of hazardous waste are sent.",mean,0.0
control,99,"Kramer applauded the EPA's action, but he said regulators have as yet failed to determine where the barrels full of hazardous waste are sent.",max,0.0
control,99,"Kramer applauded the EPA's action, but he said regulators have as yet failed to determine where the barrels full of hazardous waste are sent.",last,0.0
control,100,"Most at stake: Illinois

The positive momentum from the Fighting Illini’s continued on-field improvement under coach Tim Beckman has been dashed this off-season by former Illinois offensive lineman Simon Cvijanovic’s allegations of “abuse and misuse of power” within the program.",mean,0.5452766418457031
control,100,"Most at stake: Illinois

The positive momentum from the Fighting Illini’s continued on-field improvement under coach Tim Beckman has been dashed this off-season by former Illinois offensive lineman Simon Cvijanovic’s allegations of “abuse and misuse of power” within the program.",max,15.701521873474121
control,100,"Most at stake: Illinois

The positive momentum from the Fighting Illini’s continued on-field improvement under coach Tim Beckman has been dashed this off-season by former Illinois offensive lineman Simon Cvijanovic’s allegations of “abuse and misuse of power” within the program.",last,0.0
control,101,"Crosses and statues jutting from tomb surfaces cast contrasting shadows, adding to the sense of mystery.",mean,0.0
control,101,"Crosses and statues jutting from tomb surfaces cast contrasting shadows, adding to the sense of mystery.",max,0.0
control,101,"Crosses and statues jutting from tomb surfaces cast contrasting shadows, adding to the sense of mystery.",last,0.0
control,102,It was a rare instance of bipartisanship in a bitterly divided Congress.,mean,7.330782890319824
control,102,It was a rare instance of bipartisanship in a bitterly divided Congress.,max,52.562076568603516
control,102,It was a rare instance of bipartisanship in a bitterly divided Congress.,last,0.0
control,103,Thank you.,mean,0.0
control,103,Thank you.,max,0.0
control,103,Thank you.,last,0.0
control,104,"Colorado Sen. Cory Gardner, who chairs the National Republican Senatorial Committee, had said the Senate should expel Moore if he wins.",mean,0.0
control,104,"Colorado Sen. Cory Gardner, who chairs the National Republican Senatorial Committee, had said the Senate should expel Moore if he wins.",max,0.0
control,104,"Colorado Sen. Cory Gardner, who chairs the National Republican Senatorial Committee, had said the Senate should expel Moore if he wins.",last,0.0
control,105,"When the first challenges within our coaching structure surfaced and I felt a change was necessary, I thought about getting in touch with Mitch as I could imagine that he would be a good potential coach, however, I decided to wait as he was taking a break from League.",mean,0.0
control,105,"When the first challenges within our coaching structure surfaced and I felt a change was necessary, I thought about getting in touch with Mitch as I could imagine that he would be a good potential coach, however, I decided to wait as he was taking a break from League.",max,0.0
control,105,"When the first challenges within our coaching structure surfaced and I felt a change was necessary, I thought about getting in touch with Mitch as I could imagine that he would be a good potential coach, however, I decided to wait as he was taking a break from League.",last,0.0
control,106,"That summer sci-fi geeks converged on Spokane, WA for WorldCon 73, on of the longest running literary conventions in the world.",mean,0.0
control,106,"That summer sci-fi geeks converged on Spokane, WA for WorldCon 73, on of the longest running literary conventions in the world.",max,0.0
control,106,"That summer sci-fi geeks converged on Spokane, WA for WorldCon 73, on of the longest running literary conventions in the world.",last,0.0
control,107,The third is the discovery of sickles and other stone tools for cutting and harvesting cereal plants.,mean,0.0
control,107,The third is the discovery of sickles and other stone tools for cutting and harvesting cereal plants.,max,0.0
control,107,The third is the discovery of sickles and other stone tools for cutting and harvesting cereal plants.,last,0.0
control,108,"First and foremost, it is a story of extraordinary personal generosity.",mean,0.0
control,108,"First and foremost, it is a story of extraordinary personal generosity.",max,0.0
control,108,"First and foremost, it is a story of extraordinary personal generosity.",last,0.0
control,109,It challenges the appellant’s position on the basis that it takes an inappropriately global or systemic focus of what is required to render the MMAR unconstitutional.,mean,1.0313467979431152
control,109,It challenges the appellant’s position on the basis that it takes an inappropriately global or systemic focus of what is required to render the MMAR unconstitutional.,max,12.250532150268555
control,109,It challenges the appellant’s position on the basis that it takes an inappropriately global or systemic focus of what is required to render the MMAR unconstitutional.,last,0.0
control,110,"“They deserve effective representation in Lansing, and it is clear Smith can no longer fulfill that duty.”

Smith is due back in court March 28 so attorneys can address additional matters in the case.",mean,0.0
control,110,"“They deserve effective representation in Lansing, and it is clear Smith can no longer fulfill that duty.”

Smith is due back in court March 28 so attorneys can address additional matters in the case.",max,0.0
control,110,"“They deserve effective representation in Lansing, and it is clear Smith can no longer fulfill that duty.”

Smith is due back in court March 28 so attorneys can address additional matters in the case.",last,0.0
control,111,"Notably: Angelo’s and Vince’s, both red-checked-tablecloth holdovers from the era of Frank Sinatra crooning “One for My Baby,” and Abruzzi’s, a downtown Seattle favorite from the same era that had closed in ’94 and resurfaced in nearby Normandy Park.",mean,0.0
control,111,"Notably: Angelo’s and Vince’s, both red-checked-tablecloth holdovers from the era of Frank Sinatra crooning “One for My Baby,” and Abruzzi’s, a downtown Seattle favorite from the same era that had closed in ’94 and resurfaced in nearby Normandy Park.",max,0.0
control,111,"Notably: Angelo’s and Vince’s, both red-checked-tablecloth holdovers from the era of Frank Sinatra crooning “One for My Baby,” and Abruzzi’s, a downtown Seattle favorite from the same era that had closed in ’94 and resurfaced in nearby Normandy Park.",last,0.0
control,112,"What Pete is great at – and Dane, for that matter – they’re great at, when you’re in a little bit of a rut, finding out why you’re in that rut.",mean,0.0
control,112,"What Pete is great at – and Dane, for that matter – they’re great at, when you’re in a little bit of a rut, finding out why you’re in that rut.",max,0.0
control,112,"What Pete is great at – and Dane, for that matter – they’re great at, when you’re in a little bit of a rut, finding out why you’re in that rut.",last,0.0
control,113,Within those seven you could have two different types of enemy.,mean,0.0
control,113,Within those seven you could have two different types of enemy.,max,0.0
control,113,Within those seven you could have two different types of enemy.,last,0.0
control,114,to learning the same sorts of things that plural marriage would have taught her.,mean,0.0
control,114,to learning the same sorts of things that plural marriage would have taught her.,max,0.0
control,114,to learning the same sorts of things that plural marriage would have taught her.,last,0.0
control,115,"The click-through rate for banners is still one in 1,000.",mean,0.0
control,115,"The click-through rate for banners is still one in 1,000.",max,0.0
control,115,"The click-through rate for banners is still one in 1,000.",last,0.0
control,116,"In the final, stunning denouement, Smith's freedom and independence are resolved by his race performance in the most unpredictable way.",mean,0.0
control,116,"In the final, stunning denouement, Smith's freedom and independence are resolved by his race performance in the most unpredictable way.",max,0.0
control,116,"In the final, stunning denouement, Smith's freedom and independence are resolved by his race performance in the most unpredictable way.",last,0.0
control,117,The midfielder converted to right back took over the left back spot in 2012.,mean,0.0
control,117,The midfielder converted to right back took over the left back spot in 2012.,max,0.0
control,117,The midfielder converted to right back took over the left back spot in 2012.,last,0.0
control,118,"I have been called many things such as hummus eating, camel shagging, Paki Muslim slut.",mean,0.0
control,118,"I have been called many things such as hummus eating, camel shagging, Paki Muslim slut.",max,0.0
control,118,"I have been called many things such as hummus eating, camel shagging, Paki Muslim slut.",last,0.0
control,119,"From the outside, it is inside the South-facing door with the Gaming Club flier on the Northeast corner of 30th and Jefferson.",mean,0.0
control,119,"From the outside, it is inside the South-facing door with the Gaming Club flier on the Northeast corner of 30th and Jefferson.",max,0.0
control,119,"From the outside, it is inside the South-facing door with the Gaming Club flier on the Northeast corner of 30th and Jefferson.",last,0.0
control,120,"The UN has previously warned that the impact of global warming is likely to be ""severe, pervasive and irreversible"", and would lead to problems including sea level rise, greater risk of flooding and changes to crop yields.",mean,0.0
control,120,"The UN has previously warned that the impact of global warming is likely to be ""severe, pervasive and irreversible"", and would lead to problems including sea level rise, greater risk of flooding and changes to crop yields.",max,0.0
control,120,"The UN has previously warned that the impact of global warming is likely to be ""severe, pervasive and irreversible"", and would lead to problems including sea level rise, greater risk of flooding and changes to crop yields.",last,0.0
control,121,A Gulfstream aircraft stuffed with Colombian cocaine crashed in the jungle of Mexico's Yucatan Peninsula in 2007.,mean,0.0
control,121,A Gulfstream aircraft stuffed with Colombian cocaine crashed in the jungle of Mexico's Yucatan Peninsula in 2007.,max,0.0
control,121,A Gulfstream aircraft stuffed with Colombian cocaine crashed in the jungle of Mexico's Yucatan Peninsula in 2007.,last,0.0
control,122,Functions on the database can be expressed by sqlalchemy.func.functionname in SQLAlchemy.,mean,0.0
control,122,Functions on the database can be expressed by sqlalchemy.func.functionname in SQLAlchemy.,max,0.0
control,122,Functions on the database can be expressed by sqlalchemy.func.functionname in SQLAlchemy.,last,0.0
control,123,"California faced similarly widespread blackouts in 2000 and 2001, triggered in part by an energy supply shortage.",mean,0.0
control,123,"California faced similarly widespread blackouts in 2000 and 2001, triggered in part by an energy supply shortage.",max,0.0
control,123,"California faced similarly widespread blackouts in 2000 and 2001, triggered in part by an energy supply shortage.",last,0.0
control,124,"FIFA players believe chemistry does in fact work for day one cards (normal versions of cards), but does not work properly for non-day one cards, even more expensive, better versions of the same day one cards.",mean,0.0
control,124,"FIFA players believe chemistry does in fact work for day one cards (normal versions of cards), but does not work properly for non-day one cards, even more expensive, better versions of the same day one cards.",max,0.0
control,124,"FIFA players believe chemistry does in fact work for day one cards (normal versions of cards), but does not work properly for non-day one cards, even more expensive, better versions of the same day one cards.",last,0.0
control,125,"As the silkmoth walks towards the female pheromone, the ball rolls around.",mean,0.0
control,125,"As the silkmoth walks towards the female pheromone, the ball rolls around.",max,0.0
control,125,"As the silkmoth walks towards the female pheromone, the ball rolls around.",last,0.0
control,126,"At times you will also need to show the subordinate compassion and, from time to time, that you agree with his thoughts or actions.",mean,0.3847610652446747
control,126,"At times you will also need to show the subordinate compassion and, from time to time, that you agree with his thoughts or actions.",max,10.773309707641602
control,126,"At times you will also need to show the subordinate compassion and, from time to time, that you agree with his thoughts or actions.",last,0.0
control,127,I think the short answer is this: it feels good to be good at something.,mean,0.0
control,127,I think the short answer is this: it feels good to be good at something.,max,0.0
control,127,I think the short answer is this: it feels good to be good at something.,last,0.0
control,128,"After all, it was only seven days ago the chancellor junked the planned tax rises for two million or so self-employed people.",mean,0.0
control,128,"After all, it was only seven days ago the chancellor junked the planned tax rises for two million or so self-employed people.",max,0.0
control,128,"After all, it was only seven days ago the chancellor junked the planned tax rises for two million or so self-employed people.",last,0.0
control,129,"Unlike Azerbaijan's poor opposition, Ibragimbekov can fund his own election campaign and the National Council.",mean,0.0
control,129,"Unlike Azerbaijan's poor opposition, Ibragimbekov can fund his own election campaign and the National Council.",max,0.0
control,129,"Unlike Azerbaijan's poor opposition, Ibragimbekov can fund his own election campaign and the National Council.",last,0.0
control,130,Happy Pony Games!,mean,0.0
control,130,Happy Pony Games!,max,0.0
control,130,Happy Pony Games!,last,0.0
control,131,It is passed down from people like the man who wrote me that email.,mean,0.0
control,131,It is passed down from people like the man who wrote me that email.,max,0.0
control,131,It is passed down from people like the man who wrote me that email.,last,0.0
control,132,These feelings are not the kind of feelings that the human body can endure.,mean,0.0
control,132,These feelings are not the kind of feelings that the human body can endure.,max,0.0
control,132,These feelings are not the kind of feelings that the human body can endure.,last,0.0
control,133,"Australia is progressive in embracing almost every form of international interaction in business, politics and culture.",mean,10.971967697143555
control,133,"Australia is progressive in embracing almost every form of international interaction in business, politics and culture.",max,23.45761489868164
control,133,"Australia is progressive in embracing almost every form of international interaction in business, politics and culture.",last,16.218393325805664
control,134,"Suffer from Temporary Hypoglycemia (low blood sugar if I don’t eat)

Acid Reflux/Gastritis.",mean,0.0
control,134,"Suffer from Temporary Hypoglycemia (low blood sugar if I don’t eat)

Acid Reflux/Gastritis.",max,0.0
control,134,"Suffer from Temporary Hypoglycemia (low blood sugar if I don’t eat)

Acid Reflux/Gastritis.",last,0.0
control,135,"DC Hilton Ritz Carlton used for congressional child sex says federal agent

Washington—October 11, 2006—TomFlocco.com—DC Hilton, Ritz Carlton used for congressional child sex says federal agent—According to a long-time senior intelligence agent, the Washington, DC Hilton was used for compromising House and Senate members who had sex with children in a legislative influence ring also involving male and female prostitutes at other Capitol Hill hotels.",mean,0.0
control,135,"DC Hilton Ritz Carlton used for congressional child sex says federal agent

Washington—October 11, 2006—TomFlocco.com—DC Hilton, Ritz Carlton used for congressional child sex says federal agent—According to a long-time senior intelligence agent, the Washington, DC Hilton was used for compromising House and Senate members who had sex with children in a legislative influence ring also involving male and female prostitutes at other Capitol Hill hotels.",max,0.0
control,135,"DC Hilton Ritz Carlton used for congressional child sex says federal agent

Washington—October 11, 2006—TomFlocco.com—DC Hilton, Ritz Carlton used for congressional child sex says federal agent—According to a long-time senior intelligence agent, the Washington, DC Hilton was used for compromising House and Senate members who had sex with children in a legislative influence ring also involving male and female prostitutes at other Capitol Hill hotels.",last,0.0
control,136,"There are a tremendous amount of theories put out about the way porn potentially affects people's brains, but these theories are not being critically assessed.",mean,0.0
control,136,"There are a tremendous amount of theories put out about the way porn potentially affects people's brains, but these theories are not being critically assessed.",max,0.0
control,136,"There are a tremendous amount of theories put out about the way porn potentially affects people's brains, but these theories are not being critically assessed.",last,0.0
control,137,"May 15-19, 2017, 8-11 p.m.",mean,0.0
control,137,"May 15-19, 2017, 8-11 p.m.",max,0.0
control,137,"May 15-19, 2017, 8-11 p.m.",last,0.0
control,138,"Shortly after the duel, Joey suddenly has irrational dreams about Kaiba and himself being a dog.",mean,0.0
control,138,"Shortly after the duel, Joey suddenly has irrational dreams about Kaiba and himself being a dog.",max,0.0
control,138,"Shortly after the duel, Joey suddenly has irrational dreams about Kaiba and himself being a dog.",last,0.0
control,139,?s chances to finish above Dortmund in the league and the second one in the Champions League final whose aftermath went into Chelseaai??i?,mean,1.8256551027297974
control,139,?s chances to finish above Dortmund in the league and the second one in the Champions League final whose aftermath went into Chelseaai??i?,max,16.09342384338379
control,139,?s chances to finish above Dortmund in the league and the second one in the Champions League final whose aftermath went into Chelseaai??i?,last,0.0
control,140,"[53]

Muhammad al-Baqir, the Fourth (Isma'ili) or Fifth (Twelver) Imam said of the Mahdi:

The Master of the Command was named as the Mahdi because he will dig out the Torah and other heavenly books from the cave in Antioch.",mean,0.0
control,140,"[53]

Muhammad al-Baqir, the Fourth (Isma'ili) or Fifth (Twelver) Imam said of the Mahdi:

The Master of the Command was named as the Mahdi because he will dig out the Torah and other heavenly books from the cave in Antioch.",max,0.0
control,140,"[53]

Muhammad al-Baqir, the Fourth (Isma'ili) or Fifth (Twelver) Imam said of the Mahdi:

The Master of the Command was named as the Mahdi because he will dig out the Torah and other heavenly books from the cave in Antioch.",last,0.0
control,141,Abundance relative to global standards of abundance should order domestic as well as household consumption patterns.,mean,0.0
control,141,Abundance relative to global standards of abundance should order domestic as well as household consumption patterns.,max,0.0
control,141,Abundance relative to global standards of abundance should order domestic as well as household consumption patterns.,last,0.0
control,142,"“This is predatory and counterproductive.”

The problem is getting worse, not better.",mean,0.0
control,142,"“This is predatory and counterproductive.”

The problem is getting worse, not better.",max,0.0
control,142,"“This is predatory and counterproductive.”

The problem is getting worse, not better.",last,0.0
control,143,World's 10 deadliest street drugs 1/10 10.,mean,3.146207809448242
control,143,World's 10 deadliest street drugs 1/10 10.,max,15.947457313537598
control,143,World's 10 deadliest street drugs 1/10 10.,last,0.0
control,144,"Take the Quiz : According to Samwise Gamgee of the Shire, there are three ways to prepare potatoes.",mean,0.6170653700828552
control,144,"Take the Quiz : According to Samwise Gamgee of the Shire, there are three ways to prepare potatoes.",max,14.809568405151367
control,144,"Take the Quiz : According to Samwise Gamgee of the Shire, there are three ways to prepare potatoes.",last,0.0
control,145,The site can then read the text on subsequent visits and use the unique text the same way it would use a browser cookie to track the user's site habits.,mean,0.0
control,145,The site can then read the text on subsequent visits and use the unique text the same way it would use a browser cookie to track the user's site habits.,max,0.0
control,145,The site can then read the text on subsequent visits and use the unique text the same way it would use a browser cookie to track the user's site habits.,last,0.0
control,146,They also made a profit of more than $1.5 million by selling fetal body parts between 2013 and 2015.,mean,1.897459626197815
control,146,They also made a profit of more than $1.5 million by selling fetal body parts between 2013 and 2015.,max,17.243741989135742
control,146,They also made a profit of more than $1.5 million by selling fetal body parts between 2013 and 2015.,last,0.0
control,147,"I appreciate seeing the man's well-built core -- these aren't showy, flashy abdominals here, no sir -- and sneaking tender nip glimpses through the strategically placed suspenders, but his codename is ""Naked Snake,"" damn it.",mean,0.0
control,147,"I appreciate seeing the man's well-built core -- these aren't showy, flashy abdominals here, no sir -- and sneaking tender nip glimpses through the strategically placed suspenders, but his codename is ""Naked Snake,"" damn it.",max,0.0
control,147,"I appreciate seeing the man's well-built core -- these aren't showy, flashy abdominals here, no sir -- and sneaking tender nip glimpses through the strategically placed suspenders, but his codename is ""Naked Snake,"" damn it.",last,0.0
control,148,I think he’s improving every year but you sometimes see scenes on the sideline where he yells at the referee or he jumps around or you see in his face that he’s full of anger and he’s furious with some decision.,mean,0.0
control,148,I think he’s improving every year but you sometimes see scenes on the sideline where he yells at the referee or he jumps around or you see in his face that he’s full of anger and he’s furious with some decision.,max,0.0
control,148,I think he’s improving every year but you sometimes see scenes on the sideline where he yells at the referee or he jumps around or you see in his face that he’s full of anger and he’s furious with some decision.,last,0.0
control,149,"A bullet fragment remains lodged in his neck, not far from his spine.",mean,0.0
control,149,"A bullet fragment remains lodged in his neck, not far from his spine.",max,0.0
control,149,"A bullet fragment remains lodged in his neck, not far from his spine.",last,0.0
control,150,“The innovative and financially strong Smilegate with its billion-dollar CROSSFIRE franchise is a perfect partner for us.,mean,0.0
control,150,“The innovative and financially strong Smilegate with its billion-dollar CROSSFIRE franchise is a perfect partner for us.,max,0.0
control,150,“The innovative and financially strong Smilegate with its billion-dollar CROSSFIRE franchise is a perfect partner for us.,last,0.0
control,151,"Jhonatan Solano hit his sixth home run, a two-run shot.",mean,0.0
control,151,"Jhonatan Solano hit his sixth home run, a two-run shot.",max,0.0
control,151,"Jhonatan Solano hit his sixth home run, a two-run shot.",last,0.0
control,152,The absurdity is just too much.,mean,0.0
control,152,The absurdity is just too much.,max,0.0
control,152,The absurdity is just too much.,last,0.0
control,153,"Nik Kovac, whose district includes Brady St., because of opposition from neighborhood residents and business operators who want more stores and fewer taverns on the street.",mean,0.0
control,153,"Nik Kovac, whose district includes Brady St., because of opposition from neighborhood residents and business operators who want more stores and fewer taverns on the street.",max,0.0
control,153,"Nik Kovac, whose district includes Brady St., because of opposition from neighborhood residents and business operators who want more stores and fewer taverns on the street.",last,0.0
control,154,We asked her if there is anyone around from Gulak.,mean,0.8876143097877502
control,154,We asked her if there is anyone around from Gulak.,max,11.538985252380371
control,154,We asked her if there is anyone around from Gulak.,last,11.538985252380371
control,155,"Sasser drove me to one of the sugar mills, this one run by the Sugarcane Growers Cooperative of Florida, an organization of 45 small and medium-sized farms.",mean,0.0
control,155,"Sasser drove me to one of the sugar mills, this one run by the Sugarcane Growers Cooperative of Florida, an organization of 45 small and medium-sized farms.",max,0.0
control,155,"Sasser drove me to one of the sugar mills, this one run by the Sugarcane Growers Cooperative of Florida, an organization of 45 small and medium-sized farms.",last,0.0
control,156,"The next morning, after unplugging Big White just as I would an iPhone or laptop, I take a maiden trip to the office on her.",mean,0.0
control,156,"The next morning, after unplugging Big White just as I would an iPhone or laptop, I take a maiden trip to the office on her.",max,0.0
control,156,"The next morning, after unplugging Big White just as I would an iPhone or laptop, I take a maiden trip to the office on her.",last,0.0
control,157,"The murdered-out color scheme is only the beginning, though.",mean,0.0
control,157,"The murdered-out color scheme is only the beginning, though.",max,0.0
control,157,"The murdered-out color scheme is only the beginning, though.",last,0.0
control,158,I was afraid it might rip through!,mean,0.0
control,158,I was afraid it might rip through!,max,0.0
control,158,I was afraid it might rip through!,last,0.0
control,159,"… Kickers have been successful on 83.9 percent of all field-goal attempts this season, the third-highest rate on record, trailing only last year’s 86.5 percent and 2008’s 84.5 percent.",mean,0.0
control,159,"… Kickers have been successful on 83.9 percent of all field-goal attempts this season, the third-highest rate on record, trailing only last year’s 86.5 percent and 2008’s 84.5 percent.",max,0.0
control,159,"… Kickers have been successful on 83.9 percent of all field-goal attempts this season, the third-highest rate on record, trailing only last year’s 86.5 percent and 2008’s 84.5 percent.",last,0.0
control,160,Never mind the relentless rain.,mean,0.0
control,160,Never mind the relentless rain.,max,0.0
control,160,Never mind the relentless rain.,last,0.0
control,161,"For the past two years, health insurers selling on Obamacare marketplaces had little information to estimate how much medical care their members would use.",mean,0.0
control,161,"For the past two years, health insurers selling on Obamacare marketplaces had little information to estimate how much medical care their members would use.",max,0.0
control,161,"For the past two years, health insurers selling on Obamacare marketplaces had little information to estimate how much medical care their members would use.",last,0.0
control,162,"Moscow’s Role in Terrorism

Could Moscow in fact be behind much of the conflict in the Middle East, including the rise of ISIS?",mean,0.0
control,162,"Moscow’s Role in Terrorism

Could Moscow in fact be behind much of the conflict in the Middle East, including the rise of ISIS?",max,0.0
control,162,"Moscow’s Role in Terrorism

Could Moscow in fact be behind much of the conflict in the Middle East, including the rise of ISIS?",last,0.0
control,163,"The government received 70% of the vote, an improvement from 60% in the 2011 “breakthrough” election – its worst electoral performance.",mean,2.2089896202087402
control,163,"The government received 70% of the vote, an improvement from 60% in the 2011 “breakthrough” election – its worst electoral performance.",max,21.276031494140625
control,163,"The government received 70% of the vote, an improvement from 60% in the 2011 “breakthrough” election – its worst electoral performance.",last,0.0
control,164,"A quick note also that in future updates, please understand that we are somewhat limited in our freedom in disclosing some key designs and/or visuals (not that we've shown off plenty anyway...) but we'll do our best to sneak in a few shots here and there and share some more ideas ""with the purpose of receiving constructive feedback and response from the community"" :)

We can only ask for your continued moral support and belief, so in due course, we can kick some serious butt!",mean,0.0
control,164,"A quick note also that in future updates, please understand that we are somewhat limited in our freedom in disclosing some key designs and/or visuals (not that we've shown off plenty anyway...) but we'll do our best to sneak in a few shots here and there and share some more ideas ""with the purpose of receiving constructive feedback and response from the community"" :)

We can only ask for your continued moral support and belief, so in due course, we can kick some serious butt!",max,0.0
control,164,"A quick note also that in future updates, please understand that we are somewhat limited in our freedom in disclosing some key designs and/or visuals (not that we've shown off plenty anyway...) but we'll do our best to sneak in a few shots here and there and share some more ideas ""with the purpose of receiving constructive feedback and response from the community"" :)

We can only ask for your continued moral support and belief, so in due course, we can kick some serious butt!",last,0.0
control,165,Moleskine or some a cheap one found at the store.,mean,0.0
control,165,Moleskine or some a cheap one found at the store.,max,0.0
control,165,Moleskine or some a cheap one found at the store.,last,0.0
control,166,"There’s nothing in scripture that says anything about drinking alcohol,” he tells me.",mean,0.0
control,166,"There’s nothing in scripture that says anything about drinking alcohol,” he tells me.",max,0.0
control,166,"There’s nothing in scripture that says anything about drinking alcohol,” he tells me.",last,0.0
control,167,"He hopes this social media board game will evolve into its own product range including music, a toy hover car and even a TV game show.",mean,0.0
control,167,"He hopes this social media board game will evolve into its own product range including music, a toy hover car and even a TV game show.",max,0.0
control,167,"He hopes this social media board game will evolve into its own product range including music, a toy hover car and even a TV game show.",last,0.0
control,168,Endocannabinoids are cannabinoids naturally occurring in the body.,mean,0.0
control,168,Endocannabinoids are cannabinoids naturally occurring in the body.,max,0.0
control,168,Endocannabinoids are cannabinoids naturally occurring in the body.,last,0.0
control,169,"He still refused to wear dresses, but to avoid scrutiny, he grew out his hair.",mean,0.0
control,169,"He still refused to wear dresses, but to avoid scrutiny, he grew out his hair.",max,0.0
control,169,"He still refused to wear dresses, but to avoid scrutiny, he grew out his hair.",last,0.0
control,170,"Ugly it may be, but here it was effective and perfectly legitimate.",mean,0.0
control,170,"Ugly it may be, but here it was effective and perfectly legitimate.",max,0.0
control,170,"Ugly it may be, but here it was effective and perfectly legitimate.",last,0.0
control,171,There was a really good article by Outside Magazine on the Tar Sands and Aaron Huey did the photography.,mean,0.0
control,171,There was a really good article by Outside Magazine on the Tar Sands and Aaron Huey did the photography.,max,0.0
control,171,There was a really good article by Outside Magazine on the Tar Sands and Aaron Huey did the photography.,last,0.0
control,172,But both victories leave the most fundamental injustice perfectly intact: inequality.,mean,0.0
control,172,But both victories leave the most fundamental injustice perfectly intact: inequality.,max,0.0
control,172,But both victories leave the most fundamental injustice perfectly intact: inequality.,last,0.0
control,173,"Most often, when things fail, they fail visibly.",mean,0.0
control,173,"Most often, when things fail, they fail visibly.",max,0.0
control,173,"Most often, when things fail, they fail visibly.",last,0.0
control,174,"Yes, there was messiness.",mean,0.0
control,174,"Yes, there was messiness.",max,0.0
control,174,"Yes, there was messiness.",last,0.0
control,175,It is often such a rare feat that it is celebrated with all the gusto of winning a championship.,mean,0.0
control,175,It is often such a rare feat that it is celebrated with all the gusto of winning a championship.,max,0.0
control,175,It is often such a rare feat that it is celebrated with all the gusto of winning a championship.,last,0.0
control,176,"In South Florida, the modified black tetras could upset an environment already burdened with 30 types of nonnative fish.",mean,0.16777585446834564
control,176,"In South Florida, the modified black tetras could upset an environment already burdened with 30 types of nonnative fish.",max,4.3621721267700195
control,176,"In South Florida, the modified black tetras could upset an environment already burdened with 30 types of nonnative fish.",last,0.0
control,177,Might of the Bear - Now works with Staves.,mean,0.0
control,177,Might of the Bear - Now works with Staves.,max,0.0
control,177,Might of the Bear - Now works with Staves.,last,0.0
control,178,"Its compass is not the centre of Melbourne, but the satellite city of Broadmeadows, around which the surrounding suburbs hover.",mean,0.0
control,178,"Its compass is not the centre of Melbourne, but the satellite city of Broadmeadows, around which the surrounding suburbs hover.",max,0.0
control,178,"Its compass is not the centre of Melbourne, but the satellite city of Broadmeadows, around which the surrounding suburbs hover.",last,0.0
control,179,"Whatever arises during class—good, bad, or ugly—have compassion, be an observer, and then let it go.",mean,0.0
control,179,"Whatever arises during class—good, bad, or ugly—have compassion, be an observer, and then let it go.",max,0.0
control,179,"Whatever arises during class—good, bad, or ugly—have compassion, be an observer, and then let it go.",last,0.0
control,180,It’s just here to contextualize the idea that follows.,mean,0.0
control,180,It’s just here to contextualize the idea that follows.,max,0.0
control,180,It’s just here to contextualize the idea that follows.,last,0.0
control,181,"The IDF has reportedly responded with artillery fire into Syrian-controlled territory, targeting Syrian military positions.",mean,0.0
control,181,"The IDF has reportedly responded with artillery fire into Syrian-controlled territory, targeting Syrian military positions.",max,0.0
control,181,"The IDF has reportedly responded with artillery fire into Syrian-controlled territory, targeting Syrian military positions.",last,0.0
control,182,"Sometimes, it’s difficult to find the storyline of a preseason contest.",mean,0.0
control,182,"Sometimes, it’s difficult to find the storyline of a preseason contest.",max,0.0
control,182,"Sometimes, it’s difficult to find the storyline of a preseason contest.",last,0.0
control,183,Powell.,mean,0.0
control,183,Powell.,max,0.0
control,183,Powell.,last,0.0
control,184,That apparently counts as a big thing.,mean,0.0
control,184,That apparently counts as a big thing.,max,0.0
control,184,That apparently counts as a big thing.,last,0.0
control,185,We want to create a digital sharing economy that doesn’t exist today.,mean,0.0
control,185,We want to create a digital sharing economy that doesn’t exist today.,max,0.0
control,185,We want to create a digital sharing economy that doesn’t exist today.,last,0.0
control,186,"Two weeks later, three members of the Panama Unit, including Jonathan Treviño and Alexis Espinoza, the son of Hidalgo Police Chief Rudy Espinoza, were indicted by a federal grand jury after an investigation by Immigration and Customs Enforcement and the FBI.",mean,0.0
control,186,"Two weeks later, three members of the Panama Unit, including Jonathan Treviño and Alexis Espinoza, the son of Hidalgo Police Chief Rudy Espinoza, were indicted by a federal grand jury after an investigation by Immigration and Customs Enforcement and the FBI.",max,0.0
control,186,"Two weeks later, three members of the Panama Unit, including Jonathan Treviño and Alexis Espinoza, the son of Hidalgo Police Chief Rudy Espinoza, were indicted by a federal grand jury after an investigation by Immigration and Customs Enforcement and the FBI.",last,0.0
control,187,"But it will come, say optimists, as surely as it has to parts of the planet once thought impervious to hope.",mean,0.0
control,187,"But it will come, say optimists, as surely as it has to parts of the planet once thought impervious to hope.",max,0.0
control,187,"But it will come, say optimists, as surely as it has to parts of the planet once thought impervious to hope.",last,0.0
control,188,"While they might advocate a split, the fact remains the clubs and the risk are inextricably linked.",mean,3.015033006668091
control,188,"While they might advocate a split, the fact remains the clubs and the risk are inextricably linked.",max,18.000324249267578
control,188,"While they might advocate a split, the fact remains the clubs and the risk are inextricably linked.",last,0.0
control,189,"Practice What You Preach – Barry White

82.",mean,0.0
control,189,"Practice What You Preach – Barry White

82.",max,0.0
control,189,"Practice What You Preach – Barry White

82.",last,0.0
control,190,"If I ever get stranded on a desert island, it's apparently possible to build a TV out of coconuts, but there's apparently no way to fix a hole in a boat.",mean,0.0
control,190,"If I ever get stranded on a desert island, it's apparently possible to build a TV out of coconuts, but there's apparently no way to fix a hole in a boat.",max,0.0
control,190,"If I ever get stranded on a desert island, it's apparently possible to build a TV out of coconuts, but there's apparently no way to fix a hole in a boat.",last,0.0
control,191,What about the relievers getting it done when it matters?,mean,0.0
control,191,What about the relievers getting it done when it matters?,max,0.0
control,191,What about the relievers getting it done when it matters?,last,0.0
control,192,"“It would be about one-and-a-half kay.”

How close did he get to you?",mean,0.0
control,192,"“It would be about one-and-a-half kay.”

How close did he get to you?",max,0.0
control,192,"“It would be about one-and-a-half kay.”

How close did he get to you?",last,0.0
control,193,"The effect caused the next two platforms to drop as well with the treasure now resting some 119 feet below ground along with an estimated 10,000 feet of lumber.",mean,0.0
control,193,"The effect caused the next two platforms to drop as well with the treasure now resting some 119 feet below ground along with an estimated 10,000 feet of lumber.",max,0.0
control,193,"The effect caused the next two platforms to drop as well with the treasure now resting some 119 feet below ground along with an estimated 10,000 feet of lumber.",last,0.0
control,194,"St. Jude’s Children’s Hospital in Memphis, TN opted to place the baby on a combination of four drugs plus an experimental medication in a desperate bid to save his life.",mean,0.0
control,194,"St. Jude’s Children’s Hospital in Memphis, TN opted to place the baby on a combination of four drugs plus an experimental medication in a desperate bid to save his life.",max,0.0
control,194,"St. Jude’s Children’s Hospital in Memphis, TN opted to place the baby on a combination of four drugs plus an experimental medication in a desperate bid to save his life.",last,0.0
control,195,I thought using the Oceans 11 music towards the ending was a nice touch.,mean,0.0
control,195,I thought using the Oceans 11 music towards the ending was a nice touch.,max,0.0
control,195,I thought using the Oceans 11 music towards the ending was a nice touch.,last,0.0
control,196,But what hasss he done recently?,mean,0.0
control,196,But what hasss he done recently?,max,0.0
control,196,But what hasss he done recently?,last,0.0
control,197,I feel very rewarded.,mean,0.0
control,197,I feel very rewarded.,max,0.0
control,197,I feel very rewarded.,last,0.0
control,198,"Picasso Picasso Tea Bird by Colin George Jeffrey

12.",mean,0.0
control,198,"Picasso Picasso Tea Bird by Colin George Jeffrey

12.",max,0.0
control,198,"Picasso Picasso Tea Bird by Colin George Jeffrey

12.",last,0.0
control,199,He warned that political instability would hurt Italy as it fights for its economic future.,mean,0.0
control,199,He warned that political instability would hurt Italy as it fights for its economic future.,max,0.0
control,199,He warned that political instability would hurt Italy as it fights for its economic future.,last,0.0
