group,index,text,agg,val
target,0,"Besides, the AAP's membership drive is not as vibrant as the media hype surrounding it.",mean,15.291043281555176
target,0,"Besides, the AAP's membership drive is not as vibrant as the media hype surrounding it.",max,36.31190872192383
target,0,"Besides, the AAP's membership drive is not as vibrant as the media hype surrounding it.",last,21.776641845703125
target,1,Shri Parrikar was taken on a whirlwind tour of the massive complex spread across hundreds of acres of land and was briefed on the future expansion plans including the proposed naval air station and housing complex.,mean,20.580690383911133
target,1,Shri Parrikar was taken on a whirlwind tour of the massive complex spread across hundreds of acres of land and was briefed on the future expansion plans including the proposed naval air station and housing complex.,max,35.2800178527832
target,1,Shri Parrikar was taken on a whirlwind tour of the massive complex spread across hundreds of acres of land and was briefed on the future expansion plans including the proposed naval air station and housing complex.,last,21.871685028076172
target,2,But till date every bag made by the brand boasts of the same signature quality.,mean,20.006549835205078
target,2,But till date every bag made by the brand boasts of the same signature quality.,max,38.365081787109375
target,2,But till date every bag made by the brand boasts of the same signature quality.,last,27.3532657623291
target,3,CRPF personnel were also present.,mean,17.31503677368164
target,3,CRPF personnel were also present.,max,28.581939697265625
target,3,CRPF personnel were also present.,last,21.291555404663086
target,4,BANGALORE: Here’s some bad news for adventure buffs from Bangalore.,mean,18.317039489746094
target,4,BANGALORE: Here’s some bad news for adventure buffs from Bangalore.,max,30.720258712768555
target,4,BANGALORE: Here’s some bad news for adventure buffs from Bangalore.,last,28.010343551635742
target,5,Congress president Sonia Gandhi had flagged off these trucks fron New Delhi on Monday.,mean,19.617103576660156
target,5,Congress president Sonia Gandhi had flagged off these trucks fron New Delhi on Monday.,max,31.17877769470215
target,5,Congress president Sonia Gandhi had flagged off these trucks fron New Delhi on Monday.,last,21.9335994720459
target,6,"However, the CBI's idea to give a break in National Insurance contributions of newly hired youngsters is a welcome start.",mean,17.178009033203125
target,6,"However, the CBI's idea to give a break in National Insurance contributions of newly hired youngsters is a welcome start.",max,36.727195739746094
target,6,"However, the CBI's idea to give a break in National Insurance contributions of newly hired youngsters is a welcome start.",last,30.27383041381836
target,7,"jawans of the Indian Army and BSF in Gurez valley +

Spending time with our Forces gives me new energy.",mean,18.255563735961914
target,7,"jawans of the Indian Army and BSF in Gurez valley +

Spending time with our Forces gives me new energy.",max,29.859066009521484
target,7,"jawans of the Indian Army and BSF in Gurez valley +

Spending time with our Forces gives me new energy.",last,21.554920196533203
target,8,"The additional capacity will also help Intel India consolidate its R&D operations to a large extent at the SRR campus, the company said in a statement.“Karnataka has always been in the forefront when it comes to the IT industry, being the centre of investment, our Invest Karnataka initiative is proving its worth with such beneficial investments in the recent years.",mean,19.566959381103516
target,8,"The additional capacity will also help Intel India consolidate its R&D operations to a large extent at the SRR campus, the company said in a statement.“Karnataka has always been in the forefront when it comes to the IT industry, being the centre of investment, our Invest Karnataka initiative is proving its worth with such beneficial investments in the recent years.",max,32.919376373291016
target,8,"The additional capacity will also help Intel India consolidate its R&D operations to a large extent at the SRR campus, the company said in a statement.“Karnataka has always been in the forefront when it comes to the IT industry, being the centre of investment, our Invest Karnataka initiative is proving its worth with such beneficial investments in the recent years.",last,13.038817405700684
target,9,The bench passed the order despite counsel for Dr. Sen seeking adjournment of the matter.,mean,15.787083625793457
target,9,The bench passed the order despite counsel for Dr. Sen seeking adjournment of the matter.,max,28.068870544433594
target,9,The bench passed the order despite counsel for Dr. Sen seeking adjournment of the matter.,last,13.797351837158203
target,10,Sachin GIDC police had intimated the Income tax department officials to assist and interrogate all the four people.,mean,18.765827178955078
target,10,Sachin GIDC police had intimated the Income tax department officials to assist and interrogate all the four people.,max,31.038150787353516
target,10,Sachin GIDC police had intimated the Income tax department officials to assist and interrogate all the four people.,last,24.078105926513672
target,11,"Here CM Amarinder Singh, offsetting past reputation of vacillation, is working over time to address the grievances of the people who have thrown out the BJP-Akali combine in the recent Assembly polls.",mean,16.773252487182617
target,11,"Here CM Amarinder Singh, offsetting past reputation of vacillation, is working over time to address the grievances of the people who have thrown out the BJP-Akali combine in the recent Assembly polls.",max,27.002960205078125
target,11,"Here CM Amarinder Singh, offsetting past reputation of vacillation, is working over time to address the grievances of the people who have thrown out the BJP-Akali combine in the recent Assembly polls.",last,18.648303985595703
target,12,"Read: Aadhaar payment: Forget debit and credit cards, now pay bills with your thumb

First Published: Mar 08, 2017 21:41 IST",mean,15.1510009765625
target,12,"Read: Aadhaar payment: Forget debit and credit cards, now pay bills with your thumb

First Published: Mar 08, 2017 21:41 IST",max,31.24013328552246
target,12,"Read: Aadhaar payment: Forget debit and credit cards, now pay bills with your thumb

First Published: Mar 08, 2017 21:41 IST",last,20.095182418823242
target,13,"(As Karnataka places cooking gas subsidies under the ration card programme, unlike many other states, we had a bigger net.)",mean,16.823415756225586
target,13,"(As Karnataka places cooking gas subsidies under the ration card programme, unlike many other states, we had a bigger net.)",max,27.822460174560547
target,13,"(As Karnataka places cooking gas subsidies under the ration card programme, unlike many other states, we had a bigger net.)",last,14.873067855834961
target,14,"Also Read: Art of Living’s Yamuna event: NGT panel says rehabilitation to cost Rs42 crore

“The AOL had obtained all the necessary permission including the NGT’s.",mean,16.9023494720459
target,14,"Also Read: Art of Living’s Yamuna event: NGT panel says rehabilitation to cost Rs42 crore

“The AOL had obtained all the necessary permission including the NGT’s.",max,29.46527099609375
target,14,"Also Read: Art of Living’s Yamuna event: NGT panel says rehabilitation to cost Rs42 crore

“The AOL had obtained all the necessary permission including the NGT’s.",last,17.214445114135742
target,15,"The film has been received well in AP, thanks to no big releases in the state.",mean,17.640609741210938
target,15,"The film has been received well in AP, thanks to no big releases in the state.",max,31.05924415588379
target,15,"The film has been received well in AP, thanks to no big releases in the state.",last,23.05350112915039
target,16,Naidu's shifting positions have created confusion in the minds of voters about the TDP's real position.,mean,19.047607421875
target,16,Naidu's shifting positions have created confusion in the minds of voters about the TDP's real position.,max,30.378475189208984
target,16,Naidu's shifting positions have created confusion in the minds of voters about the TDP's real position.,last,19.046894073486328
target,17,A committee headed by Revenue Secretary Hasmukh Adhia met exporters on Tuesday to look into the worries of the sector and assured faster relief.,mean,18.12213897705078
target,17,A committee headed by Revenue Secretary Hasmukh Adhia met exporters on Tuesday to look into the worries of the sector and assured faster relief.,max,33.47830581665039
target,17,A committee headed by Revenue Secretary Hasmukh Adhia met exporters on Tuesday to look into the worries of the sector and assured faster relief.,last,29.719261169433594
target,18,The Aam Aadmi Party (AAP) came back to power in Delhi in February 2015.,mean,19.116003036499023
target,18,The Aam Aadmi Party (AAP) came back to power in Delhi in February 2015.,max,36.30915832519531
target,18,The Aam Aadmi Party (AAP) came back to power in Delhi in February 2015.,last,18.796260833740234
target,19,"While Modi was to attend a string of events at the Dereka ground, DLW guest house and the army campus, almost all major schools in the town were shut owing to the ""VVIP movement"", said an informed source.",mean,19.587806701660156
target,19,"While Modi was to attend a string of events at the Dereka ground, DLW guest house and the army campus, almost all major schools in the town were shut owing to the ""VVIP movement"", said an informed source.",max,32.29697036743164
target,19,"While Modi was to attend a string of events at the Dereka ground, DLW guest house and the army campus, almost all major schools in the town were shut owing to the ""VVIP movement"", said an informed source.",last,24.970996856689453
target,20,"You have some great actors from the nation in your house, who are willing to give their advice, so why not take it,"" asked Abhishek, who likes to deal with criticism ""positively"".",mean,17.04241180419922
target,20,"You have some great actors from the nation in your house, who are willing to give their advice, so why not take it,"" asked Abhishek, who likes to deal with criticism ""positively"".",max,38.36259460449219
target,20,"You have some great actors from the nation in your house, who are willing to give their advice, so why not take it,"" asked Abhishek, who likes to deal with criticism ""positively"".",last,32.261268615722656
target,21,"P Vaidyanathan Iyer: In the last one year, the economy has been struggling to cross the 7-8 per cent growth mark.",mean,16.189132690429688
target,21,"P Vaidyanathan Iyer: In the last one year, the economy has been struggling to cross the 7-8 per cent growth mark.",max,27.392385482788086
target,21,"P Vaidyanathan Iyer: In the last one year, the economy has been struggling to cross the 7-8 per cent growth mark.",last,19.833576202392578
target,22,"""I had demanded an inquiry against Pachauri in a letter I wrote to Petroleum Minister Murli Deora some time back,"" he confirmed.",mean,16.821828842163086
target,22,"""I had demanded an inquiry against Pachauri in a letter I wrote to Petroleum Minister Murli Deora some time back,"" he confirmed.",max,30.77445411682129
target,22,"""I had demanded an inquiry against Pachauri in a letter I wrote to Petroleum Minister Murli Deora some time back,"" he confirmed.",last,16.933879852294922
target,23,"He commanded the Southern Command at Pune, whose orientation is in the desert areas, before assuming the appointment of VCOAS under Gen Singh.",mean,14.512033462524414
target,23,"He commanded the Southern Command at Pune, whose orientation is in the desert areas, before assuming the appointment of VCOAS under Gen Singh.",max,31.795364379882812
target,23,"He commanded the Southern Command at Pune, whose orientation is in the desert areas, before assuming the appointment of VCOAS under Gen Singh.",last,11.506532669067383
target,24,"Investigations have revealed that Kumar’s Mumbai-based aide would ask for call details of personalities, which the he procured and duly handed over during personal meetings at posh hotels of Delhi.",mean,15.555221557617188
target,24,"Investigations have revealed that Kumar’s Mumbai-based aide would ask for call details of personalities, which the he procured and duly handed over during personal meetings at posh hotels of Delhi.",max,27.976482391357422
target,24,"Investigations have revealed that Kumar’s Mumbai-based aide would ask for call details of personalities, which the he procured and duly handed over during personal meetings at posh hotels of Delhi.",last,26.04555892944336
target,25,"The National Commission for Women has decided to take suo motu cognisance of the allegations of Bollywood actress Preity Zinta against her former boyfriend and businessman Ness Wadia, and will conduct a detailed investigation into the case.",mean,17.603008270263672
target,25,"The National Commission for Women has decided to take suo motu cognisance of the allegations of Bollywood actress Preity Zinta against her former boyfriend and businessman Ness Wadia, and will conduct a detailed investigation into the case.",max,29.781753540039062
target,25,"The National Commission for Women has decided to take suo motu cognisance of the allegations of Bollywood actress Preity Zinta against her former boyfriend and businessman Ness Wadia, and will conduct a detailed investigation into the case.",last,22.84479522705078
target,26,"According to Harish -an organiser- more than 50,000 people will join the protest, with 7000-odd people expected to join from Vijayawada alone.",mean,16.77128791809082
target,26,"According to Harish -an organiser- more than 50,000 people will join the protest, with 7000-odd people expected to join from Vijayawada alone.",max,29.546871185302734
target,26,"According to Harish -an organiser- more than 50,000 people will join the protest, with 7000-odd people expected to join from Vijayawada alone.",last,25.254291534423828
target,27,"Advertising

Kejriwal also noted that there are a lot of good individuals in the bureaucracy, but despite that, governance has not improved.",mean,17.579025268554688
target,27,"Advertising

Kejriwal also noted that there are a lot of good individuals in the bureaucracy, but despite that, governance has not improved.",max,29.565277099609375
target,27,"Advertising

Kejriwal also noted that there are a lot of good individuals in the bureaucracy, but despite that, governance has not improved.",last,18.8221492767334
target,28,The plea had alleged that the Tamil Nadu ministers were bargaining with the central government for presidential assent for their proposed ordinance to exempt the Tamil Nadu students from NEET as a “quid pro quo for supporting the NDA candidates for the Presidential and Vice Presidential polls.,mean,17.745027542114258
target,28,The plea had alleged that the Tamil Nadu ministers were bargaining with the central government for presidential assent for their proposed ordinance to exempt the Tamil Nadu students from NEET as a “quid pro quo for supporting the NDA candidates for the Presidential and Vice Presidential polls.,max,29.540618896484375
target,28,The plea had alleged that the Tamil Nadu ministers were bargaining with the central government for presidential assent for their proposed ordinance to exempt the Tamil Nadu students from NEET as a “quid pro quo for supporting the NDA candidates for the Presidential and Vice Presidential polls.,last,23.575626373291016
target,29,"Calangute (Goa): HRD Minister Smriti Irani finds hidden camera at garment store’s trial room - 4 persons arrested April 3, 2015

The Minister along with her businessman husband Zubin Irani are on a private visit to Goa.",mean,16.496164321899414
target,29,"Calangute (Goa): HRD Minister Smriti Irani finds hidden camera at garment store’s trial room - 4 persons arrested April 3, 2015

The Minister along with her businessman husband Zubin Irani are on a private visit to Goa.",max,37.66575622558594
target,29,"Calangute (Goa): HRD Minister Smriti Irani finds hidden camera at garment store’s trial room - 4 persons arrested April 3, 2015

The Minister along with her businessman husband Zubin Irani are on a private visit to Goa.",last,19.433944702148438
target,30,"Finance Minister Arun Jaitley said that it would take two to three weeks to re-calibrate the machines, according to the Financial Times.",mean,17.752662658691406
target,30,"Finance Minister Arun Jaitley said that it would take two to three weeks to re-calibrate the machines, according to the Financial Times.",max,30.58976936340332
target,30,"Finance Minister Arun Jaitley said that it would take two to three weeks to re-calibrate the machines, according to the Financial Times.",last,11.771774291992188
target,31,"This should be coupled with a thorough analysis of portfolio allocation of the fund, to arrive at a conclusion of the performance of the fund,"" Dutta says in a research report.",mean,15.027764320373535
target,31,"This should be coupled with a thorough analysis of portfolio allocation of the fund, to arrive at a conclusion of the performance of the fund,"" Dutta says in a research report.",max,33.55405807495117
target,31,"This should be coupled with a thorough analysis of portfolio allocation of the fund, to arrive at a conclusion of the performance of the fund,"" Dutta says in a research report.",last,30.89052963256836
target,32,"The lead actor of the film Prabhas retweeted all the congratulatory messages which poured in, including from Anuskha Shetty, who also featured in the film.",mean,19.146760940551758
target,32,"The lead actor of the film Prabhas retweeted all the congratulatory messages which poured in, including from Anuskha Shetty, who also featured in the film.",max,39.1612434387207
target,32,"The lead actor of the film Prabhas retweeted all the congratulatory messages which poured in, including from Anuskha Shetty, who also featured in the film.",last,20.964765548706055
target,33,"Apart from the celebrated personalities, there are a number of professional doctors who have predicted the four long years of Donald Trump as the president.",mean,17.50557518005371
target,33,"Apart from the celebrated personalities, there are a number of professional doctors who have predicted the four long years of Donald Trump as the president.",max,36.25019073486328
target,33,"Apart from the celebrated personalities, there are a number of professional doctors who have predicted the four long years of Donald Trump as the president.",last,20.08392333984375
target,34,The firm added that all the campus recruits who were given offer letters in FY12 have joined the company.,mean,12.893502235412598
target,34,The firm added that all the campus recruits who were given offer letters in FY12 have joined the company.,max,25.726730346679688
target,34,The firm added that all the campus recruits who were given offer letters in FY12 have joined the company.,last,25.548986434936523
target,35,"Hardline Hurriyat Conference leader Masarat Alam, who organised the anti-India protests of 2010 in the Valley that saw the death of 112 people, was freed from a Baramulla jail on Saturday evening.",mean,13.810372352600098
target,35,"Hardline Hurriyat Conference leader Masarat Alam, who organised the anti-India protests of 2010 in the Valley that saw the death of 112 people, was freed from a Baramulla jail on Saturday evening.",max,29.425880432128906
target,35,"Hardline Hurriyat Conference leader Masarat Alam, who organised the anti-India protests of 2010 in the Valley that saw the death of 112 people, was freed from a Baramulla jail on Saturday evening.",last,20.73888397216797
target,36,"However, the Modi government is now finding it rather difficult to locate MPs – even within its own camp – willing to adopt another village.",mean,15.312627792358398
target,36,"However, the Modi government is now finding it rather difficult to locate MPs – even within its own camp – willing to adopt another village.",max,28.189327239990234
target,36,"However, the Modi government is now finding it rather difficult to locate MPs – even within its own camp – willing to adopt another village.",last,15.076509475708008
target,37,"VARIOUS PROTOCOLS ALSO VIOLATED

India Today's investigation found out gross violation of various protocols - from tendering to the procurement of oxygen supplies.",mean,13.98415470123291
target,37,"VARIOUS PROTOCOLS ALSO VIOLATED

India Today's investigation found out gross violation of various protocols - from tendering to the procurement of oxygen supplies.",max,30.70343017578125
target,37,"VARIOUS PROTOCOLS ALSO VIOLATED

India Today's investigation found out gross violation of various protocols - from tendering to the procurement of oxygen supplies.",last,21.101837158203125
target,38,"Ashok Vajpeyi, former chairman of Lalit Kala Academy, strongly condemned the attack, saying, ""This is a violation of an artist's freedom of expression.",mean,18.0400333404541
target,38,"Ashok Vajpeyi, former chairman of Lalit Kala Academy, strongly condemned the attack, saying, ""This is a violation of an artist's freedom of expression.",max,27.459217071533203
target,38,"Ashok Vajpeyi, former chairman of Lalit Kala Academy, strongly condemned the attack, saying, ""This is a violation of an artist's freedom of expression.",last,17.032737731933594
target,39,Memory Leaks:- Though it is not a game specific issue but knowing the fix helps.,mean,13.577980995178223
target,39,Memory Leaks:- Though it is not a game specific issue but knowing the fix helps.,max,30.604686737060547
target,39,Memory Leaks:- Though it is not a game specific issue but knowing the fix helps.,last,16.899154663085938
target,40,Lignite based Thermal power plant has been established at Giral in Barmer district.,mean,13.635229110717773
target,40,Lignite based Thermal power plant has been established at Giral in Barmer district.,max,24.00635528564453
target,40,Lignite based Thermal power plant has been established at Giral in Barmer district.,last,14.662582397460938
target,41,"The Congress vice president, who was supposed to come back today from his ""leave of absence,"" will now do so on Wednesday, sources have told NDTV.",mean,17.163700103759766
target,41,"The Congress vice president, who was supposed to come back today from his ""leave of absence,"" will now do so on Wednesday, sources have told NDTV.",max,32.23193359375
target,41,"The Congress vice president, who was supposed to come back today from his ""leave of absence,"" will now do so on Wednesday, sources have told NDTV.",last,11.70739459991455
target,42,"""PM's speech yesterday with regard to all sections including market players contributing to the national exchequer has been misinterpreted in some parts of media,"" Arun Jaitley said.",mean,17.123146057128906
target,42,"""PM's speech yesterday with regard to all sections including market players contributing to the national exchequer has been misinterpreted in some parts of media,"" Arun Jaitley said.",max,30.09904670715332
target,42,"""PM's speech yesterday with regard to all sections including market players contributing to the national exchequer has been misinterpreted in some parts of media,"" Arun Jaitley said.",last,21.664358139038086
target,43,"Consumers need to take them on,” Kamath prodded.He claimed that in surveys conducted by the organization at least 60% of women respondents had used such creams and 16% even admitted that it had reacted badly on their skin.Kamath suggested that there should be a regulatory agency to control and restrict such misleading advertisements.Referring to another beauty product shampoos, Kamath said that the product does nothing but clean one’s hair and scalp.",mean,15.291731834411621
target,43,"Consumers need to take them on,” Kamath prodded.He claimed that in surveys conducted by the organization at least 60% of women respondents had used such creams and 16% even admitted that it had reacted badly on their skin.Kamath suggested that there should be a regulatory agency to control and restrict such misleading advertisements.Referring to another beauty product shampoos, Kamath said that the product does nothing but clean one’s hair and scalp.",max,28.267210006713867
target,43,"Consumers need to take them on,” Kamath prodded.He claimed that in surveys conducted by the organization at least 60% of women respondents had used such creams and 16% even admitted that it had reacted badly on their skin.Kamath suggested that there should be a regulatory agency to control and restrict such misleading advertisements.Referring to another beauty product shampoos, Kamath said that the product does nothing but clean one’s hair and scalp.",last,19.092918395996094
target,44,"""Exactly two years ago, the Congress necked out MPs of Seemandhra region from Parliament and committed a grave

mistake by splitting the state.",mean,15.396745681762695
target,44,"""Exactly two years ago, the Congress necked out MPs of Seemandhra region from Parliament and committed a grave

mistake by splitting the state.",max,29.7926025390625
target,44,"""Exactly two years ago, the Congress necked out MPs of Seemandhra region from Parliament and committed a grave

mistake by splitting the state.",last,23.370025634765625
target,45,The appointments at FTII follows similar political interventions by the Modi government in other film bodies.,mean,13.022979736328125
target,45,The appointments at FTII follows similar political interventions by the Modi government in other film bodies.,max,25.03756332397461
target,45,The appointments at FTII follows similar political interventions by the Modi government in other film bodies.,last,25.03756332397461
target,46,It is Yadav who is now keeping the AAP flag flying.,mean,14.348518371582031
target,46,It is Yadav who is now keeping the AAP flag flying.,max,25.764230728149414
target,46,It is Yadav who is now keeping the AAP flag flying.,last,23.410844802856445
target,47,The government will have to spend around Rs 148 crore to issue these Aadhar cards for cows.,mean,13.642582893371582
target,47,The government will have to spend around Rs 148 crore to issue these Aadhar cards for cows.,max,27.607648849487305
target,47,The government will have to spend around Rs 148 crore to issue these Aadhar cards for cows.,last,20.27492332458496
target,48,"Lakhpat is one of the many talukas in Kuchchh district where the Gujarat government has banned mutation, or transfer of ownership, of land.",mean,16.785778045654297
target,48,"Lakhpat is one of the many talukas in Kuchchh district where the Gujarat government has banned mutation, or transfer of ownership, of land.",max,31.38837432861328
target,48,"Lakhpat is one of the many talukas in Kuchchh district where the Gujarat government has banned mutation, or transfer of ownership, of land.",last,12.592472076416016
target,49,Additional Solicitor General Gopal Subramanium appearing for the Airlines' had contended that the action taken against them was justified.,mean,17.4715576171875
target,49,Additional Solicitor General Gopal Subramanium appearing for the Airlines' had contended that the action taken against them was justified.,max,29.835979461669922
target,49,Additional Solicitor General Gopal Subramanium appearing for the Airlines' had contended that the action taken against them was justified.,last,29.835979461669922
target,50,​In another incident recently a hotel in Jaipur was sealed within hours by the JMC (Jaipur Municipal Corporation) and its manager and staffer were detained after a cow vigilante Sadhvi Kamal led protests outside the hotel on suspicion of beef being cooked and meat leftovers being dumped outside.,mean,15.50505256652832
target,50,​In another incident recently a hotel in Jaipur was sealed within hours by the JMC (Jaipur Municipal Corporation) and its manager and staffer were detained after a cow vigilante Sadhvi Kamal led protests outside the hotel on suspicion of beef being cooked and meat leftovers being dumped outside.,max,31.02503204345703
target,50,​In another incident recently a hotel in Jaipur was sealed within hours by the JMC (Jaipur Municipal Corporation) and its manager and staffer were detained after a cow vigilante Sadhvi Kamal led protests outside the hotel on suspicion of beef being cooked and meat leftovers being dumped outside.,last,24.53369903564453
target,51,Police sources said the previous government led by Omar Abdullah had once decided to release Masarat and a senior police officer was sent to speak to him.,mean,14.496513366699219
target,51,Police sources said the previous government led by Omar Abdullah had once decided to release Masarat and a senior police officer was sent to speak to him.,max,25.577943801879883
target,51,Police sources said the previous government led by Omar Abdullah had once decided to release Masarat and a senior police officer was sent to speak to him.,last,22.560707092285156
target,52,"As a kid, Dhawan used to steal letters from wherever he could find and dump them in the drainage.",mean,12.942862510681152
target,52,"As a kid, Dhawan used to steal letters from wherever he could find and dump them in the drainage.",max,29.178958892822266
target,52,"As a kid, Dhawan used to steal letters from wherever he could find and dump them in the drainage.",last,27.676055908203125
target,53,"""During the polls, the Prime Minister had attacked the then government (led by Manmohan Singh) for the rupee downfall, but now that he is in power for the past 15 months, the currency downfall continues,"" AAP leader Ashutosh said.He added that Mr Modi had promised several reforms to boost the economy, but that has not been able to make any impact on the economy.",mean,17.013280868530273
target,53,"""During the polls, the Prime Minister had attacked the then government (led by Manmohan Singh) for the rupee downfall, but now that he is in power for the past 15 months, the currency downfall continues,"" AAP leader Ashutosh said.He added that Mr Modi had promised several reforms to boost the economy, but that has not been able to make any impact on the economy.",max,36.67244338989258
target,53,"""During the polls, the Prime Minister had attacked the then government (led by Manmohan Singh) for the rupee downfall, but now that he is in power for the past 15 months, the currency downfall continues,"" AAP leader Ashutosh said.He added that Mr Modi had promised several reforms to boost the economy, but that has not been able to make any impact on the economy.",last,23.836708068847656
target,54,"So, it is not just its religious significance, but a strong constitutional backing too that offers cow, the coveted more than equal status among animals.",mean,14.057594299316406
target,54,"So, it is not just its religious significance, but a strong constitutional backing too that offers cow, the coveted more than equal status among animals.",max,37.314186096191406
target,54,"So, it is not just its religious significance, but a strong constitutional backing too that offers cow, the coveted more than equal status among animals.",last,25.850547790527344
target,55,The issue of stadium is more pronounced in this tier of candidates.,mean,7.183182716369629
target,55,The issue of stadium is more pronounced in this tier of candidates.,max,18.680742263793945
target,55,The issue of stadium is more pronounced in this tier of candidates.,last,0.0
target,56,"The next morning, Delhi Police filed a kidnapping case against the ACB.",mean,10.424175262451172
target,56,"The next morning, Delhi Police filed a kidnapping case against the ACB.",max,21.73331642150879
target,56,"The next morning, Delhi Police filed a kidnapping case against the ACB.",last,16.08525848388672
target,57,"A public interest litigation filed in the Calcutta High Court by a member of the activist organisation Young Bengal mentioned 13 official days for the Pujas, accounting for almost a three-week break including weekends.",mean,14.589428901672363
target,57,"A public interest litigation filed in the Calcutta High Court by a member of the activist organisation Young Bengal mentioned 13 official days for the Pujas, accounting for almost a three-week break including weekends.",max,25.559051513671875
target,57,"A public interest litigation filed in the Calcutta High Court by a member of the activist organisation Young Bengal mentioned 13 official days for the Pujas, accounting for almost a three-week break including weekends.",last,22.33633804321289
target,58,"Political pundit and AAP strategist Yogendra Yadav is widely seen as Haryana's chief ministerial candidate and is also tipped to fight the Lok Sabha polls from Gurgaon, adjoining Delhi.",mean,15.268370628356934
target,58,"Political pundit and AAP strategist Yogendra Yadav is widely seen as Haryana's chief ministerial candidate and is also tipped to fight the Lok Sabha polls from Gurgaon, adjoining Delhi.",max,30.370237350463867
target,58,"Political pundit and AAP strategist Yogendra Yadav is widely seen as Haryana's chief ministerial candidate and is also tipped to fight the Lok Sabha polls from Gurgaon, adjoining Delhi.",last,21.852327346801758
target,59,"education

New Delhi, Nov 28 (PTI) The Leader of Opposition in the Delhi Assembly, Vijender Gupta, today demanded that the AAP government presented a ""white paper"" on the status of school education in the national capital, saying that its data pointed towards various shortcomings in it.",mean,17.574214935302734
target,59,"education

New Delhi, Nov 28 (PTI) The Leader of Opposition in the Delhi Assembly, Vijender Gupta, today demanded that the AAP government presented a ""white paper"" on the status of school education in the national capital, saying that its data pointed towards various shortcomings in it.",max,30.724613189697266
target,59,"education

New Delhi, Nov 28 (PTI) The Leader of Opposition in the Delhi Assembly, Vijender Gupta, today demanded that the AAP government presented a ""white paper"" on the status of school education in the national capital, saying that its data pointed towards various shortcomings in it.",last,22.465251922607422
target,60,"But that is a matter of probe,"" a senior CBI official alleged.",mean,12.397541999816895
target,60,"But that is a matter of probe,"" a senior CBI official alleged.",max,29.581148147583008
target,60,"But that is a matter of probe,"" a senior CBI official alleged.",last,26.933860778808594
target,61,"Investigation is on to know who provoked them,"" Pawar said.",mean,13.827885627746582
target,61,"Investigation is on to know who provoked them,"" Pawar said.",max,29.934850692749023
target,61,"Investigation is on to know who provoked them,"" Pawar said.",last,29.762388229370117
target,62,"To develop the area, the previous state government had constituted the Trans Yamuna Area Development Board (TYABD) and the Delhi Rural Development Board (DRDB).",mean,14.497385025024414
target,62,"To develop the area, the previous state government had constituted the Trans Yamuna Area Development Board (TYABD) and the Delhi Rural Development Board (DRDB).",max,44.6763801574707
target,62,"To develop the area, the previous state government had constituted the Trans Yamuna Area Development Board (TYABD) and the Delhi Rural Development Board (DRDB).",last,28.183929443359375
target,63,Punjab charges octroi and cow cess on its power bills.,mean,12.163261413574219
target,63,Punjab charges octroi and cow cess on its power bills.,max,22.593713760375977
target,63,Punjab charges octroi and cow cess on its power bills.,last,22.400583267211914
target,64,One of the drunk allegedly misbehaved with a Brahmin man after which a scuffle took place.”,mean,16.050065994262695
target,64,One of the drunk allegedly misbehaved with a Brahmin man after which a scuffle took place.”,max,33.30699157714844
target,64,One of the drunk allegedly misbehaved with a Brahmin man after which a scuffle took place.”,last,19.03087043762207
target,65,"We have acquired the rights of the book, and in all possibilities would go on floors sometime next year.” Mantena, who partners CAA-Kwan too, one of the biggest Celebrity Management companies, plans to work closely with Manish and Sanjay Gupta of Raj Comics for exploring various others possibilities of taking the comic book character beyond films.",mean,12.465520858764648
target,65,"We have acquired the rights of the book, and in all possibilities would go on floors sometime next year.” Mantena, who partners CAA-Kwan too, one of the biggest Celebrity Management companies, plans to work closely with Manish and Sanjay Gupta of Raj Comics for exploring various others possibilities of taking the comic book character beyond films.",max,30.22001838684082
target,65,"We have acquired the rights of the book, and in all possibilities would go on floors sometime next year.” Mantena, who partners CAA-Kwan too, one of the biggest Celebrity Management companies, plans to work closely with Manish and Sanjay Gupta of Raj Comics for exploring various others possibilities of taking the comic book character beyond films.",last,24.987689971923828
target,66,Karnataka Tourism Minister Roshan Baig says Bijapur's monuments are being considered in a plan the Government is drawing up to promote tourism in the state.,mean,15.531388282775879
target,66,Karnataka Tourism Minister Roshan Baig says Bijapur's monuments are being considered in a plan the Government is drawing up to promote tourism in the state.,max,27.150081634521484
target,66,Karnataka Tourism Minister Roshan Baig says Bijapur's monuments are being considered in a plan the Government is drawing up to promote tourism in the state.,last,18.228538513183594
target,67,"Thus, before making communication to every individual, keep these principles or 7cs of communication in your mind.",mean,8.397966384887695
target,67,"Thus, before making communication to every individual, keep these principles or 7cs of communication in your mind.",max,19.093101501464844
target,67,"Thus, before making communication to every individual, keep these principles or 7cs of communication in your mind.",last,16.018600463867188
target,68,"Bond, rupee and, in turn, equity markets will also benefit from the RBI move.",mean,12.465315818786621
target,68,"Bond, rupee and, in turn, equity markets will also benefit from the RBI move.",max,32.211448669433594
target,68,"Bond, rupee and, in turn, equity markets will also benefit from the RBI move.",last,28.05415153503418
target,69,- Gupta I love to sing and my inspiration was Matt.,mean,9.50322151184082
target,69,- Gupta I love to sing and my inspiration was Matt.,max,24.212106704711914
target,69,- Gupta I love to sing and my inspiration was Matt.,last,0.0
target,70,"If it cannot solve the simple issue of who would be the chief ministerial candidate in a small state, then it doesn't require knowledge of rocket science to presume what would happen if the Gandhis were to relinquish their position.",mean,13.078254699707031
target,70,"If it cannot solve the simple issue of who would be the chief ministerial candidate in a small state, then it doesn't require knowledge of rocket science to presume what would happen if the Gandhis were to relinquish their position.",max,27.226234436035156
target,70,"If it cannot solve the simple issue of who would be the chief ministerial candidate in a small state, then it doesn't require knowledge of rocket science to presume what would happen if the Gandhis were to relinquish their position.",last,24.59791374206543
target,71,"Today, Terra Greens has 4,000 farmers from Maharashtra, Rajasthan, Tamil Nadu, Karnataka and Telengana working for them and the products are distributed through distributors in 600 major stores in India.",mean,14.518362998962402
target,71,"Today, Terra Greens has 4,000 farmers from Maharashtra, Rajasthan, Tamil Nadu, Karnataka and Telengana working for them and the products are distributed through distributors in 600 major stores in India.",max,31.393783569335938
target,71,"Today, Terra Greens has 4,000 farmers from Maharashtra, Rajasthan, Tamil Nadu, Karnataka and Telengana working for them and the products are distributed through distributors in 600 major stores in India.",last,17.122955322265625
target,72,"Dr Zakria attempts to refute Mr Modi's statement, and blames the Hindu phobia for this line of thought.",mean,12.284892082214355
target,72,"Dr Zakria attempts to refute Mr Modi's statement, and blames the Hindu phobia for this line of thought.",max,23.480125427246094
target,72,"Dr Zakria attempts to refute Mr Modi's statement, and blames the Hindu phobia for this line of thought.",last,19.73647117614746
target,73,"Arjun Jayakumar, a PhD student and a member of the Ambedkar Periyar Study Circle (APSC), alleged on Thursday while addressing a press conference that he got death threats from Manish Kumar, on the day of the beef fest.",mean,13.211878776550293
target,73,"Arjun Jayakumar, a PhD student and a member of the Ambedkar Periyar Study Circle (APSC), alleged on Thursday while addressing a press conference that he got death threats from Manish Kumar, on the day of the beef fest.",max,27.066917419433594
target,73,"Arjun Jayakumar, a PhD student and a member of the Ambedkar Periyar Study Circle (APSC), alleged on Thursday while addressing a press conference that he got death threats from Manish Kumar, on the day of the beef fest.",last,24.17598533630371
target,74,"In a swift military offensive, India defeated Pakistan within 13 days, liberated a region and led to the creation of Bangladesh.",mean,12.748335838317871
target,74,"In a swift military offensive, India defeated Pakistan within 13 days, liberated a region and led to the creation of Bangladesh.",max,25.18201446533203
target,74,"In a swift military offensive, India defeated Pakistan within 13 days, liberated a region and led to the creation of Bangladesh.",last,22.465116500854492
target,75,"Casting agent: Vijay Rawal

After a conversation over the phone, Vijay Rawal agreed to meet around 3 pm at Bhaidas Hall, Vile Parle.",mean,12.065746307373047
target,75,"Casting agent: Vijay Rawal

After a conversation over the phone, Vijay Rawal agreed to meet around 3 pm at Bhaidas Hall, Vile Parle.",max,23.829652786254883
target,75,"Casting agent: Vijay Rawal

After a conversation over the phone, Vijay Rawal agreed to meet around 3 pm at Bhaidas Hall, Vile Parle.",last,18.140380859375
target,76,"Watch him taking on Rahul Gandhi, making Narendra Modi laugh

The second FIR (file 198) in the case was registered against 12 people including names like late Ashok Singhal, Advani, Joshi, Vinay Katiyar and Uma Bharti.",mean,14.945586204528809
target,76,"Watch him taking on Rahul Gandhi, making Narendra Modi laugh

The second FIR (file 198) in the case was registered against 12 people including names like late Ashok Singhal, Advani, Joshi, Vinay Katiyar and Uma Bharti.",max,32.120513916015625
target,76,"Watch him taking on Rahul Gandhi, making Narendra Modi laugh

The second FIR (file 198) in the case was registered against 12 people including names like late Ashok Singhal, Advani, Joshi, Vinay Katiyar and Uma Bharti.",last,15.566411018371582
target,77,"Reacting to the deteriorating and order situation in Uttar Pradesh, (BJP) leader Subramanian Swamy on Monday said that Article 256 empowers the government to give directions to a state government, and that even President's rule can be imposed on Uttar Pradesh, if they refused to follow those directions.",mean,16.04334831237793
target,77,"Reacting to the deteriorating and order situation in Uttar Pradesh, (BJP) leader Subramanian Swamy on Monday said that Article 256 empowers the government to give directions to a state government, and that even President's rule can be imposed on Uttar Pradesh, if they refused to follow those directions.",max,30.09971046447754
target,77,"Reacting to the deteriorating and order situation in Uttar Pradesh, (BJP) leader Subramanian Swamy on Monday said that Article 256 empowers the government to give directions to a state government, and that even President's rule can be imposed on Uttar Pradesh, if they refused to follow those directions.",last,21.315515518188477
target,78,"The court subsequently asked Mallya to give it a list of properties that he owned ""in a sealed cover"".",mean,12.951513290405273
target,78,"The court subsequently asked Mallya to give it a list of properties that he owned ""in a sealed cover"".",max,27.555992126464844
target,78,"The court subsequently asked Mallya to give it a list of properties that he owned ""in a sealed cover"".",last,27.555992126464844
target,79,Bansdih inspector Vashistha Narayan Dubey told TOI over phone that the baraat returned without a bride after collecting their gifts given to the girl and her family members.,mean,13.565393447875977
target,79,Bansdih inspector Vashistha Narayan Dubey told TOI over phone that the baraat returned without a bride after collecting their gifts given to the girl and her family members.,max,26.737689971923828
target,79,Bansdih inspector Vashistha Narayan Dubey told TOI over phone that the baraat returned without a bride after collecting their gifts given to the girl and her family members.,last,18.1937313079834
target,80,"""But the people of Gujarat have rejected the Congress over and over again, and these elections are not going to be any different,"" he said.Meanwhile, a group of Patidar youth tried to disrupt the speech of BJP President Amit Shah at Anand.",mean,14.85903263092041
target,80,"""But the people of Gujarat have rejected the Congress over and over again, and these elections are not going to be any different,"" he said.Meanwhile, a group of Patidar youth tried to disrupt the speech of BJP President Amit Shah at Anand.",max,31.928020477294922
target,80,"""But the people of Gujarat have rejected the Congress over and over again, and these elections are not going to be any different,"" he said.Meanwhile, a group of Patidar youth tried to disrupt the speech of BJP President Amit Shah at Anand.",last,21.556400299072266
target,81,"In fact, India’s assistance to Afghanistan is close to about 2.2 billion dollars for reconstruction and development.",mean,12.002703666687012
target,81,"In fact, India’s assistance to Afghanistan is close to about 2.2 billion dollars for reconstruction and development.",max,24.788043975830078
target,81,"In fact, India’s assistance to Afghanistan is close to about 2.2 billion dollars for reconstruction and development.",last,15.236238479614258
target,82,"Swamy's campaign might have embarrassed the government, prompting the Prime Minister to say that the media shouldn't discuss these things and Finance Minister Arun Jaitley to criticise the personal attacks.",mean,14.896064758300781
target,82,"Swamy's campaign might have embarrassed the government, prompting the Prime Minister to say that the media shouldn't discuss these things and Finance Minister Arun Jaitley to criticise the personal attacks.",max,31.378005981445312
target,82,"Swamy's campaign might have embarrassed the government, prompting the Prime Minister to say that the media shouldn't discuss these things and Finance Minister Arun Jaitley to criticise the personal attacks.",last,18.90020751953125
target,83,"Singh, who had resisted eviction and demanded that the government accommodation be converted into a memorial for his father former prime minister Charan Singh, handed over the bungalow to the Central Public Works Department (CPWD), according to a senior Urban Development Ministry.",mean,13.93494987487793
target,83,"Singh, who had resisted eviction and demanded that the government accommodation be converted into a memorial for his father former prime minister Charan Singh, handed over the bungalow to the Central Public Works Department (CPWD), according to a senior Urban Development Ministry.",max,33.22972106933594
target,83,"Singh, who had resisted eviction and demanded that the government accommodation be converted into a memorial for his father former prime minister Charan Singh, handed over the bungalow to the Central Public Works Department (CPWD), according to a senior Urban Development Ministry.",last,15.658998489379883
target,84,"""This government will implement one rank one pension soon,"" he said.",mean,9.630743980407715
target,84,"""This government will implement one rank one pension soon,"" he said.",max,24.738115310668945
target,84,"""This government will implement one rank one pension soon,"" he said.",last,17.754457473754883
target,85,Movie buffs were able to sample Sreesanth’s performance in the first video song that was released a few months ago.,mean,12.832878112792969
target,85,Movie buffs were able to sample Sreesanth’s performance in the first video song that was released a few months ago.,max,28.319177627563477
target,85,Movie buffs were able to sample Sreesanth’s performance in the first video song that was released a few months ago.,last,22.848752975463867
target,86,"Her treating doctor, Dr KR Dashiki said the girl was also counselled regarding the effect of the Blue Whale game on her mind.",mean,10.830831527709961
target,86,"Her treating doctor, Dr KR Dashiki said the girl was also counselled regarding the effect of the Blue Whale game on her mind.",max,24.803043365478516
target,86,"Her treating doctor, Dr KR Dashiki said the girl was also counselled regarding the effect of the Blue Whale game on her mind.",last,20.601438522338867
target,87,"In particular, a specific Bhumihar community of upper castes was targeted in retaliation for their opposition towards handing out their land for land reform.",mean,12.935434341430664
target,87,"In particular, a specific Bhumihar community of upper castes was targeted in retaliation for their opposition towards handing out their land for land reform.",max,28.324321746826172
target,87,"In particular, a specific Bhumihar community of upper castes was targeted in retaliation for their opposition towards handing out their land for land reform.",last,16.83235740661621
target,88,"On Monday, a ‘granthi’ of a gurdwara at Nijjapura village in Amritsar district was arrested for allegedly desecrating the holy book while a baptized woman was arrested in Ludhiana in connection with the Ghawaddi village desecration case.",mean,13.69355583190918
target,88,"On Monday, a ‘granthi’ of a gurdwara at Nijjapura village in Amritsar district was arrested for allegedly desecrating the holy book while a baptized woman was arrested in Ludhiana in connection with the Ghawaddi village desecration case.",max,27.574268341064453
target,88,"On Monday, a ‘granthi’ of a gurdwara at Nijjapura village in Amritsar district was arrested for allegedly desecrating the holy book while a baptized woman was arrested in Ludhiana in connection with the Ghawaddi village desecration case.",last,19.789527893066406
target,89,Fact check: Newslaundry tactfully shifts the goalpost to installed generation capacity from actual power generation.,mean,10.876038551330566
target,89,Fact check: Newslaundry tactfully shifts the goalpost to installed generation capacity from actual power generation.,max,20.73904037475586
target,89,Fact check: Newslaundry tactfully shifts the goalpost to installed generation capacity from actual power generation.,last,14.913078308105469
target,90,"During the interactive session, the Prime Minister was asked by another student about how peace could be pursued in Asia despite China’s “expansionist” designs.",mean,11.964849472045898
target,90,"During the interactive session, the Prime Minister was asked by another student about how peace could be pursued in Asia despite China’s “expansionist” designs.",max,27.37353515625
target,90,"During the interactive session, the Prime Minister was asked by another student about how peace could be pursued in Asia despite China’s “expansionist” designs.",last,13.205885887145996
target,91,And now Benguluru Police Commissioner MN Reddi wants to use Persicope to stream crimes around the city.,mean,14.113619804382324
target,91,And now Benguluru Police Commissioner MN Reddi wants to use Persicope to stream crimes around the city.,max,27.734333038330078
target,91,And now Benguluru Police Commissioner MN Reddi wants to use Persicope to stream crimes around the city.,last,26.077388763427734
target,92,"*

Shaharyar and Najam Sethi, PCB's head of executive committee, had come out of the Dubai meeting sounding optimistic, but they did not divulge any details.",mean,12.290963172912598
target,92,"*

Shaharyar and Najam Sethi, PCB's head of executive committee, had come out of the Dubai meeting sounding optimistic, but they did not divulge any details.",max,30.31293487548828
target,92,"*

Shaharyar and Najam Sethi, PCB's head of executive committee, had come out of the Dubai meeting sounding optimistic, but they did not divulge any details.",last,18.18785285949707
target,93,Madhu was first hit on the head and was strangled using insulated cable meant for fencing.,mean,8.801861763000488
target,93,Madhu was first hit on the head and was strangled using insulated cable meant for fencing.,max,26.28887939453125
target,93,Madhu was first hit on the head and was strangled using insulated cable meant for fencing.,last,18.944435119628906
target,94,"A lady asks Mr Modi how he plans to isolate terrorism, while a man comments on the double-faced nature of Mr Modi.",mean,13.708111763000488
target,94,"A lady asks Mr Modi how he plans to isolate terrorism, while a man comments on the double-faced nature of Mr Modi.",max,26.34021759033203
target,94,"A lady asks Mr Modi how he plans to isolate terrorism, while a man comments on the double-faced nature of Mr Modi.",last,19.76720428466797
target,95,"Razzak, despite being a Muslim, never let religion come in the way of his friendship.",mean,12.987967491149902
target,95,"Razzak, despite being a Muslim, never let religion come in the way of his friendship.",max,27.09752655029297
target,95,"Razzak, despite being a Muslim, never let religion come in the way of his friendship.",last,20.951751708984375
target,96,Ratnaparkhi has to persuade him to take the scenic route.,mean,4.798074245452881
target,96,Ratnaparkhi has to persuade him to take the scenic route.,max,19.425310134887695
target,96,Ratnaparkhi has to persuade him to take the scenic route.,last,0.0
target,97,"""They gave an application, it is under inquiry and after inquiry, we will let you know,"" the agency quoted senior police officer Nissar Kalambole as saying.",mean,11.286256790161133
target,97,"""They gave an application, it is under inquiry and after inquiry, we will let you know,"" the agency quoted senior police officer Nissar Kalambole as saying.",max,24.030166625976562
target,97,"""They gave an application, it is under inquiry and after inquiry, we will let you know,"" the agency quoted senior police officer Nissar Kalambole as saying.",last,24.030166625976562
target,98,Why do Madrasas not hoist the Indian flag on national holidays?,mean,10.77008056640625
target,98,Why do Madrasas not hoist the Indian flag on national holidays?,max,24.487077713012695
target,98,Why do Madrasas not hoist the Indian flag on national holidays?,last,16.538747787475586
target,99,"“I want to tell all that I got tremendous response from people belonging to Balochistan, Gilgit, and Pakistan occupied Kashmir.",mean,11.757091522216797
target,99,"“I want to tell all that I got tremendous response from people belonging to Balochistan, Gilgit, and Pakistan occupied Kashmir.",max,30.93521499633789
target,99,"“I want to tell all that I got tremendous response from people belonging to Balochistan, Gilgit, and Pakistan occupied Kashmir.",last,23.7520751953125
control,0,"Nach diesem Misserfolg brachte das Unternehmen ein weiteres und etwas eigenartiges Gerät heraus, den „Amazon Echo“.",mean,0.0
control,0,"Nach diesem Misserfolg brachte das Unternehmen ein weiteres und etwas eigenartiges Gerät heraus, den „Amazon Echo“.",max,0.0
control,0,"Nach diesem Misserfolg brachte das Unternehmen ein weiteres und etwas eigenartiges Gerät heraus, den „Amazon Echo“.",last,0.0
control,1,The survey has lots of problems — dig via Scotty’s post if you’re interested — but it’s a question worth thinking about.,mean,0.0
control,1,The survey has lots of problems — dig via Scotty’s post if you’re interested — but it’s a question worth thinking about.,max,0.0
control,1,The survey has lots of problems — dig via Scotty’s post if you’re interested — but it’s a question worth thinking about.,last,0.0
control,2,"The phenomenon, which fluid dynamicists call the Magnus effect, can send a ping-pong ball curving up, down, left, or right -- always at a right angle to the direction of motion -- depending on which way the ball is spun.",mean,0.0
control,2,"The phenomenon, which fluid dynamicists call the Magnus effect, can send a ping-pong ball curving up, down, left, or right -- always at a right angle to the direction of motion -- depending on which way the ball is spun.",max,0.0
control,2,"The phenomenon, which fluid dynamicists call the Magnus effect, can send a ping-pong ball curving up, down, left, or right -- always at a right angle to the direction of motion -- depending on which way the ball is spun.",last,0.0
control,3,"They are not however, told how to carry their missions out, and therefore, whilst having a lot of support, they have a large degree to autonomy of how to carry these missions out.",mean,0.0
control,3,"They are not however, told how to carry their missions out, and therefore, whilst having a lot of support, they have a large degree to autonomy of how to carry these missions out.",max,0.0
control,3,"They are not however, told how to carry their missions out, and therefore, whilst having a lot of support, they have a large degree to autonomy of how to carry these missions out.",last,0.0
control,4,"The official pointed to the presidential and parliamentary elections, saying that the police succeeded in ensuring security during these tense and difficult periods.",mean,0.16244152188301086
control,4,"The official pointed to the presidential and parliamentary elections, saying that the police succeeded in ensuring security during these tense and difficult periods.",max,4.223479270935059
control,4,"The official pointed to the presidential and parliamentary elections, saying that the police succeeded in ensuring security during these tense and difficult periods.",last,0.0
control,5,"LOCATION

700 Longs Peak Avenue

Roosevelt Park | Longmont, Colorado

PARKING

Guest parking is easily available on site at Roosevelt Park and the surrounding streets.",mean,0.0
control,5,"LOCATION

700 Longs Peak Avenue

Roosevelt Park | Longmont, Colorado

PARKING

Guest parking is easily available on site at Roosevelt Park and the surrounding streets.",max,0.0
control,5,"LOCATION

700 Longs Peak Avenue

Roosevelt Park | Longmont, Colorado

PARKING

Guest parking is easily available on site at Roosevelt Park and the surrounding streets.",last,0.0
control,6,– all the good things you like to nosh on – on a budget.,mean,0.0
control,6,– all the good things you like to nosh on – on a budget.,max,0.0
control,6,– all the good things you like to nosh on – on a budget.,last,0.0
control,7,"A little after 2 in the morning, they released the women to West for the 15-minute drive through the steamy night to his compound — a place where, the women and the Mexican government say, workers were stripped of their passports and assigned to sleep in a filthy, foul-smelling trailer infested with insects and mice.",mean,0.0
control,7,"A little after 2 in the morning, they released the women to West for the 15-minute drive through the steamy night to his compound — a place where, the women and the Mexican government say, workers were stripped of their passports and assigned to sleep in a filthy, foul-smelling trailer infested with insects and mice.",max,0.0
control,7,"A little after 2 in the morning, they released the women to West for the 15-minute drive through the steamy night to his compound — a place where, the women and the Mexican government say, workers were stripped of their passports and assigned to sleep in a filthy, foul-smelling trailer infested with insects and mice.",last,0.0
control,8,"Details - Security removed in UPnP

UPnP allows to add firewall rules dynamically.",mean,0.9185442328453064
control,8,"Details - Security removed in UPnP

UPnP allows to add firewall rules dynamically.",max,16.533796310424805
control,8,"Details - Security removed in UPnP

UPnP allows to add firewall rules dynamically.",last,0.0
control,9,"Buffalo Bills

Best: Defensively, Buffalo forced three turnovers and sacked Matt Cassel five times.",mean,0.0
control,9,"Buffalo Bills

Best: Defensively, Buffalo forced three turnovers and sacked Matt Cassel five times.",max,0.0
control,9,"Buffalo Bills

Best: Defensively, Buffalo forced three turnovers and sacked Matt Cassel five times.",last,0.0
control,10,"Dealing with Non-Smokers - Unlike other drugs, smoking involves the participation of non-smokers.",mean,0.5716701745986938
control,10,"Dealing with Non-Smokers - Unlike other drugs, smoking involves the participation of non-smokers.",max,6.498752593994141
control,10,"Dealing with Non-Smokers - Unlike other drugs, smoking involves the participation of non-smokers.",last,6.498752593994141
control,11,Clearly we needed a way to support extended SQL types in ODB.,mean,0.0
control,11,Clearly we needed a way to support extended SQL types in ODB.,max,0.0
control,11,Clearly we needed a way to support extended SQL types in ODB.,last,0.0
control,12,"_____________________________________________________________

I’ve always been asked the same question by so many people that know me: why do you love sports so much?",mean,0.0
control,12,"_____________________________________________________________

I’ve always been asked the same question by so many people that know me: why do you love sports so much?",max,0.0
control,12,"_____________________________________________________________

I’ve always been asked the same question by so many people that know me: why do you love sports so much?",last,0.0
control,13,"Rod Cregier: Sometimes it's hard to tell folks that their baby is ugly, but you have to do it because if you don't get it done, who else is gonna do it?",mean,0.0
control,13,"Rod Cregier: Sometimes it's hard to tell folks that their baby is ugly, but you have to do it because if you don't get it done, who else is gonna do it?",max,0.0
control,13,"Rod Cregier: Sometimes it's hard to tell folks that their baby is ugly, but you have to do it because if you don't get it done, who else is gonna do it?",last,0.0
control,14,He had cannibalized a slide projector to make a custom home theater system for movies and games.,mean,0.0
control,14,He had cannibalized a slide projector to make a custom home theater system for movies and games.,max,0.0
control,14,He had cannibalized a slide projector to make a custom home theater system for movies and games.,last,0.0
control,15,"Maximum price $29.17, minimum price $23.50.",mean,0.3366529047489166
control,15,"Maximum price $29.17, minimum price $23.50.",max,5.049793243408203
control,15,"Maximum price $29.17, minimum price $23.50.",last,0.0
control,16,Connors also says these canvassers could just be campaigning for their candidates or other various organizations and that it is not illegal to drop off someone else's ballot.,mean,0.0
control,16,Connors also says these canvassers could just be campaigning for their candidates or other various organizations and that it is not illegal to drop off someone else's ballot.,max,0.0
control,16,Connors also says these canvassers could just be campaigning for their candidates or other various organizations and that it is not illegal to drop off someone else's ballot.,last,0.0
control,17,"When listing dates for employment or education, do list dates to the right of the information.",mean,0.0
control,17,"When listing dates for employment or education, do list dates to the right of the information.",max,0.0
control,17,"When listing dates for employment or education, do list dates to the right of the information.",last,0.0
control,18,"So as soon as I land in Bogota, my boss says, ‘Javier, you're going to be responsible for the investigation of the Medellin Cartel led by Pablo Escobar,’” remembers Pena.",mean,0.0
control,18,"So as soon as I land in Bogota, my boss says, ‘Javier, you're going to be responsible for the investigation of the Medellin Cartel led by Pablo Escobar,’” remembers Pena.",max,0.0
control,18,"So as soon as I land in Bogota, my boss says, ‘Javier, you're going to be responsible for the investigation of the Medellin Cartel led by Pablo Escobar,’” remembers Pena.",last,0.0
control,19,Find a local showing near you or host your own screening.,mean,0.0
control,19,Find a local showing near you or host your own screening.,max,0.0
control,19,Find a local showing near you or host your own screening.,last,0.0
control,20,"The doctors, teachers and government officials all knew that the rules and regulations they spent their days complying with were pointless diversions.",mean,1.5801559686660767
control,20,"The doctors, teachers and government officials all knew that the rules and regulations they spent their days complying with were pointless diversions.",max,10.976105690002441
control,20,"The doctors, teachers and government officials all knew that the rules and regulations they spent their days complying with were pointless diversions.",last,0.0
control,21,"By backing our product, you will essentially be pre-ordering your very own Think Board for the Fall.",mean,0.0
control,21,"By backing our product, you will essentially be pre-ordering your very own Think Board for the Fall.",max,0.0
control,21,"By backing our product, you will essentially be pre-ordering your very own Think Board for the Fall.",last,0.0
control,22,"Other American non-profits considered undesirable by Moscow include the U.S.-Russian Foundation for Economic Advancement and the Rule of Law, the National Democratic Institute for International Affairs, the Media Development Investment Fund, the International Republican Institute and the Institute of Modern Russia.",mean,0.0
control,22,"Other American non-profits considered undesirable by Moscow include the U.S.-Russian Foundation for Economic Advancement and the Rule of Law, the National Democratic Institute for International Affairs, the Media Development Investment Fund, the International Republican Institute and the Institute of Modern Russia.",max,0.0
control,22,"Other American non-profits considered undesirable by Moscow include the U.S.-Russian Foundation for Economic Advancement and the Rule of Law, the National Democratic Institute for International Affairs, the Media Development Investment Fund, the International Republican Institute and the Institute of Modern Russia.",last,0.0
control,23,"Well, TRAI looked to the standards in place in the US at the time.",mean,9.843235969543457
control,23,"Well, TRAI looked to the standards in place in the US at the time.",max,24.854135513305664
control,23,"Well, TRAI looked to the standards in place in the US at the time.",last,0.0
control,24,"That rabbi, who no longer is a member of RCA, was asked last week about the new OU policy decision and told his interviewer that the OU should stick to certifying tuna fish.",mean,0.0
control,24,"That rabbi, who no longer is a member of RCA, was asked last week about the new OU policy decision and told his interviewer that the OU should stick to certifying tuna fish.",max,0.0
control,24,"That rabbi, who no longer is a member of RCA, was asked last week about the new OU policy decision and told his interviewer that the OU should stick to certifying tuna fish.",last,0.0
control,25,It's also a mainstream press that fails to do its job.,mean,0.0
control,25,It's also a mainstream press that fails to do its job.,max,0.0
control,25,It's also a mainstream press that fails to do its job.,last,0.0
control,26,"The most important of these icons for the AIDS denialist movement was Christine Maggiore, who not only actively promoted the cause of AIDS denialism but tragically also put her own health and that of her family on the line.",mean,0.0
control,26,"The most important of these icons for the AIDS denialist movement was Christine Maggiore, who not only actively promoted the cause of AIDS denialism but tragically also put her own health and that of her family on the line.",max,0.0
control,26,"The most important of these icons for the AIDS denialist movement was Christine Maggiore, who not only actively promoted the cause of AIDS denialism but tragically also put her own health and that of her family on the line.",last,0.0
control,27,She pointed to a place and then I got pictures off the internet and she recognised the little island in Muckross Lake near Killarney in county Kerry where her love was murdered and I have married a woman from a few miles from there who is also born in the year of the rat and we have been there often as a couple.,mean,0.16043147444725037
control,27,She pointed to a place and then I got pictures off the internet and she recognised the little island in Muckross Lake near Killarney in county Kerry where her love was murdered and I have married a woman from a few miles from there who is also born in the year of the rat and we have been there often as a couple.,max,6.190792083740234
control,27,She pointed to a place and then I got pictures off the internet and she recognised the little island in Muckross Lake near Killarney in county Kerry where her love was murdered and I have married a woman from a few miles from there who is also born in the year of the rat and we have been there often as a couple.,last,0.0
control,28,"Summary

People spend thousands of dollars on diminishing gains trying to improve aerodynamics and shed a few grams from their wheels and frames.",mean,0.0
control,28,"Summary

People spend thousands of dollars on diminishing gains trying to improve aerodynamics and shed a few grams from their wheels and frames.",max,0.0
control,28,"Summary

People spend thousands of dollars on diminishing gains trying to improve aerodynamics and shed a few grams from their wheels and frames.",last,0.0
control,29,"(Unless you live in an infinitely bountiful Garden of Eden, this latter point should concern you.)",mean,0.0
control,29,"(Unless you live in an infinitely bountiful Garden of Eden, this latter point should concern you.)",max,0.0
control,29,"(Unless you live in an infinitely bountiful Garden of Eden, this latter point should concern you.)",last,0.0
control,30,"He reads, “I think we could play against anybody who has ever played in college football.”

""Don James,"" Lee says.",mean,0.0
control,30,"He reads, “I think we could play against anybody who has ever played in college football.”

""Don James,"" Lee says.",max,0.0
control,30,"He reads, “I think we could play against anybody who has ever played in college football.”

""Don James,"" Lee says.",last,0.0
control,31,"“The episode ends with the next key move in Prometheus’ grand plan.”

As for when viewers will find out who’s actually under that mask, Guggenheim notes the reveal will come “later than we typically do,” though declined to be more specific about Prometheus’ identity.",mean,0.0
control,31,"“The episode ends with the next key move in Prometheus’ grand plan.”

As for when viewers will find out who’s actually under that mask, Guggenheim notes the reveal will come “later than we typically do,” though declined to be more specific about Prometheus’ identity.",max,0.0
control,31,"“The episode ends with the next key move in Prometheus’ grand plan.”

As for when viewers will find out who’s actually under that mask, Guggenheim notes the reveal will come “later than we typically do,” though declined to be more specific about Prometheus’ identity.",last,0.0
control,32,"Similar stories can be seen in the health sector, where a lack of investment and a ruinous brain-drain has left Kenyans enjoying the same health facilities, as the migrating wildebeest of the Serengeti: none.",mean,0.0
control,32,"Similar stories can be seen in the health sector, where a lack of investment and a ruinous brain-drain has left Kenyans enjoying the same health facilities, as the migrating wildebeest of the Serengeti: none.",max,0.0
control,32,"Similar stories can be seen in the health sector, where a lack of investment and a ruinous brain-drain has left Kenyans enjoying the same health facilities, as the migrating wildebeest of the Serengeti: none.",last,0.0
control,33,"After riding my new-to-me motorcycle with glee any chance I got, including commuting to work, and reading up on sport riding technique, I was on my way to booking a camp site and fulfilling my promise.",mean,0.0
control,33,"After riding my new-to-me motorcycle with glee any chance I got, including commuting to work, and reading up on sport riding technique, I was on my way to booking a camp site and fulfilling my promise.",max,0.0
control,33,"After riding my new-to-me motorcycle with glee any chance I got, including commuting to work, and reading up on sport riding technique, I was on my way to booking a camp site and fulfilling my promise.",last,0.0
control,34,the cultist that opens a portal to inferno now actually does that.,mean,0.0
control,34,the cultist that opens a portal to inferno now actually does that.,max,0.0
control,34,the cultist that opens a portal to inferno now actually does that.,last,0.0
control,35,Monday was Kiss The Sky's first day of business in Batavia after moving from Geneva.,mean,0.0
control,35,Monday was Kiss The Sky's first day of business in Batavia after moving from Geneva.,max,0.0
control,35,Monday was Kiss The Sky's first day of business in Batavia after moving from Geneva.,last,0.0
control,36,"Whatever happened, some new detail about her father’s death compels Red into an adventure to Granny’s house.",mean,0.2510227560997009
control,36,"Whatever happened, some new detail about her father’s death compels Red into an adventure to Granny’s house.",max,5.773523330688477
control,36,"Whatever happened, some new detail about her father’s death compels Red into an adventure to Granny’s house.",last,0.0
control,37,"Our currencies are created in debt and our debt, whether personal or public, is created out of nothing.",mean,0.0
control,37,"Our currencies are created in debt and our debt, whether personal or public, is created out of nothing.",max,0.0
control,37,"Our currencies are created in debt and our debt, whether personal or public, is created out of nothing.",last,0.0
control,38,"Currently, there are about 15,000 Azerbaijani students in Russia, while branches of Russian universities operate successfully in Azerbaijan.",mean,0.23941020667552948
control,38,"Currently, there are about 15,000 Azerbaijani students in Russia, while branches of Russian universities operate successfully in Azerbaijan.",max,6.464075565338135
control,38,"Currently, there are about 15,000 Azerbaijani students in Russia, while branches of Russian universities operate successfully in Azerbaijan.",last,0.0
control,39,"Acknowledgments

Machine-readable bibliographic record - MARC, RIS, BibTeX

Document Object Identifier (DOI): 10.3386/w21003

Published: Danny Yagan, 2015.",mean,0.0
control,39,"Acknowledgments

Machine-readable bibliographic record - MARC, RIS, BibTeX

Document Object Identifier (DOI): 10.3386/w21003

Published: Danny Yagan, 2015.",max,0.0
control,39,"Acknowledgments

Machine-readable bibliographic record - MARC, RIS, BibTeX

Document Object Identifier (DOI): 10.3386/w21003

Published: Danny Yagan, 2015.",last,0.0
control,40,"Rating: 9.25/10

Remember Me is available on PlayStation3, Xbox360 and PC right now for $79, $79 and $49.99 respectively.",mean,0.21109925210475922
control,40,"Rating: 9.25/10

Remember Me is available on PlayStation3, Xbox360 and PC right now for $79, $79 and $49.99 respectively.",max,7.810672283172607
control,40,"Rating: 9.25/10

Remember Me is available on PlayStation3, Xbox360 and PC right now for $79, $79 and $49.99 respectively.",last,0.0
control,41,"We went to a house being renovated to create a dorm for AmeriCorps volunteers, and I watched Moulton shake hands.",mean,0.0
control,41,"We went to a house being renovated to create a dorm for AmeriCorps volunteers, and I watched Moulton shake hands.",max,0.0
control,41,"We went to a house being renovated to create a dorm for AmeriCorps volunteers, and I watched Moulton shake hands.",last,0.0
control,42,"The 2011 Northeastern University graduate works as a mechanical engineer for the company, passing his time ""tinkering, designing, and doing.""",mean,0.0
control,42,"The 2011 Northeastern University graduate works as a mechanical engineer for the company, passing his time ""tinkering, designing, and doing.""",max,0.0
control,42,"The 2011 Northeastern University graduate works as a mechanical engineer for the company, passing his time ""tinkering, designing, and doing.""",last,0.0
control,43,The badlands opened up to a vast landscape of grasslands and a great sunset.,mean,0.0
control,43,The badlands opened up to a vast landscape of grasslands and a great sunset.,max,0.0
control,43,The badlands opened up to a vast landscape of grasslands and a great sunset.,last,0.0
control,44,"""Liu Xiaobo is a convicted criminal sentenced to jail by Chinese justice.",mean,0.0
control,44,"""Liu Xiaobo is a convicted criminal sentenced to jail by Chinese justice.",max,0.0
control,44,"""Liu Xiaobo is a convicted criminal sentenced to jail by Chinese justice.",last,0.0
control,45,"I’m not sure what you’ve been reading since ’99, but now we all know plus-minus is one of the most contrived and meaningless statistics in the NHL.",mean,0.0
control,45,"I’m not sure what you’ve been reading since ’99, but now we all know plus-minus is one of the most contrived and meaningless statistics in the NHL.",max,0.0
control,45,"I’m not sure what you’ve been reading since ’99, but now we all know plus-minus is one of the most contrived and meaningless statistics in the NHL.",last,0.0
control,46,"Hallucinogenic Drugs

The Mayans celebrated and had great pride in their customs and traditions.",mean,0.7330119609832764
control,46,"Hallucinogenic Drugs

The Mayans celebrated and had great pride in their customs and traditions.",max,15.393251419067383
control,46,"Hallucinogenic Drugs

The Mayans celebrated and had great pride in their customs and traditions.",last,0.0
control,47,"In other words, it is possible that maple syrup could now be produced as a row crop like every other commercial crop in North America.",mean,0.0
control,47,"In other words, it is possible that maple syrup could now be produced as a row crop like every other commercial crop in North America.",max,0.0
control,47,"In other words, it is possible that maple syrup could now be produced as a row crop like every other commercial crop in North America.",last,0.0
control,48,Anonymous hackers also set up a special Twitter account and a website (Warning: animal cruelty images on this link) for their most recent #OpWhales campaign.,mean,0.5407267808914185
control,48,Anonymous hackers also set up a special Twitter account and a website (Warning: animal cruelty images on this link) for their most recent #OpWhales campaign.,max,6.8505048751831055
control,48,Anonymous hackers also set up a special Twitter account and a website (Warning: animal cruelty images on this link) for their most recent #OpWhales campaign.,last,0.0
control,49,"I kid you not, this a real “up-and-coming” breed of cat that’s being developed by a group of breeders who initially worked with hairless cats.",mean,0.0
control,49,"I kid you not, this a real “up-and-coming” breed of cat that’s being developed by a group of breeders who initially worked with hairless cats.",max,0.0
control,49,"I kid you not, this a real “up-and-coming” breed of cat that’s being developed by a group of breeders who initially worked with hairless cats.",last,0.0
control,50,"The system will have to recognize, for instance, the broad sudden movements of people with cerebral palsy as effectively as the slight, slow movements of people with severe spinal cord injuries.",mean,0.12984757125377655
control,50,"The system will have to recognize, for instance, the broad sudden movements of people with cerebral palsy as effectively as the slight, slow movements of people with severe spinal cord injuries.",max,4.8043599128723145
control,50,"The system will have to recognize, for instance, the broad sudden movements of people with cerebral palsy as effectively as the slight, slow movements of people with severe spinal cord injuries.",last,0.0
control,51,That’s where the similarities end.,mean,0.0
control,51,That’s where the similarities end.,max,0.0
control,51,That’s where the similarities end.,last,0.0
control,52,"... named the 2014 IIAC Offensive Most Valuable Player ... tied the school’s single-game record for passing touchdowns (5) twice in 2014 ... volunteered with Special Olympics ... is an active volunteer at the Bremwood Lutheran Children’s Home in Waverly, Iowa.",mean,0.0
control,52,"... named the 2014 IIAC Offensive Most Valuable Player ... tied the school’s single-game record for passing touchdowns (5) twice in 2014 ... volunteered with Special Olympics ... is an active volunteer at the Bremwood Lutheran Children’s Home in Waverly, Iowa.",max,0.0
control,52,"... named the 2014 IIAC Offensive Most Valuable Player ... tied the school’s single-game record for passing touchdowns (5) twice in 2014 ... volunteered with Special Olympics ... is an active volunteer at the Bremwood Lutheran Children’s Home in Waverly, Iowa.",last,0.0
control,53,Cambridge: Harvard University Press.,mean,1.067025065422058
control,53,Cambridge: Harvard University Press.,max,8.536200523376465
control,53,Cambridge: Harvard University Press.,last,0.0
control,54,Visit realjunkfoodmanchester.co.uk for more information.,mean,0.0
control,54,Visit realjunkfoodmanchester.co.uk for more information.,max,0.0
control,54,Visit realjunkfoodmanchester.co.uk for more information.,last,0.0
control,55,"Ivy Bridge is on the way, and that means we’re seeing Sandy Bridge Ultrabook prices fall ever lower.",mean,0.0
control,55,"Ivy Bridge is on the way, and that means we’re seeing Sandy Bridge Ultrabook prices fall ever lower.",max,0.0
control,55,"Ivy Bridge is on the way, and that means we’re seeing Sandy Bridge Ultrabook prices fall ever lower.",last,0.0
control,56,Other companies that may be concerned: AbbVie and Amgen.,mean,0.0
control,56,Other companies that may be concerned: AbbVie and Amgen.,max,0.0
control,56,Other companies that may be concerned: AbbVie and Amgen.,last,0.0
control,57,harry: I’m not sure how many viewers notice the difference between something like policy and something like misogyny.,mean,0.0
control,57,harry: I’m not sure how many viewers notice the difference between something like policy and something like misogyny.,max,0.0
control,57,harry: I’m not sure how many viewers notice the difference between something like policy and something like misogyny.,last,0.0
control,58,"EL SEGUNDO, CA — The phrase, “Go West, young man!” has been around for many decades, and although it will take them 80 years, the American Hockey League is doing just that.",mean,0.0
control,58,"EL SEGUNDO, CA — The phrase, “Go West, young man!” has been around for many decades, and although it will take them 80 years, the American Hockey League is doing just that.",max,0.0
control,58,"EL SEGUNDO, CA — The phrase, “Go West, young man!” has been around for many decades, and although it will take them 80 years, the American Hockey League is doing just that.",last,0.0
control,59,She said she contacted the Ethics Committee again in 2011 on a behalf of a colleague from Conyers’ office who told her about similar behavior.,mean,0.0
control,59,She said she contacted the Ethics Committee again in 2011 on a behalf of a colleague from Conyers’ office who told her about similar behavior.,max,0.0
control,59,She said she contacted the Ethics Committee again in 2011 on a behalf of a colleague from Conyers’ office who told her about similar behavior.,last,0.0
control,60,But the FAO biofuel projection for 2050 is modest.,mean,0.0
control,60,But the FAO biofuel projection for 2050 is modest.,max,0.0
control,60,But the FAO biofuel projection for 2050 is modest.,last,0.0
control,61,- Donte Whitner Aldon better thank his stars that it didn't end up worse.,mean,0.0
control,61,- Donte Whitner Aldon better thank his stars that it didn't end up worse.,max,0.0
control,61,- Donte Whitner Aldon better thank his stars that it didn't end up worse.,last,0.0
control,62,"He had a big Roadie Assistant named ""Heavy"" (I kid you not) who would help out from time to time.",mean,0.0
control,62,"He had a big Roadie Assistant named ""Heavy"" (I kid you not) who would help out from time to time.",max,0.0
control,62,"He had a big Roadie Assistant named ""Heavy"" (I kid you not) who would help out from time to time.",last,0.0
control,63,Both groups are simply trying to advance their particular brand of social norms as to make their particular breeding strategies dominant.,mean,0.0
control,63,Both groups are simply trying to advance their particular brand of social norms as to make their particular breeding strategies dominant.,max,0.0
control,63,Both groups are simply trying to advance their particular brand of social norms as to make their particular breeding strategies dominant.,last,0.0
control,64,If Jesus revealed himself openly as the Messiah before the hour came this pearl would have been trampled underfoot.,mean,0.0
control,64,If Jesus revealed himself openly as the Messiah before the hour came this pearl would have been trampled underfoot.,max,0.0
control,64,If Jesus revealed himself openly as the Messiah before the hour came this pearl would have been trampled underfoot.,last,0.0
control,65,"___

4:40 a.m.

Denmark's minister for gender equality, Karen Ellemann, is focusing on paternity leave on International Women's Day, saying equality between the sexes ``also means equal opportunities to be a parent.''",mean,0.0
control,65,"___

4:40 a.m.

Denmark's minister for gender equality, Karen Ellemann, is focusing on paternity leave on International Women's Day, saying equality between the sexes ``also means equal opportunities to be a parent.''",max,0.0
control,65,"___

4:40 a.m.

Denmark's minister for gender equality, Karen Ellemann, is focusing on paternity leave on International Women's Day, saying equality between the sexes ``also means equal opportunities to be a parent.''",last,0.0
control,66,"Once he was in Base Camp, Dawa Tashi received rapid and effective emergency treatment.",mean,0.0
control,66,"Once he was in Base Camp, Dawa Tashi received rapid and effective emergency treatment.",max,0.0
control,66,"Once he was in Base Camp, Dawa Tashi received rapid and effective emergency treatment.",last,0.0
control,67,Images courtesy of Wikimedia Commons under the Creative Commons Share-alike License 3.0.,mean,0.0
control,67,Images courtesy of Wikimedia Commons under the Creative Commons Share-alike License 3.0.,max,0.0
control,67,Images courtesy of Wikimedia Commons under the Creative Commons Share-alike License 3.0.,last,0.0
control,68,"With a market cap of only $10.11 million, Kinbasha trades at a pro forma P/E ratio of 1.46.",mean,0.0
control,68,"With a market cap of only $10.11 million, Kinbasha trades at a pro forma P/E ratio of 1.46.",max,0.0
control,68,"With a market cap of only $10.11 million, Kinbasha trades at a pro forma P/E ratio of 1.46.",last,0.0
control,69,Trump himself may not have much political capital to spend on the peace process.,mean,0.0
control,69,Trump himself may not have much political capital to spend on the peace process.,max,0.0
control,69,Trump himself may not have much political capital to spend on the peace process.,last,0.0
control,70,"Twenty-nine states (and Washington, DC) have given residents access to some form of medical marijuana, eight have legalized recreational use, and a contingent of politicians, policy experts, and advocacy groups continue to fight for further decriminalization.",mean,0.0
control,70,"Twenty-nine states (and Washington, DC) have given residents access to some form of medical marijuana, eight have legalized recreational use, and a contingent of politicians, policy experts, and advocacy groups continue to fight for further decriminalization.",max,0.0
control,70,"Twenty-nine states (and Washington, DC) have given residents access to some form of medical marijuana, eight have legalized recreational use, and a contingent of politicians, policy experts, and advocacy groups continue to fight for further decriminalization.",last,0.0
control,71,"Save integrity continues to be at the forefront of our minds, and thankfully there’s nothing to report on this matter.",mean,0.0
control,71,"Save integrity continues to be at the forefront of our minds, and thankfully there’s nothing to report on this matter.",max,0.0
control,71,"Save integrity continues to be at the forefront of our minds, and thankfully there’s nothing to report on this matter.",last,0.0
control,72,Dogs are primarily scavengers and foragers.,mean,0.0
control,72,Dogs are primarily scavengers and foragers.,max,0.0
control,72,Dogs are primarily scavengers and foragers.,last,0.0
control,73,"These visits to places of detention were continued on the Republican side up to the end of the war, whereas the military junta put a stop to them in August 1938.",mean,0.0
control,73,"These visits to places of detention were continued on the Republican side up to the end of the war, whereas the military junta put a stop to them in August 1938.",max,0.0
control,73,"These visits to places of detention were continued on the Republican side up to the end of the war, whereas the military junta put a stop to them in August 1938.",last,0.0
control,74,The great hallmark of this country is we love to compete.,mean,0.3936097323894501
control,74,The great hallmark of this country is we love to compete.,max,5.116926193237305
control,74,The great hallmark of this country is we love to compete.,last,0.0
control,75,"A total of 220 were killed during the 2013 siege of Zamboanga led by Vice President Binay’s classmate, Nur Misuari, but 183 were Muslim rebels, so what do we in Manila care?",mean,0.0
control,75,"A total of 220 were killed during the 2013 siege of Zamboanga led by Vice President Binay’s classmate, Nur Misuari, but 183 were Muslim rebels, so what do we in Manila care?",max,0.0
control,75,"A total of 220 were killed during the 2013 siege of Zamboanga led by Vice President Binay’s classmate, Nur Misuari, but 183 were Muslim rebels, so what do we in Manila care?",last,0.0
control,76,"With Spurs struggling, Rosicky breaks through the middle.",mean,0.0
control,76,"With Spurs struggling, Rosicky breaks through the middle.",max,0.0
control,76,"With Spurs struggling, Rosicky breaks through the middle.",last,0.0
control,77,"We were left with hurt pride and a hurt star player, and it took six weeks to recover from both.",mean,0.0
control,77,"We were left with hurt pride and a hurt star player, and it took six weeks to recover from both.",max,0.0
control,77,"We were left with hurt pride and a hurt star player, and it took six weeks to recover from both.",last,0.0
control,78,"Advertisement

Golem Arcana’s digital component is more like an extension of the official companion apps created to keep track of rules and calculate scores for complex games like 7 Wonders.",mean,0.48847970366477966
control,78,"Advertisement

Golem Arcana’s digital component is more like an extension of the official companion apps created to keep track of rules and calculate scores for complex games like 7 Wonders.",max,10.403562545776367
control,78,"Advertisement

Golem Arcana’s digital component is more like an extension of the official companion apps created to keep track of rules and calculate scores for complex games like 7 Wonders.",last,0.0
control,79,"The question is: Which Supreme Court case declared Corporations to be ""persons""?",mean,0.0
control,79,"The question is: Which Supreme Court case declared Corporations to be ""persons""?",max,0.0
control,79,"The question is: Which Supreme Court case declared Corporations to be ""persons""?",last,0.0
control,80,"The title conjures two locales: the place in Egypt where the Israelites began their exodus to the Promised Land; and the place where the novel unfolds, a little one-blinking-light grease stain in the piney wastes of southern Alabama.",mean,0.10474764555692673
control,80,"The title conjures two locales: the place in Egypt where the Israelites began their exodus to the Promised Land; and the place where the novel unfolds, a little one-blinking-light grease stain in the piney wastes of southern Alabama.",max,5.446877479553223
control,80,"The title conjures two locales: the place in Egypt where the Israelites began their exodus to the Promised Land; and the place where the novel unfolds, a little one-blinking-light grease stain in the piney wastes of southern Alabama.",last,0.0
control,81,"In the com­ing weeks, Next Amer­ica will pub­lish a series of stor­ies about the people who are re­de­fin­ing the iden­tity of this icon­ic city.",mean,0.0
control,81,"In the com­ing weeks, Next Amer­ica will pub­lish a series of stor­ies about the people who are re­de­fin­ing the iden­tity of this icon­ic city.",max,0.0
control,81,"In the com­ing weeks, Next Amer­ica will pub­lish a series of stor­ies about the people who are re­de­fin­ing the iden­tity of this icon­ic city.",last,0.0
control,82,It eliminates individual autonomy: whether it’s that of non-Muslim women being raped by Muslim conquerors or non-Muslim slaves reduced to property.,mean,1.2493165731430054
control,82,It eliminates individual autonomy: whether it’s that of non-Muslim women being raped by Muslim conquerors or non-Muslim slaves reduced to property.,max,8.625892639160156
control,82,It eliminates individual autonomy: whether it’s that of non-Muslim women being raped by Muslim conquerors or non-Muslim slaves reduced to property.,last,0.0
control,83,"I typically create a template that I use for each chapter, which is a separate file.",mean,0.0
control,83,"I typically create a template that I use for each chapter, which is a separate file.",max,0.0
control,83,"I typically create a template that I use for each chapter, which is a separate file.",last,0.0
control,84,"Likewise, the maximum amount per transaction will be set at 25 grams and the maximum THC level will be 60%.",mean,0.0
control,84,"Likewise, the maximum amount per transaction will be set at 25 grams and the maximum THC level will be 60%.",max,0.0
control,84,"Likewise, the maximum amount per transaction will be set at 25 grams and the maximum THC level will be 60%.",last,0.0
control,85,[RELATED: How Do We Prepare Our Children For What's Next?],mean,0.0
control,85,[RELATED: How Do We Prepare Our Children For What's Next?],max,0.0
control,85,[RELATED: How Do We Prepare Our Children For What's Next?],last,0.0
control,86,"""It is possible that the two planets interacted at some point in the past, scattering off one another and settling in their current extreme orbits.""",mean,0.0
control,86,"""It is possible that the two planets interacted at some point in the past, scattering off one another and settling in their current extreme orbits.""",max,0.0
control,86,"""It is possible that the two planets interacted at some point in the past, scattering off one another and settling in their current extreme orbits.""",last,0.0
control,87,Several speakers said the publication of redacted data should only be a temporary measure until a better solution was hit upon.,mean,0.0
control,87,Several speakers said the publication of redacted data should only be a temporary measure until a better solution was hit upon.,max,0.0
control,87,Several speakers said the publication of redacted data should only be a temporary measure until a better solution was hit upon.,last,0.0
control,88,"Download Your Free Copy of Counter Markets

Children under age 5 generally become sick earlier and more frequently than school-aged children and adults because their immune systems are underdeveloped.",mean,0.0
control,88,"Download Your Free Copy of Counter Markets

Children under age 5 generally become sick earlier and more frequently than school-aged children and adults because their immune systems are underdeveloped.",max,0.0
control,88,"Download Your Free Copy of Counter Markets

Children under age 5 generally become sick earlier and more frequently than school-aged children and adults because their immune systems are underdeveloped.",last,0.0
control,89,"Notoriety, n. The fame of one’s competitor for public honors.",mean,0.0
control,89,"Notoriety, n. The fame of one’s competitor for public honors.",max,0.0
control,89,"Notoriety, n. The fame of one’s competitor for public honors.",last,0.0
control,90,"DEP Acting Secretary Patrick McDonnell did not attend the hour-long meeting despite saying in advance that he would, disappointing the lawmakers from Delaware and Chester Counties near Philadelphia.",mean,0.0
control,90,"DEP Acting Secretary Patrick McDonnell did not attend the hour-long meeting despite saying in advance that he would, disappointing the lawmakers from Delaware and Chester Counties near Philadelphia.",max,0.0
control,90,"DEP Acting Secretary Patrick McDonnell did not attend the hour-long meeting despite saying in advance that he would, disappointing the lawmakers from Delaware and Chester Counties near Philadelphia.",last,0.0
control,91,"[9] Law of effect- if an association is followed by a ""satisfying state of affairs"" it will be strengthened and if it is followed by an ""annoying state of affairs "" it will be weakened.",mean,0.0
control,91,"[9] Law of effect- if an association is followed by a ""satisfying state of affairs"" it will be strengthened and if it is followed by an ""annoying state of affairs "" it will be weakened.",max,0.0
control,91,"[9] Law of effect- if an association is followed by a ""satisfying state of affairs"" it will be strengthened and if it is followed by an ""annoying state of affairs "" it will be weakened.",last,0.0
control,92,"In 2014, there will be an estimated 1,665,540 new cancer cases diagnosed and 585,720 cancer deaths in the US.",mean,0.0
control,92,"In 2014, there will be an estimated 1,665,540 new cancer cases diagnosed and 585,720 cancer deaths in the US.",max,0.0
control,92,"In 2014, there will be an estimated 1,665,540 new cancer cases diagnosed and 585,720 cancer deaths in the US.",last,0.0
control,93,It also happens to be a wonderful movie.,mean,0.0
control,93,It also happens to be a wonderful movie.,max,0.0
control,93,It also happens to be a wonderful movie.,last,0.0
control,94,"First, they learned that Helm’s barn would not be available throughout the recording period they had targeted.",mean,0.0
control,94,"First, they learned that Helm’s barn would not be available throughout the recording period they had targeted.",max,0.0
control,94,"First, they learned that Helm’s barn would not be available throughout the recording period they had targeted.",last,0.0
control,95,Both std::allocator and eastl::allocator are described below.,mean,0.0
control,95,Both std::allocator and eastl::allocator are described below.,max,0.0
control,95,Both std::allocator and eastl::allocator are described below.,last,0.0
control,96,"You know, she seems to be forgetting one important detail when making that statement.",mean,0.0
control,96,"You know, she seems to be forgetting one important detail when making that statement.",max,0.0
control,96,"You know, she seems to be forgetting one important detail when making that statement.",last,0.0
control,97,The Apple Watch will only work with the iPhone.,mean,0.0
control,97,The Apple Watch will only work with the iPhone.,max,0.0
control,97,The Apple Watch will only work with the iPhone.,last,0.0
control,98,"I don't know if you search for me to see how I'm doing, like I do you.",mean,0.0
control,98,"I don't know if you search for me to see how I'm doing, like I do you.",max,0.0
control,98,"I don't know if you search for me to see how I'm doing, like I do you.",last,0.0
control,99,The Mexican government was outraged that he would involve himself in what it regards as a bilateral issue.,mean,0.0
control,99,The Mexican government was outraged that he would involve himself in what it regards as a bilateral issue.,max,0.0
control,99,The Mexican government was outraged that he would involve himself in what it regards as a bilateral issue.,last,0.0
control,100,"| Peter Bradwell

Copyright term extension - you can help stop it

In 2009 Open Rights Group campaigned heavily against a proposed Directive aimed at extending the term of copyright protection for sound recordings from 50 to 70 years.",mean,0.0
control,100,"| Peter Bradwell

Copyright term extension - you can help stop it

In 2009 Open Rights Group campaigned heavily against a proposed Directive aimed at extending the term of copyright protection for sound recordings from 50 to 70 years.",max,0.0
control,100,"| Peter Bradwell

Copyright term extension - you can help stop it

In 2009 Open Rights Group campaigned heavily against a proposed Directive aimed at extending the term of copyright protection for sound recordings from 50 to 70 years.",last,0.0
control,101,"“Okay, who’s this?” I demanded, pointing to the visage of Winston Churchill.",mean,0.0
control,101,"“Okay, who’s this?” I demanded, pointing to the visage of Winston Churchill.",max,0.0
control,101,"“Okay, who’s this?” I demanded, pointing to the visage of Winston Churchill.",last,0.0
control,102,"In 2015, 20 states, plus Washington, DC and the federal government, considered automatic voter registration legislation.",mean,0.0
control,102,"In 2015, 20 states, plus Washington, DC and the federal government, considered automatic voter registration legislation.",max,0.0
control,102,"In 2015, 20 states, plus Washington, DC and the federal government, considered automatic voter registration legislation.",last,0.0
control,103,"Despite the fact, these texts still provide as valuable tools for philosophical studies, especially if you know the proper context to view them within.",mean,0.0
control,103,"Despite the fact, these texts still provide as valuable tools for philosophical studies, especially if you know the proper context to view them within.",max,0.0
control,103,"Despite the fact, these texts still provide as valuable tools for philosophical studies, especially if you know the proper context to view them within.",last,0.0
control,104,"It's Marty's son, Ryan.",mean,0.0
control,104,"It's Marty's son, Ryan.",max,0.0
control,104,"It's Marty's son, Ryan.",last,0.0
control,105,Bloomberg tabulates the stock value at the end of 2014.,mean,0.0
control,105,Bloomberg tabulates the stock value at the end of 2014.,max,0.0
control,105,Bloomberg tabulates the stock value at the end of 2014.,last,0.0
control,106,"Yes, her company might test for it (Jolie’s exact mutation was not disclosed)–it tests hundreds of possible risk associations, including the three most common BRCA1 and 2 mutations.",mean,0.0
control,106,"Yes, her company might test for it (Jolie’s exact mutation was not disclosed)–it tests hundreds of possible risk associations, including the three most common BRCA1 and 2 mutations.",max,0.0
control,106,"Yes, her company might test for it (Jolie’s exact mutation was not disclosed)–it tests hundreds of possible risk associations, including the three most common BRCA1 and 2 mutations.",last,0.0
control,107,It was too embarrassing to be told “no” yet again.,mean,0.0
control,107,It was too embarrassing to be told “no” yet again.,max,0.0
control,107,It was too embarrassing to be told “no” yet again.,last,0.0
control,108,Regular readers of this column will hardly be surprised to learn that this edition of “First Person” deals with an archaeological controversy.,mean,0.0
control,108,Regular readers of this column will hardly be surprised to learn that this edition of “First Person” deals with an archaeological controversy.,max,0.0
control,108,Regular readers of this column will hardly be surprised to learn that this edition of “First Person” deals with an archaeological controversy.,last,0.0
control,109,A First Nation in southern Alberta has passed a new trespassing bylaw that will prevent non-tribe members from entering the reserve without a permit.,mean,0.0
control,109,A First Nation in southern Alberta has passed a new trespassing bylaw that will prevent non-tribe members from entering the reserve without a permit.,max,0.0
control,109,A First Nation in southern Alberta has passed a new trespassing bylaw that will prevent non-tribe members from entering the reserve without a permit.,last,0.0
control,110,She woke up the same way.,mean,0.0
control,110,She woke up the same way.,max,0.0
control,110,She woke up the same way.,last,0.0
control,111,"The two were part of a group of journalists that had travelled to the volatile Catatumbo region to cover the hunt for Salud Hernández-Mora, a longtime correspondent for Spain’s El Mundo newspaper whose weekly column in Bogotá daily El Tiempo is one of the most read in Colombia.",mean,0.4058191776275635
control,111,"The two were part of a group of journalists that had travelled to the volatile Catatumbo region to cover the hunt for Salud Hernández-Mora, a longtime correspondent for Spain’s El Mundo newspaper whose weekly column in Bogotá daily El Tiempo is one of the most read in Colombia.",max,5.573487281799316
control,111,"The two were part of a group of journalists that had travelled to the volatile Catatumbo region to cover the hunt for Salud Hernández-Mora, a longtime correspondent for Spain’s El Mundo newspaper whose weekly column in Bogotá daily El Tiempo is one of the most read in Colombia.",last,0.0
control,112,The steps for configuring it are the same as above.,mean,0.0
control,112,The steps for configuring it are the same as above.,max,0.0
control,112,The steps for configuring it are the same as above.,last,0.0
control,113,"In her TED Talk, she discusses what she's learned from her career and how she is learning to become a hero in her own life.",mean,0.0
control,113,"In her TED Talk, she discusses what she's learned from her career and how she is learning to become a hero in her own life.",max,0.0
control,113,"In her TED Talk, she discusses what she's learned from her career and how she is learning to become a hero in her own life.",last,0.0
control,114,in the face of the supposed-to-be-reassuring words of my instructors was more difficult to figure out.,mean,0.0
control,114,in the face of the supposed-to-be-reassuring words of my instructors was more difficult to figure out.,max,0.0
control,114,in the face of the supposed-to-be-reassuring words of my instructors was more difficult to figure out.,last,0.0
control,115,"(If you already have Dropbox, follow the same steps but change your password instead of opening a new account.)",mean,0.281737357378006
control,115,"(If you already have Dropbox, follow the same steps but change your password instead of opening a new account.)",max,6.479959011077881
control,115,"(If you already have Dropbox, follow the same steps but change your password instead of opening a new account.)",last,0.0
control,116,It basically shows that results purporting to show economic expansion following spending cuts and/or tax increases were based on a statistical illusion: an expanding economy can often lead to rising revenue and/or falling spending (e.g.,mean,0.462350070476532
control,116,It basically shows that results purporting to show economic expansion following spending cuts and/or tax increases were based on a statistical illusion: an expanding economy can often lead to rising revenue and/or falling spending (e.g.,max,9.626764297485352
control,116,It basically shows that results purporting to show economic expansion following spending cuts and/or tax increases were based on a statistical illusion: an expanding economy can often lead to rising revenue and/or falling spending (e.g.,last,0.0
control,117,"The matching dressers were squat but wide with mirrors on each one, and instead of separate desks there was one long table straight ahead against the window overlooking the courtyard.",mean,0.0
control,117,"The matching dressers were squat but wide with mirrors on each one, and instead of separate desks there was one long table straight ahead against the window overlooking the courtyard.",max,0.0
control,117,"The matching dressers were squat but wide with mirrors on each one, and instead of separate desks there was one long table straight ahead against the window overlooking the courtyard.",last,0.0
control,118,"The igniter is a simple heating element, just like in an electric oven.",mean,0.0
control,118,"The igniter is a simple heating element, just like in an electric oven.",max,0.0
control,118,"The igniter is a simple heating element, just like in an electric oven.",last,0.0
control,119,"In her ruling, injunction and a subsequent interpretation of the injunction, she said the NCAA would be able to cap the amount of new compensation that the football and men's basketball players can receive while they are in school, but that cap would not be allowed to be an amount that is less than the athletes’ cost of attending school.",mean,0.0
control,119,"In her ruling, injunction and a subsequent interpretation of the injunction, she said the NCAA would be able to cap the amount of new compensation that the football and men's basketball players can receive while they are in school, but that cap would not be allowed to be an amount that is less than the athletes’ cost of attending school.",max,0.0
control,119,"In her ruling, injunction and a subsequent interpretation of the injunction, she said the NCAA would be able to cap the amount of new compensation that the football and men's basketball players can receive while they are in school, but that cap would not be allowed to be an amount that is less than the athletes’ cost of attending school.",last,0.0
control,120,"[6]

The band's first 7"" EPs, Minor Threat and In My Eyes, were released in 1981.",mean,0.0
control,120,"[6]

The band's first 7"" EPs, Minor Threat and In My Eyes, were released in 1981.",max,0.0
control,120,"[6]

The band's first 7"" EPs, Minor Threat and In My Eyes, were released in 1981.",last,0.0
control,121,"[18]

The towns/cities which supported the Katipunan cause were given symbolic names, such as Magdiwang (To celebrate) for Noveleta; Magdalo (To come) for Kawit; Magwagi (To win) for Naic; Magtagumpay (To succeed) for Maragondon; Walangtinag (Never-diminished) for Indang and Haligue (Wall) for Imus–all are in the province of Cavite.",mean,0.05747606232762337
control,121,"[18]

The towns/cities which supported the Katipunan cause were given symbolic names, such as Magdiwang (To celebrate) for Noveleta; Magdalo (To come) for Kawit; Magwagi (To win) for Naic; Magtagumpay (To succeed) for Maragondon; Walangtinag (Never-diminished) for Indang and Haligue (Wall) for Imus–all are in the province of Cavite.",max,5.805082321166992
control,121,"[18]

The towns/cities which supported the Katipunan cause were given symbolic names, such as Magdiwang (To celebrate) for Noveleta; Magdalo (To come) for Kawit; Magwagi (To win) for Naic; Magtagumpay (To succeed) for Maragondon; Walangtinag (Never-diminished) for Indang and Haligue (Wall) for Imus–all are in the province of Cavite.",last,0.0
control,122,"Not everything can be valued, but almost everything can be priced.",mean,0.0
control,122,"Not everything can be valued, but almost everything can be priced.",max,0.0
control,122,"Not everything can be valued, but almost everything can be priced.",last,0.0
control,123,"We deny the reality of climate change, minimise its implications or our responsibility for it, or project the consequences onto far off places or into the future.",mean,0.0
control,123,"We deny the reality of climate change, minimise its implications or our responsibility for it, or project the consequences onto far off places or into the future.",max,0.0
control,123,"We deny the reality of climate change, minimise its implications or our responsibility for it, or project the consequences onto far off places or into the future.",last,0.0
control,124,Treasury has pencilled in a 1.5 per cent drop next year after a similar fall this year in a forecast that leading economists have labelled optimistic.,mean,0.0
control,124,Treasury has pencilled in a 1.5 per cent drop next year after a similar fall this year in a forecast that leading economists have labelled optimistic.,max,0.0
control,124,Treasury has pencilled in a 1.5 per cent drop next year after a similar fall this year in a forecast that leading economists have labelled optimistic.,last,0.0
control,125,"It is completely down to you.""",mean,0.0
control,125,"It is completely down to you.""",max,0.0
control,125,"It is completely down to you.""",last,0.0
control,126,"I highly doubt I will ever get a vasectomy reversal but if I decide to, success rates say my odds of being able to conceive is at least 50% with some doctors claiming a 95% success rate.",mean,0.0
control,126,"I highly doubt I will ever get a vasectomy reversal but if I decide to, success rates say my odds of being able to conceive is at least 50% with some doctors claiming a 95% success rate.",max,0.0
control,126,"I highly doubt I will ever get a vasectomy reversal but if I decide to, success rates say my odds of being able to conceive is at least 50% with some doctors claiming a 95% success rate.",last,0.0
control,127,One day Jack came in and had this 20-page story and proceeded to tell us he was having his house and studio painted.,mean,0.0
control,127,One day Jack came in and had this 20-page story and proceeded to tell us he was having his house and studio painted.,max,0.0
control,127,One day Jack came in and had this 20-page story and proceeded to tell us he was having his house and studio painted.,last,0.0
control,128,Torrey Mitchell is a tenacious checker and a solid member of the PK unit.,mean,0.0
control,128,Torrey Mitchell is a tenacious checker and a solid member of the PK unit.,max,0.0
control,128,Torrey Mitchell is a tenacious checker and a solid member of the PK unit.,last,0.0
control,129,"called to notify them that Mr. Morell had erred, and that the agency had made the change, not the bureau.",mean,0.0
control,129,"called to notify them that Mr. Morell had erred, and that the agency had made the change, not the bureau.",max,0.0
control,129,"called to notify them that Mr. Morell had erred, and that the agency had made the change, not the bureau.",last,0.0
control,130,"""2K and Sony couldn't put a deal together when I last checked,"" Levine added, confirming subsequent reports that the project had stalled.",mean,0.0
control,130,"""2K and Sony couldn't put a deal together when I last checked,"" Levine added, confirming subsequent reports that the project had stalled.",max,0.0
control,130,"""2K and Sony couldn't put a deal together when I last checked,"" Levine added, confirming subsequent reports that the project had stalled.",last,0.0
control,131,"When the Court takes sides in the culture wars, it tends to be with the knights rather than the villains--and more specifically with the Templars, reflecting the views and values of the lawyer class from which the Court's Members are drawn.",mean,0.0
control,131,"When the Court takes sides in the culture wars, it tends to be with the knights rather than the villains--and more specifically with the Templars, reflecting the views and values of the lawyer class from which the Court's Members are drawn.",max,0.0
control,131,"When the Court takes sides in the culture wars, it tends to be with the knights rather than the villains--and more specifically with the Templars, reflecting the views and values of the lawyer class from which the Court's Members are drawn.",last,0.0
control,132,Behav­ior ther­a­py may also be pre­scribed and will ide­al­ly be com­bined with med­ica­tion.,mean,0.0
control,132,Behav­ior ther­a­py may also be pre­scribed and will ide­al­ly be com­bined with med­ica­tion.,max,0.0
control,132,Behav­ior ther­a­py may also be pre­scribed and will ide­al­ly be com­bined with med­ica­tion.,last,0.0
control,133,"The minus in -END makes sure any whitespace before the end marker is ignored and the first six spaces of every line are cut when the string collected by heredoc is post processed with gsub :

class Poem def initialize @text = <<-END .gsub( / ^ {6}/, ' ') ""Faith"" is a fine invention When Gentlemen can see But Microscopes are prudent In an Emergency.",mean,0.0
control,133,"The minus in -END makes sure any whitespace before the end marker is ignored and the first six spaces of every line are cut when the string collected by heredoc is post processed with gsub :

class Poem def initialize @text = <<-END .gsub( / ^ {6}/, ' ') ""Faith"" is a fine invention When Gentlemen can see But Microscopes are prudent In an Emergency.",max,0.0
control,133,"The minus in -END makes sure any whitespace before the end marker is ignored and the first six spaces of every line are cut when the string collected by heredoc is post processed with gsub :

class Poem def initialize @text = <<-END .gsub( / ^ {6}/, ' ') ""Faith"" is a fine invention When Gentlemen can see But Microscopes are prudent In an Emergency.",last,0.0
control,134,"I was the Frank Rich of Baltimore, and I hurled my bolts of insight from the mountaintop: If you like your Shakespeare straight up and easily pegged, the Bard’s later plays can be problematic.",mean,0.0
control,134,"I was the Frank Rich of Baltimore, and I hurled my bolts of insight from the mountaintop: If you like your Shakespeare straight up and easily pegged, the Bard’s later plays can be problematic.",max,0.0
control,134,"I was the Frank Rich of Baltimore, and I hurled my bolts of insight from the mountaintop: If you like your Shakespeare straight up and easily pegged, the Bard’s later plays can be problematic.",last,0.0
control,135,A witness said that she bought two romper suits made of organic cotton.,mean,1.5292596817016602
control,135,A witness said that she bought two romper suits made of organic cotton.,max,9.916108131408691
control,135,A witness said that she bought two romper suits made of organic cotton.,last,0.0
control,136,This kind of behaviour angered the intemperate seas that would take their revenge out on the ship.,mean,0.31535863876342773
control,136,This kind of behaviour angered the intemperate seas that would take their revenge out on the ship.,max,6.622531414031982
control,136,This kind of behaviour angered the intemperate seas that would take their revenge out on the ship.,last,0.0
control,137,"If competition is what it takes to get smartwatches ready for the mainstream, even Apple Watch users should be glad about Android Wear coming to the iPhone.",mean,0.0
control,137,"If competition is what it takes to get smartwatches ready for the mainstream, even Apple Watch users should be glad about Android Wear coming to the iPhone.",max,0.0
control,137,"If competition is what it takes to get smartwatches ready for the mainstream, even Apple Watch users should be glad about Android Wear coming to the iPhone.",last,0.0
control,138,"Really detailed, beautiful and charming.",mean,0.0
control,138,"Really detailed, beautiful and charming.",max,0.0
control,138,"Really detailed, beautiful and charming.",last,0.0
control,139,"Therefore, critical infrastructure needs like repairing aging pipes, deepening ports or fixing existing roads and bridges without tolls may go neglected under Trump’s plan.",mean,0.2840723395347595
control,139,"Therefore, critical infrastructure needs like repairing aging pipes, deepening ports or fixing existing roads and bridges without tolls may go neglected under Trump’s plan.",max,8.806242942810059
control,139,"Therefore, critical infrastructure needs like repairing aging pipes, deepening ports or fixing existing roads and bridges without tolls may go neglected under Trump’s plan.",last,0.0
control,140,Wildstein turns out to be a good judge of talent.,mean,0.0
control,140,Wildstein turns out to be a good judge of talent.,max,0.0
control,140,Wildstein turns out to be a good judge of talent.,last,0.0
control,141,"Responding to the UC report, Ann Hancock, executive director of Santa Rosa’s Center for Climate Protection, noted that vehicle emissions remain “the 800-pound gorilla” when it comes to reducing greenhouse gases.",mean,0.0
control,141,"Responding to the UC report, Ann Hancock, executive director of Santa Rosa’s Center for Climate Protection, noted that vehicle emissions remain “the 800-pound gorilla” when it comes to reducing greenhouse gases.",max,0.0
control,141,"Responding to the UC report, Ann Hancock, executive director of Santa Rosa’s Center for Climate Protection, noted that vehicle emissions remain “the 800-pound gorilla” when it comes to reducing greenhouse gases.",last,0.0
control,142,"But let's rewrite this function to work like our C++ code, where our temporary string was destroyed before we tried to use our tokens:

# [ test ] fn test_parse_unsafe () { let v = { let text = ""The cat"" .to_string (); tokenize_string3 ( text .as_slice ()) }; assert_eq!",mean,0.0
control,142,"But let's rewrite this function to work like our C++ code, where our temporary string was destroyed before we tried to use our tokens:

# [ test ] fn test_parse_unsafe () { let v = { let text = ""The cat"" .to_string (); tokenize_string3 ( text .as_slice ()) }; assert_eq!",max,0.0
control,142,"But let's rewrite this function to work like our C++ code, where our temporary string was destroyed before we tried to use our tokens:

# [ test ] fn test_parse_unsafe () { let v = { let text = ""The cat"" .to_string (); tokenize_string3 ( text .as_slice ()) }; assert_eq!",last,0.0
control,143,Weeds now grow up through the crumbling asphalt.,mean,0.0
control,143,Weeds now grow up through the crumbling asphalt.,max,0.0
control,143,Weeds now grow up through the crumbling asphalt.,last,0.0
control,144,"Over the course of 2015, Amazon gained market share in India at the expense of both Flipkart and Snapdeal, according to publicly available data and several company executives.",mean,1.5375099182128906
control,144,"Over the course of 2015, Amazon gained market share in India at the expense of both Flipkart and Snapdeal, according to publicly available data and several company executives.",max,10.22789192199707
control,144,"Over the course of 2015, Amazon gained market share in India at the expense of both Flipkart and Snapdeal, according to publicly available data and several company executives.",last,0.0
control,145,"[23][25]

Covert surveillance capability [ edit ]

The school loaded each student's computer with LANrev's remote activation and tracking software.",mean,0.0
control,145,"[23][25]

Covert surveillance capability [ edit ]

The school loaded each student's computer with LANrev's remote activation and tracking software.",max,0.0
control,145,"[23][25]

Covert surveillance capability [ edit ]

The school loaded each student's computer with LANrev's remote activation and tracking software.",last,0.0
control,146,"Filming outdoors in Vancouver forests and sweltering New Orleans presented more challenges in the unitard motion-capture suits, which include helmets and facial cameras to record every expression.",mean,0.0
control,146,"Filming outdoors in Vancouver forests and sweltering New Orleans presented more challenges in the unitard motion-capture suits, which include helmets and facial cameras to record every expression.",max,0.0
control,146,"Filming outdoors in Vancouver forests and sweltering New Orleans presented more challenges in the unitard motion-capture suits, which include helmets and facial cameras to record every expression.",last,0.0
control,147,So instead of using Chocolatey I provide examples how to do silent installations with different type of software packages.,mean,0.0
control,147,So instead of using Chocolatey I provide examples how to do silent installations with different type of software packages.,max,0.0
control,147,So instead of using Chocolatey I provide examples how to do silent installations with different type of software packages.,last,0.0
control,148,A further 55 percent said that the Tokyo Municipal Government gave little or no explanation on the details of the relocation to Toyosu.,mean,0.0
control,148,A further 55 percent said that the Tokyo Municipal Government gave little or no explanation on the details of the relocation to Toyosu.,max,0.0
control,148,A further 55 percent said that the Tokyo Municipal Government gave little or no explanation on the details of the relocation to Toyosu.,last,0.0
control,149,"VMCA encourages all legislative bodies to endorse veterans' rights

to use medical cannabis therapeutically and responsibly, and is

working to end all prohibitions associated with such use.",mean,0.0
control,149,"VMCA encourages all legislative bodies to endorse veterans' rights

to use medical cannabis therapeutically and responsibly, and is

working to end all prohibitions associated with such use.",max,0.0
control,149,"VMCA encourages all legislative bodies to endorse veterans' rights

to use medical cannabis therapeutically and responsibly, and is

working to end all prohibitions associated with such use.",last,0.0
control,150,His father Zhang Chuanming is a big football fan and wanted Zhang Jike to become a professional player but he realized that his son had no future in football.,mean,0.3773617148399353
control,150,His father Zhang Chuanming is a big football fan and wanted Zhang Jike to become a professional player but he realized that his son had no future in football.,max,8.188905715942383
control,150,His father Zhang Chuanming is a big football fan and wanted Zhang Jike to become a professional player but he realized that his son had no future in football.,last,0.0
control,151,"Even this is a fairly recent development – by the second half of the 19th century game stocks were almost extinct, except for a few chamois and marmots.",mean,0.0
control,151,"Even this is a fairly recent development – by the second half of the 19th century game stocks were almost extinct, except for a few chamois and marmots.",max,0.0
control,151,"Even this is a fairly recent development – by the second half of the 19th century game stocks were almost extinct, except for a few chamois and marmots.",last,0.0
control,152,Lead level designer Joel Burgess says the team almost created a disaster with one collectible type.,mean,0.0
control,152,Lead level designer Joel Burgess says the team almost created a disaster with one collectible type.,max,0.0
control,152,Lead level designer Joel Burgess says the team almost created a disaster with one collectible type.,last,0.0
control,153,"WowWee plans to officially announce CHiP early next year, and may launch a Kickstarter or Indiegogo campaign to support it.",mean,0.0
control,153,"WowWee plans to officially announce CHiP early next year, and may launch a Kickstarter or Indiegogo campaign to support it.",max,0.0
control,153,"WowWee plans to officially announce CHiP early next year, and may launch a Kickstarter or Indiegogo campaign to support it.",last,0.0
control,154,"Unlike other options for email, you can use a “drag and drop” editor for creating beautiful looking emails.",mean,0.548686683177948
control,154,"Unlike other options for email, you can use a “drag and drop” editor for creating beautiful looking emails.",max,6.57914400100708
control,154,"Unlike other options for email, you can use a “drag and drop” editor for creating beautiful looking emails.",last,0.0
control,155,"Advertisement

American women aren't only flocking to the beauty counters to purchase products in hopes of getting more dewy radiant skin, but they are also going to conferences and panels for more information.",mean,0.2039666473865509
control,155,"Advertisement

American women aren't only flocking to the beauty counters to purchase products in hopes of getting more dewy radiant skin, but they are also going to conferences and panels for more information.",max,8.158665657043457
control,155,"Advertisement

American women aren't only flocking to the beauty counters to purchase products in hopes of getting more dewy radiant skin, but they are also going to conferences and panels for more information.",last,0.0
control,156,ESPN currently combines an industry-leading average per-subscriber fee of $6.61 in Pay TV with a national advertising reach of nearly 93 million homes.,mean,0.0
control,156,ESPN currently combines an industry-leading average per-subscriber fee of $6.61 in Pay TV with a national advertising reach of nearly 93 million homes.,max,0.0
control,156,ESPN currently combines an industry-leading average per-subscriber fee of $6.61 in Pay TV with a national advertising reach of nearly 93 million homes.,last,0.0
control,157,"Moments ago, the 5 day grace period on the missed $50.3 million payment on the TIAMK 5.75% 2022s privately placed by 1MDB Energy (Langat) expired, and as Bloomberg reported, 1MDB is now officially in default after missing its interest payment.",mean,0.15997055172920227
control,157,"Moments ago, the 5 day grace period on the missed $50.3 million payment on the TIAMK 5.75% 2022s privately placed by 1MDB Energy (Langat) expired, and as Bloomberg reported, 1MDB is now officially in default after missing its interest payment.",max,10.558055877685547
control,157,"Moments ago, the 5 day grace period on the missed $50.3 million payment on the TIAMK 5.75% 2022s privately placed by 1MDB Energy (Langat) expired, and as Bloomberg reported, 1MDB is now officially in default after missing its interest payment.",last,0.0
control,158,The Lord of the Apes tries to stop this but spends most his time captured.,mean,0.0
control,158,The Lord of the Apes tries to stop this but spends most his time captured.,max,0.0
control,158,The Lord of the Apes tries to stop this but spends most his time captured.,last,0.0
control,159,"It issued its custody order two months later, and in April 2010, the divorce became final.",mean,0.2683463394641876
control,159,"It issued its custody order two months later, and in April 2010, the divorce became final.",max,5.903619289398193
control,159,"It issued its custody order two months later, and in April 2010, the divorce became final.",last,0.0
control,160,What’s your favorite change or update that Inferno has brought to Faction Warfare?,mean,0.0
control,160,What’s your favorite change or update that Inferno has brought to Faction Warfare?,max,0.0
control,160,What’s your favorite change or update that Inferno has brought to Faction Warfare?,last,0.0
control,161,"For example, a project in the early '90s known as Call Home gave students credits to make free, long-distance phone calls.",mean,0.0
control,161,"For example, a project in the early '90s known as Call Home gave students credits to make free, long-distance phone calls.",max,0.0
control,161,"For example, a project in the early '90s known as Call Home gave students credits to make free, long-distance phone calls.",last,0.0
control,162,"Here’s the background on the case from Florida Carry’s site:

Norman Open Carry Firearms case

Norman v. State (FL) is the case of a law abiding concealed carry licensee who was arrested and prosecuted in Fort Pierce, FL for violating Florida nearly complete ban on Open Carry after his otherwise lawfully carried handgun unknowingly became unconcealed while walking down the street the first time he carried outside his home with his new Florida concealed carry license.",mean,0.0
control,162,"Here’s the background on the case from Florida Carry’s site:

Norman Open Carry Firearms case

Norman v. State (FL) is the case of a law abiding concealed carry licensee who was arrested and prosecuted in Fort Pierce, FL for violating Florida nearly complete ban on Open Carry after his otherwise lawfully carried handgun unknowingly became unconcealed while walking down the street the first time he carried outside his home with his new Florida concealed carry license.",max,0.0
control,162,"Here’s the background on the case from Florida Carry’s site:

Norman Open Carry Firearms case

Norman v. State (FL) is the case of a law abiding concealed carry licensee who was arrested and prosecuted in Fort Pierce, FL for violating Florida nearly complete ban on Open Carry after his otherwise lawfully carried handgun unknowingly became unconcealed while walking down the street the first time he carried outside his home with his new Florida concealed carry license.",last,0.0
control,163,.,mean,0.0
control,163,.,max,0.0
control,163,.,last,0.0
control,164,"Comments

This exercise was, to me, less about a useful implementation (unlike Dmitry, I’ve not used Ruby or times and don’t crave them) than about playing with implementing a simple library that explores some nice implementation techniques.",mean,0.0
control,164,"Comments

This exercise was, to me, less about a useful implementation (unlike Dmitry, I’ve not used Ruby or times and don’t crave them) than about playing with implementing a simple library that explores some nice implementation techniques.",max,0.0
control,164,"Comments

This exercise was, to me, less about a useful implementation (unlike Dmitry, I’ve not used Ruby or times and don’t crave them) than about playing with implementing a simple library that explores some nice implementation techniques.",last,0.0
control,165,"Michelle’s Top 10 Episodes of 2016

1) Game of Thrones, “Battle of the Bastards” (Season Six, Episode 9)

2) Game of Thrones, “The Winds of Winter” (Season Six, Episode 10)

3) Gilmore Girls: A Year in the Life, “Fall” (Season Eight, Episode 4) (DO NOT JUDGE ME I HAVE BEEN WAITING LIKE A DECADE FOR THIS)

4) The Crown, “Hyde Park Corner” (Season One, Episode 2)

5) Stranger Things, “Chapter Eight: The Upside Down” (Season One, Episode 8)

6) Stranger Things, “Chapter Seven: The Bathtub” (Season One, Episode 7)

7) Gilmore Girls: A Year in the Life, “Winter” (Season Eight, Episode 1)

8) Game of Thrones, “The Door” (Season Six, Episode 5)

9) Jane the Virgin, “Chapter Forty-Four” (Season Two, Episode 22)

Gilmore Girls: A Year in the Life – “Winter”

(Season Eight, Episode 1)

By Daron McGrady

ALL THE FEELINGS!!!",mean,0.0
control,165,"Michelle’s Top 10 Episodes of 2016

1) Game of Thrones, “Battle of the Bastards” (Season Six, Episode 9)

2) Game of Thrones, “The Winds of Winter” (Season Six, Episode 10)

3) Gilmore Girls: A Year in the Life, “Fall” (Season Eight, Episode 4) (DO NOT JUDGE ME I HAVE BEEN WAITING LIKE A DECADE FOR THIS)

4) The Crown, “Hyde Park Corner” (Season One, Episode 2)

5) Stranger Things, “Chapter Eight: The Upside Down” (Season One, Episode 8)

6) Stranger Things, “Chapter Seven: The Bathtub” (Season One, Episode 7)

7) Gilmore Girls: A Year in the Life, “Winter” (Season Eight, Episode 1)

8) Game of Thrones, “The Door” (Season Six, Episode 5)

9) Jane the Virgin, “Chapter Forty-Four” (Season Two, Episode 22)

Gilmore Girls: A Year in the Life – “Winter”

(Season Eight, Episode 1)

By Daron McGrady

ALL THE FEELINGS!!!",max,0.0
control,165,"Michelle’s Top 10 Episodes of 2016

1) Game of Thrones, “Battle of the Bastards” (Season Six, Episode 9)

2) Game of Thrones, “The Winds of Winter” (Season Six, Episode 10)

3) Gilmore Girls: A Year in the Life, “Fall” (Season Eight, Episode 4) (DO NOT JUDGE ME I HAVE BEEN WAITING LIKE A DECADE FOR THIS)

4) The Crown, “Hyde Park Corner” (Season One, Episode 2)

5) Stranger Things, “Chapter Eight: The Upside Down” (Season One, Episode 8)

6) Stranger Things, “Chapter Seven: The Bathtub” (Season One, Episode 7)

7) Gilmore Girls: A Year in the Life, “Winter” (Season Eight, Episode 1)

8) Game of Thrones, “The Door” (Season Six, Episode 5)

9) Jane the Virgin, “Chapter Forty-Four” (Season Two, Episode 22)

Gilmore Girls: A Year in the Life – “Winter”

(Season Eight, Episode 1)

By Daron McGrady

ALL THE FEELINGS!!!",last,0.0
control,166,"Advertisement

'THEY DIDN'T EVEN KNOW IT WAS ON'

In the various televised nostalgia fests which chronicle the Charlton era, Italia 90 hogs most of the limelight.",mean,0.4267186224460602
control,166,"Advertisement

'THEY DIDN'T EVEN KNOW IT WAS ON'

In the various televised nostalgia fests which chronicle the Charlton era, Italia 90 hogs most of the limelight.",max,8.910079002380371
control,166,"Advertisement

'THEY DIDN'T EVEN KNOW IT WAS ON'

In the various televised nostalgia fests which chronicle the Charlton era, Italia 90 hogs most of the limelight.",last,0.0
control,167,"Journal of Economic Surveys, 15(3), pp.",mean,0.0
control,167,"Journal of Economic Surveys, 15(3), pp.",max,0.0
control,167,"Journal of Economic Surveys, 15(3), pp.",last,0.0
control,168,"This was the new, Thor 2.0, I guess.",mean,0.0
control,168,"This was the new, Thor 2.0, I guess.",max,0.0
control,168,"This was the new, Thor 2.0, I guess.",last,0.0
control,169,"In the woods behind the school, The Record this summer found about a dozen 55-gallon industrial drums, the kind sometimes used by Ford.",mean,0.0
control,169,"In the woods behind the school, The Record this summer found about a dozen 55-gallon industrial drums, the kind sometimes used by Ford.",max,0.0
control,169,"In the woods behind the school, The Record this summer found about a dozen 55-gallon industrial drums, the kind sometimes used by Ford.",last,0.0
control,170,They think you’ll just believe that they’ve changed.,mean,0.0
control,170,They think you’ll just believe that they’ve changed.,max,0.0
control,170,They think you’ll just believe that they’ve changed.,last,0.0
control,171,Also in the running for the ranking member position is current House Oversight Committee Chairman Ed Towns (D-NY).,mean,0.0
control,171,Also in the running for the ranking member position is current House Oversight Committee Chairman Ed Towns (D-NY).,max,0.0
control,171,Also in the running for the ranking member position is current House Oversight Committee Chairman Ed Towns (D-NY).,last,0.0
control,172,"In the book, The New Soft War on Women, the chapter entitled 'Doing Well May Not Work Out So Well', Caryl Rivers and Rosaling C. Barnett, write,

""We like to believe that the workplace is fair and that if we do a good job, we will be rewarded.",mean,0.0
control,172,"In the book, The New Soft War on Women, the chapter entitled 'Doing Well May Not Work Out So Well', Caryl Rivers and Rosaling C. Barnett, write,

""We like to believe that the workplace is fair and that if we do a good job, we will be rewarded.",max,0.0
control,172,"In the book, The New Soft War on Women, the chapter entitled 'Doing Well May Not Work Out So Well', Caryl Rivers and Rosaling C. Barnett, write,

""We like to believe that the workplace is fair and that if we do a good job, we will be rewarded.",last,0.0
control,173,Each section has distinguishing features and a “type species” that represents the overall gestalt of the section.,mean,0.0
control,173,Each section has distinguishing features and a “type species” that represents the overall gestalt of the section.,max,0.0
control,173,Each section has distinguishing features and a “type species” that represents the overall gestalt of the section.,last,0.0
control,174,The officers and non-commissioned officers were mainly drawn from the regular Belgian Army as were some of the other ranks.,mean,0.0
control,174,The officers and non-commissioned officers were mainly drawn from the regular Belgian Army as were some of the other ranks.,max,0.0
control,174,The officers and non-commissioned officers were mainly drawn from the regular Belgian Army as were some of the other ranks.,last,0.0
control,175,Thus ends a month that began with such promise for McCain.,mean,0.0
control,175,Thus ends a month that began with such promise for McCain.,max,0.0
control,175,Thus ends a month that began with such promise for McCain.,last,0.0
control,176,Later I was walking across 7 Mile Road and Rese’Vor Dogs had a poster with a number on the bottom.,mean,0.0
control,176,Later I was walking across 7 Mile Road and Rese’Vor Dogs had a poster with a number on the bottom.,max,0.0
control,176,Later I was walking across 7 Mile Road and Rese’Vor Dogs had a poster with a number on the bottom.,last,0.0
control,177,"No dead ball-era players will be included, and I will only be researching Hall of Fame ballot worthy players.",mean,0.0
control,177,"No dead ball-era players will be included, and I will only be researching Hall of Fame ballot worthy players.",max,0.0
control,177,"No dead ball-era players will be included, and I will only be researching Hall of Fame ballot worthy players.",last,0.0
control,178,It's already becoming the overwhelming majority that assuming it works everywhere is the best practical approach.,mean,0.0
control,178,It's already becoming the overwhelming majority that assuming it works everywhere is the best practical approach.,max,0.0
control,178,It's already becoming the overwhelming majority that assuming it works everywhere is the best practical approach.,last,0.0
control,179,"﻿

A large selection of ferns, both evergreen and deciduous.",mean,0.0
control,179,"﻿

A large selection of ferns, both evergreen and deciduous.",max,0.0
control,179,"﻿

A large selection of ferns, both evergreen and deciduous.",last,0.0
control,180,"""Again, I don't understand where these questions are going or why they come within the remit of the committee,"" Ms Latham said.",mean,0.0
control,180,"""Again, I don't understand where these questions are going or why they come within the remit of the committee,"" Ms Latham said.",max,0.0
control,180,"""Again, I don't understand where these questions are going or why they come within the remit of the committee,"" Ms Latham said.",last,0.0
control,181,Each mortgage gives a time period for the debtor(s) to cure their loan.,mean,0.0
control,181,Each mortgage gives a time period for the debtor(s) to cure their loan.,max,0.0
control,181,Each mortgage gives a time period for the debtor(s) to cure their loan.,last,0.0
control,182,Body piercing has been used as a way of celebrating rights of passage in various countries around the world for centuries.,mean,0.0
control,182,Body piercing has been used as a way of celebrating rights of passage in various countries around the world for centuries.,max,0.0
control,182,Body piercing has been used as a way of celebrating rights of passage in various countries around the world for centuries.,last,0.0
control,183,"'.s ail<4lllM)l)ilf<

plniiU hikl tlin \iin-i-ii mi

Hte«l Wire <V).—of » plot

t>y Ciet'lliail s) input h /«•!■* to

•lyiiiiinlii- them.",mean,0.0
control,183,"'.s ail<4lllM)l)ilf<

plniiU hikl tlin \iin-i-ii mi

Hte«l Wire <V).—of » plot

t>y Ciet'lliail s) input h /«•!■* to

•lyiiiiinlii- them.",max,0.0
control,183,"'.s ail<4lllM)l)ilf<

plniiU hikl tlin \iin-i-ii mi

Hte«l Wire <V).—of » plot

t>y Ciet'lliail s) input h /«•!■* to

•lyiiiiinlii- them.",last,0.0
control,184,"Claims filed, and claims paid, are down about 35% from 2010 to 2014, according to USA TODAY's analysis.",mean,0.0
control,184,"Claims filed, and claims paid, are down about 35% from 2010 to 2014, according to USA TODAY's analysis.",max,0.0
control,184,"Claims filed, and claims paid, are down about 35% from 2010 to 2014, according to USA TODAY's analysis.",last,0.0
control,185,The prevailing Internet business model is one in which we agree to be spied on by corporations in exchange for use of free services.,mean,0.0
control,185,The prevailing Internet business model is one in which we agree to be spied on by corporations in exchange for use of free services.,max,0.0
control,185,The prevailing Internet business model is one in which we agree to be spied on by corporations in exchange for use of free services.,last,0.0
control,186,"Ajit also established the Jain Foundation in 2005, a non-profit organization to cure limb-girdle muscular dystrophies which was a condition that Jain's son had at the time.",mean,11.049521446228027
control,186,"Ajit also established the Jain Foundation in 2005, a non-profit organization to cure limb-girdle muscular dystrophies which was a condition that Jain's son had at the time.",max,28.332420349121094
control,186,"Ajit also established the Jain Foundation in 2005, a non-profit organization to cure limb-girdle muscular dystrophies which was a condition that Jain's son had at the time.",last,0.0
control,187,"Snoop Dogg replied, asking for more information and saying that he wants to “make it happen”.",mean,0.0
control,187,"Snoop Dogg replied, asking for more information and saying that he wants to “make it happen”.",max,0.0
control,187,"Snoop Dogg replied, asking for more information and saying that he wants to “make it happen”.",last,0.0
control,188,"This product is not intended to diagnose, treat, cure or prevent any disease.",mean,0.0
control,188,"This product is not intended to diagnose, treat, cure or prevent any disease.",max,0.0
control,188,"This product is not intended to diagnose, treat, cure or prevent any disease.",last,0.0
control,189,Please try again later.,mean,0.0
control,189,Please try again later.,max,0.0
control,189,Please try again later.,last,0.0
control,190,"Broad scientific agreement exists on many points, it said, including that the Earth’s climate is warming and that “human-related emissions of greenhouse gases and other pollutants have contributed to warming observed since the 1970s and, if continued, would tend to drive further warming, sea level rise, and other climate shifts.”

To contact the reporters on this story: Dean Scott in Washington at DScott@bna.com; Renee Schoof in Washington at rschoof@bna.com

To contact the editor responsible for this story: Larry Pearl at lpearl@bna.com

Copyright © 2016 The Bureau of National Affairs, Inc. All Rights Reserved.",mean,0.0
control,190,"Broad scientific agreement exists on many points, it said, including that the Earth’s climate is warming and that “human-related emissions of greenhouse gases and other pollutants have contributed to warming observed since the 1970s and, if continued, would tend to drive further warming, sea level rise, and other climate shifts.”

To contact the reporters on this story: Dean Scott in Washington at DScott@bna.com; Renee Schoof in Washington at rschoof@bna.com

To contact the editor responsible for this story: Larry Pearl at lpearl@bna.com

Copyright © 2016 The Bureau of National Affairs, Inc. All Rights Reserved.",max,0.0
control,190,"Broad scientific agreement exists on many points, it said, including that the Earth’s climate is warming and that “human-related emissions of greenhouse gases and other pollutants have contributed to warming observed since the 1970s and, if continued, would tend to drive further warming, sea level rise, and other climate shifts.”

To contact the reporters on this story: Dean Scott in Washington at DScott@bna.com; Renee Schoof in Washington at rschoof@bna.com

To contact the editor responsible for this story: Larry Pearl at lpearl@bna.com

Copyright © 2016 The Bureau of National Affairs, Inc. All Rights Reserved.",last,0.0
control,191,The gunmen also handed a message to Aushev with their demands: the withdrawal of troops from Chechnya and full sovereignty to the republic.,mean,0.0
control,191,The gunmen also handed a message to Aushev with their demands: the withdrawal of troops from Chechnya and full sovereignty to the republic.,max,0.0
control,191,The gunmen also handed a message to Aushev with their demands: the withdrawal of troops from Chechnya and full sovereignty to the republic.,last,0.0
control,192,"In contrast, relatively few formal research has been accomplished to capture arcane knowledge used in the development of exploits and other program artifacts used to demonstrate the absence of safety invariants in programs.",mean,0.0
control,192,"In contrast, relatively few formal research has been accomplished to capture arcane knowledge used in the development of exploits and other program artifacts used to demonstrate the absence of safety invariants in programs.",max,0.0
control,192,"In contrast, relatively few formal research has been accomplished to capture arcane knowledge used in the development of exploits and other program artifacts used to demonstrate the absence of safety invariants in programs.",last,0.0
control,193,"A small group of protesters, although “no body knows who they are“, have responded by throwing fireworks and stones at police.",mean,0.0
control,193,"A small group of protesters, although “no body knows who they are“, have responded by throwing fireworks and stones at police.",max,0.0
control,193,"A small group of protesters, although “no body knows who they are“, have responded by throwing fireworks and stones at police.",last,0.0
control,194,"HUSEYIN ALDEMIR / Reuters

Erdogan flew into Ataturk airport early Saturday and was greeted by large crowds.",mean,0.0
control,194,"HUSEYIN ALDEMIR / Reuters

Erdogan flew into Ataturk airport early Saturday and was greeted by large crowds.",max,0.0
control,194,"HUSEYIN ALDEMIR / Reuters

Erdogan flew into Ataturk airport early Saturday and was greeted by large crowds.",last,0.0
control,195,"Since then, he has risen to lead the head of the group’s intelligence operations.",mean,0.0
control,195,"Since then, he has risen to lead the head of the group’s intelligence operations.",max,0.0
control,195,"Since then, he has risen to lead the head of the group’s intelligence operations.",last,0.0
control,196,"At this point, it does not, and I'm almost done with the book.",mean,0.0
control,196,"At this point, it does not, and I'm almost done with the book.",max,0.0
control,196,"At this point, it does not, and I'm almost done with the book.",last,0.0
control,197,What do you think is the reason that you have these insane games against one of the best teams in the world?,mean,0.1805819571018219
control,197,What do you think is the reason that you have these insane games against one of the best teams in the world?,max,4.3339667320251465
control,197,What do you think is the reason that you have these insane games against one of the best teams in the world?,last,0.0
control,198,"* All functionality, features, specifications and other product information provided in this document including, but not limited to, the benefits, design, pricing, components, performance, availability, and capabilities of the product are subject to change without notice or obligation.",mean,0.0
control,198,"* All functionality, features, specifications and other product information provided in this document including, but not limited to, the benefits, design, pricing, components, performance, availability, and capabilities of the product are subject to change without notice or obligation.",max,0.0
control,198,"* All functionality, features, specifications and other product information provided in this document including, but not limited to, the benefits, design, pricing, components, performance, availability, and capabilities of the product are subject to change without notice or obligation.",last,0.0
control,199,Beware of the sunk cost fallacy.,mean,0.0
control,199,Beware of the sunk cost fallacy.,max,0.0
control,199,Beware of the sunk cost fallacy.,last,0.0
