group,index,text,agg,val
target,0,Roberto Firmino hasn’t scored or assisted in a month.,mean,20.718273162841797
target,0,Roberto Firmino hasn’t scored or assisted in a month.,max,56.298404693603516
target,0,Roberto Firmino hasn’t scored or assisted in a month.,last,23.11370849609375
target,1,Former Barcelona forward Bojan Krkic impressed for the home side but they were unable to find an equaliser.,mean,19.88111686706543
target,1,Former Barcelona forward Bojan Krkic impressed for the home side but they were unable to find an equaliser.,max,33.89128875732422
target,1,Former Barcelona forward Bojan Krkic impressed for the home side but they were unable to find an equaliser.,last,27.48263931274414
target,2,"At Fulham on Saturday, the 25 year-old will have to wait until an hour before kick-off until learning who will protect his goal against Martin Jol’s team.",mean,22.585481643676758
target,2,"At Fulham on Saturday, the 25 year-old will have to wait until an hour before kick-off until learning who will protect his goal against Martin Jol’s team.",max,37.73346710205078
target,2,"At Fulham on Saturday, the 25 year-old will have to wait until an hour before kick-off until learning who will protect his goal against Martin Jol’s team.",last,32.14240264892578
target,3,"This year's summer signings included Federico Fazio, Benji Stambouli and Ben Davies, with the latter two struggling to get on the pitch while the former can barely stay on it having already picked up two red cards.",mean,21.41954803466797
target,3,"This year's summer signings included Federico Fazio, Benji Stambouli and Ben Davies, with the latter two struggling to get on the pitch while the former can barely stay on it having already picked up two red cards.",max,42.34262466430664
target,3,"This year's summer signings included Federico Fazio, Benji Stambouli and Ben Davies, with the latter two struggling to get on the pitch while the former can barely stay on it having already picked up two red cards.",last,33.35527801513672
target,4,The striker – who specialised in not threatening the opponent’s goal during this summer’s tournament – has scored five goals in his last seven games for Brazilian club Fluminense.,mean,20.576223373413086
target,4,The striker – who specialised in not threatening the opponent’s goal during this summer’s tournament – has scored five goals in his last seven games for Brazilian club Fluminense.,max,42.300628662109375
target,4,The striker – who specialised in not threatening the opponent’s goal during this summer’s tournament – has scored five goals in his last seven games for Brazilian club Fluminense.,last,31.893268585205078
target,5,"Arsenal have also been offered Emiliano Viviano, the Palermo and Italy goalkeeper, but Wenger has been impressed this season with the form of Wojciech Szczesny.",mean,20.916221618652344
target,5,"Arsenal have also been offered Emiliano Viviano, the Palermo and Italy goalkeeper, but Wenger has been impressed this season with the form of Wojciech Szczesny.",max,36.48110580444336
target,5,"Arsenal have also been offered Emiliano Viviano, the Palermo and Italy goalkeeper, but Wenger has been impressed this season with the form of Wojciech Szczesny.",last,16.743640899658203
target,6,"Chelsea, for instance, made light work on the return of Nemanja Matic.",mean,21.359718322753906
target,6,"Chelsea, for instance, made light work on the return of Nemanja Matic.",max,40.486183166503906
target,6,"Chelsea, for instance, made light work on the return of Nemanja Matic.",last,29.742290496826172
target,7,"Rangers manager Mark Warburton, who has spoken of the importance of finding value for money in his transfer dealings, has targeted two more players before the deadline at the end of August.",mean,24.51008415222168
target,7,"Rangers manager Mark Warburton, who has spoken of the importance of finding value for money in his transfer dealings, has targeted two more players before the deadline at the end of August.",max,41.38296127319336
target,7,"Rangers manager Mark Warburton, who has spoken of the importance of finding value for money in his transfer dealings, has targeted two more players before the deadline at the end of August.",last,29.06970977783203
target,8,Hugo Lloris has hailed Tottenham Hotspur’s performance in their 2-0 victory over Manchester City and said hard work is behind the London’s club’s excellent start to the season.,mean,19.57240104675293
target,8,Hugo Lloris has hailed Tottenham Hotspur’s performance in their 2-0 victory over Manchester City and said hard work is behind the London’s club’s excellent start to the season.,max,59.733184814453125
target,8,Hugo Lloris has hailed Tottenham Hotspur’s performance in their 2-0 victory over Manchester City and said hard work is behind the London’s club’s excellent start to the season.,last,27.67595863342285
target,9,"Wenger had wanted to take Wilshere off, due to the England midfielder's history of ankle problems, but the player was determined to play on.

'",mean,20.602975845336914
target,9,"Wenger had wanted to take Wilshere off, due to the England midfielder's history of ankle problems, but the player was determined to play on.

'",max,44.58576965332031
target,9,"Wenger had wanted to take Wilshere off, due to the England midfielder's history of ankle problems, but the player was determined to play on.

'",last,0.0
target,10,"West Brom, Newcastle and Bournemouth have been linked with the Scotland international this month.",mean,23.066255569458008
target,10,"West Brom, Newcastle and Bournemouth have been linked with the Scotland international this month.",max,37.4450569152832
target,10,"West Brom, Newcastle and Bournemouth have been linked with the Scotland international this month.",last,32.379119873046875
target,11,"- Arsenal look set to edge out Everton for Norwegian defensive midfielder Sander Berge from Belgian club Genk, according to the Mirror.",mean,20.21868896484375
target,11,"- Arsenal look set to edge out Everton for Norwegian defensive midfielder Sander Berge from Belgian club Genk, according to the Mirror.",max,39.164493560791016
target,11,"- Arsenal look set to edge out Everton for Norwegian defensive midfielder Sander Berge from Belgian club Genk, according to the Mirror.",last,22.056690216064453
target,12,"Alongside flying wingers Yannick Bolasie and Wilfried Zaha, the same front three that helped Palace to promotion two years ago are relishing being reunited under Pardew this term.",mean,22.48686981201172
target,12,"Alongside flying wingers Yannick Bolasie and Wilfried Zaha, the same front three that helped Palace to promotion two years ago are relishing being reunited under Pardew this term.",max,40.036739349365234
target,12,"Alongside flying wingers Yannick Bolasie and Wilfried Zaha, the same front three that helped Palace to promotion two years ago are relishing being reunited under Pardew this term.",last,31.07669448852539
target,13,"How they will play

Chelsea will look for goals from the off.",mean,17.594074249267578
target,13,"How they will play

Chelsea will look for goals from the off.",max,42.06110763549805
target,13,"How they will play

Chelsea will look for goals from the off.",last,24.92715072631836
target,14,Was replaced by Alli in the 66th minute but enjoyed a good game.,mean,16.63602066040039
target,14,Was replaced by Alli in the 66th minute but enjoyed a good game.,max,31.574155807495117
target,14,Was replaced by Alli in the 66th minute but enjoyed a good game.,last,22.21086883544922
target,15,"Fernández played some of his best football under Montella, and the new Rossoneri coach would surely welcome his former charge to Casa Milan with open arms.",mean,17.797212600708008
target,15,"Fernández played some of his best football under Montella, and the new Rossoneri coach would surely welcome his former charge to Casa Milan with open arms.",max,39.304969787597656
target,15,"Fernández played some of his best football under Montella, and the new Rossoneri coach would surely welcome his former charge to Casa Milan with open arms.",last,39.304969787597656
target,16,Having so many United players in the squad can only help when you're making a debut.,mean,19.08441734313965
target,16,Having so many United players in the squad can only help when you're making a debut.,max,43.39337921142578
target,16,Having so many United players in the squad can only help when you're making a debut.,last,26.66926383972168
target,17,"Valencia, Jones, Marouane Fellaini and Michael Carrick also missed the 4-1 Champions League win over CSKA Moscow on Wednesday, while Anthony Martial was forced off in the second half.",mean,20.638574600219727
target,17,"Valencia, Jones, Marouane Fellaini and Michael Carrick also missed the 4-1 Champions League win over CSKA Moscow on Wednesday, while Anthony Martial was forced off in the second half.",max,43.5919189453125
target,17,"Valencia, Jones, Marouane Fellaini and Michael Carrick also missed the 4-1 Champions League win over CSKA Moscow on Wednesday, while Anthony Martial was forced off in the second half.",last,32.1951904296875
target,18,"Dejan Lovren – 4

Gave away a careless free-kick when the team were chasing the winner.",mean,19.668441772460938
target,18,"Dejan Lovren – 4

Gave away a careless free-kick when the team were chasing the winner.",max,42.78822326660156
target,18,"Dejan Lovren – 4

Gave away a careless free-kick when the team were chasing the winner.",last,14.728696823120117
target,19,"Wenger has made a habit of revealing the players he nearly signed, but this summer they must work proactively to secure their targets early in the window and give their squad as much time as possible to work together in pre-season.",mean,18.95085906982422
target,19,"Wenger has made a habit of revealing the players he nearly signed, but this summer they must work proactively to secure their targets early in the window and give their squad as much time as possible to work together in pre-season.",max,47.75224304199219
target,19,"Wenger has made a habit of revealing the players he nearly signed, but this summer they must work proactively to secure their targets early in the window and give their squad as much time as possible to work together in pre-season.",last,27.944538116455078
target,20,"The Leicester City players watched the match unfold at Jamie Vardy’s house, and Mahrez, who played an influential role in the club’s campaign, couldn’t hide his delight at watching Spurs stumble.",mean,19.211816787719727
target,20,"The Leicester City players watched the match unfold at Jamie Vardy’s house, and Mahrez, who played an influential role in the club’s campaign, couldn’t hide his delight at watching Spurs stumble.",max,36.5679931640625
target,20,"The Leicester City players watched the match unfold at Jamie Vardy’s house, and Mahrez, who played an influential role in the club’s campaign, couldn’t hide his delight at watching Spurs stumble.",last,19.889110565185547
target,21,David Silva continued to amaze with a breathtaking assist for James Milner.,mean,25.199899673461914
target,21,David Silva continued to amaze with a breathtaking assist for James Milner.,max,42.22532272338867
target,21,David Silva continued to amaze with a breathtaking assist for James Milner.,last,23.530807495117188
target,22,"The same article in Sport suggests Dos Santos’ contract ends in 2015 and that Ibrahim Afellay, Cristian Tello, Isaac Cuena, Sergi Roberto and Oier Olazabal are also set to leave the club.",mean,17.385122299194336
target,22,"The same article in Sport suggests Dos Santos’ contract ends in 2015 and that Ibrahim Afellay, Cristian Tello, Isaac Cuena, Sergi Roberto and Oier Olazabal are also set to leave the club.",max,43.95873260498047
target,22,"The same article in Sport suggests Dos Santos’ contract ends in 2015 and that Ibrahim Afellay, Cristian Tello, Isaac Cuena, Sergi Roberto and Oier Olazabal are also set to leave the club.",last,23.55986785888672
target,23,"Following a settling-in period at the Volkswagen Arena, De Bruyne excelled after a full preseason with the Bundesliga club, scoring 14 and setting up a further 24 goals in 37 matches for his club.",mean,17.651012420654297
target,23,"Following a settling-in period at the Volkswagen Arena, De Bruyne excelled after a full preseason with the Bundesliga club, scoring 14 and setting up a further 24 goals in 37 matches for his club.",max,39.81425476074219
target,23,"Following a settling-in period at the Volkswagen Arena, De Bruyne excelled after a full preseason with the Bundesliga club, scoring 14 and setting up a further 24 goals in 37 matches for his club.",last,12.134222030639648
target,24,"Maradona began brightly but when he faded the whole team fell away, losing rhythm and confidence and looking just another poor side.",mean,16.685386657714844
target,24,"Maradona began brightly but when he faded the whole team fell away, losing rhythm and confidence and looking just another poor side.",max,31.43720245361328
target,24,"Maradona began brightly but when he faded the whole team fell away, losing rhythm and confidence and looking just another poor side.",last,22.136804580688477
target,25,Barcelona were casual after the goal – maybe too focused upon keeping possession and not determined enough to get the second goal.,mean,14.127033233642578
target,25,Barcelona were casual after the goal – maybe too focused upon keeping possession and not determined enough to get the second goal.,max,37.48584747314453
target,25,Barcelona were casual after the goal – maybe too focused upon keeping possession and not determined enough to get the second goal.,last,18.05877685546875
target,26,"Needs a midfielder and a centre-back, and profligacy in front of goal might also mean he needs a striker.",mean,16.7139949798584
target,26,"Needs a midfielder and a centre-back, and profligacy in front of goal might also mean he needs a striker.",max,43.209716796875
target,26,"Needs a midfielder and a centre-back, and profligacy in front of goal might also mean he needs a striker.",last,18.22344970703125
target,27,"Tiote has hardly featured for United during two injury-hit seasons, and he just needs to play.",mean,27.059791564941406
target,27,"Tiote has hardly featured for United during two injury-hit seasons, and he just needs to play.",max,55.54022979736328
target,27,"Tiote has hardly featured for United during two injury-hit seasons, and he just needs to play.",last,27.338634490966797
target,28,"With West Ham at home against Hull, we won 1-0 and they hit the post four times.",mean,16.92475128173828
target,28,"With West Ham at home against Hull, we won 1-0 and they hit the post four times.",max,46.385292053222656
target,28,"With West Ham at home against Hull, we won 1-0 and they hit the post four times.",last,19.649709701538086
target,29,Barça have the obligation to compete in all their games.,mean,15.606876373291016
target,29,Barça have the obligation to compete in all their games.,max,35.59108352661133
target,29,Barça have the obligation to compete in all their games.,last,14.975176811218262
target,30,"Bayern Munich are reluctant to sell, but could be helpless to stop Muller leaving.",mean,14.05657958984375
target,30,"Bayern Munich are reluctant to sell, but could be helpless to stop Muller leaving.",max,33.39519119262695
target,30,"Bayern Munich are reluctant to sell, but could be helpless to stop Muller leaving.",last,31.680179595947266
target,31,"Bale's camp told Spurs in late July that the 24-year-old wanted to speak to Real, who were reportedly set to break the £80m world record to sign him.",mean,15.019330978393555
target,31,"Bale's camp told Spurs in late July that the 24-year-old wanted to speak to Real, who were reportedly set to break the £80m world record to sign him.",max,38.50511932373047
target,31,"Bale's camp told Spurs in late July that the 24-year-old wanted to speak to Real, who were reportedly set to break the £80m world record to sign him.",last,22.936729431152344
target,32,"A Champions League winner with AC Milan in 2007, the French playmaker joined Lyon from Bordeaux for £20m in 2010, but a succession of injuries meant the France international made only 90 league appearances for the club in five years, scoring 14 goals and providing 17 assists.",mean,18.410314559936523
target,32,"A Champions League winner with AC Milan in 2007, the French playmaker joined Lyon from Bordeaux for £20m in 2010, but a succession of injuries meant the France international made only 90 league appearances for the club in five years, scoring 14 goals and providing 17 assists.",max,33.263214111328125
target,32,"A Champions League winner with AC Milan in 2007, the French playmaker joined Lyon from Bordeaux for £20m in 2010, but a succession of injuries meant the France international made only 90 league appearances for the club in five years, scoring 14 goals and providing 17 assists.",last,24.019393920898438
target,33,"Meanwhile, Roberto Mancini throws in the towel and admits van Persie won't be joining Manchester City after all.",mean,18.871967315673828
target,33,"Meanwhile, Roberto Mancini throws in the towel and admits van Persie won't be joining Manchester City after all.",max,46.19817352294922
target,33,"Meanwhile, Roberto Mancini throws in the towel and admits van Persie won't be joining Manchester City after all.",last,23.488662719726562
target,34,Most Palace's goals come from open play crosses or set-pieces which our defence struggles to deal with.,mean,14.064417839050293
target,34,Most Palace's goals come from open play crosses or set-pieces which our defence struggles to deal with.,max,42.69164276123047
target,34,Most Palace's goals come from open play crosses or set-pieces which our defence struggles to deal with.,last,25.71776580810547
target,35,"With the Tottenham defence now in a right old state, Assou-Ekotto's dismal clearing header lands at the feet of Van Persie on the edge of the area.",mean,20.90438461303711
target,35,"With the Tottenham defence now in a right old state, Assou-Ekotto's dismal clearing header lands at the feet of Van Persie on the edge of the area.",max,42.485660552978516
target,35,"With the Tottenham defence now in a right old state, Assou-Ekotto's dismal clearing header lands at the feet of Van Persie on the edge of the area.",last,19.279626846313477
target,36,"Kaboul plays a pass during Watford's Boxing Day clash with Crystal Palace at Vicarage Road

Tottenham arrive at Vicarage Road on the back of three straight wins and trying to break into the elite of English football, much as they were when Kaboul signed from Auxerre in 2007.",mean,19.335556030273438
target,36,"Kaboul plays a pass during Watford's Boxing Day clash with Crystal Palace at Vicarage Road

Tottenham arrive at Vicarage Road on the back of three straight wins and trying to break into the elite of English football, much as they were when Kaboul signed from Auxerre in 2007.",max,44.58061981201172
target,36,"Kaboul plays a pass during Watford's Boxing Day clash with Crystal Palace at Vicarage Road

Tottenham arrive at Vicarage Road on the back of three straight wins and trying to break into the elite of English football, much as they were when Kaboul signed from Auxerre in 2007.",last,26.890024185180664
target,37,Ralph Hasenhuttl has taken RB Leipzig to the top of the table.,mean,17.04050064086914
target,37,Ralph Hasenhuttl has taken RB Leipzig to the top of the table.,max,47.851463317871094
target,37,Ralph Hasenhuttl has taken RB Leipzig to the top of the table.,last,23.293685913085938
target,38,Now admittedly the midfield as a striker options available to Spurs and Arsenal are probably better than the options available to Liverpool.,mean,14.549907684326172
target,38,Now admittedly the midfield as a striker options available to Spurs and Arsenal are probably better than the options available to Liverpool.,max,30.670299530029297
target,38,Now admittedly the midfield as a striker options available to Spurs and Arsenal are probably better than the options available to Liverpool.,last,15.513263702392578
target,39,Van der Vaart missed the 3-3 draw at Molineux and has not played since Spurs' 1-0 win in San Siro three weeks ago.,mean,18.700584411621094
target,39,Van der Vaart missed the 3-3 draw at Molineux and has not played since Spurs' 1-0 win in San Siro three weeks ago.,max,45.179786682128906
target,39,Van der Vaart missed the 3-3 draw at Molineux and has not played since Spurs' 1-0 win in San Siro three weeks ago.,last,26.368074417114258
target,40,Frank Lampard was one of Jose Mourinho's trusted generals at Chelsea.,mean,21.92209243774414
target,40,Frank Lampard was one of Jose Mourinho's trusted generals at Chelsea.,max,47.9526252746582
target,40,Frank Lampard was one of Jose Mourinho's trusted generals at Chelsea.,last,22.4130916595459
target,41,"Beitashour makes probing runs down the right flank, and like his teammate on the other side of the midfield, he’s known for his positioning, defensive awareness and consistent play.",mean,4.370506286621094
target,41,"Beitashour makes probing runs down the right flank, and like his teammate on the other side of the midfield, he’s known for his positioning, defensive awareness and consistent play.",max,23.537487030029297
target,41,"Beitashour makes probing runs down the right flank, and like his teammate on the other side of the midfield, he’s known for his positioning, defensive awareness and consistent play.",last,0.0
target,42,"Wenger knows, the staff at the Club all know just how good this fella can be between the sticks… Wenger has persisted with him, and the last few games has paid dividends.",mean,19.32330894470215
target,42,"Wenger knows, the staff at the Club all know just how good this fella can be between the sticks… Wenger has persisted with him, and the last few games has paid dividends.",max,33.00094985961914
target,42,"Wenger knows, the staff at the Club all know just how good this fella can be between the sticks… Wenger has persisted with him, and the last few games has paid dividends.",last,22.903488159179688
target,43,"Ranieri promised players pizza for a clean sheet

Leicester City had a very good start of season, but for the first 2 months they always conceded at least one goal every match.",mean,13.556729316711426
target,43,"Ranieri promised players pizza for a clean sheet

Leicester City had a very good start of season, but for the first 2 months they always conceded at least one goal every match.",max,33.518192291259766
target,43,"Ranieri promised players pizza for a clean sheet

Leicester City had a very good start of season, but for the first 2 months they always conceded at least one goal every match.",last,0.0
target,44,Januzaj hasn't featured much in the plans of Louis van Gaal yet and the school of thought seems to be to get him out on loan to gain some experience.,mean,24.2677059173584
target,44,Januzaj hasn't featured much in the plans of Louis van Gaal yet and the school of thought seems to be to get him out on loan to gain some experience.,max,47.55662536621094
target,44,Januzaj hasn't featured much in the plans of Louis van Gaal yet and the school of thought seems to be to get him out on loan to gain some experience.,last,26.685020446777344
target,45,The striker's run mesmerised Nemanja Vidic and the Cameroonian was clear on the right.,mean,19.275840759277344
target,45,The striker's run mesmerised Nemanja Vidic and the Cameroonian was clear on the right.,max,40.827964782714844
target,45,The striker's run mesmerised Nemanja Vidic and the Cameroonian was clear on the right.,last,19.07976722717285
target,46,"Sherwood has guided Spurs to seven wins and two draws from his 10 Premier League games in charge, and last night’s 4-0 win at Newcastle – their widest margin of victory in the competition since defeating Aston Villa by the same score on Boxing Day 2012 – took them to within seven points of leaders Chelsea.",mean,17.105735778808594
target,46,"Sherwood has guided Spurs to seven wins and two draws from his 10 Premier League games in charge, and last night’s 4-0 win at Newcastle – their widest margin of victory in the competition since defeating Aston Villa by the same score on Boxing Day 2012 – took them to within seven points of leaders Chelsea.",max,38.34589385986328
target,46,"Sherwood has guided Spurs to seven wins and two draws from his 10 Premier League games in charge, and last night’s 4-0 win at Newcastle – their widest margin of victory in the competition since defeating Aston Villa by the same score on Boxing Day 2012 – took them to within seven points of leaders Chelsea.",last,16.373571395874023
target,47,Redknapp must carry on as manager.,mean,19.9630126953125
target,47,Redknapp must carry on as manager.,max,37.55621337890625
target,47,Redknapp must carry on as manager.,last,16.280067443847656
target,48,"""Jordi Alba is playing better this season, defensively and attacking, as opposed to Marcelo, who hasn't been at his best.",mean,12.398914337158203
target,48,"""Jordi Alba is playing better this season, defensively and attacking, as opposed to Marcelo, who hasn't been at his best.",max,40.43960189819336
target,48,"""Jordi Alba is playing better this season, defensively and attacking, as opposed to Marcelo, who hasn't been at his best.",last,19.00214195251465
target,49,The 21-year-old midfielder’s claret and blue career has stalled after a series of serious injuries and he is currently battling a foot problem.,mean,18.442258834838867
target,49,The 21-year-old midfielder’s claret and blue career has stalled after a series of serious injuries and he is currently battling a foot problem.,max,44.374080657958984
target,49,The 21-year-old midfielder’s claret and blue career has stalled after a series of serious injuries and he is currently battling a foot problem.,last,32.66391372680664
target,50,"Danny Hylton, who scored Oxford's second at Griffin Park, was also on target in Saturday's 1-1 draw with Crawley

Brentford manager Marinus Dijkhuizen: ""It was an embarrassing performance from my team.",mean,17.531177520751953
target,50,"Danny Hylton, who scored Oxford's second at Griffin Park, was also on target in Saturday's 1-1 draw with Crawley

Brentford manager Marinus Dijkhuizen: ""It was an embarrassing performance from my team.",max,39.75545120239258
target,50,"Danny Hylton, who scored Oxford's second at Griffin Park, was also on target in Saturday's 1-1 draw with Crawley

Brentford manager Marinus Dijkhuizen: ""It was an embarrassing performance from my team.",last,0.0
target,51,"Defensive numbers make bad reading for Guardiola

Guardiola has seen his side concede three or more goals in back-to-back league games for the first time as a manager.",mean,17.605205535888672
target,51,"Defensive numbers make bad reading for Guardiola

Guardiola has seen his side concede three or more goals in back-to-back league games for the first time as a manager.",max,40.116249084472656
target,51,"Defensive numbers make bad reading for Guardiola

Guardiola has seen his side concede three or more goals in back-to-back league games for the first time as a manager.",last,15.809432983398438
target,52,"Elsewhere, new title favourites Manchester City were fired on their way to victory by Yaya Toure against an in-form Crystal Palace team that includes Mile Jedinak and Jason Puncheon.",mean,15.121195793151855
target,52,"Elsewhere, new title favourites Manchester City were fired on their way to victory by Yaya Toure against an in-form Crystal Palace team that includes Mile Jedinak and Jason Puncheon.",max,30.55525016784668
target,52,"Elsewhere, new title favourites Manchester City were fired on their way to victory by Yaya Toure against an in-form Crystal Palace team that includes Mile Jedinak and Jason Puncheon.",last,18.115089416503906
target,53,He scored important goals for United.,mean,17.093481063842773
target,53,He scored important goals for United.,max,31.062631607055664
target,53,He scored important goals for United.,last,26.150638580322266
target,54,"Clark, 25, and Okore, 22, have started the last four Premier League games due to calf injuries to Vlaar and Philippe Senderos, as well as Nathan Baker’s knee problem.",mean,19.581401824951172
target,54,"Clark, 25, and Okore, 22, have started the last four Premier League games due to calf injuries to Vlaar and Philippe Senderos, as well as Nathan Baker’s knee problem.",max,45.616668701171875
target,54,"Clark, 25, and Okore, 22, have started the last four Premier League games due to calf injuries to Vlaar and Philippe Senderos, as well as Nathan Baker’s knee problem.",last,28.93260955810547
target,55,"He is a skilful, creative attacking midfielder who turned down the advances of Bayern Munich and Chelsea as a younger boy and became the Europa League's youngest goalscorer at 17 years and 157 days when he grabbed his side's fifth in a 5-1 win over Astra Giurgiu.",mean,14.18637752532959
target,55,"He is a skilful, creative attacking midfielder who turned down the advances of Bayern Munich and Chelsea as a younger boy and became the Europa League's youngest goalscorer at 17 years and 157 days when he grabbed his side's fifth in a 5-1 win over Astra Giurgiu.",max,36.88089370727539
target,55,"He is a skilful, creative attacking midfielder who turned down the advances of Bayern Munich and Chelsea as a younger boy and became the Europa League's youngest goalscorer at 17 years and 157 days when he grabbed his side's fifth in a 5-1 win over Astra Giurgiu.",last,28.932876586914062
target,56,Rodgers also signed Kolo Toure on a free and Skrtel’s future at Anfield is unclear.,mean,15.383062362670898
target,56,Rodgers also signed Kolo Toure on a free and Skrtel’s future at Anfield is unclear.,max,38.22039031982422
target,56,Rodgers also signed Kolo Toure on a free and Skrtel’s future at Anfield is unclear.,last,20.553943634033203
target,57,Vidal is instrumental in quickly turning defence into attack and is an advocate of the counter attack.,mean,14.08813762664795
target,57,Vidal is instrumental in quickly turning defence into attack and is an advocate of the counter attack.,max,35.091331481933594
target,57,Vidal is instrumental in quickly turning defence into attack and is an advocate of the counter attack.,last,18.503700256347656
target,58,"Still at 24, Henrikh Mkhitaryan has the ability to go onto bigger and better things in football.",mean,16.08261489868164
target,58,"Still at 24, Henrikh Mkhitaryan has the ability to go onto bigger and better things in football.",max,32.66468048095703
target,58,"Still at 24, Henrikh Mkhitaryan has the ability to go onto bigger and better things in football.",last,26.019393920898438
target,59,"I’m going to juxtapose between Luiz Gustavo’s key performance metrics and Arsenal’s personnel in the successful double midfield pivot of last season, Aaron Ramsey and Mikel Arteta.",mean,12.051445960998535
target,59,"I’m going to juxtapose between Luiz Gustavo’s key performance metrics and Arsenal’s personnel in the successful double midfield pivot of last season, Aaron Ramsey and Mikel Arteta.",max,43.365936279296875
target,59,"I’m going to juxtapose between Luiz Gustavo’s key performance metrics and Arsenal’s personnel in the successful double midfield pivot of last season, Aaron Ramsey and Mikel Arteta.",last,0.0
target,60,"The Frenchman had just helped Southampton to their highest-ever Premier League finish, and the £25m fee seemed reasonable for a player who was also attracting interest from Arsenal and Tottenham.",mean,18.634244918823242
target,60,"The Frenchman had just helped Southampton to their highest-ever Premier League finish, and the £25m fee seemed reasonable for a player who was also attracting interest from Arsenal and Tottenham.",max,33.280330657958984
target,60,"The Frenchman had just helped Southampton to their highest-ever Premier League finish, and the £25m fee seemed reasonable for a player who was also attracting interest from Arsenal and Tottenham.",last,22.574905395507812
target,61,"Eriksen is often anaemic, Sissoko has been publicly chastised by his manager, and we’re still waiting for a goal from open play from Janssen.",mean,20.206388473510742
target,61,"Eriksen is often anaemic, Sissoko has been publicly chastised by his manager, and we’re still waiting for a goal from open play from Janssen.",max,43.52376174926758
target,61,"Eriksen is often anaemic, Sissoko has been publicly chastised by his manager, and we’re still waiting for a goal from open play from Janssen.",last,27.128902435302734
target,62,"The Argentinians, for whom centre-forward Guillermo Stabile was in great form, thrashed them 6-1.",mean,13.322806358337402
target,62,"The Argentinians, for whom centre-forward Guillermo Stabile was in great form, thrashed them 6-1.",max,33.182281494140625
target,62,"The Argentinians, for whom centre-forward Guillermo Stabile was in great form, thrashed them 6-1.",last,11.960124015808105
target,63,"According to the source, Pepe has been in talks with Les Parisiens for some time over a potential move to Parc des Princes -- before and after compatriot Antero Henrique's arrival as sporting director.",mean,14.496636390686035
target,63,"According to the source, Pepe has been in talks with Les Parisiens for some time over a potential move to Parc des Princes -- before and after compatriot Antero Henrique's arrival as sporting director.",max,41.92778778076172
target,63,"According to the source, Pepe has been in talks with Les Parisiens for some time over a potential move to Parc des Princes -- before and after compatriot Antero Henrique's arrival as sporting director.",last,24.97638702392578
target,64,Bild in Germany reported that Liverpool were the favourites to sign Sanches on loan before Thursday's deadline.,mean,15.945085525512695
target,64,Bild in Germany reported that Liverpool were the favourites to sign Sanches on loan before Thursday's deadline.,max,37.721107482910156
target,64,Bild in Germany reported that Liverpool were the favourites to sign Sanches on loan before Thursday's deadline.,last,23.409076690673828
target,65,Equally impressive is how Klopp has inspired improved performance and consistency from the nucleus of the squad inherited.,mean,17.211774826049805
target,65,Equally impressive is how Klopp has inspired improved performance and consistency from the nucleus of the squad inherited.,max,36.16098403930664
target,65,Equally impressive is how Klopp has inspired improved performance and consistency from the nucleus of the squad inherited.,last,21.772615432739258
target,66,Crouch had been bought from Queens Park Rangers in 2001 for £1.25m but stayed at Portsmouth for nine months before being sold a few days after Redknapp had changed jobs from director of football at Portsmouth to manager.,mean,17.553573608398438
target,66,Crouch had been bought from Queens Park Rangers in 2001 for £1.25m but stayed at Portsmouth for nine months before being sold a few days after Redknapp had changed jobs from director of football at Portsmouth to manager.,max,48.20771408081055
target,66,Crouch had been bought from Queens Park Rangers in 2001 for £1.25m but stayed at Portsmouth for nine months before being sold a few days after Redknapp had changed jobs from director of football at Portsmouth to manager.,last,16.956411361694336
target,67,"The Brazilian’s departure to Paris Saint-Germain hasn’t had much of an effect on Barcelona’s strong start to the season, but in a match like this, where Atletico are so structured in defense, it allowed for Simeone’s side to double up on Busquets and Messi in ways they couldn’t last season due to having to man-mark and double mark Neymar.",mean,10.714034080505371
target,67,"The Brazilian’s departure to Paris Saint-Germain hasn’t had much of an effect on Barcelona’s strong start to the season, but in a match like this, where Atletico are so structured in defense, it allowed for Simeone’s side to double up on Busquets and Messi in ways they couldn’t last season due to having to man-mark and double mark Neymar.",max,49.15338897705078
target,67,"The Brazilian’s departure to Paris Saint-Germain hasn’t had much of an effect on Barcelona’s strong start to the season, but in a match like this, where Atletico are so structured in defense, it allowed for Simeone’s side to double up on Busquets and Messi in ways they couldn’t last season due to having to man-mark and double mark Neymar.",last,0.0
target,68,"Alli, however, has drawn some criticism for the way he plays the game.",mean,3.050344228744507
target,68,"Alli, however, has drawn some criticism for the way he plays the game.",max,29.12040138244629
target,68,"Alli, however, has drawn some criticism for the way he plays the game.",last,0.0
target,69,It was no less than Welbeck and Arsenal deserved for a clinical attacking display that will give Wenger confidence that his side can progress from the group stage for the 17th successive season.,mean,14.87744140625
target,69,It was no less than Welbeck and Arsenal deserved for a clinical attacking display that will give Wenger confidence that his side can progress from the group stage for the 17th successive season.,max,36.741947174072266
target,69,It was no less than Welbeck and Arsenal deserved for a clinical attacking display that will give Wenger confidence that his side can progress from the group stage for the 17th successive season.,last,22.26693344116211
target,70,Fred Rutton made two changes from PSV’s previous league game.,mean,15.101662635803223
target,70,Fred Rutton made two changes from PSV’s previous league game.,max,33.3283805847168
target,70,Fred Rutton made two changes from PSV’s previous league game.,last,33.3283805847168
target,71,Spurs forward Adebayor was at Villa's training ground last week for talks and a medical.,mean,13.884674072265625
target,71,Spurs forward Adebayor was at Villa's training ground last week for talks and a medical.,max,27.902652740478516
target,71,Spurs forward Adebayor was at Villa's training ground last week for talks and a medical.,last,21.244976043701172
target,72,"Rondon could even have won it but somehow turned over from inside the six-yard box, and the Baggies ultimately needed some fortune to hang on at the end of a breathless night.",mean,13.203950881958008
target,72,"Rondon could even have won it but somehow turned over from inside the six-yard box, and the Baggies ultimately needed some fortune to hang on at the end of a breathless night.",max,31.022296905517578
target,72,"Rondon could even have won it but somehow turned over from inside the six-yard box, and the Baggies ultimately needed some fortune to hang on at the end of a breathless night.",last,30.273040771484375
target,73,"""They boast the stellar transfer in Raheem Sterling and they arguably boast the bargain acquisition in Fabian Delph.""",mean,14.355803489685059
target,73,"""They boast the stellar transfer in Raheem Sterling and they arguably boast the bargain acquisition in Fabian Delph.""",max,32.81464767456055
target,73,"""They boast the stellar transfer in Raheem Sterling and they arguably boast the bargain acquisition in Fabian Delph.""",last,24.174152374267578
target,74,And Jordi Cruyff reckons Goodison Park can be a key asset for Everton FC as they bid to make their mark on Europe next season.,mean,16.215778350830078
target,74,And Jordi Cruyff reckons Goodison Park can be a key asset for Everton FC as they bid to make their mark on Europe next season.,max,30.612342834472656
target,74,And Jordi Cruyff reckons Goodison Park can be a key asset for Everton FC as they bid to make their mark on Europe next season.,last,21.203481674194336
target,75,"Bennett has had spells in the last couple of seasons on loan at Brighton and Sheffield Wednesday - both play-off participants in the previous campaign - and knows the Championship well from his time at Middlesbrough, too.",mean,13.99560832977295
target,75,"Bennett has had spells in the last couple of seasons on loan at Brighton and Sheffield Wednesday - both play-off participants in the previous campaign - and knows the Championship well from his time at Middlesbrough, too.",max,36.26487731933594
target,75,"Bennett has had spells in the last couple of seasons on loan at Brighton and Sheffield Wednesday - both play-off participants in the previous campaign - and knows the Championship well from his time at Middlesbrough, too.",last,23.289539337158203
target,76,“We lost Ozil and Giroud for long periods last year and they contributed a lot in the second part of the season.,mean,14.764500617980957
target,76,“We lost Ozil and Giroud for long periods last year and they contributed a lot in the second part of the season.,max,36.33399200439453
target,76,“We lost Ozil and Giroud for long periods last year and they contributed a lot in the second part of the season.,last,0.0
target,77,"Poveda went to Barca at the age of 12 after training with Arsenal for weeks, with the two clubs locked in a bitter battle for his services.",mean,8.912942886352539
target,77,"Poveda went to Barca at the age of 12 after training with Arsenal for weeks, with the two clubs locked in a bitter battle for his services.",max,31.64075469970703
target,77,"Poveda went to Barca at the age of 12 after training with Arsenal for weeks, with the two clubs locked in a bitter battle for his services.",last,12.733407020568848
target,78,"Jonjo Shelvey (Swansea) +52

The former Liverpool Swan has been in top form recently.",mean,12.128910064697266
target,78,"Jonjo Shelvey (Swansea) +52

The former Liverpool Swan has been in top form recently.",max,49.40386199951172
target,78,"Jonjo Shelvey (Swansea) +52

The former Liverpool Swan has been in top form recently.",last,0.0
target,79,"Similarly, Jurgen Klopp’s departure from Borussia Dortmund at the end of the season is likely to bring forward defender Mats Hummels’ decision to leave the Westfalenstadion and the Reds can snap up their target as soon as the Bundesliga relegation battle is decided.",mean,13.661920547485352
target,79,"Similarly, Jurgen Klopp’s departure from Borussia Dortmund at the end of the season is likely to bring forward defender Mats Hummels’ decision to leave the Westfalenstadion and the Reds can snap up their target as soon as the Bundesliga relegation battle is decided.",max,38.9027099609375
target,79,"Similarly, Jurgen Klopp’s departure from Borussia Dortmund at the end of the season is likely to bring forward defender Mats Hummels’ decision to leave the Westfalenstadion and the Reds can snap up their target as soon as the Bundesliga relegation battle is decided.",last,22.85955047607422
target,80,"Manchester City, Liverpool and Chelsea have all made brilliant starts to the Premier League season but that is unlikely to stop any of those clubs trying to make new signings.",mean,14.618175506591797
target,80,"Manchester City, Liverpool and Chelsea have all made brilliant starts to the Premier League season but that is unlikely to stop any of those clubs trying to make new signings.",max,30.47339630126953
target,80,"Manchester City, Liverpool and Chelsea have all made brilliant starts to the Premier League season but that is unlikely to stop any of those clubs trying to make new signings.",last,16.2923641204834
target,81,"Last year’s disastrous campaign means no European distractions, and the growth of Deulofeu and addition of Bolasie has made for a more dynamic attack.",mean,12.940093040466309
target,81,"Last year’s disastrous campaign means no European distractions, and the growth of Deulofeu and addition of Bolasie has made for a more dynamic attack.",max,40.57883071899414
target,81,"Last year’s disastrous campaign means no European distractions, and the growth of Deulofeu and addition of Bolasie has made for a more dynamic attack.",last,31.387012481689453
target,82,"Notable too was the level of communication among the defensive line and goalkeeper Mignolet, who clocked up a second clean sheet in three matches as pre-season concluded.",mean,12.137243270874023
target,82,"Notable too was the level of communication among the defensive line and goalkeeper Mignolet, who clocked up a second clean sheet in three matches as pre-season concluded.",max,35.13691711425781
target,82,"Notable too was the level of communication among the defensive line and goalkeeper Mignolet, who clocked up a second clean sheet in three matches as pre-season concluded.",last,35.13691711425781
target,83,Out wide Bayern has a rather assymmetrical setup.,mean,5.228232383728027
target,83,Out wide Bayern has a rather assymmetrical setup.,max,17.411331176757812
target,83,Out wide Bayern has a rather assymmetrical setup.,last,0.0
target,84,"He's like Sergio Aguero, trying to do everything easy, trying to reserve himself for the game.",mean,12.252754211425781
target,84,"He's like Sergio Aguero, trying to do everything easy, trying to reserve himself for the game.",max,32.34919357299805
target,84,"He's like Sergio Aguero, trying to do everything easy, trying to reserve himself for the game.",last,15.251663208007812
target,85,"They attack with speed and in numbers, helped out by the great passing ability of Mesut Ozil and Bastian Schweinsteiger in midfield.",mean,11.853812217712402
target,85,"They attack with speed and in numbers, helped out by the great passing ability of Mesut Ozil and Bastian Schweinsteiger in midfield.",max,39.89976501464844
target,85,"They attack with speed and in numbers, helped out by the great passing ability of Mesut Ozil and Bastian Schweinsteiger in midfield.",last,27.825885772705078
target,86,"Still there was some hope but when Heleno missed a penalty against Fluminese in their next game with the score at 2-2, Botafogo were doomed to a fourth successive runners-up spot.",mean,8.295319557189941
target,86,"Still there was some hope but when Heleno missed a penalty against Fluminese in their next game with the score at 2-2, Botafogo were doomed to a fourth successive runners-up spot.",max,27.26943016052246
target,86,"Still there was some hope but when Heleno missed a penalty against Fluminese in their next game with the score at 2-2, Botafogo were doomed to a fourth successive runners-up spot.",last,11.759692192077637
target,87,"Their main opponent this weekend will be Cedric Soares, the right-back who joined from Sporting Lisbon in the summer.",mean,15.062993049621582
target,87,"Their main opponent this weekend will be Cedric Soares, the right-back who joined from Sporting Lisbon in the summer.",max,39.53130340576172
target,87,"Their main opponent this weekend will be Cedric Soares, the right-back who joined from Sporting Lisbon in the summer.",last,31.796794891357422
target,88,I think we've got the players to do the job (a bevvy of midfielders) but i'm still not sure Redknapp knows his 'best' team.,mean,12.314926147460938
target,88,I think we've got the players to do the job (a bevvy of midfielders) but i'm still not sure Redknapp knows his 'best' team.,max,31.836454391479492
target,88,I think we've got the players to do the job (a bevvy of midfielders) but i'm still not sure Redknapp knows his 'best' team.,last,11.813146591186523
target,89,"Pogboom: Along with Ibrahimovic, Pogba is one of the most marketable players in the world; a one-man brand.",mean,9.896279335021973
target,89,"Pogboom: Along with Ibrahimovic, Pogba is one of the most marketable players in the world; a one-man brand.",max,32.82322311401367
target,89,"Pogboom: Along with Ibrahimovic, Pogba is one of the most marketable players in the world; a one-man brand.",last,0.0
target,90,"Mourinho added: ""He could play in one of these two matches, I think he will.",mean,11.706440925598145
target,90,"Mourinho added: ""He could play in one of these two matches, I think he will.",max,27.44009017944336
target,90,"Mourinho added: ""He could play in one of these two matches, I think he will.",last,0.0
target,91,"Neither are the key reason for Liverpool being so bad at the back this season – Dejan Lovren takes the gold medal in that respect, with Simon Mignolet and Joel Matip taking home silver and bronze, respectively – and Clyne’s steadying influence has been greatly missed.",mean,12.358787536621094
target,91,"Neither are the key reason for Liverpool being so bad at the back this season – Dejan Lovren takes the gold medal in that respect, with Simon Mignolet and Joel Matip taking home silver and bronze, respectively – and Clyne’s steadying influence has been greatly missed.",max,31.405845642089844
target,91,"Neither are the key reason for Liverpool being so bad at the back this season – Dejan Lovren takes the gold medal in that respect, with Simon Mignolet and Joel Matip taking home silver and bronze, respectively – and Clyne’s steadying influence has been greatly missed.",last,31.405845642089844
target,92,"It is debatable whether Capello would have been quite so keen on new young players such as Smalling, Phil Jones and Danny Welbeck if the path had not been prepared by Ferguson at United, though that is not something England need to worry about.",mean,12.715508460998535
target,92,"It is debatable whether Capello would have been quite so keen on new young players such as Smalling, Phil Jones and Danny Welbeck if the path had not been prepared by Ferguson at United, though that is not something England need to worry about.",max,33.787071228027344
target,92,"It is debatable whether Capello would have been quite so keen on new young players such as Smalling, Phil Jones and Danny Welbeck if the path had not been prepared by Ferguson at United, though that is not something England need to worry about.",last,25.412460327148438
target,93,"Yoann Barbet started regularly with Harlee Dean in central defense, displaying an impressive passing range from his left boot, and a team that could not win a match from Christmas through February suddenly could not lose.",mean,13.07242488861084
target,93,"Yoann Barbet started regularly with Harlee Dean in central defense, displaying an impressive passing range from his left boot, and a team that could not win a match from Christmas through February suddenly could not lose.",max,35.528221130371094
target,93,"Yoann Barbet started regularly with Harlee Dean in central defense, displaying an impressive passing range from his left boot, and a team that could not win a match from Christmas through February suddenly could not lose.",last,0.0
target,94,Standing together we can make Arsenal one of the leading clubs in the world and we can do it in a manner that will make all of our supporters proud.,mean,11.276274681091309
target,94,Standing together we can make Arsenal one of the leading clubs in the world and we can do it in a manner that will make all of our supporters proud.,max,33.95072555541992
target,94,Standing together we can make Arsenal one of the leading clubs in the world and we can do it in a manner that will make all of our supporters proud.,last,14.436661720275879
target,95,It said Guardiola has repeatedly highlighted that he does not have control over Bayern's transfer policy and discussed an ongoing row over the medical staff.,mean,14.318413734436035
target,95,It said Guardiola has repeatedly highlighted that he does not have control over Bayern's transfer policy and discussed an ongoing row over the medical staff.,max,48.44513702392578
target,95,It said Guardiola has repeatedly highlighted that he does not have control over Bayern's transfer policy and discussed an ongoing row over the medical staff.,last,16.25989532470703
target,96,Llambias explained: “Debuchy was a target.,mean,12.202176094055176
target,96,Llambias explained: “Debuchy was a target.,max,32.52725601196289
target,96,Llambias explained: “Debuchy was a target.,last,0.0
target,97,"A 2-0 win against Qatar at home was only obtained once the Qatari goalkeeper decided to gift us a goal in the 93rd minute, before their whole team capitulated, and a dreadful performance in China resulted in a 0-0 vs the Chinese.",mean,5.542324066162109
target,97,"A 2-0 win against Qatar at home was only obtained once the Qatari goalkeeper decided to gift us a goal in the 93rd minute, before their whole team capitulated, and a dreadful performance in China resulted in a 0-0 vs the Chinese.",max,26.561134338378906
target,97,"A 2-0 win against Qatar at home was only obtained once the Qatari goalkeeper decided to gift us a goal in the 93rd minute, before their whole team capitulated, and a dreadful performance in China resulted in a 0-0 vs the Chinese.",last,0.0
target,98,"But, in reality, De Bruyne falls in with the majority of these transfers in that he is a considerable risk signing—something which makes Milner truly stand out.",mean,9.981132507324219
target,98,"But, in reality, De Bruyne falls in with the majority of these transfers in that he is a considerable risk signing—something which makes Milner truly stand out.",max,33.48822784423828
target,98,"But, in reality, De Bruyne falls in with the majority of these transfers in that he is a considerable risk signing—something which makes Milner truly stand out.",last,15.186326026916504
target,99,"The Brazilian was smiling as he walked onto the pitch after the final whistle, and Klopp will hope that it is a tweak rather than pull.",mean,15.534818649291992
target,99,"The Brazilian was smiling as he walked onto the pitch after the final whistle, and Klopp will hope that it is a tweak rather than pull.",max,38.499935150146484
target,99,"The Brazilian was smiling as he walked onto the pitch after the final whistle, and Klopp will hope that it is a tweak rather than pull.",last,26.192127227783203
control,0,Soccer:Manchester United could still be involved in the last 16 of the Champions League after Fifa today threatened to suspend Switzerland over the case involving first division club Sion.,mean,6.155340194702148
control,0,Soccer:Manchester United could still be involved in the last 16 of the Champions League after Fifa today threatened to suspend Switzerland over the case involving first division club Sion.,max,24.25730323791504
control,0,Soccer:Manchester United could still be involved in the last 16 of the Champions League after Fifa today threatened to suspend Switzerland over the case involving first division club Sion.,last,0.0
control,1,"I've just got a lot of confidence in his abilities as an offensive performer.""",mean,0.0
control,1,"I've just got a lot of confidence in his abilities as an offensive performer.""",max,0.0
control,1,"I've just got a lot of confidence in his abilities as an offensive performer.""",last,0.0
control,2,"Fraser has an appalling forecasting record, having issued dire and completely wrong forecasts on growth ever since the SNP came to power in Holyrood.",mean,0.0
control,2,"Fraser has an appalling forecasting record, having issued dire and completely wrong forecasts on growth ever since the SNP came to power in Holyrood.",max,0.0
control,2,"Fraser has an appalling forecasting record, having issued dire and completely wrong forecasts on growth ever since the SNP came to power in Holyrood.",last,0.0
control,3,"Today @DanAmrich posted a quite interesting clue on the official forums:

F- crazy with a capital F

n – sponsored by lower case “n”

J – DJ Capital J

g – unicode for lowercase “g”

s – formula is equal to “s”

M – “M” on the Bund

f – Forte represented as a lowercase “f”

what does that mean though?",mean,0.0
control,3,"Today @DanAmrich posted a quite interesting clue on the official forums:

F- crazy with a capital F

n – sponsored by lower case “n”

J – DJ Capital J

g – unicode for lowercase “g”

s – formula is equal to “s”

M – “M” on the Bund

f – Forte represented as a lowercase “f”

what does that mean though?",max,0.0
control,3,"Today @DanAmrich posted a quite interesting clue on the official forums:

F- crazy with a capital F

n – sponsored by lower case “n”

J – DJ Capital J

g – unicode for lowercase “g”

s – formula is equal to “s”

M – “M” on the Bund

f – Forte represented as a lowercase “f”

what does that mean though?",last,0.0
control,4,"Mistakes include:

Hesitating to continue the game.",mean,0.0
control,4,"Mistakes include:

Hesitating to continue the game.",max,0.0
control,4,"Mistakes include:

Hesitating to continue the game.",last,0.0
control,5,This attracts people from all across the globe.,mean,0.0
control,5,This attracts people from all across the globe.,max,0.0
control,5,This attracts people from all across the globe.,last,0.0
control,6,"Actually, it is a regional affiliation, or a moniker for poor migrants.",mean,0.0
control,6,"Actually, it is a regional affiliation, or a moniker for poor migrants.",max,0.0
control,6,"Actually, it is a regional affiliation, or a moniker for poor migrants.",last,0.0
control,7,"As the play is called Thursday, I guessed that the four exclamation marks reflected the neatness of having completed a play with that title on that particular weekday.",mean,0.0
control,7,"As the play is called Thursday, I guessed that the four exclamation marks reflected the neatness of having completed a play with that title on that particular weekday.",max,0.0
control,7,"As the play is called Thursday, I guessed that the four exclamation marks reflected the neatness of having completed a play with that title on that particular weekday.",last,0.0
control,8,"Despite the sassy roles, Heather Graham is generally viewed as a very all-American girl-next-door kind of actress.",mean,0.0
control,8,"Despite the sassy roles, Heather Graham is generally viewed as a very all-American girl-next-door kind of actress.",max,0.0
control,8,"Despite the sassy roles, Heather Graham is generally viewed as a very all-American girl-next-door kind of actress.",last,0.0
control,9,"Leider, S, T Rosenblat, M M M ̈obius and Q-A Do (2010), “What do we Expect from our Friends?” Journal of the European Economic Association 8(1):120–138.",mean,0.0
control,9,"Leider, S, T Rosenblat, M M M ̈obius and Q-A Do (2010), “What do we Expect from our Friends?” Journal of the European Economic Association 8(1):120–138.",max,0.0
control,9,"Leider, S, T Rosenblat, M M M ̈obius and Q-A Do (2010), “What do we Expect from our Friends?” Journal of the European Economic Association 8(1):120–138.",last,0.0
control,10,“Will they supply it to other teams?”,mean,0.0
control,10,“Will they supply it to other teams?”,max,0.0
control,10,“Will they supply it to other teams?”,last,0.0
control,11,Make sure to then apply any additional permissions the user needs in other locations.,mean,0.0
control,11,Make sure to then apply any additional permissions the user needs in other locations.,max,0.0
control,11,Make sure to then apply any additional permissions the user needs in other locations.,last,0.0
control,12,He correctly diagnosed the national problem (as opposed to Rosa Luxemburg).,mean,0.0
control,12,He correctly diagnosed the national problem (as opposed to Rosa Luxemburg).,max,0.0
control,12,He correctly diagnosed the national problem (as opposed to Rosa Luxemburg).,last,0.0
control,13,"One of the biggest reasons is money, I / we have been broke for years and being 32 years old I can't live like this anymore.",mean,0.0
control,13,"One of the biggest reasons is money, I / we have been broke for years and being 32 years old I can't live like this anymore.",max,0.0
control,13,"One of the biggest reasons is money, I / we have been broke for years and being 32 years old I can't live like this anymore.",last,0.0
control,14,"In recent months I’ve written about others hoping to become Labour’s candidate for 2016: Tessa Jowell, Christian Wolmar, Sadiq Khan and Diane Abbott.",mean,0.0
control,14,"In recent months I’ve written about others hoping to become Labour’s candidate for 2016: Tessa Jowell, Christian Wolmar, Sadiq Khan and Diane Abbott.",max,0.0
control,14,"In recent months I’ve written about others hoping to become Labour’s candidate for 2016: Tessa Jowell, Christian Wolmar, Sadiq Khan and Diane Abbott.",last,0.0
control,15,"But if you get a second simply to tell someone that their issue or PR has been seen, it’s a nice thing to do.",mean,0.0
control,15,"But if you get a second simply to tell someone that their issue or PR has been seen, it’s a nice thing to do.",max,0.0
control,15,"But if you get a second simply to tell someone that their issue or PR has been seen, it’s a nice thing to do.",last,0.0
control,16,"There was therefore an urgent need, and a real opportunity, to tackle these issues that are blighting the lives of so many in the autumn budget.",mean,0.0
control,16,"There was therefore an urgent need, and a real opportunity, to tackle these issues that are blighting the lives of so many in the autumn budget.",max,0.0
control,16,"There was therefore an urgent need, and a real opportunity, to tackle these issues that are blighting the lives of so many in the autumn budget.",last,0.0
control,17,"Soldiers walking around usually carry radios, reflecting the reality that even a simple trip to the outhouse could turn into a life or death sprint for safety.",mean,0.0
control,17,"Soldiers walking around usually carry radios, reflecting the reality that even a simple trip to the outhouse could turn into a life or death sprint for safety.",max,0.0
control,17,"Soldiers walking around usually carry radios, reflecting the reality that even a simple trip to the outhouse could turn into a life or death sprint for safety.",last,0.0
control,18,"With its new FUSION line of products, children (both young and old) can take physical blocks and create things that come to life inside of a tablet or certain phones.",mean,0.0
control,18,"With its new FUSION line of products, children (both young and old) can take physical blocks and create things that come to life inside of a tablet or certain phones.",max,0.0
control,18,"With its new FUSION line of products, children (both young and old) can take physical blocks and create things that come to life inside of a tablet or certain phones.",last,0.0
control,19,"Singer also revealed that the movie will feature yet another PG-13 F-bomb, following up on Hugh Jackman's memorable cameo line from First Class.",mean,0.0
control,19,"Singer also revealed that the movie will feature yet another PG-13 F-bomb, following up on Hugh Jackman's memorable cameo line from First Class.",max,0.0
control,19,"Singer also revealed that the movie will feature yet another PG-13 F-bomb, following up on Hugh Jackman's memorable cameo line from First Class.",last,0.0
control,20,I never really grew to understand leadership and how to really fulfill that.,mean,0.0
control,20,I never really grew to understand leadership and how to really fulfill that.,max,0.0
control,20,I never really grew to understand leadership and how to really fulfill that.,last,0.0
control,21,He served eight months and was about to be released from prison when he was turned over to ICE.,mean,0.0
control,21,He served eight months and was about to be released from prison when he was turned over to ICE.,max,0.0
control,21,He served eight months and was about to be released from prison when he was turned over to ICE.,last,0.0
control,22,"It’s like woah, we’re really tempting fate here.",mean,0.0
control,22,"It’s like woah, we’re really tempting fate here.",max,0.0
control,22,"It’s like woah, we’re really tempting fate here.",last,0.0
control,23,"The two then discuss whether they should “step outside” and settle things, before the Trumpeter leaves the shop grumbling about the “absolutely ridiculous” experience.",mean,0.0
control,23,"The two then discuss whether they should “step outside” and settle things, before the Trumpeter leaves the shop grumbling about the “absolutely ridiculous” experience.",max,0.0
control,23,"The two then discuss whether they should “step outside” and settle things, before the Trumpeter leaves the shop grumbling about the “absolutely ridiculous” experience.",last,0.0
control,24,"The ascendancy of Donald J. Trump to the U.S. presidency sent reverberations throughout the world, but nowhere will his election be felt more, outside of America itself, than here in Canada.",mean,0.0
control,24,"The ascendancy of Donald J. Trump to the U.S. presidency sent reverberations throughout the world, but nowhere will his election be felt more, outside of America itself, than here in Canada.",max,0.0
control,24,"The ascendancy of Donald J. Trump to the U.S. presidency sent reverberations throughout the world, but nowhere will his election be felt more, outside of America itself, than here in Canada.",last,0.0
control,25,The Republican Party followed suit.,mean,0.0
control,25,The Republican Party followed suit.,max,0.0
control,25,The Republican Party followed suit.,last,0.0
control,26,"The standard version includes access to all subreddits, sharing via email, Twitter and Google+, submitting new stories from the app, and a homescreen widget.",mean,0.0
control,26,"The standard version includes access to all subreddits, sharing via email, Twitter and Google+, submitting new stories from the app, and a homescreen widget.",max,0.0
control,26,"The standard version includes access to all subreddits, sharing via email, Twitter and Google+, submitting new stories from the app, and a homescreen widget.",last,0.0
control,27,She said she wasn’t aware that she would be named in the Telegraph and only found out this morning while visiting her father in hospital.,mean,0.0
control,27,She said she wasn’t aware that she would be named in the Telegraph and only found out this morning while visiting her father in hospital.,max,0.0
control,27,She said she wasn’t aware that she would be named in the Telegraph and only found out this morning while visiting her father in hospital.,last,0.0
control,28,"From Palo Alto to Williamsburg back to Santa Monica, our wealthiest and most in-demand neighborhoods remain in their stunted states, walled off to growth, radiating everything from gentrification to global inequality.",mean,0.0
control,28,"From Palo Alto to Williamsburg back to Santa Monica, our wealthiest and most in-demand neighborhoods remain in their stunted states, walled off to growth, radiating everything from gentrification to global inequality.",max,0.0
control,28,"From Palo Alto to Williamsburg back to Santa Monica, our wealthiest and most in-demand neighborhoods remain in their stunted states, walled off to growth, radiating everything from gentrification to global inequality.",last,0.0
control,29,"“His experience, at the professional and college level, his attention to detail and his passion make him a great addition to our strong coaching staff, which is now complete for the next season.”

Read worked the last two seasons at the University of Nebraska under former Winnipeg Blue Bombers coach Mike Riley, but was fired in November with the Cornhuskers’ special teams struggling and with some fans questioning his reported US$450,000 salary.",mean,0.0
control,29,"“His experience, at the professional and college level, his attention to detail and his passion make him a great addition to our strong coaching staff, which is now complete for the next season.”

Read worked the last two seasons at the University of Nebraska under former Winnipeg Blue Bombers coach Mike Riley, but was fired in November with the Cornhuskers’ special teams struggling and with some fans questioning his reported US$450,000 salary.",max,0.0
control,29,"“His experience, at the professional and college level, his attention to detail and his passion make him a great addition to our strong coaching staff, which is now complete for the next season.”

Read worked the last two seasons at the University of Nebraska under former Winnipeg Blue Bombers coach Mike Riley, but was fired in November with the Cornhuskers’ special teams struggling and with some fans questioning his reported US$450,000 salary.",last,0.0
control,30,We are evaluating all of the feedback from the PTS and I wanted to take a moment to respond to the most popular topics we’ve seen.,mean,0.0
control,30,We are evaluating all of the feedback from the PTS and I wanted to take a moment to respond to the most popular topics we’ve seen.,max,0.0
control,30,We are evaluating all of the feedback from the PTS and I wanted to take a moment to respond to the most popular topics we’ve seen.,last,0.0
control,31,Throughout the legal action and appeal hearing The Pirate Bay website has continued to function.,mean,0.0
control,31,Throughout the legal action and appeal hearing The Pirate Bay website has continued to function.,max,0.0
control,31,Throughout the legal action and appeal hearing The Pirate Bay website has continued to function.,last,0.0
control,32,"Ten billion dollars, less than the one fifth of the increase to the military/defense budget of $54 Billion.",mean,0.0
control,32,"Ten billion dollars, less than the one fifth of the increase to the military/defense budget of $54 Billion.",max,0.0
control,32,"Ten billion dollars, less than the one fifth of the increase to the military/defense budget of $54 Billion.",last,0.0
control,33,"Technically, a small number of people can work to provide for a very large number of people in the future.",mean,0.0
control,33,"Technically, a small number of people can work to provide for a very large number of people in the future.",max,0.0
control,33,"Technically, a small number of people can work to provide for a very large number of people in the future.",last,0.0
control,34,"Currently, the game does not have a name, but this will be an adventure with swords and magic in a fantasy world.",mean,0.0
control,34,"Currently, the game does not have a name, but this will be an adventure with swords and magic in a fantasy world.",max,0.0
control,34,"Currently, the game does not have a name, but this will be an adventure with swords and magic in a fantasy world.",last,0.0
control,35,"For example, Jack (5) wants to go home, does he say “I want to go home!”?",mean,0.0
control,35,"For example, Jack (5) wants to go home, does he say “I want to go home!”?",max,0.0
control,35,"For example, Jack (5) wants to go home, does he say “I want to go home!”?",last,0.0
control,36,"In this specific situation, users would see an overlay representing their interaction, with GNL remaining visible in the background.",mean,0.0
control,36,"In this specific situation, users would see an overlay representing their interaction, with GNL remaining visible in the background.",max,0.0
control,36,"In this specific situation, users would see an overlay representing their interaction, with GNL remaining visible in the background.",last,0.0
control,37,Too cautious!,mean,0.0
control,37,Too cautious!,max,0.0
control,37,Too cautious!,last,0.0
control,38,On a pegasus?,mean,0.0
control,38,On a pegasus?,max,0.0
control,38,On a pegasus?,last,0.0
control,39,"Luckily, it snapped back in without issue, and I pushed the button cover away from the side.",mean,0.0
control,39,"Luckily, it snapped back in without issue, and I pushed the button cover away from the side.",max,0.0
control,39,"Luckily, it snapped back in without issue, and I pushed the button cover away from the side.",last,0.0
control,40,"I lived on top of the barn, in this one bedroom shoebox sort of situation.",mean,0.0
control,40,"I lived on top of the barn, in this one bedroom shoebox sort of situation.",max,0.0
control,40,"I lived on top of the barn, in this one bedroom shoebox sort of situation.",last,0.0
control,41,"But remember, Germany’s population is 2.6 times larger than Canada’s.",mean,0.0
control,41,"But remember, Germany’s population is 2.6 times larger than Canada’s.",max,0.0
control,41,"But remember, Germany’s population is 2.6 times larger than Canada’s.",last,0.0
control,42,Adequate Zinc has to be present in order for Taurine to be used as a neuro transmitter smoother.,mean,0.0
control,42,Adequate Zinc has to be present in order for Taurine to be used as a neuro transmitter smoother.,max,0.0
control,42,Adequate Zinc has to be present in order for Taurine to be used as a neuro transmitter smoother.,last,0.0
control,43,"The HIV virus infects T-cells, white blood cells that play an important role in the immune system.",mean,0.0
control,43,"The HIV virus infects T-cells, white blood cells that play an important role in the immune system.",max,0.0
control,43,"The HIV virus infects T-cells, white blood cells that play an important role in the immune system.",last,0.0
control,44,"Anyway, the remainder of the article seems to be not about #1 or #2, but is actually about #3.",mean,0.0
control,44,"Anyway, the remainder of the article seems to be not about #1 or #2, but is actually about #3.",max,0.0
control,44,"Anyway, the remainder of the article seems to be not about #1 or #2, but is actually about #3.",last,0.0
control,45,"In a court filing this week, Contura said it believed that Alpha will have sufficient liquidity to meet its commitment.",mean,0.0
control,45,"In a court filing this week, Contura said it believed that Alpha will have sufficient liquidity to meet its commitment.",max,0.0
control,45,"In a court filing this week, Contura said it believed that Alpha will have sufficient liquidity to meet its commitment.",last,0.0
control,46,"The author, Steve McConnell, argues that routines should not be longer than 200 lines.",mean,0.0
control,46,"The author, Steve McConnell, argues that routines should not be longer than 200 lines.",max,0.0
control,46,"The author, Steve McConnell, argues that routines should not be longer than 200 lines.",last,0.0
control,47,Andrew Dunn and Mark Wilkening mixed the episode.,mean,0.0
control,47,Andrew Dunn and Mark Wilkening mixed the episode.,max,0.0
control,47,Andrew Dunn and Mark Wilkening mixed the episode.,last,0.0
control,48,"In Trustwave's Saturday blog post, and in comments added on Tuesday to the heated discussion in the Mozilla developer forum, Trustwave representatives stressed that the holder of the subordinate root was subject to strict terms that were enforced by on-site audits.",mean,0.0
control,48,"In Trustwave's Saturday blog post, and in comments added on Tuesday to the heated discussion in the Mozilla developer forum, Trustwave representatives stressed that the holder of the subordinate root was subject to strict terms that were enforced by on-site audits.",max,0.0
control,48,"In Trustwave's Saturday blog post, and in comments added on Tuesday to the heated discussion in the Mozilla developer forum, Trustwave representatives stressed that the holder of the subordinate root was subject to strict terms that were enforced by on-site audits.",last,0.0
control,49,LSU just signed the nation’s No.,mean,0.0
control,49,LSU just signed the nation’s No.,max,0.0
control,49,LSU just signed the nation’s No.,last,0.0
control,50,The move is an indication that the justices will likely rule on the case in the fall.,mean,0.0
control,50,The move is an indication that the justices will likely rule on the case in the fall.,max,0.0
control,50,The move is an indication that the justices will likely rule on the case in the fall.,last,0.0
control,51,How many clubs are copying the Galaxy model of player development pioneered by the academy > LA Galaxy II > first team model?,mean,0.7488201260566711
control,51,How many clubs are copying the Galaxy model of player development pioneered by the academy > LA Galaxy II > first team model?,max,18.720502853393555
control,51,How many clubs are copying the Galaxy model of player development pioneered by the academy > LA Galaxy II > first team model?,last,0.0
control,52,Routes such as slants and posts can be effective against both man and zone and should be expected to be used heavily against the Bills’ mixed coverages.,mean,0.0
control,52,Routes such as slants and posts can be effective against both man and zone and should be expected to be used heavily against the Bills’ mixed coverages.,max,0.0
control,52,Routes such as slants and posts can be effective against both man and zone and should be expected to be used heavily against the Bills’ mixed coverages.,last,0.0
control,53,People on the street told me over and over that these people oppose the Lausanne/Vienna accords because their grip on international trade will be broken if the markets are opened.,mean,0.0
control,53,People on the street told me over and over that these people oppose the Lausanne/Vienna accords because their grip on international trade will be broken if the markets are opened.,max,0.0
control,53,People on the street told me over and over that these people oppose the Lausanne/Vienna accords because their grip on international trade will be broken if the markets are opened.,last,0.0
control,54,This recent study isn’t the first of its kind to suggest a relationship between spaceflight and negative immune system effects.,mean,0.0
control,54,This recent study isn’t the first of its kind to suggest a relationship between spaceflight and negative immune system effects.,max,0.0
control,54,This recent study isn’t the first of its kind to suggest a relationship between spaceflight and negative immune system effects.,last,0.0
control,55,"Picasso Picasso Tea Bird by Colin George Jeffrey

12.",mean,0.0
control,55,"Picasso Picasso Tea Bird by Colin George Jeffrey

12.",max,0.0
control,55,"Picasso Picasso Tea Bird by Colin George Jeffrey

12.",last,0.0
control,56,"Dear valued customers, It has come to our attention that a food blogger has accused our restaurant of being unhygienic and that she found a little something ‘extra’ in her soft-shell crab.",mean,0.0
control,56,"Dear valued customers, It has come to our attention that a food blogger has accused our restaurant of being unhygienic and that she found a little something ‘extra’ in her soft-shell crab.",max,0.0
control,56,"Dear valued customers, It has come to our attention that a food blogger has accused our restaurant of being unhygienic and that she found a little something ‘extra’ in her soft-shell crab.",last,0.0
control,57,"Given the extent to which rising prices are squeezing consumers and contributing to reduced spending, Ben Bernanke probably feels that, on balance, less inflation is better than more.",mean,0.0
control,57,"Given the extent to which rising prices are squeezing consumers and contributing to reduced spending, Ben Bernanke probably feels that, on balance, less inflation is better than more.",max,0.0
control,57,"Given the extent to which rising prices are squeezing consumers and contributing to reduced spending, Ben Bernanke probably feels that, on balance, less inflation is better than more.",last,0.0
control,58,If you don’t like the challenge you’re given (some are not very fun or do not reward as much xp) then it’s possible to reroll a challenge once using vis wax.,mean,0.0
control,58,If you don’t like the challenge you’re given (some are not very fun or do not reward as much xp) then it’s possible to reroll a challenge once using vis wax.,max,0.0
control,58,If you don’t like the challenge you’re given (some are not very fun or do not reward as much xp) then it’s possible to reroll a challenge once using vis wax.,last,0.0
control,59,"Aka Hitler, Castro and Stalin inc. As with ""Happy Birthday,"" any time you sing one of these songs in public, chances are good someone will hear you and file a lawsuit.",mean,0.0
control,59,"Aka Hitler, Castro and Stalin inc. As with ""Happy Birthday,"" any time you sing one of these songs in public, chances are good someone will hear you and file a lawsuit.",max,0.0
control,59,"Aka Hitler, Castro and Stalin inc. As with ""Happy Birthday,"" any time you sing one of these songs in public, chances are good someone will hear you and file a lawsuit.",last,0.0
control,60,"Programs are not just communications to a computer, they are communications to other human beings.",mean,0.0
control,60,"Programs are not just communications to a computer, they are communications to other human beings.",max,0.0
control,60,"Programs are not just communications to a computer, they are communications to other human beings.",last,0.0
control,61,"“Spread your legs wide, darling.",mean,0.0
control,61,"“Spread your legs wide, darling.",max,0.0
control,61,"“Spread your legs wide, darling.",last,0.0
control,62,Did players get what they wanted?,mean,0.0
control,62,Did players get what they wanted?,max,0.0
control,62,Did players get what they wanted?,last,0.0
control,63,"That means these numbers may be slightly too kind to Clinton, though the back-of-the-envelope math still paints a very dark picture for Sanders.)",mean,0.0
control,63,"That means these numbers may be slightly too kind to Clinton, though the back-of-the-envelope math still paints a very dark picture for Sanders.)",max,0.0
control,63,"That means these numbers may be slightly too kind to Clinton, though the back-of-the-envelope math still paints a very dark picture for Sanders.)",last,0.0
control,64,"By Wednesday afternoon a Google search for the words ""lesbian bondage"" yielded, as the first link at the top of the screen, a picture of Republican National Committee Chairman Michael Steele -- who had nothing to do with the racy outing but whose leadership has been questioned since the revelation.",mean,0.0
control,64,"By Wednesday afternoon a Google search for the words ""lesbian bondage"" yielded, as the first link at the top of the screen, a picture of Republican National Committee Chairman Michael Steele -- who had nothing to do with the racy outing but whose leadership has been questioned since the revelation.",max,0.0
control,64,"By Wednesday afternoon a Google search for the words ""lesbian bondage"" yielded, as the first link at the top of the screen, a picture of Republican National Committee Chairman Michael Steele -- who had nothing to do with the racy outing but whose leadership has been questioned since the revelation.",last,0.0
control,65,"Scobie reaffirmed his ultimatum that ELAS withdraw from Attica, hand in its arms and disband.",mean,1.269510269165039
control,65,"Scobie reaffirmed his ultimatum that ELAS withdraw from Attica, hand in its arms and disband.",max,18.957977294921875
control,65,"Scobie reaffirmed his ultimatum that ELAS withdraw from Attica, hand in its arms and disband.",last,0.0
control,66,"That’s how Washington feels.”

'The outsider game'

The narrative of an outsider candidate who is willing to say what needs to be said and put America first is a powerful one, analysts say.",mean,0.0
control,66,"That’s how Washington feels.”

'The outsider game'

The narrative of an outsider candidate who is willing to say what needs to be said and put America first is a powerful one, analysts say.",max,0.0
control,66,"That’s how Washington feels.”

'The outsider game'

The narrative of an outsider candidate who is willing to say what needs to be said and put America first is a powerful one, analysts say.",last,0.0
control,67,"And with the way Jimmy Garoppolo and Mitchell were clicking in the Saints game, Jimmy G and offensive coordinator Josh McDaniels are surely stoked that Malcolm may be able to play this season after all.",mean,0.0
control,67,"And with the way Jimmy Garoppolo and Mitchell were clicking in the Saints game, Jimmy G and offensive coordinator Josh McDaniels are surely stoked that Malcolm may be able to play this season after all.",max,0.0
control,67,"And with the way Jimmy Garoppolo and Mitchell were clicking in the Saints game, Jimmy G and offensive coordinator Josh McDaniels are surely stoked that Malcolm may be able to play this season after all.",last,0.0
control,68,Sakurai: High-priced sake and dishware often comes in paulownia boxes.,mean,0.0
control,68,Sakurai: High-priced sake and dishware often comes in paulownia boxes.,max,0.0
control,68,Sakurai: High-priced sake and dishware often comes in paulownia boxes.,last,0.0
control,69,"“I was demanded, we were demanded – not in a bad way, you know,” he says.",mean,0.0
control,69,"“I was demanded, we were demanded – not in a bad way, you know,” he says.",max,0.0
control,69,"“I was demanded, we were demanded – not in a bad way, you know,” he says.",last,0.0
control,70,"It sounds very similar to what is planned for the DragonBox Pyra (which will have a separate SoC board that can be exchanged for a better one later on), and that certainly increases the appeal of this device for me, if it can behave like a mini-PC in that sense.",mean,0.0
control,70,"It sounds very similar to what is planned for the DragonBox Pyra (which will have a separate SoC board that can be exchanged for a better one later on), and that certainly increases the appeal of this device for me, if it can behave like a mini-PC in that sense.",max,0.0
control,70,"It sounds very similar to what is planned for the DragonBox Pyra (which will have a separate SoC board that can be exchanged for a better one later on), and that certainly increases the appeal of this device for me, if it can behave like a mini-PC in that sense.",last,0.0
control,71,"With TCU’s offensive struggles, Kyle Hicks’ production got overlooked, with 1,042 yards rushing to go with 47 receptions.",mean,0.0
control,71,"With TCU’s offensive struggles, Kyle Hicks’ production got overlooked, with 1,042 yards rushing to go with 47 receptions.",max,0.0
control,71,"With TCU’s offensive struggles, Kyle Hicks’ production got overlooked, with 1,042 yards rushing to go with 47 receptions.",last,0.0
control,72,"And they’re still open, every day.",mean,0.0
control,72,"And they’re still open, every day.",max,0.0
control,72,"And they’re still open, every day.",last,0.0
control,73,"It wasn’t long before scientists realized there would be more transits in the future, and there were: in 1761, 1769, 1874, 1882, 2004 and 2012.",mean,0.0
control,73,"It wasn’t long before scientists realized there would be more transits in the future, and there were: in 1761, 1769, 1874, 1882, 2004 and 2012.",max,0.0
control,73,"It wasn’t long before scientists realized there would be more transits in the future, and there were: in 1761, 1769, 1874, 1882, 2004 and 2012.",last,0.0
control,74,"The advent of Australia as an Asian or Eurasian country will mean the end of our national identity, our cultural identity, and our way of life.",mean,0.0
control,74,"The advent of Australia as an Asian or Eurasian country will mean the end of our national identity, our cultural identity, and our way of life.",max,0.0
control,74,"The advent of Australia as an Asian or Eurasian country will mean the end of our national identity, our cultural identity, and our way of life.",last,0.0
control,75,"During that same period in Obama's first term, he nominated just four district judges and five appeals-court judges.",mean,0.0
control,75,"During that same period in Obama's first term, he nominated just four district judges and five appeals-court judges.",max,0.0
control,75,"During that same period in Obama's first term, he nominated just four district judges and five appeals-court judges.",last,0.0
control,76,"He was arrested, released and trafficked me again

They knew where I was, they didn't care when I came back

She said social workers did not seem interested in helping her.",mean,0.0
control,76,"He was arrested, released and trafficked me again

They knew where I was, they didn't care when I came back

She said social workers did not seem interested in helping her.",max,0.0
control,76,"He was arrested, released and trafficked me again

They knew where I was, they didn't care when I came back

She said social workers did not seem interested in helping her.",last,0.0
control,77,"In this post, he reflects on his time as an intern at Parse.ly

Today, I leave Parse.ly after 20 months of work that took me from writing web scrapers to diving deep into semantic web standards to designing mobile SDKs.",mean,0.0
control,77,"In this post, he reflects on his time as an intern at Parse.ly

Today, I leave Parse.ly after 20 months of work that took me from writing web scrapers to diving deep into semantic web standards to designing mobile SDKs.",max,0.0
control,77,"In this post, he reflects on his time as an intern at Parse.ly

Today, I leave Parse.ly after 20 months of work that took me from writing web scrapers to diving deep into semantic web standards to designing mobile SDKs.",last,0.0
control,78,"I want them to be themselves and express their own thoughts, not mine!",mean,0.0
control,78,"I want them to be themselves and express their own thoughts, not mine!",max,0.0
control,78,"I want them to be themselves and express their own thoughts, not mine!",last,0.0
control,79,"For two generations of Salisburys, bookkeeping was both personal and practical.",mean,0.0
control,79,"For two generations of Salisburys, bookkeeping was both personal and practical.",max,0.0
control,79,"For two generations of Salisburys, bookkeeping was both personal and practical.",last,0.0
control,80,"“I think that’s where my anxieties over making mistakes started.”

As a kid, Le figured, her family was just like all the other Vietnamese families in the community.",mean,0.0
control,80,"“I think that’s where my anxieties over making mistakes started.”

As a kid, Le figured, her family was just like all the other Vietnamese families in the community.",max,0.0
control,80,"“I think that’s where my anxieties over making mistakes started.”

As a kid, Le figured, her family was just like all the other Vietnamese families in the community.",last,0.0
control,81,"Its big rally in Moscow in February included banners vilifying both the West and Russian opposition figures, and came just days before the assassination of opposition politician, Boris Nemtsov.",mean,0.0
control,81,"Its big rally in Moscow in February included banners vilifying both the West and Russian opposition figures, and came just days before the assassination of opposition politician, Boris Nemtsov.",max,0.0
control,81,"Its big rally in Moscow in February included banners vilifying both the West and Russian opposition figures, and came just days before the assassination of opposition politician, Boris Nemtsov.",last,0.0
control,82,[16] By April 2013 subscriber numbers neared two million.,mean,0.0
control,82,[16] By April 2013 subscriber numbers neared two million.,max,0.0
control,82,[16] By April 2013 subscriber numbers neared two million.,last,0.0
control,83,"""Despite whatever the President wants to say, the actual numbers don't add up.""",mean,0.0
control,83,"""Despite whatever the President wants to say, the actual numbers don't add up.""",max,0.0
control,83,"""Despite whatever the President wants to say, the actual numbers don't add up.""",last,0.0
control,84,"""They can go straight to hell"" - Mayor Gray on threat of Westboro Baptist to protest gay issues at Wilson High on Monday.",mean,0.0
control,84,"""They can go straight to hell"" - Mayor Gray on threat of Westboro Baptist to protest gay issues at Wilson High on Monday.",max,0.0
control,84,"""They can go straight to hell"" - Mayor Gray on threat of Westboro Baptist to protest gay issues at Wilson High on Monday.",last,0.0
control,85,"He radioed seemingly impossible instructions to Aman: Drop your tailhook, and we’ll push you out of here!",mean,0.0
control,85,"He radioed seemingly impossible instructions to Aman: Drop your tailhook, and we’ll push you out of here!",max,0.0
control,85,"He radioed seemingly impossible instructions to Aman: Drop your tailhook, and we’ll push you out of here!",last,0.0
control,86,"It will encourage me to become a despot because I now can interpret the law itself and it is final,” he said.",mean,0.0
control,86,"It will encourage me to become a despot because I now can interpret the law itself and it is final,” he said.",max,0.0
control,86,"It will encourage me to become a despot because I now can interpret the law itself and it is final,” he said.",last,0.0
control,87,"Alliance Jiu-Jitsu Sao Paulo (Sao Paulo, Brazil)

The Alliance of Sao Paulo Academy is the team head office in Brazil, the home of world champions as Rubens “Cobrinha” Charles, Gabi Garcia, Bernardo Faria, Marcelo Garcia, Lucas Lepri, Sergio Moraes, Michael Langhi, Tarsis Humphreys and others.",mean,0.0
control,87,"Alliance Jiu-Jitsu Sao Paulo (Sao Paulo, Brazil)

The Alliance of Sao Paulo Academy is the team head office in Brazil, the home of world champions as Rubens “Cobrinha” Charles, Gabi Garcia, Bernardo Faria, Marcelo Garcia, Lucas Lepri, Sergio Moraes, Michael Langhi, Tarsis Humphreys and others.",max,0.0
control,87,"Alliance Jiu-Jitsu Sao Paulo (Sao Paulo, Brazil)

The Alliance of Sao Paulo Academy is the team head office in Brazil, the home of world champions as Rubens “Cobrinha” Charles, Gabi Garcia, Bernardo Faria, Marcelo Garcia, Lucas Lepri, Sergio Moraes, Michael Langhi, Tarsis Humphreys and others.",last,0.0
control,88,The time interval counter is going to show us the time difference between these two clock ticks.,mean,0.0
control,88,The time interval counter is going to show us the time difference between these two clock ticks.,max,0.0
control,88,The time interval counter is going to show us the time difference between these two clock ticks.,last,0.0
control,89,"Areas attracting crank ideas [ edit ]

Elementary proof [ edit ]

Elementary proof refers to the use of only basic mathematics, and has different meanings in different fields.",mean,0.0
control,89,"Areas attracting crank ideas [ edit ]

Elementary proof [ edit ]

Elementary proof refers to the use of only basic mathematics, and has different meanings in different fields.",max,0.0
control,89,"Areas attracting crank ideas [ edit ]

Elementary proof [ edit ]

Elementary proof refers to the use of only basic mathematics, and has different meanings in different fields.",last,0.0
control,90,"Bradley is good enough in the latter role, but it takes him away from the sort of game he prefers; smart, low-risk, tightly controlled.",mean,0.898436427116394
control,90,"Bradley is good enough in the latter role, but it takes him away from the sort of game he prefers; smart, low-risk, tightly controlled.",max,16.293865203857422
control,90,"Bradley is good enough in the latter role, but it takes him away from the sort of game he prefers; smart, low-risk, tightly controlled.",last,0.0
control,91,Limbaugh highlighted the interview right away.,mean,0.0
control,91,Limbaugh highlighted the interview right away.,max,0.0
control,91,Limbaugh highlighted the interview right away.,last,0.0
control,92,Kinda stoked...I wonder if their drummer will return for the recording of it?,mean,0.0
control,92,Kinda stoked...I wonder if their drummer will return for the recording of it?,max,0.0
control,92,Kinda stoked...I wonder if their drummer will return for the recording of it?,last,0.0
control,93,"Christie fired Kelly in January when an email from her to Wildstein surfaced stating, ""Time for some traffic problems in Fort Lee.""",mean,0.0
control,93,"Christie fired Kelly in January when an email from her to Wildstein surfaced stating, ""Time for some traffic problems in Fort Lee.""",max,0.0
control,93,"Christie fired Kelly in January when an email from her to Wildstein surfaced stating, ""Time for some traffic problems in Fort Lee.""",last,0.0
control,94,"However, web storage is a much more powerful version of data storage that offers more security, speed, and ease of use.",mean,0.0
control,94,"However, web storage is a much more powerful version of data storage that offers more security, speed, and ease of use.",max,0.0
control,94,"However, web storage is a much more powerful version of data storage that offers more security, speed, and ease of use.",last,0.0
control,95,He further added that 80 percent of Damascus province has been covered by the peace agreement and more talks are underway to bring the remaining 20 percent to the peace negotiations.,mean,0.0
control,95,He further added that 80 percent of Damascus province has been covered by the peace agreement and more talks are underway to bring the remaining 20 percent to the peace negotiations.,max,0.0
control,95,He further added that 80 percent of Damascus province has been covered by the peace agreement and more talks are underway to bring the remaining 20 percent to the peace negotiations.,last,0.0
control,96,"ReNew focusses on the beginning of abusive, controlling or coercive behaviours—whether it is threats, verbal abuse, intimidation, or punching holes in the wall.",mean,0.0
control,96,"ReNew focusses on the beginning of abusive, controlling or coercive behaviours—whether it is threats, verbal abuse, intimidation, or punching holes in the wall.",max,0.0
control,96,"ReNew focusses on the beginning of abusive, controlling or coercive behaviours—whether it is threats, verbal abuse, intimidation, or punching holes in the wall.",last,0.0
control,97,Legend has it that the box-shaped Ark has been hidden from sight in Ethiopia since 642 BC.,mean,0.0
control,97,Legend has it that the box-shaped Ark has been hidden from sight in Ethiopia since 642 BC.,max,0.0
control,97,Legend has it that the box-shaped Ark has been hidden from sight in Ethiopia since 642 BC.,last,0.0
control,98,"Maybe your favorite staff member!We also included a one gm per game rule, so TL Strategy doesn't destroy everyone.",mean,0.0
control,98,"Maybe your favorite staff member!We also included a one gm per game rule, so TL Strategy doesn't destroy everyone.",max,0.0
control,98,"Maybe your favorite staff member!We also included a one gm per game rule, so TL Strategy doesn't destroy everyone.",last,0.0
control,99,But why did we feel this way?,mean,0.0
control,99,But why did we feel this way?,max,0.0
control,99,But why did we feel this way?,last,0.0
control,100,Austin became one of the “sanctuary cities” that the new president had vowed to bring to heel.,mean,0.0
control,100,Austin became one of the “sanctuary cities” that the new president had vowed to bring to heel.,max,0.0
control,100,Austin became one of the “sanctuary cities” that the new president had vowed to bring to heel.,last,0.0
control,101,The plant’s construction costs were initially estimated at around 3.2 billion euros.,mean,0.0
control,101,The plant’s construction costs were initially estimated at around 3.2 billion euros.,max,0.0
control,101,The plant’s construction costs were initially estimated at around 3.2 billion euros.,last,0.0
control,102,"“I'm certainly touched,” when people say it’s the feel-good story of the year, he said.",mean,0.0
control,102,"“I'm certainly touched,” when people say it’s the feel-good story of the year, he said.",max,0.0
control,102,"“I'm certainly touched,” when people say it’s the feel-good story of the year, he said.",last,0.0
control,103,"Sainz and Massa crash out

Starting from pole position after setting a new track record in qualifying on Saturday, Hamilton had got a solid launch off the grid and held the lead into turn 1.",mean,0.0
control,103,"Sainz and Massa crash out

Starting from pole position after setting a new track record in qualifying on Saturday, Hamilton had got a solid launch off the grid and held the lead into turn 1.",max,0.0
control,103,"Sainz and Massa crash out

Starting from pole position after setting a new track record in qualifying on Saturday, Hamilton had got a solid launch off the grid and held the lead into turn 1.",last,0.0
control,104,"This, friends, was no ordinary homer.",mean,0.0
control,104,"This, friends, was no ordinary homer.",max,0.0
control,104,"This, friends, was no ordinary homer.",last,0.0
control,105,Members of the 501st Legion Star Wars also visited with the children and their families.,mean,0.0
control,105,Members of the 501st Legion Star Wars also visited with the children and their families.,max,0.0
control,105,Members of the 501st Legion Star Wars also visited with the children and their families.,last,0.0
control,106,They will cost $25 when for sale in June.,mean,0.0
control,106,They will cost $25 when for sale in June.,max,0.0
control,106,They will cost $25 when for sale in June.,last,0.0
control,107,"Cum for me baby, fuck me like it's the last time,"" so he does, and she tells him she wants a divorce.",mean,0.0
control,107,"Cum for me baby, fuck me like it's the last time,"" so he does, and she tells him she wants a divorce.",max,0.0
control,107,"Cum for me baby, fuck me like it's the last time,"" so he does, and she tells him she wants a divorce.",last,0.0
control,108,Is their current form sustainable in your opinion?,mean,2.7983717918395996
control,108,Is their current form sustainable in your opinion?,max,15.025127410888672
control,108,Is their current form sustainable in your opinion?,last,15.025127410888672
control,109,"(12) An application or appeal must not be made under this section unless at least 30 days' notice of the hearing of the application has been served on the registrar general, accompanied by (a) a statement of the particulars of the application, and (b) a copy of each paper intended to be produced to the court on the hearing of the application or appeal.",mean,0.0
control,109,"(12) An application or appeal must not be made under this section unless at least 30 days' notice of the hearing of the application has been served on the registrar general, accompanied by (a) a statement of the particulars of the application, and (b) a copy of each paper intended to be produced to the court on the hearing of the application or appeal.",max,0.0
control,109,"(12) An application or appeal must not be made under this section unless at least 30 days' notice of the hearing of the application has been served on the registrar general, accompanied by (a) a statement of the particulars of the application, and (b) a copy of each paper intended to be produced to the court on the hearing of the application or appeal.",last,0.0
control,110,The Ropak prospectus also disclosed the S.E.C.,mean,0.0
control,110,The Ropak prospectus also disclosed the S.E.C.,max,0.0
control,110,The Ropak prospectus also disclosed the S.E.C.,last,0.0
control,111,"The remainder of the file is more of the same, but we'll leave the analysis to you in the Study Drills.",mean,0.0
control,111,"The remainder of the file is more of the same, but we'll leave the analysis to you in the Study Drills.",max,0.0
control,111,"The remainder of the file is more of the same, but we'll leave the analysis to you in the Study Drills.",last,0.0
control,112,"""He's one of those guys that if you tell him he can't do it, he'll get himself in position to succeed.""",mean,0.0
control,112,"""He's one of those guys that if you tell him he can't do it, he'll get himself in position to succeed.""",max,0.0
control,112,"""He's one of those guys that if you tell him he can't do it, he'll get himself in position to succeed.""",last,0.0
control,113,It is another very complex issue.,mean,0.0
control,113,It is another very complex issue.,max,0.0
control,113,It is another very complex issue.,last,0.0
control,114,"Not to be confused with Einstein Medical Center

Coordinates:

The Albert Einstein College of Medicine (""Einstein"" for short), a joint entity between Montefiore Medical Center and Yeshiva University (until 2018), is a private, not-for-profit, nonsectarian medical school located in the Morris Park neighborhood of the Bronx in New York City.",mean,0.0
control,114,"Not to be confused with Einstein Medical Center

Coordinates:

The Albert Einstein College of Medicine (""Einstein"" for short), a joint entity between Montefiore Medical Center and Yeshiva University (until 2018), is a private, not-for-profit, nonsectarian medical school located in the Morris Park neighborhood of the Bronx in New York City.",max,0.0
control,114,"Not to be confused with Einstein Medical Center

Coordinates:

The Albert Einstein College of Medicine (""Einstein"" for short), a joint entity between Montefiore Medical Center and Yeshiva University (until 2018), is a private, not-for-profit, nonsectarian medical school located in the Morris Park neighborhood of the Bronx in New York City.",last,0.0
control,115,"Because there is such an emphasis on how well a team can support and enable its main DPS players, it makes sense that the team with the most well-rounded performance should come out on top, but good vibes and a positive attitude aren't enough.",mean,0.0
control,115,"Because there is such an emphasis on how well a team can support and enable its main DPS players, it makes sense that the team with the most well-rounded performance should come out on top, but good vibes and a positive attitude aren't enough.",max,0.0
control,115,"Because there is such an emphasis on how well a team can support and enable its main DPS players, it makes sense that the team with the most well-rounded performance should come out on top, but good vibes and a positive attitude aren't enough.",last,0.0
control,116,Shrinking the holographic screens is a must.,mean,0.0
control,116,Shrinking the holographic screens is a must.,max,0.0
control,116,Shrinking the holographic screens is a must.,last,0.0
control,117,"More than 100 businesses in the county accept the virtual currency, and starting Thursday there are 6 Bitcoin ATMs, with plans for more.",mean,0.0
control,117,"More than 100 businesses in the county accept the virtual currency, and starting Thursday there are 6 Bitcoin ATMs, with plans for more.",max,0.0
control,117,"More than 100 businesses in the county accept the virtual currency, and starting Thursday there are 6 Bitcoin ATMs, with plans for more.",last,0.0
control,118,"We say ‘Never again,’ but it’s time we meant it, and it starts with holding Assad accountable.”

Join Jerusalem Post Premium Plus now for just $5 and upgrade your experience with an ads-free website and exclusive content.",mean,0.0
control,118,"We say ‘Never again,’ but it’s time we meant it, and it starts with holding Assad accountable.”

Join Jerusalem Post Premium Plus now for just $5 and upgrade your experience with an ads-free website and exclusive content.",max,0.0
control,118,"We say ‘Never again,’ but it’s time we meant it, and it starts with holding Assad accountable.”

Join Jerusalem Post Premium Plus now for just $5 and upgrade your experience with an ads-free website and exclusive content.",last,0.0
control,119,These are usually the easiest bugs to work on as a maintainer.,mean,0.0
control,119,These are usually the easiest bugs to work on as a maintainer.,max,0.0
control,119,These are usually the easiest bugs to work on as a maintainer.,last,0.0
control,120,What Makes Two-Headed Giant So Much Fun?,mean,0.0
control,120,What Makes Two-Headed Giant So Much Fun?,max,0.0
control,120,What Makes Two-Headed Giant So Much Fun?,last,0.0
control,121,But I have to keep the rest of this place in some kind of condition.,mean,0.0
control,121,But I have to keep the rest of this place in some kind of condition.,max,0.0
control,121,But I have to keep the rest of this place in some kind of condition.,last,0.0
control,122,"The phone hacking scandal exposed a louche, selfish, privileged metropolitan elite at the heart of British public life.",mean,0.0
control,122,"The phone hacking scandal exposed a louche, selfish, privileged metropolitan elite at the heart of British public life.",max,0.0
control,122,"The phone hacking scandal exposed a louche, selfish, privileged metropolitan elite at the heart of British public life.",last,0.0
control,123,"Ask My Buddy

Accidents happen and when they do you don't always have the time—or ability—to get to the phone.",mean,0.0
control,123,"Ask My Buddy

Accidents happen and when they do you don't always have the time—or ability—to get to the phone.",max,0.0
control,123,"Ask My Buddy

Accidents happen and when they do you don't always have the time—or ability—to get to the phone.",last,0.0
control,124,"The eerie part is this sound, and Squidward's sobbing, sounded real, as if the sound wasn't coming from the speakers but as if the speakers were holes the sound was coming through from the other side.",mean,0.0
control,124,"The eerie part is this sound, and Squidward's sobbing, sounded real, as if the sound wasn't coming from the speakers but as if the speakers were holes the sound was coming through from the other side.",max,0.0
control,124,"The eerie part is this sound, and Squidward's sobbing, sounded real, as if the sound wasn't coming from the speakers but as if the speakers were holes the sound was coming through from the other side.",last,0.0
control,125,"Be team oriented, willingness to share processes and ideas with other team members.",mean,0.0
control,125,"Be team oriented, willingness to share processes and ideas with other team members.",max,0.0
control,125,"Be team oriented, willingness to share processes and ideas with other team members.",last,0.0
control,126,"When you have MTV News layoffs and countless publications pivoting to video and moving further away from long-form writing, it’s easy to question whether this is the right path.",mean,0.0
control,126,"When you have MTV News layoffs and countless publications pivoting to video and moving further away from long-form writing, it’s easy to question whether this is the right path.",max,0.0
control,126,"When you have MTV News layoffs and countless publications pivoting to video and moving further away from long-form writing, it’s easy to question whether this is the right path.",last,0.0
control,127,"(The first four episodes all take place in and around Bangkok, lending it more of a unified feel than prior years.)",mean,0.0
control,127,"(The first four episodes all take place in and around Bangkok, lending it more of a unified feel than prior years.)",max,0.0
control,127,"(The first four episodes all take place in and around Bangkok, lending it more of a unified feel than prior years.)",last,0.0
control,128,And she’s Dutch.,mean,0.0
control,128,And she’s Dutch.,max,0.0
control,128,And she’s Dutch.,last,0.0
control,129,This act of freewill requires introspection and spiritual acumen to act from a place of true understanding.,mean,0.0
control,129,This act of freewill requires introspection and spiritual acumen to act from a place of true understanding.,max,0.0
control,129,This act of freewill requires introspection and spiritual acumen to act from a place of true understanding.,last,0.0
control,130,"Thousands of other people have poured out of the county, walking for days to reach displacement camps like one in Ganyiel.",mean,0.0
control,130,"Thousands of other people have poured out of the county, walking for days to reach displacement camps like one in Ganyiel.",max,0.0
control,130,"Thousands of other people have poured out of the county, walking for days to reach displacement camps like one in Ganyiel.",last,0.0
control,131,Almost every oil company and subsidiary is on this list.,mean,0.0
control,131,Almost every oil company and subsidiary is on this list.,max,0.0
control,131,Almost every oil company and subsidiary is on this list.,last,0.0
control,132,The lawsuit aims to compensate Calli for what she has suffered since the shooting.,mean,0.0
control,132,The lawsuit aims to compensate Calli for what she has suffered since the shooting.,max,0.0
control,132,The lawsuit aims to compensate Calli for what she has suffered since the shooting.,last,0.0
control,133,"For example, Cleveland Clinic CEO Toby Cosgrove had served on one of the disbanded business councils.",mean,0.0
control,133,"For example, Cleveland Clinic CEO Toby Cosgrove had served on one of the disbanded business councils.",max,0.0
control,133,"For example, Cleveland Clinic CEO Toby Cosgrove had served on one of the disbanded business councils.",last,0.0
control,134,"every minute, Schimmack cautioned.",mean,0.0
control,134,"every minute, Schimmack cautioned.",max,0.0
control,134,"every minute, Schimmack cautioned.",last,0.0
control,135,I currently serve as Co-Chair of The Fourth Congressional District of the Green Party.,mean,0.0
control,135,I currently serve as Co-Chair of The Fourth Congressional District of the Green Party.,max,0.0
control,135,I currently serve as Co-Chair of The Fourth Congressional District of the Green Party.,last,0.0
control,136,Steve Bannon.,mean,0.0
control,136,Steve Bannon.,max,0.0
control,136,Steve Bannon.,last,0.0
control,137,"For example, while the North American Free Trade Agreement is routinely criticized as sending American jobs abroad, data from the Peterson Institute shows that in the seven years after the pact’s passage, nearly 17 million jobs were added in this country and unemployment fell to 4.0 percent, from 6.9 percent.",mean,0.0
control,137,"For example, while the North American Free Trade Agreement is routinely criticized as sending American jobs abroad, data from the Peterson Institute shows that in the seven years after the pact’s passage, nearly 17 million jobs were added in this country and unemployment fell to 4.0 percent, from 6.9 percent.",max,0.0
control,137,"For example, while the North American Free Trade Agreement is routinely criticized as sending American jobs abroad, data from the Peterson Institute shows that in the seven years after the pact’s passage, nearly 17 million jobs were added in this country and unemployment fell to 4.0 percent, from 6.9 percent.",last,0.0
control,138,"Instead, the person quietly returns to post on WND forums in a different incarnation, perhaps using a different username, IP address or email.",mean,0.0
control,138,"Instead, the person quietly returns to post on WND forums in a different incarnation, perhaps using a different username, IP address or email.",max,0.0
control,138,"Instead, the person quietly returns to post on WND forums in a different incarnation, perhaps using a different username, IP address or email.",last,0.0
control,139,“Eu i-am solicitat expres sa aleaga si a ales: si-a dat demisia din ONG“.,mean,0.0
control,139,“Eu i-am solicitat expres sa aleaga si a ales: si-a dat demisia din ONG“.,max,0.0
control,139,“Eu i-am solicitat expres sa aleaga si a ales: si-a dat demisia din ONG“.,last,0.0
control,140,The polls encompass the period from October 3 to October 12.,mean,0.0
control,140,The polls encompass the period from October 3 to October 12.,max,0.0
control,140,The polls encompass the period from October 3 to October 12.,last,0.0
control,141,"It is arresting that such a place could be a major, indispensable economic power, notwithstanding the irreducible human-capital potentialities of a country of a billion-plus persons.",mean,0.0
control,141,"It is arresting that such a place could be a major, indispensable economic power, notwithstanding the irreducible human-capital potentialities of a country of a billion-plus persons.",max,0.0
control,141,"It is arresting that such a place could be a major, indispensable economic power, notwithstanding the irreducible human-capital potentialities of a country of a billion-plus persons.",last,0.0
control,142,"Remember the ""Climate of Hate,"" where it was posited that somehow Sarah Palin had inspired a deranged man obsessed with the mind-control patterns of regular English grammar to shoot a Representative who didn't take his theories about grammar seriously?",mean,0.0
control,142,"Remember the ""Climate of Hate,"" where it was posited that somehow Sarah Palin had inspired a deranged man obsessed with the mind-control patterns of regular English grammar to shoot a Representative who didn't take his theories about grammar seriously?",max,0.0
control,142,"Remember the ""Climate of Hate,"" where it was posited that somehow Sarah Palin had inspired a deranged man obsessed with the mind-control patterns of regular English grammar to shoot a Representative who didn't take his theories about grammar seriously?",last,0.0
control,143,Marcus Davidsson is another professional SHL pick.,mean,0.0
control,143,Marcus Davidsson is another professional SHL pick.,max,0.0
control,143,Marcus Davidsson is another professional SHL pick.,last,0.0
control,144,"""However over time when I was gone from home, they've seen the beauty of eSports.",mean,0.0
control,144,"""However over time when I was gone from home, they've seen the beauty of eSports.",max,0.0
control,144,"""However over time when I was gone from home, they've seen the beauty of eSports.",last,0.0
control,145,Tate and Bennett were taken to Portland hospitals with injuries that did not appear to be life threatening.,mean,0.0
control,145,Tate and Bennett were taken to Portland hospitals with injuries that did not appear to be life threatening.,max,0.0
control,145,Tate and Bennett were taken to Portland hospitals with injuries that did not appear to be life threatening.,last,0.0
control,146,"Photo: 123RF

The study from San Diego School of Medicine published in the Journal of the American Medical Association this week tested urine samples from 100 randomly selected men and women between 1993 and 2016.",mean,0.0
control,146,"Photo: 123RF

The study from San Diego School of Medicine published in the Journal of the American Medical Association this week tested urine samples from 100 randomly selected men and women between 1993 and 2016.",max,0.0
control,146,"Photo: 123RF

The study from San Diego School of Medicine published in the Journal of the American Medical Association this week tested urine samples from 100 randomly selected men and women between 1993 and 2016.",last,0.0
control,147,[HT @HistoricalRyan],mean,0.0
control,147,[HT @HistoricalRyan],max,0.0
control,147,[HT @HistoricalRyan],last,0.0
control,148,"Rex Mundi hacking team at the expiration of the ultimatum for the payment of the requested payment of 10,000 Euros has leaked online confidential data related to bank customers.",mean,0.0
control,148,"Rex Mundi hacking team at the expiration of the ultimatum for the payment of the requested payment of 10,000 Euros has leaked online confidential data related to bank customers.",max,0.0
control,148,"Rex Mundi hacking team at the expiration of the ultimatum for the payment of the requested payment of 10,000 Euros has leaked online confidential data related to bank customers.",last,0.0
control,149,"This would force 37 of the populous state's 42 clinics to close, according to opponents.",mean,0.0
control,149,"This would force 37 of the populous state's 42 clinics to close, according to opponents.",max,0.0
control,149,"This would force 37 of the populous state's 42 clinics to close, according to opponents.",last,0.0
control,150,"The debates and the rounds of voting are expected to last until the end of next week, and the proposal would need a qualified majority — at least 330 of the 550 deputies — on each",mean,0.0
control,150,"The debates and the rounds of voting are expected to last until the end of next week, and the proposal would need a qualified majority — at least 330 of the 550 deputies — on each",max,0.0
control,150,"The debates and the rounds of voting are expected to last until the end of next week, and the proposal would need a qualified majority — at least 330 of the 550 deputies — on each",last,0.0
control,151,"""During the polls, the Prime Minister had attacked the then government (led by Manmohan Singh) for the rupee downfall, but now that he is in power for the past 15 months, the currency downfall continues,"" AAP leader Ashutosh said.He added that Mr Modi had promised several reforms to boost the economy, but that has not been able to make any impact on the economy.",mean,0.0
control,151,"""During the polls, the Prime Minister had attacked the then government (led by Manmohan Singh) for the rupee downfall, but now that he is in power for the past 15 months, the currency downfall continues,"" AAP leader Ashutosh said.He added that Mr Modi had promised several reforms to boost the economy, but that has not been able to make any impact on the economy.",max,0.0
control,151,"""During the polls, the Prime Minister had attacked the then government (led by Manmohan Singh) for the rupee downfall, but now that he is in power for the past 15 months, the currency downfall continues,"" AAP leader Ashutosh said.He added that Mr Modi had promised several reforms to boost the economy, but that has not been able to make any impact on the economy.",last,0.0
control,152,What if you’re traumatized by your cruise?,mean,0.0
control,152,What if you’re traumatized by your cruise?,max,0.0
control,152,What if you’re traumatized by your cruise?,last,0.0
control,153,"Wise decision to let people know it's not a recipe to generate an Exalted Orb :) My thoughts: Everybody will think it's Exalted Orb, but in the end it won't and people will be mad.Then I read this:Wise decision to let people know it's not a recipe to generate an Exalted Orb :) Posted by Reizoko

on on Quote this Post

they're our orbs and we want them now!",mean,0.0
control,153,"Wise decision to let people know it's not a recipe to generate an Exalted Orb :) My thoughts: Everybody will think it's Exalted Orb, but in the end it won't and people will be mad.Then I read this:Wise decision to let people know it's not a recipe to generate an Exalted Orb :) Posted by Reizoko

on on Quote this Post

they're our orbs and we want them now!",max,0.0
control,153,"Wise decision to let people know it's not a recipe to generate an Exalted Orb :) My thoughts: Everybody will think it's Exalted Orb, but in the end it won't and people will be mad.Then I read this:Wise decision to let people know it's not a recipe to generate an Exalted Orb :) Posted by Reizoko

on on Quote this Post

they're our orbs and we want them now!",last,0.0
control,154,"All other games scheduled for Monday night would go forward, according to the release issued by Parks and Rec Communications Supervisor Mike McLaughlin.",mean,0.0
control,154,"All other games scheduled for Monday night would go forward, according to the release issued by Parks and Rec Communications Supervisor Mike McLaughlin.",max,0.0
control,154,"All other games scheduled for Monday night would go forward, according to the release issued by Parks and Rec Communications Supervisor Mike McLaughlin.",last,0.0
control,155,"""Hard disk, hard disk...hmmm -- is that little rectangle in the top right?""",mean,0.0
control,155,"""Hard disk, hard disk...hmmm -- is that little rectangle in the top right?""",max,0.0
control,155,"""Hard disk, hard disk...hmmm -- is that little rectangle in the top right?""",last,0.0
control,156,"The company can't apply an automated, blanket credit ""because the impact was varied.""",mean,0.0
control,156,"The company can't apply an automated, blanket credit ""because the impact was varied.""",max,0.0
control,156,"The company can't apply an automated, blanket credit ""because the impact was varied.""",last,0.0
control,157,"So, we’ll worry about it later and we’ll make something happen.” And somehow it did happen.",mean,0.0
control,157,"So, we’ll worry about it later and we’ll make something happen.” And somehow it did happen.",max,0.0
control,157,"So, we’ll worry about it later and we’ll make something happen.” And somehow it did happen.",last,0.0
control,158,"h/t Inside Higher Ed

MORE: Appeals court reinstates reverse discrimination case against Columbia

Like The College Fix on Facebook / Follow us on Twitter

IMAGE: CLS Digital Arts/Shutterstock",mean,0.0
control,158,"h/t Inside Higher Ed

MORE: Appeals court reinstates reverse discrimination case against Columbia

Like The College Fix on Facebook / Follow us on Twitter

IMAGE: CLS Digital Arts/Shutterstock",max,0.0
control,158,"h/t Inside Higher Ed

MORE: Appeals court reinstates reverse discrimination case against Columbia

Like The College Fix on Facebook / Follow us on Twitter

IMAGE: CLS Digital Arts/Shutterstock",last,0.0
control,159,"Hales said that at Cengage, which has been offering inclusive access for around four years, they are now starting to see some institutions going “all in” on the model, and more “seriously considering” the same.",mean,0.0
control,159,"Hales said that at Cengage, which has been offering inclusive access for around four years, they are now starting to see some institutions going “all in” on the model, and more “seriously considering” the same.",max,0.0
control,159,"Hales said that at Cengage, which has been offering inclusive access for around four years, they are now starting to see some institutions going “all in” on the model, and more “seriously considering” the same.",last,0.0
control,160,"George Owen, 21, was subjected to a 19-month court ordeal after the 19-year-old woman claimed he forced himself on her as they left a bar at Millgate shopping centre in Bury, Greater Manchester.",mean,0.0
control,160,"George Owen, 21, was subjected to a 19-month court ordeal after the 19-year-old woman claimed he forced himself on her as they left a bar at Millgate shopping centre in Bury, Greater Manchester.",max,0.0
control,160,"George Owen, 21, was subjected to a 19-month court ordeal after the 19-year-old woman claimed he forced himself on her as they left a bar at Millgate shopping centre in Bury, Greater Manchester.",last,0.0
control,161,But two senior administration officials and another federal official then told Townsend that there had been a misunderstanding among officials and that no one has been arrested.,mean,0.0
control,161,But two senior administration officials and another federal official then told Townsend that there had been a misunderstanding among officials and that no one has been arrested.,max,0.0
control,161,But two senior administration officials and another federal official then told Townsend that there had been a misunderstanding among officials and that no one has been arrested.,last,0.0
control,162,It passed the state legislature with flying colors and not a single dissenting vote and now awaits Governor Jerry Brown's signature to become law.,mean,0.0
control,162,It passed the state legislature with flying colors and not a single dissenting vote and now awaits Governor Jerry Brown's signature to become law.,max,0.0
control,162,It passed the state legislature with flying colors and not a single dissenting vote and now awaits Governor Jerry Brown's signature to become law.,last,0.0
control,163,"“The IOC will continue to monitor the situation very closely and work with the WHO, and we’re confident as we’ve been advised by the experts that the situation will improve over the next three months.”",mean,0.0
control,163,"“The IOC will continue to monitor the situation very closely and work with the WHO, and we’re confident as we’ve been advised by the experts that the situation will improve over the next three months.”",max,0.0
control,163,"“The IOC will continue to monitor the situation very closely and work with the WHO, and we’re confident as we’ve been advised by the experts that the situation will improve over the next three months.”",last,0.0
control,164,"Especially embarrassing for Limbaugh was the fact that WIBC is sticking with its conservative talk radio lineup, it just no longer wanted Limbaugh to be a part of it.",mean,0.0
control,164,"Especially embarrassing for Limbaugh was the fact that WIBC is sticking with its conservative talk radio lineup, it just no longer wanted Limbaugh to be a part of it.",max,0.0
control,164,"Especially embarrassing for Limbaugh was the fact that WIBC is sticking with its conservative talk radio lineup, it just no longer wanted Limbaugh to be a part of it.",last,0.0
control,165,Was it merely an issue of limited resources or man hours?,mean,0.0
control,165,Was it merely an issue of limited resources or man hours?,max,0.0
control,165,Was it merely an issue of limited resources or man hours?,last,0.0
control,166,I personally own the Happinet Edition (bought from CD Japan – no problems with shipping to the US) and it is an extremely clean video transfer with solid audio.,mean,0.0
control,166,I personally own the Happinet Edition (bought from CD Japan – no problems with shipping to the US) and it is an extremely clean video transfer with solid audio.,max,0.0
control,166,I personally own the Happinet Edition (bought from CD Japan – no problems with shipping to the US) and it is an extremely clean video transfer with solid audio.,last,0.0
control,167,Endocannabinoids are cannabinoids naturally occurring in the body.,mean,0.0
control,167,Endocannabinoids are cannabinoids naturally occurring in the body.,max,0.0
control,167,Endocannabinoids are cannabinoids naturally occurring in the body.,last,0.0
control,168,"[24]

Famous historical cases [ edit ]

Famous instances of great economic and social mobility include Benjamin Franklin and Henry Ford,[3] Additional popular examples of upward social mobility between generations in America include Abraham Lincoln and Bill Clinton, who were born into working-class families yet achieved high political office in adult life.",mean,0.0
control,168,"[24]

Famous historical cases [ edit ]

Famous instances of great economic and social mobility include Benjamin Franklin and Henry Ford,[3] Additional popular examples of upward social mobility between generations in America include Abraham Lincoln and Bill Clinton, who were born into working-class families yet achieved high political office in adult life.",max,0.0
control,168,"[24]

Famous historical cases [ edit ]

Famous instances of great economic and social mobility include Benjamin Franklin and Henry Ford,[3] Additional popular examples of upward social mobility between generations in America include Abraham Lincoln and Bill Clinton, who were born into working-class families yet achieved high political office in adult life.",last,0.0
control,169,"But the expansion would depend on being successful on competitive bids, Hoffman added.",mean,0.0
control,169,"But the expansion would depend on being successful on competitive bids, Hoffman added.",max,0.0
control,169,"But the expansion would depend on being successful on competitive bids, Hoffman added.",last,0.0
control,170,The Lightning forward is tied for the league-lead in even strength points and has a league-best 12 first assists.,mean,0.0
control,170,The Lightning forward is tied for the league-lead in even strength points and has a league-best 12 first assists.,max,0.0
control,170,The Lightning forward is tied for the league-lead in even strength points and has a league-best 12 first assists.,last,0.0
control,171,"Mr. Kuntzman probably takes umbrage with Mother’s Day and apple pie, too.",mean,0.0
control,171,"Mr. Kuntzman probably takes umbrage with Mother’s Day and apple pie, too.",max,0.0
control,171,"Mr. Kuntzman probably takes umbrage with Mother’s Day and apple pie, too.",last,0.0
control,172,"[111]

2015: 1,000th victory, Wimbledon & US Open runner-ups

Federer started his season at the Brisbane International.",mean,0.43458986282348633
control,172,"[111]

2015: 1,000th victory, Wimbledon & US Open runner-ups

Federer started his season at the Brisbane International.",max,13.906875610351562
control,172,"[111]

2015: 1,000th victory, Wimbledon & US Open runner-ups

Federer started his season at the Brisbane International.",last,0.0
control,173,Everest Picture to see what I mean.,mean,0.0
control,173,Everest Picture to see what I mean.,max,0.0
control,173,Everest Picture to see what I mean.,last,0.0
control,174,"It's a fantasy epic that, judging by it's trailer, revolves around mermaids battling giant crocodiles and possibly engaging in interspecies romance with Spartan (?)",mean,0.0
control,174,"It's a fantasy epic that, judging by it's trailer, revolves around mermaids battling giant crocodiles and possibly engaging in interspecies romance with Spartan (?)",max,0.0
control,174,"It's a fantasy epic that, judging by it's trailer, revolves around mermaids battling giant crocodiles and possibly engaging in interspecies romance with Spartan (?)",last,0.0
control,175,.,mean,0.0
control,175,.,max,0.0
control,175,.,last,0.0
control,176,"Profondo rosso (Deep Red), Dir.",mean,0.0
control,176,"Profondo rosso (Deep Red), Dir.",max,0.0
control,176,"Profondo rosso (Deep Red), Dir.",last,0.0
control,177,"Gimp and XChat both do this, though both are just duplicating their horizontal main menu bar.",mean,0.0
control,177,"Gimp and XChat both do this, though both are just duplicating their horizontal main menu bar.",max,0.0
control,177,"Gimp and XChat both do this, though both are just duplicating their horizontal main menu bar.",last,0.0
control,178,"When those consumers click the link, Kraft encourages them to use the :D ""pudding face"" emoticon.",mean,0.0
control,178,"When those consumers click the link, Kraft encourages them to use the :D ""pudding face"" emoticon.",max,0.0
control,178,"When those consumers click the link, Kraft encourages them to use the :D ""pudding face"" emoticon.",last,0.0
control,179,"He grew up in rural central Oregon, lives now in Washington, D.C., and writes for The Weekly Standard.",mean,0.0
control,179,"He grew up in rural central Oregon, lives now in Washington, D.C., and writes for The Weekly Standard.",max,0.0
control,179,"He grew up in rural central Oregon, lives now in Washington, D.C., and writes for The Weekly Standard.",last,0.0
control,180,"For jagged young horrors like me, Dunn's book was both a weapon and a home.",mean,0.0
control,180,"For jagged young horrors like me, Dunn's book was both a weapon and a home.",max,0.0
control,180,"For jagged young horrors like me, Dunn's book was both a weapon and a home.",last,0.0
control,181,You can make a tax-deductible donation here.,mean,0.0
control,181,You can make a tax-deductible donation here.,max,0.0
control,181,You can make a tax-deductible donation here.,last,0.0
control,182,"He shows that people who seek to be likable tend to end up healthier, in better relationships, with more fulfilling work, and even live longer.",mean,0.0
control,182,"He shows that people who seek to be likable tend to end up healthier, in better relationships, with more fulfilling work, and even live longer.",max,0.0
control,182,"He shows that people who seek to be likable tend to end up healthier, in better relationships, with more fulfilling work, and even live longer.",last,0.0
control,183,"The other three numbers are obviously N 0 , 2 ~ 200, N 1 , 1 ~ 200, and N 1 , 2 ~ 200.",mean,0.0
control,183,"The other three numbers are obviously N 0 , 2 ~ 200, N 1 , 1 ~ 200, and N 1 , 2 ~ 200.",max,0.0
control,183,"The other three numbers are obviously N 0 , 2 ~ 200, N 1 , 1 ~ 200, and N 1 , 2 ~ 200.",last,0.0
control,184,Former Calgary Health CEO Jack Davis is also appealing the release of his expenses to CBC News.,mean,0.0
control,184,Former Calgary Health CEO Jack Davis is also appealing the release of his expenses to CBC News.,max,0.0
control,184,Former Calgary Health CEO Jack Davis is also appealing the release of his expenses to CBC News.,last,0.0
control,185,"Two weeks later, three members of the Panama Unit, including Jonathan Treviño and Alexis Espinoza, the son of Hidalgo Police Chief Rudy Espinoza, were indicted by a federal grand jury after an investigation by Immigration and Customs Enforcement and the FBI.",mean,0.0
control,185,"Two weeks later, three members of the Panama Unit, including Jonathan Treviño and Alexis Espinoza, the son of Hidalgo Police Chief Rudy Espinoza, were indicted by a federal grand jury after an investigation by Immigration and Customs Enforcement and the FBI.",max,0.0
control,185,"Two weeks later, three members of the Panama Unit, including Jonathan Treviño and Alexis Espinoza, the son of Hidalgo Police Chief Rudy Espinoza, were indicted by a federal grand jury after an investigation by Immigration and Customs Enforcement and the FBI.",last,0.0
control,186,"It is something that has been through British history for so long, since 1936.",mean,0.0
control,186,"It is something that has been through British history for so long, since 1936.",max,0.0
control,186,"It is something that has been through British history for so long, since 1936.",last,0.0
control,187,"[2] No Indian, it is evident, could have experience that water did not freeze in cold climates.",mean,0.0
control,187,"[2] No Indian, it is evident, could have experience that water did not freeze in cold climates.",max,0.0
control,187,"[2] No Indian, it is evident, could have experience that water did not freeze in cold climates.",last,0.0
control,188,We're here to see you and Robin.,mean,0.0
control,188,We're here to see you and Robin.,max,0.0
control,188,We're here to see you and Robin.,last,0.0
control,189,"There's a number of reasons why it made this leap, but the biggest may be the effects of World War I.",mean,0.0
control,189,"There's a number of reasons why it made this leap, but the biggest may be the effects of World War I.",max,0.0
control,189,"There's a number of reasons why it made this leap, but the biggest may be the effects of World War I.",last,0.0
control,190,"A spokesman for Games organisers Locog said taking a sandwich in a backpack, for example, should not be a problem, but that a picnic hamper or cool box was ‘likely to be an issue’.",mean,0.0
control,190,"A spokesman for Games organisers Locog said taking a sandwich in a backpack, for example, should not be a problem, but that a picnic hamper or cool box was ‘likely to be an issue’.",max,0.0
control,190,"A spokesman for Games organisers Locog said taking a sandwich in a backpack, for example, should not be a problem, but that a picnic hamper or cool box was ‘likely to be an issue’.",last,0.0
control,191,"This was neatly spelled out by Patrick Healy of the New York Times, who provided a preview of what it will look like if the press corps gets it into its collective head that it is the only thing standing between Clinton and a Democratic coronation:

Mrs. Clinton is not expected to face comparably aggressive opponents for her party’s nomination…Which leaves the news media.",mean,0.0
control,191,"This was neatly spelled out by Patrick Healy of the New York Times, who provided a preview of what it will look like if the press corps gets it into its collective head that it is the only thing standing between Clinton and a Democratic coronation:

Mrs. Clinton is not expected to face comparably aggressive opponents for her party’s nomination…Which leaves the news media.",max,0.0
control,191,"This was neatly spelled out by Patrick Healy of the New York Times, who provided a preview of what it will look like if the press corps gets it into its collective head that it is the only thing standing between Clinton and a Democratic coronation:

Mrs. Clinton is not expected to face comparably aggressive opponents for her party’s nomination…Which leaves the news media.",last,0.0
control,192,"He wants to transfer to a school closer to home (Norcross, Ga.) so his family can see him play.""",mean,0.0
control,192,"He wants to transfer to a school closer to home (Norcross, Ga.) so his family can see him play.""",max,0.0
control,192,"He wants to transfer to a school closer to home (Norcross, Ga.) so his family can see him play.""",last,0.0
control,193,"“There’s a terrific crowd of people who are loyal to the brand, but the beer is terrific.”

Yet the brand’s high-profile “beer ambassadors,” including professional athletes and musicians, alienated some in the local brewing fraternity.",mean,0.0
control,193,"“There’s a terrific crowd of people who are loyal to the brand, but the beer is terrific.”

Yet the brand’s high-profile “beer ambassadors,” including professional athletes and musicians, alienated some in the local brewing fraternity.",max,0.0
control,193,"“There’s a terrific crowd of people who are loyal to the brand, but the beer is terrific.”

Yet the brand’s high-profile “beer ambassadors,” including professional athletes and musicians, alienated some in the local brewing fraternity.",last,0.0
control,194,"1980's

B-29A s/n 44-87779 B-29A s/n 44-87779 B-29A Superfortress s/n 44-87779, ""Legal Eagle II,"" B-29 area, China Lake, 12 June 1985.",mean,0.0
control,194,"1980's

B-29A s/n 44-87779 B-29A s/n 44-87779 B-29A Superfortress s/n 44-87779, ""Legal Eagle II,"" B-29 area, China Lake, 12 June 1985.",max,0.0
control,194,"1980's

B-29A s/n 44-87779 B-29A s/n 44-87779 B-29A Superfortress s/n 44-87779, ""Legal Eagle II,"" B-29 area, China Lake, 12 June 1985.",last,0.0
control,195,"In June, the St. Paul Department of Human Rights and Equal Economic Opportunity found probable cause that the school violated the city’s human-rights ordinance.",mean,0.0
control,195,"In June, the St. Paul Department of Human Rights and Equal Economic Opportunity found probable cause that the school violated the city’s human-rights ordinance.",max,0.0
control,195,"In June, the St. Paul Department of Human Rights and Equal Economic Opportunity found probable cause that the school violated the city’s human-rights ordinance.",last,0.0
control,196,"Falsely declaring that they can know or understand the patterns of when the pager goes off is heretical and mocking of a larger, unknowable force.",mean,0.0
control,196,"Falsely declaring that they can know or understand the patterns of when the pager goes off is heretical and mocking of a larger, unknowable force.",max,0.0
control,196,"Falsely declaring that they can know or understand the patterns of when the pager goes off is heretical and mocking of a larger, unknowable force.",last,0.0
control,197,"“At the time, there were some as­sump­tions in place,” he said, cla­ri­fy­ing that the pro­ject would in fact be paid for by rev­en­ue from state bonds and Cali­for­nia’s new cap-and-trade law.",mean,0.0
control,197,"“At the time, there were some as­sump­tions in place,” he said, cla­ri­fy­ing that the pro­ject would in fact be paid for by rev­en­ue from state bonds and Cali­for­nia’s new cap-and-trade law.",max,0.0
control,197,"“At the time, there were some as­sump­tions in place,” he said, cla­ri­fy­ing that the pro­ject would in fact be paid for by rev­en­ue from state bonds and Cali­for­nia’s new cap-and-trade law.",last,0.0
control,198,"“Everybody in Vegas was affected one way or another,” Dunham says.",mean,0.0
control,198,"“Everybody in Vegas was affected one way or another,” Dunham says.",max,0.0
control,198,"“Everybody in Vegas was affected one way or another,” Dunham says.",last,0.0
control,199,"However, you can’t communicate if you can’t express yourself!",mean,0.0
control,199,"However, you can’t communicate if you can’t express yourself!",max,0.0
control,199,"However, you can’t communicate if you can’t express yourself!",last,0.0
