group,index,text,agg,val
target,0,"Besides, the AAP's membership drive is not as vibrant as the media hype surrounding it.",mean,23.264944076538086
target,0,"Besides, the AAP's membership drive is not as vibrant as the media hype surrounding it.",max,55.139469146728516
target,0,"Besides, the AAP's membership drive is not as vibrant as the media hype surrounding it.",last,35.85535430908203
target,1,Shri Parrikar was taken on a whirlwind tour of the massive complex spread across hundreds of acres of land and was briefed on the future expansion plans including the proposed naval air station and housing complex.,mean,26.778175354003906
target,1,Shri Parrikar was taken on a whirlwind tour of the massive complex spread across hundreds of acres of land and was briefed on the future expansion plans including the proposed naval air station and housing complex.,max,47.08235549926758
target,1,Shri Parrikar was taken on a whirlwind tour of the massive complex spread across hundreds of acres of land and was briefed on the future expansion plans including the proposed naval air station and housing complex.,last,34.02424621582031
target,2,But till date every bag made by the brand boasts of the same signature quality.,mean,28.750659942626953
target,2,But till date every bag made by the brand boasts of the same signature quality.,max,55.758182525634766
target,2,But till date every bag made by the brand boasts of the same signature quality.,last,43.576263427734375
target,3,CRPF personnel were also present.,mean,19.527708053588867
target,3,CRPF personnel were also present.,max,33.807125091552734
target,3,CRPF personnel were also present.,last,28.133522033691406
target,4,BANGALORE: Here’s some bad news for adventure buffs from Bangalore.,mean,26.193693161010742
target,4,BANGALORE: Here’s some bad news for adventure buffs from Bangalore.,max,45.223777770996094
target,4,BANGALORE: Here’s some bad news for adventure buffs from Bangalore.,last,45.223777770996094
target,5,Congress president Sonia Gandhi had flagged off these trucks fron New Delhi on Monday.,mean,22.876384735107422
target,5,Congress president Sonia Gandhi had flagged off these trucks fron New Delhi on Monday.,max,40.958946228027344
target,5,Congress president Sonia Gandhi had flagged off these trucks fron New Delhi on Monday.,last,29.85072135925293
target,6,"However, the CBI's idea to give a break in National Insurance contributions of newly hired youngsters is a welcome start.",mean,24.208507537841797
target,6,"However, the CBI's idea to give a break in National Insurance contributions of newly hired youngsters is a welcome start.",max,50.14838409423828
target,6,"However, the CBI's idea to give a break in National Insurance contributions of newly hired youngsters is a welcome start.",last,46.027225494384766
target,7,"jawans of the Indian Army and BSF in Gurez valley +

Spending time with our Forces gives me new energy.",mean,22.090232849121094
target,7,"jawans of the Indian Army and BSF in Gurez valley +

Spending time with our Forces gives me new energy.",max,38.380226135253906
target,7,"jawans of the Indian Army and BSF in Gurez valley +

Spending time with our Forces gives me new energy.",last,28.629104614257812
target,8,"The additional capacity will also help Intel India consolidate its R&D operations to a large extent at the SRR campus, the company said in a statement.“Karnataka has always been in the forefront when it comes to the IT industry, being the centre of investment, our Invest Karnataka initiative is proving its worth with such beneficial investments in the recent years.",mean,24.55533790588379
target,8,"The additional capacity will also help Intel India consolidate its R&D operations to a large extent at the SRR campus, the company said in a statement.“Karnataka has always been in the forefront when it comes to the IT industry, being the centre of investment, our Invest Karnataka initiative is proving its worth with such beneficial investments in the recent years.",max,44.89997863769531
target,8,"The additional capacity will also help Intel India consolidate its R&D operations to a large extent at the SRR campus, the company said in a statement.“Karnataka has always been in the forefront when it comes to the IT industry, being the centre of investment, our Invest Karnataka initiative is proving its worth with such beneficial investments in the recent years.",last,12.30183219909668
target,9,The bench passed the order despite counsel for Dr. Sen seeking adjournment of the matter.,mean,21.143085479736328
target,9,The bench passed the order despite counsel for Dr. Sen seeking adjournment of the matter.,max,39.57352066040039
target,9,The bench passed the order despite counsel for Dr. Sen seeking adjournment of the matter.,last,21.156951904296875
target,10,Sachin GIDC police had intimated the Income tax department officials to assist and interrogate all the four people.,mean,22.503414154052734
target,10,Sachin GIDC police had intimated the Income tax department officials to assist and interrogate all the four people.,max,39.244720458984375
target,10,Sachin GIDC police had intimated the Income tax department officials to assist and interrogate all the four people.,last,33.503013610839844
target,11,"Here CM Amarinder Singh, offsetting past reputation of vacillation, is working over time to address the grievances of the people who have thrown out the BJP-Akali combine in the recent Assembly polls.",mean,21.301530838012695
target,11,"Here CM Amarinder Singh, offsetting past reputation of vacillation, is working over time to address the grievances of the people who have thrown out the BJP-Akali combine in the recent Assembly polls.",max,36.04790496826172
target,11,"Here CM Amarinder Singh, offsetting past reputation of vacillation, is working over time to address the grievances of the people who have thrown out the BJP-Akali combine in the recent Assembly polls.",last,30.76679801940918
target,12,"Read: Aadhaar payment: Forget debit and credit cards, now pay bills with your thumb

First Published: Mar 08, 2017 21:41 IST",mean,20.834745407104492
target,12,"Read: Aadhaar payment: Forget debit and credit cards, now pay bills with your thumb

First Published: Mar 08, 2017 21:41 IST",max,43.31489562988281
target,12,"Read: Aadhaar payment: Forget debit and credit cards, now pay bills with your thumb

First Published: Mar 08, 2017 21:41 IST",last,20.863035202026367
target,13,"(As Karnataka places cooking gas subsidies under the ration card programme, unlike many other states, we had a bigger net.)",mean,21.019113540649414
target,13,"(As Karnataka places cooking gas subsidies under the ration card programme, unlike many other states, we had a bigger net.)",max,40.697349548339844
target,13,"(As Karnataka places cooking gas subsidies under the ration card programme, unlike many other states, we had a bigger net.)",last,23.011844635009766
target,14,"Also Read: Art of Living’s Yamuna event: NGT panel says rehabilitation to cost Rs42 crore

“The AOL had obtained all the necessary permission including the NGT’s.",mean,20.680788040161133
target,14,"Also Read: Art of Living’s Yamuna event: NGT panel says rehabilitation to cost Rs42 crore

“The AOL had obtained all the necessary permission including the NGT’s.",max,39.23255920410156
target,14,"Also Read: Art of Living’s Yamuna event: NGT panel says rehabilitation to cost Rs42 crore

“The AOL had obtained all the necessary permission including the NGT’s.",last,21.623748779296875
target,15,"The film has been received well in AP, thanks to no big releases in the state.",mean,22.05070686340332
target,15,"The film has been received well in AP, thanks to no big releases in the state.",max,38.12419128417969
target,15,"The film has been received well in AP, thanks to no big releases in the state.",last,30.869949340820312
target,16,Naidu's shifting positions have created confusion in the minds of voters about the TDP's real position.,mean,22.46170997619629
target,16,Naidu's shifting positions have created confusion in the minds of voters about the TDP's real position.,max,41.39093017578125
target,16,Naidu's shifting positions have created confusion in the minds of voters about the TDP's real position.,last,24.183317184448242
target,17,A committee headed by Revenue Secretary Hasmukh Adhia met exporters on Tuesday to look into the worries of the sector and assured faster relief.,mean,22.158058166503906
target,17,A committee headed by Revenue Secretary Hasmukh Adhia met exporters on Tuesday to look into the worries of the sector and assured faster relief.,max,44.29863357543945
target,17,A committee headed by Revenue Secretary Hasmukh Adhia met exporters on Tuesday to look into the worries of the sector and assured faster relief.,last,41.35484313964844
target,18,The Aam Aadmi Party (AAP) came back to power in Delhi in February 2015.,mean,23.224903106689453
target,18,The Aam Aadmi Party (AAP) came back to power in Delhi in February 2015.,max,49.30478286743164
target,18,The Aam Aadmi Party (AAP) came back to power in Delhi in February 2015.,last,27.184234619140625
target,19,"While Modi was to attend a string of events at the Dereka ground, DLW guest house and the army campus, almost all major schools in the town were shut owing to the ""VVIP movement"", said an informed source.",mean,24.003828048706055
target,19,"While Modi was to attend a string of events at the Dereka ground, DLW guest house and the army campus, almost all major schools in the town were shut owing to the ""VVIP movement"", said an informed source.",max,46.05614471435547
target,19,"While Modi was to attend a string of events at the Dereka ground, DLW guest house and the army campus, almost all major schools in the town were shut owing to the ""VVIP movement"", said an informed source.",last,38.19306182861328
target,20,"You have some great actors from the nation in your house, who are willing to give their advice, so why not take it,"" asked Abhishek, who likes to deal with criticism ""positively"".",mean,20.729942321777344
target,20,"You have some great actors from the nation in your house, who are willing to give their advice, so why not take it,"" asked Abhishek, who likes to deal with criticism ""positively"".",max,50.44294738769531
target,20,"You have some great actors from the nation in your house, who are willing to give their advice, so why not take it,"" asked Abhishek, who likes to deal with criticism ""positively"".",last,44.86406707763672
target,21,"P Vaidyanathan Iyer: In the last one year, the economy has been struggling to cross the 7-8 per cent growth mark.",mean,23.318073272705078
target,21,"P Vaidyanathan Iyer: In the last one year, the economy has been struggling to cross the 7-8 per cent growth mark.",max,38.841392517089844
target,21,"P Vaidyanathan Iyer: In the last one year, the economy has been struggling to cross the 7-8 per cent growth mark.",last,29.122142791748047
target,22,"""I had demanded an inquiry against Pachauri in a letter I wrote to Petroleum Minister Murli Deora some time back,"" he confirmed.",mean,21.53777503967285
target,22,"""I had demanded an inquiry against Pachauri in a letter I wrote to Petroleum Minister Murli Deora some time back,"" he confirmed.",max,47.94883728027344
target,22,"""I had demanded an inquiry against Pachauri in a letter I wrote to Petroleum Minister Murli Deora some time back,"" he confirmed.",last,26.31022071838379
target,23,"He commanded the Southern Command at Pune, whose orientation is in the desert areas, before assuming the appointment of VCOAS under Gen Singh.",mean,17.519723892211914
target,23,"He commanded the Southern Command at Pune, whose orientation is in the desert areas, before assuming the appointment of VCOAS under Gen Singh.",max,44.25389862060547
target,23,"He commanded the Southern Command at Pune, whose orientation is in the desert areas, before assuming the appointment of VCOAS under Gen Singh.",last,19.683626174926758
target,24,"Investigations have revealed that Kumar’s Mumbai-based aide would ask for call details of personalities, which the he procured and duly handed over during personal meetings at posh hotels of Delhi.",mean,20.59441375732422
target,24,"Investigations have revealed that Kumar’s Mumbai-based aide would ask for call details of personalities, which the he procured and duly handed over during personal meetings at posh hotels of Delhi.",max,39.96430969238281
target,24,"Investigations have revealed that Kumar’s Mumbai-based aide would ask for call details of personalities, which the he procured and duly handed over during personal meetings at posh hotels of Delhi.",last,39.96430969238281
target,25,"The National Commission for Women has decided to take suo motu cognisance of the allegations of Bollywood actress Preity Zinta against her former boyfriend and businessman Ness Wadia, and will conduct a detailed investigation into the case.",mean,19.248703002929688
target,25,"The National Commission for Women has decided to take suo motu cognisance of the allegations of Bollywood actress Preity Zinta against her former boyfriend and businessman Ness Wadia, and will conduct a detailed investigation into the case.",max,41.82537078857422
target,25,"The National Commission for Women has decided to take suo motu cognisance of the allegations of Bollywood actress Preity Zinta against her former boyfriend and businessman Ness Wadia, and will conduct a detailed investigation into the case.",last,28.843976974487305
target,26,"According to Harish -an organiser- more than 50,000 people will join the protest, with 7000-odd people expected to join from Vijayawada alone.",mean,17.569067001342773
target,26,"According to Harish -an organiser- more than 50,000 people will join the protest, with 7000-odd people expected to join from Vijayawada alone.",max,35.729766845703125
target,26,"According to Harish -an organiser- more than 50,000 people will join the protest, with 7000-odd people expected to join from Vijayawada alone.",last,35.729766845703125
target,27,"Advertising

Kejriwal also noted that there are a lot of good individuals in the bureaucracy, but despite that, governance has not improved.",mean,21.026742935180664
target,27,"Advertising

Kejriwal also noted that there are a lot of good individuals in the bureaucracy, but despite that, governance has not improved.",max,36.45768356323242
target,27,"Advertising

Kejriwal also noted that there are a lot of good individuals in the bureaucracy, but despite that, governance has not improved.",last,27.298120498657227
target,28,The plea had alleged that the Tamil Nadu ministers were bargaining with the central government for presidential assent for their proposed ordinance to exempt the Tamil Nadu students from NEET as a “quid pro quo for supporting the NDA candidates for the Presidential and Vice Presidential polls.,mean,20.055233001708984
target,28,The plea had alleged that the Tamil Nadu ministers were bargaining with the central government for presidential assent for their proposed ordinance to exempt the Tamil Nadu students from NEET as a “quid pro quo for supporting the NDA candidates for the Presidential and Vice Presidential polls.,max,40.91572952270508
target,28,The plea had alleged that the Tamil Nadu ministers were bargaining with the central government for presidential assent for their proposed ordinance to exempt the Tamil Nadu students from NEET as a “quid pro quo for supporting the NDA candidates for the Presidential and Vice Presidential polls.,last,34.73394775390625
target,29,"Calangute (Goa): HRD Minister Smriti Irani finds hidden camera at garment store’s trial room - 4 persons arrested April 3, 2015

The Minister along with her businessman husband Zubin Irani are on a private visit to Goa.",mean,18.51461410522461
target,29,"Calangute (Goa): HRD Minister Smriti Irani finds hidden camera at garment store’s trial room - 4 persons arrested April 3, 2015

The Minister along with her businessman husband Zubin Irani are on a private visit to Goa.",max,49.1451530456543
target,29,"Calangute (Goa): HRD Minister Smriti Irani finds hidden camera at garment store’s trial room - 4 persons arrested April 3, 2015

The Minister along with her businessman husband Zubin Irani are on a private visit to Goa.",last,28.457067489624023
target,30,"Finance Minister Arun Jaitley said that it would take two to three weeks to re-calibrate the machines, according to the Financial Times.",mean,21.748371124267578
target,30,"Finance Minister Arun Jaitley said that it would take two to three weeks to re-calibrate the machines, according to the Financial Times.",max,42.69758605957031
target,30,"Finance Minister Arun Jaitley said that it would take two to three weeks to re-calibrate the machines, according to the Financial Times.",last,17.401872634887695
target,31,"This should be coupled with a thorough analysis of portfolio allocation of the fund, to arrive at a conclusion of the performance of the fund,"" Dutta says in a research report.",mean,21.26185417175293
target,31,"This should be coupled with a thorough analysis of portfolio allocation of the fund, to arrive at a conclusion of the performance of the fund,"" Dutta says in a research report.",max,51.57263946533203
target,31,"This should be coupled with a thorough analysis of portfolio allocation of the fund, to arrive at a conclusion of the performance of the fund,"" Dutta says in a research report.",last,50.16933059692383
target,32,"The lead actor of the film Prabhas retweeted all the congratulatory messages which poured in, including from Anuskha Shetty, who also featured in the film.",mean,20.013885498046875
target,32,"The lead actor of the film Prabhas retweeted all the congratulatory messages which poured in, including from Anuskha Shetty, who also featured in the film.",max,49.62577819824219
target,32,"The lead actor of the film Prabhas retweeted all the congratulatory messages which poured in, including from Anuskha Shetty, who also featured in the film.",last,26.135345458984375
target,33,"Apart from the celebrated personalities, there are a number of professional doctors who have predicted the four long years of Donald Trump as the president.",mean,23.667255401611328
target,33,"Apart from the celebrated personalities, there are a number of professional doctors who have predicted the four long years of Donald Trump as the president.",max,45.65243911743164
target,33,"Apart from the celebrated personalities, there are a number of professional doctors who have predicted the four long years of Donald Trump as the president.",last,29.30855369567871
target,34,The firm added that all the campus recruits who were given offer letters in FY12 have joined the company.,mean,21.682767868041992
target,34,The firm added that all the campus recruits who were given offer letters in FY12 have joined the company.,max,43.64421081542969
target,34,The firm added that all the campus recruits who were given offer letters in FY12 have joined the company.,last,43.64421081542969
target,35,"Hardline Hurriyat Conference leader Masarat Alam, who organised the anti-India protests of 2010 in the Valley that saw the death of 112 people, was freed from a Baramulla jail on Saturday evening.",mean,17.804716110229492
target,35,"Hardline Hurriyat Conference leader Masarat Alam, who organised the anti-India protests of 2010 in the Valley that saw the death of 112 people, was freed from a Baramulla jail on Saturday evening.",max,41.39160919189453
target,35,"Hardline Hurriyat Conference leader Masarat Alam, who organised the anti-India protests of 2010 in the Valley that saw the death of 112 people, was freed from a Baramulla jail on Saturday evening.",last,24.519765853881836
target,36,"However, the Modi government is now finding it rather difficult to locate MPs – even within its own camp – willing to adopt another village.",mean,22.15241050720215
target,36,"However, the Modi government is now finding it rather difficult to locate MPs – even within its own camp – willing to adopt another village.",max,41.37030029296875
target,36,"However, the Modi government is now finding it rather difficult to locate MPs – even within its own camp – willing to adopt another village.",last,22.268383026123047
target,37,"VARIOUS PROTOCOLS ALSO VIOLATED

India Today's investigation found out gross violation of various protocols - from tendering to the procurement of oxygen supplies.",mean,19.364788055419922
target,37,"VARIOUS PROTOCOLS ALSO VIOLATED

India Today's investigation found out gross violation of various protocols - from tendering to the procurement of oxygen supplies.",max,42.908409118652344
target,37,"VARIOUS PROTOCOLS ALSO VIOLATED

India Today's investigation found out gross violation of various protocols - from tendering to the procurement of oxygen supplies.",last,35.7786750793457
target,38,"Ashok Vajpeyi, former chairman of Lalit Kala Academy, strongly condemned the attack, saying, ""This is a violation of an artist's freedom of expression.",mean,20.36936378479004
target,38,"Ashok Vajpeyi, former chairman of Lalit Kala Academy, strongly condemned the attack, saying, ""This is a violation of an artist's freedom of expression.",max,39.25103759765625
target,38,"Ashok Vajpeyi, former chairman of Lalit Kala Academy, strongly condemned the attack, saying, ""This is a violation of an artist's freedom of expression.",last,21.441909790039062
target,39,Memory Leaks:- Though it is not a game specific issue but knowing the fix helps.,mean,16.66628646850586
target,39,Memory Leaks:- Though it is not a game specific issue but knowing the fix helps.,max,37.95307922363281
target,39,Memory Leaks:- Though it is not a game specific issue but knowing the fix helps.,last,28.83181381225586
target,40,Lignite based Thermal power plant has been established at Giral in Barmer district.,mean,17.0501708984375
target,40,Lignite based Thermal power plant has been established at Giral in Barmer district.,max,31.676132202148438
target,40,Lignite based Thermal power plant has been established at Giral in Barmer district.,last,19.485137939453125
target,41,"The Congress vice president, who was supposed to come back today from his ""leave of absence,"" will now do so on Wednesday, sources have told NDTV.",mean,21.42475128173828
target,41,"The Congress vice president, who was supposed to come back today from his ""leave of absence,"" will now do so on Wednesday, sources have told NDTV.",max,46.92009735107422
target,41,"The Congress vice president, who was supposed to come back today from his ""leave of absence,"" will now do so on Wednesday, sources have told NDTV.",last,14.38437271118164
target,42,"""PM's speech yesterday with regard to all sections including market players contributing to the national exchequer has been misinterpreted in some parts of media,"" Arun Jaitley said.",mean,20.778825759887695
target,42,"""PM's speech yesterday with regard to all sections including market players contributing to the national exchequer has been misinterpreted in some parts of media,"" Arun Jaitley said.",max,42.46189880371094
target,42,"""PM's speech yesterday with regard to all sections including market players contributing to the national exchequer has been misinterpreted in some parts of media,"" Arun Jaitley said.",last,30.660903930664062
target,43,"Consumers need to take them on,” Kamath prodded.He claimed that in surveys conducted by the organization at least 60% of women respondents had used such creams and 16% even admitted that it had reacted badly on their skin.Kamath suggested that there should be a regulatory agency to control and restrict such misleading advertisements.Referring to another beauty product shampoos, Kamath said that the product does nothing but clean one’s hair and scalp.",mean,17.533924102783203
target,43,"Consumers need to take them on,” Kamath prodded.He claimed that in surveys conducted by the organization at least 60% of women respondents had used such creams and 16% even admitted that it had reacted badly on their skin.Kamath suggested that there should be a regulatory agency to control and restrict such misleading advertisements.Referring to another beauty product shampoos, Kamath said that the product does nothing but clean one’s hair and scalp.",max,35.805809020996094
target,43,"Consumers need to take them on,” Kamath prodded.He claimed that in surveys conducted by the organization at least 60% of women respondents had used such creams and 16% even admitted that it had reacted badly on their skin.Kamath suggested that there should be a regulatory agency to control and restrict such misleading advertisements.Referring to another beauty product shampoos, Kamath said that the product does nothing but clean one’s hair and scalp.",last,25.865327835083008
target,44,"""Exactly two years ago, the Congress necked out MPs of Seemandhra region from Parliament and committed a grave

mistake by splitting the state.",mean,19.92720603942871
target,44,"""Exactly two years ago, the Congress necked out MPs of Seemandhra region from Parliament and committed a grave

mistake by splitting the state.",max,40.49917984008789
target,44,"""Exactly two years ago, the Congress necked out MPs of Seemandhra region from Parliament and committed a grave

mistake by splitting the state.",last,34.626731872558594
target,45,The appointments at FTII follows similar political interventions by the Modi government in other film bodies.,mean,18.35708999633789
target,45,The appointments at FTII follows similar political interventions by the Modi government in other film bodies.,max,37.195621490478516
target,45,The appointments at FTII follows similar political interventions by the Modi government in other film bodies.,last,37.04887771606445
target,46,It is Yadav who is now keeping the AAP flag flying.,mean,17.90175437927246
target,46,It is Yadav who is now keeping the AAP flag flying.,max,34.069129943847656
target,46,It is Yadav who is now keeping the AAP flag flying.,last,34.069129943847656
target,47,The government will have to spend around Rs 148 crore to issue these Aadhar cards for cows.,mean,16.713088989257812
target,47,The government will have to spend around Rs 148 crore to issue these Aadhar cards for cows.,max,39.33175277709961
target,47,The government will have to spend around Rs 148 crore to issue these Aadhar cards for cows.,last,25.9923038482666
target,48,"Lakhpat is one of the many talukas in Kuchchh district where the Gujarat government has banned mutation, or transfer of ownership, of land.",mean,17.073556900024414
target,48,"Lakhpat is one of the many talukas in Kuchchh district where the Gujarat government has banned mutation, or transfer of ownership, of land.",max,41.14635467529297
target,48,"Lakhpat is one of the many talukas in Kuchchh district where the Gujarat government has banned mutation, or transfer of ownership, of land.",last,14.607736587524414
target,49,Additional Solicitor General Gopal Subramanium appearing for the Airlines' had contended that the action taken against them was justified.,mean,22.22959327697754
target,49,Additional Solicitor General Gopal Subramanium appearing for the Airlines' had contended that the action taken against them was justified.,max,44.886714935302734
target,49,Additional Solicitor General Gopal Subramanium appearing for the Airlines' had contended that the action taken against them was justified.,last,44.886714935302734
target,50,​In another incident recently a hotel in Jaipur was sealed within hours by the JMC (Jaipur Municipal Corporation) and its manager and staffer were detained after a cow vigilante Sadhvi Kamal led protests outside the hotel on suspicion of beef being cooked and meat leftovers being dumped outside.,mean,17.073007583618164
target,50,​In another incident recently a hotel in Jaipur was sealed within hours by the JMC (Jaipur Municipal Corporation) and its manager and staffer were detained after a cow vigilante Sadhvi Kamal led protests outside the hotel on suspicion of beef being cooked and meat leftovers being dumped outside.,max,43.408973693847656
target,50,​In another incident recently a hotel in Jaipur was sealed within hours by the JMC (Jaipur Municipal Corporation) and its manager and staffer were detained after a cow vigilante Sadhvi Kamal led protests outside the hotel on suspicion of beef being cooked and meat leftovers being dumped outside.,last,35.359344482421875
target,51,Police sources said the previous government led by Omar Abdullah had once decided to release Masarat and a senior police officer was sent to speak to him.,mean,17.001670837402344
target,51,Police sources said the previous government led by Omar Abdullah had once decided to release Masarat and a senior police officer was sent to speak to him.,max,35.12657928466797
target,51,Police sources said the previous government led by Omar Abdullah had once decided to release Masarat and a senior police officer was sent to speak to him.,last,34.08551025390625
target,52,"As a kid, Dhawan used to steal letters from wherever he could find and dump them in the drainage.",mean,16.611726760864258
target,52,"As a kid, Dhawan used to steal letters from wherever he could find and dump them in the drainage.",max,45.736793518066406
target,52,"As a kid, Dhawan used to steal letters from wherever he could find and dump them in the drainage.",last,45.736793518066406
target,53,"""During the polls, the Prime Minister had attacked the then government (led by Manmohan Singh) for the rupee downfall, but now that he is in power for the past 15 months, the currency downfall continues,"" AAP leader Ashutosh said.He added that Mr Modi had promised several reforms to boost the economy, but that has not been able to make any impact on the economy.",mean,19.542455673217773
target,53,"""During the polls, the Prime Minister had attacked the then government (led by Manmohan Singh) for the rupee downfall, but now that he is in power for the past 15 months, the currency downfall continues,"" AAP leader Ashutosh said.He added that Mr Modi had promised several reforms to boost the economy, but that has not been able to make any impact on the economy.",max,51.746070861816406
target,53,"""During the polls, the Prime Minister had attacked the then government (led by Manmohan Singh) for the rupee downfall, but now that he is in power for the past 15 months, the currency downfall continues,"" AAP leader Ashutosh said.He added that Mr Modi had promised several reforms to boost the economy, but that has not been able to make any impact on the economy.",last,31.55064582824707
target,54,"So, it is not just its religious significance, but a strong constitutional backing too that offers cow, the coveted more than equal status among animals.",mean,20.548662185668945
target,54,"So, it is not just its religious significance, but a strong constitutional backing too that offers cow, the coveted more than equal status among animals.",max,58.90644454956055
target,54,"So, it is not just its religious significance, but a strong constitutional backing too that offers cow, the coveted more than equal status among animals.",last,41.684532165527344
target,55,The issue of stadium is more pronounced in this tier of candidates.,mean,10.807085990905762
target,55,The issue of stadium is more pronounced in this tier of candidates.,max,28.211593627929688
target,55,The issue of stadium is more pronounced in this tier of candidates.,last,0.0
target,56,"The next morning, Delhi Police filed a kidnapping case against the ACB.",mean,14.285811424255371
target,56,"The next morning, Delhi Police filed a kidnapping case against the ACB.",max,29.177692413330078
target,56,"The next morning, Delhi Police filed a kidnapping case against the ACB.",last,21.35285186767578
target,57,"A public interest litigation filed in the Calcutta High Court by a member of the activist organisation Young Bengal mentioned 13 official days for the Pujas, accounting for almost a three-week break including weekends.",mean,16.379079818725586
target,57,"A public interest litigation filed in the Calcutta High Court by a member of the activist organisation Young Bengal mentioned 13 official days for the Pujas, accounting for almost a three-week break including weekends.",max,36.23805618286133
target,57,"A public interest litigation filed in the Calcutta High Court by a member of the activist organisation Young Bengal mentioned 13 official days for the Pujas, accounting for almost a three-week break including weekends.",last,32.24872589111328
target,58,"Political pundit and AAP strategist Yogendra Yadav is widely seen as Haryana's chief ministerial candidate and is also tipped to fight the Lok Sabha polls from Gurgaon, adjoining Delhi.",mean,18.1521053314209
target,58,"Political pundit and AAP strategist Yogendra Yadav is widely seen as Haryana's chief ministerial candidate and is also tipped to fight the Lok Sabha polls from Gurgaon, adjoining Delhi.",max,39.58998107910156
target,58,"Political pundit and AAP strategist Yogendra Yadav is widely seen as Haryana's chief ministerial candidate and is also tipped to fight the Lok Sabha polls from Gurgaon, adjoining Delhi.",last,31.647127151489258
target,59,"education

New Delhi, Nov 28 (PTI) The Leader of Opposition in the Delhi Assembly, Vijender Gupta, today demanded that the AAP government presented a ""white paper"" on the status of school education in the national capital, saying that its data pointed towards various shortcomings in it.",mean,16.470285415649414
target,59,"education

New Delhi, Nov 28 (PTI) The Leader of Opposition in the Delhi Assembly, Vijender Gupta, today demanded that the AAP government presented a ""white paper"" on the status of school education in the national capital, saying that its data pointed towards various shortcomings in it.",max,38.411781311035156
target,59,"education

New Delhi, Nov 28 (PTI) The Leader of Opposition in the Delhi Assembly, Vijender Gupta, today demanded that the AAP government presented a ""white paper"" on the status of school education in the national capital, saying that its data pointed towards various shortcomings in it.",last,26.87354278564453
target,60,"But that is a matter of probe,"" a senior CBI official alleged.",mean,19.533605575561523
target,60,"But that is a matter of probe,"" a senior CBI official alleged.",max,43.2025260925293
target,60,"But that is a matter of probe,"" a senior CBI official alleged.",last,39.9828987121582
target,61,"Investigation is on to know who provoked them,"" Pawar said.",mean,18.806642532348633
target,61,"Investigation is on to know who provoked them,"" Pawar said.",max,45.30751037597656
target,61,"Investigation is on to know who provoked them,"" Pawar said.",last,45.30751037597656
target,62,"To develop the area, the previous state government had constituted the Trans Yamuna Area Development Board (TYABD) and the Delhi Rural Development Board (DRDB).",mean,17.354015350341797
target,62,"To develop the area, the previous state government had constituted the Trans Yamuna Area Development Board (TYABD) and the Delhi Rural Development Board (DRDB).",max,59.59589385986328
target,62,"To develop the area, the previous state government had constituted the Trans Yamuna Area Development Board (TYABD) and the Delhi Rural Development Board (DRDB).",last,41.791229248046875
target,63,Punjab charges octroi and cow cess on its power bills.,mean,13.254671096801758
target,63,Punjab charges octroi and cow cess on its power bills.,max,30.464038848876953
target,63,Punjab charges octroi and cow cess on its power bills.,last,30.464038848876953
target,64,One of the drunk allegedly misbehaved with a Brahmin man after which a scuffle took place.”,mean,19.922657012939453
target,64,One of the drunk allegedly misbehaved with a Brahmin man after which a scuffle took place.”,max,43.80261993408203
target,64,One of the drunk allegedly misbehaved with a Brahmin man after which a scuffle took place.”,last,23.517902374267578
target,65,"We have acquired the rights of the book, and in all possibilities would go on floors sometime next year.” Mantena, who partners CAA-Kwan too, one of the biggest Celebrity Management companies, plans to work closely with Manish and Sanjay Gupta of Raj Comics for exploring various others possibilities of taking the comic book character beyond films.",mean,16.701566696166992
target,65,"We have acquired the rights of the book, and in all possibilities would go on floors sometime next year.” Mantena, who partners CAA-Kwan too, one of the biggest Celebrity Management companies, plans to work closely with Manish and Sanjay Gupta of Raj Comics for exploring various others possibilities of taking the comic book character beyond films.",max,45.70505905151367
target,65,"We have acquired the rights of the book, and in all possibilities would go on floors sometime next year.” Mantena, who partners CAA-Kwan too, one of the biggest Celebrity Management companies, plans to work closely with Manish and Sanjay Gupta of Raj Comics for exploring various others possibilities of taking the comic book character beyond films.",last,40.71830368041992
target,66,Karnataka Tourism Minister Roshan Baig says Bijapur's monuments are being considered in a plan the Government is drawing up to promote tourism in the state.,mean,13.126294136047363
target,66,Karnataka Tourism Minister Roshan Baig says Bijapur's monuments are being considered in a plan the Government is drawing up to promote tourism in the state.,max,27.68134307861328
target,66,Karnataka Tourism Minister Roshan Baig says Bijapur's monuments are being considered in a plan the Government is drawing up to promote tourism in the state.,last,18.807579040527344
target,67,"Thus, before making communication to every individual, keep these principles or 7cs of communication in your mind.",mean,9.832110404968262
target,67,"Thus, before making communication to every individual, keep these principles or 7cs of communication in your mind.",max,28.81496238708496
target,67,"Thus, before making communication to every individual, keep these principles or 7cs of communication in your mind.",last,24.40576934814453
target,68,"Bond, rupee and, in turn, equity markets will also benefit from the RBI move.",mean,18.40431785583496
target,68,"Bond, rupee and, in turn, equity markets will also benefit from the RBI move.",max,45.38932800292969
target,68,"Bond, rupee and, in turn, equity markets will also benefit from the RBI move.",last,45.38932800292969
target,69,- Gupta I love to sing and my inspiration was Matt.,mean,11.45549201965332
target,69,- Gupta I love to sing and my inspiration was Matt.,max,26.728500366210938
target,69,- Gupta I love to sing and my inspiration was Matt.,last,0.0
target,70,"If it cannot solve the simple issue of who would be the chief ministerial candidate in a small state, then it doesn't require knowledge of rocket science to presume what would happen if the Gandhis were to relinquish their position.",mean,17.330907821655273
target,70,"If it cannot solve the simple issue of who would be the chief ministerial candidate in a small state, then it doesn't require knowledge of rocket science to presume what would happen if the Gandhis were to relinquish their position.",max,40.86346435546875
target,70,"If it cannot solve the simple issue of who would be the chief ministerial candidate in a small state, then it doesn't require knowledge of rocket science to presume what would happen if the Gandhis were to relinquish their position.",last,37.574241638183594
target,71,"Today, Terra Greens has 4,000 farmers from Maharashtra, Rajasthan, Tamil Nadu, Karnataka and Telengana working for them and the products are distributed through distributors in 600 major stores in India.",mean,14.901568412780762
target,71,"Today, Terra Greens has 4,000 farmers from Maharashtra, Rajasthan, Tamil Nadu, Karnataka and Telengana working for them and the products are distributed through distributors in 600 major stores in India.",max,38.856441497802734
target,71,"Today, Terra Greens has 4,000 farmers from Maharashtra, Rajasthan, Tamil Nadu, Karnataka and Telengana working for them and the products are distributed through distributors in 600 major stores in India.",last,28.190961837768555
target,72,"Dr Zakria attempts to refute Mr Modi's statement, and blames the Hindu phobia for this line of thought.",mean,15.515185356140137
target,72,"Dr Zakria attempts to refute Mr Modi's statement, and blames the Hindu phobia for this line of thought.",max,31.378955841064453
target,72,"Dr Zakria attempts to refute Mr Modi's statement, and blames the Hindu phobia for this line of thought.",last,28.77236557006836
target,73,"Arjun Jayakumar, a PhD student and a member of the Ambedkar Periyar Study Circle (APSC), alleged on Thursday while addressing a press conference that he got death threats from Manish Kumar, on the day of the beef fest.",mean,15.05235481262207
target,73,"Arjun Jayakumar, a PhD student and a member of the Ambedkar Periyar Study Circle (APSC), alleged on Thursday while addressing a press conference that he got death threats from Manish Kumar, on the day of the beef fest.",max,33.11041259765625
target,73,"Arjun Jayakumar, a PhD student and a member of the Ambedkar Periyar Study Circle (APSC), alleged on Thursday while addressing a press conference that he got death threats from Manish Kumar, on the day of the beef fest.",last,33.11041259765625
target,74,"In a swift military offensive, India defeated Pakistan within 13 days, liberated a region and led to the creation of Bangladesh.",mean,15.87763786315918
target,74,"In a swift military offensive, India defeated Pakistan within 13 days, liberated a region and led to the creation of Bangladesh.",max,33.95389175415039
target,74,"In a swift military offensive, India defeated Pakistan within 13 days, liberated a region and led to the creation of Bangladesh.",last,33.95389175415039
target,75,"Casting agent: Vijay Rawal

After a conversation over the phone, Vijay Rawal agreed to meet around 3 pm at Bhaidas Hall, Vile Parle.",mean,12.483654975891113
target,75,"Casting agent: Vijay Rawal

After a conversation over the phone, Vijay Rawal agreed to meet around 3 pm at Bhaidas Hall, Vile Parle.",max,30.608854293823242
target,75,"Casting agent: Vijay Rawal

After a conversation over the phone, Vijay Rawal agreed to meet around 3 pm at Bhaidas Hall, Vile Parle.",last,24.8669490814209
target,76,"Watch him taking on Rahul Gandhi, making Narendra Modi laugh

The second FIR (file 198) in the case was registered against 12 people including names like late Ashok Singhal, Advani, Joshi, Vinay Katiyar and Uma Bharti.",mean,15.287927627563477
target,76,"Watch him taking on Rahul Gandhi, making Narendra Modi laugh

The second FIR (file 198) in the case was registered against 12 people including names like late Ashok Singhal, Advani, Joshi, Vinay Katiyar and Uma Bharti.",max,42.900115966796875
target,76,"Watch him taking on Rahul Gandhi, making Narendra Modi laugh

The second FIR (file 198) in the case was registered against 12 people including names like late Ashok Singhal, Advani, Joshi, Vinay Katiyar and Uma Bharti.",last,27.867862701416016
target,77,"Reacting to the deteriorating and order situation in Uttar Pradesh, (BJP) leader Subramanian Swamy on Monday said that Article 256 empowers the government to give directions to a state government, and that even President's rule can be imposed on Uttar Pradesh, if they refused to follow those directions.",mean,15.762605667114258
target,77,"Reacting to the deteriorating and order situation in Uttar Pradesh, (BJP) leader Subramanian Swamy on Monday said that Article 256 empowers the government to give directions to a state government, and that even President's rule can be imposed on Uttar Pradesh, if they refused to follow those directions.",max,37.09733200073242
target,77,"Reacting to the deteriorating and order situation in Uttar Pradesh, (BJP) leader Subramanian Swamy on Monday said that Article 256 empowers the government to give directions to a state government, and that even President's rule can be imposed on Uttar Pradesh, if they refused to follow those directions.",last,21.526586532592773
target,78,"The court subsequently asked Mallya to give it a list of properties that he owned ""in a sealed cover"".",mean,14.343676567077637
target,78,"The court subsequently asked Mallya to give it a list of properties that he owned ""in a sealed cover"".",max,39.37114715576172
target,78,"The court subsequently asked Mallya to give it a list of properties that he owned ""in a sealed cover"".",last,39.37114715576172
target,79,Bansdih inspector Vashistha Narayan Dubey told TOI over phone that the baraat returned without a bride after collecting their gifts given to the girl and her family members.,mean,12.775101661682129
target,79,Bansdih inspector Vashistha Narayan Dubey told TOI over phone that the baraat returned without a bride after collecting their gifts given to the girl and her family members.,max,35.41920471191406
target,79,Bansdih inspector Vashistha Narayan Dubey told TOI over phone that the baraat returned without a bride after collecting their gifts given to the girl and her family members.,last,25.961599349975586
target,80,"""But the people of Gujarat have rejected the Congress over and over again, and these elections are not going to be any different,"" he said.Meanwhile, a group of Patidar youth tried to disrupt the speech of BJP President Amit Shah at Anand.",mean,15.791619300842285
target,80,"""But the people of Gujarat have rejected the Congress over and over again, and these elections are not going to be any different,"" he said.Meanwhile, a group of Patidar youth tried to disrupt the speech of BJP President Amit Shah at Anand.",max,43.104652404785156
target,80,"""But the people of Gujarat have rejected the Congress over and over again, and these elections are not going to be any different,"" he said.Meanwhile, a group of Patidar youth tried to disrupt the speech of BJP President Amit Shah at Anand.",last,28.985614776611328
target,81,"In fact, India’s assistance to Afghanistan is close to about 2.2 billion dollars for reconstruction and development.",mean,16.031444549560547
target,81,"In fact, India’s assistance to Afghanistan is close to about 2.2 billion dollars for reconstruction and development.",max,33.33955001831055
target,81,"In fact, India’s assistance to Afghanistan is close to about 2.2 billion dollars for reconstruction and development.",last,22.48504638671875
target,82,"Swamy's campaign might have embarrassed the government, prompting the Prime Minister to say that the media shouldn't discuss these things and Finance Minister Arun Jaitley to criticise the personal attacks.",mean,18.16438102722168
target,82,"Swamy's campaign might have embarrassed the government, prompting the Prime Minister to say that the media shouldn't discuss these things and Finance Minister Arun Jaitley to criticise the personal attacks.",max,44.1843147277832
target,82,"Swamy's campaign might have embarrassed the government, prompting the Prime Minister to say that the media shouldn't discuss these things and Finance Minister Arun Jaitley to criticise the personal attacks.",last,27.64697265625
target,83,"Singh, who had resisted eviction and demanded that the government accommodation be converted into a memorial for his father former prime minister Charan Singh, handed over the bungalow to the Central Public Works Department (CPWD), according to a senior Urban Development Ministry.",mean,16.01174545288086
target,83,"Singh, who had resisted eviction and demanded that the government accommodation be converted into a memorial for his father former prime minister Charan Singh, handed over the bungalow to the Central Public Works Department (CPWD), according to a senior Urban Development Ministry.",max,45.91157531738281
target,83,"Singh, who had resisted eviction and demanded that the government accommodation be converted into a memorial for his father former prime minister Charan Singh, handed over the bungalow to the Central Public Works Department (CPWD), according to a senior Urban Development Ministry.",last,22.846351623535156
target,84,"""This government will implement one rank one pension soon,"" he said.",mean,11.51364803314209
target,84,"""This government will implement one rank one pension soon,"" he said.",max,31.130844116210938
target,84,"""This government will implement one rank one pension soon,"" he said.",last,25.150339126586914
target,85,Movie buffs were able to sample Sreesanth’s performance in the first video song that was released a few months ago.,mean,15.115439414978027
target,85,Movie buffs were able to sample Sreesanth’s performance in the first video song that was released a few months ago.,max,30.599550247192383
target,85,Movie buffs were able to sample Sreesanth’s performance in the first video song that was released a few months ago.,last,30.24957275390625
target,86,"Her treating doctor, Dr KR Dashiki said the girl was also counselled regarding the effect of the Blue Whale game on her mind.",mean,12.944270133972168
target,86,"Her treating doctor, Dr KR Dashiki said the girl was also counselled regarding the effect of the Blue Whale game on her mind.",max,33.47547912597656
target,86,"Her treating doctor, Dr KR Dashiki said the girl was also counselled regarding the effect of the Blue Whale game on her mind.",last,31.968097686767578
target,87,"In particular, a specific Bhumihar community of upper castes was targeted in retaliation for their opposition towards handing out their land for land reform.",mean,15.408024787902832
target,87,"In particular, a specific Bhumihar community of upper castes was targeted in retaliation for their opposition towards handing out their land for land reform.",max,39.39407730102539
target,87,"In particular, a specific Bhumihar community of upper castes was targeted in retaliation for their opposition towards handing out their land for land reform.",last,24.548612594604492
target,88,"On Monday, a ‘granthi’ of a gurdwara at Nijjapura village in Amritsar district was arrested for allegedly desecrating the holy book while a baptized woman was arrested in Ludhiana in connection with the Ghawaddi village desecration case.",mean,13.067935943603516
target,88,"On Monday, a ‘granthi’ of a gurdwara at Nijjapura village in Amritsar district was arrested for allegedly desecrating the holy book while a baptized woman was arrested in Ludhiana in connection with the Ghawaddi village desecration case.",max,34.70918655395508
target,88,"On Monday, a ‘granthi’ of a gurdwara at Nijjapura village in Amritsar district was arrested for allegedly desecrating the holy book while a baptized woman was arrested in Ludhiana in connection with the Ghawaddi village desecration case.",last,26.339675903320312
target,89,Fact check: Newslaundry tactfully shifts the goalpost to installed generation capacity from actual power generation.,mean,15.107325553894043
target,89,Fact check: Newslaundry tactfully shifts the goalpost to installed generation capacity from actual power generation.,max,26.57054901123047
target,89,Fact check: Newslaundry tactfully shifts the goalpost to installed generation capacity from actual power generation.,last,21.564027786254883
target,90,"During the interactive session, the Prime Minister was asked by another student about how peace could be pursued in Asia despite China’s “expansionist” designs.",mean,14.121865272521973
target,90,"During the interactive session, the Prime Minister was asked by another student about how peace could be pursued in Asia despite China’s “expansionist” designs.",max,31.764141082763672
target,90,"During the interactive session, the Prime Minister was asked by another student about how peace could be pursued in Asia despite China’s “expansionist” designs.",last,24.06448745727539
target,91,And now Benguluru Police Commissioner MN Reddi wants to use Persicope to stream crimes around the city.,mean,15.225502014160156
target,91,And now Benguluru Police Commissioner MN Reddi wants to use Persicope to stream crimes around the city.,max,38.35424041748047
target,91,And now Benguluru Police Commissioner MN Reddi wants to use Persicope to stream crimes around the city.,last,37.280128479003906
target,92,"*

Shaharyar and Najam Sethi, PCB's head of executive committee, had come out of the Dubai meeting sounding optimistic, but they did not divulge any details.",mean,14.20019245147705
target,92,"*

Shaharyar and Najam Sethi, PCB's head of executive committee, had come out of the Dubai meeting sounding optimistic, but they did not divulge any details.",max,39.94709396362305
target,92,"*

Shaharyar and Najam Sethi, PCB's head of executive committee, had come out of the Dubai meeting sounding optimistic, but they did not divulge any details.",last,26.84893798828125
target,93,Madhu was first hit on the head and was strangled using insulated cable meant for fencing.,mean,10.698741912841797
target,93,Madhu was first hit on the head and was strangled using insulated cable meant for fencing.,max,36.284812927246094
target,93,Madhu was first hit on the head and was strangled using insulated cable meant for fencing.,last,27.965839385986328
target,94,"A lady asks Mr Modi how he plans to isolate terrorism, while a man comments on the double-faced nature of Mr Modi.",mean,15.524670600891113
target,94,"A lady asks Mr Modi how he plans to isolate terrorism, while a man comments on the double-faced nature of Mr Modi.",max,35.0030517578125
target,94,"A lady asks Mr Modi how he plans to isolate terrorism, while a man comments on the double-faced nature of Mr Modi.",last,28.8624324798584
target,95,"Razzak, despite being a Muslim, never let religion come in the way of his friendship.",mean,19.446632385253906
target,95,"Razzak, despite being a Muslim, never let religion come in the way of his friendship.",max,42.7452392578125
target,95,"Razzak, despite being a Muslim, never let religion come in the way of his friendship.",last,35.67847442626953
target,96,Ratnaparkhi has to persuade him to take the scenic route.,mean,4.954493522644043
target,96,Ratnaparkhi has to persuade him to take the scenic route.,max,32.19100570678711
target,96,Ratnaparkhi has to persuade him to take the scenic route.,last,0.0
target,97,"""They gave an application, it is under inquiry and after inquiry, we will let you know,"" the agency quoted senior police officer Nissar Kalambole as saying.",mean,13.499043464660645
target,97,"""They gave an application, it is under inquiry and after inquiry, we will let you know,"" the agency quoted senior police officer Nissar Kalambole as saying.",max,34.25715637207031
target,97,"""They gave an application, it is under inquiry and after inquiry, we will let you know,"" the agency quoted senior police officer Nissar Kalambole as saying.",last,34.25715637207031
target,98,Why do Madrasas not hoist the Indian flag on national holidays?,mean,11.998031616210938
target,98,Why do Madrasas not hoist the Indian flag on national holidays?,max,34.24696731567383
target,98,Why do Madrasas not hoist the Indian flag on national holidays?,last,20.490678787231445
target,99,"“I want to tell all that I got tremendous response from people belonging to Balochistan, Gilgit, and Pakistan occupied Kashmir.",mean,11.766079902648926
target,99,"“I want to tell all that I got tremendous response from people belonging to Balochistan, Gilgit, and Pakistan occupied Kashmir.",max,42.494720458984375
target,99,"“I want to tell all that I got tremendous response from people belonging to Balochistan, Gilgit, and Pakistan occupied Kashmir.",last,31.690303802490234
control,0,"Nach diesem Misserfolg brachte das Unternehmen ein weiteres und etwas eigenartiges Gerät heraus, den „Amazon Echo“.",mean,0.0
control,0,"Nach diesem Misserfolg brachte das Unternehmen ein weiteres und etwas eigenartiges Gerät heraus, den „Amazon Echo“.",max,0.0
control,0,"Nach diesem Misserfolg brachte das Unternehmen ein weiteres und etwas eigenartiges Gerät heraus, den „Amazon Echo“.",last,0.0
control,1,The survey has lots of problems — dig via Scotty’s post if you’re interested — but it’s a question worth thinking about.,mean,0.0
control,1,The survey has lots of problems — dig via Scotty’s post if you’re interested — but it’s a question worth thinking about.,max,0.0
control,1,The survey has lots of problems — dig via Scotty’s post if you’re interested — but it’s a question worth thinking about.,last,0.0
control,2,"The phenomenon, which fluid dynamicists call the Magnus effect, can send a ping-pong ball curving up, down, left, or right -- always at a right angle to the direction of motion -- depending on which way the ball is spun.",mean,0.0
control,2,"The phenomenon, which fluid dynamicists call the Magnus effect, can send a ping-pong ball curving up, down, left, or right -- always at a right angle to the direction of motion -- depending on which way the ball is spun.",max,0.0
control,2,"The phenomenon, which fluid dynamicists call the Magnus effect, can send a ping-pong ball curving up, down, left, or right -- always at a right angle to the direction of motion -- depending on which way the ball is spun.",last,0.0
control,3,"They are not however, told how to carry their missions out, and therefore, whilst having a lot of support, they have a large degree to autonomy of how to carry these missions out.",mean,0.0
control,3,"They are not however, told how to carry their missions out, and therefore, whilst having a lot of support, they have a large degree to autonomy of how to carry these missions out.",max,0.0
control,3,"They are not however, told how to carry their missions out, and therefore, whilst having a lot of support, they have a large degree to autonomy of how to carry these missions out.",last,0.0
control,4,"The official pointed to the presidential and parliamentary elections, saying that the police succeeded in ensuring security during these tense and difficult periods.",mean,0.0
control,4,"The official pointed to the presidential and parliamentary elections, saying that the police succeeded in ensuring security during these tense and difficult periods.",max,0.0
control,4,"The official pointed to the presidential and parliamentary elections, saying that the police succeeded in ensuring security during these tense and difficult periods.",last,0.0
control,5,"LOCATION

700 Longs Peak Avenue

Roosevelt Park | Longmont, Colorado

PARKING

Guest parking is easily available on site at Roosevelt Park and the surrounding streets.",mean,0.0
control,5,"LOCATION

700 Longs Peak Avenue

Roosevelt Park | Longmont, Colorado

PARKING

Guest parking is easily available on site at Roosevelt Park and the surrounding streets.",max,0.0
control,5,"LOCATION

700 Longs Peak Avenue

Roosevelt Park | Longmont, Colorado

PARKING

Guest parking is easily available on site at Roosevelt Park and the surrounding streets.",last,0.0
control,6,– all the good things you like to nosh on – on a budget.,mean,0.0
control,6,– all the good things you like to nosh on – on a budget.,max,0.0
control,6,– all the good things you like to nosh on – on a budget.,last,0.0
control,7,"A little after 2 in the morning, they released the women to West for the 15-minute drive through the steamy night to his compound — a place where, the women and the Mexican government say, workers were stripped of their passports and assigned to sleep in a filthy, foul-smelling trailer infested with insects and mice.",mean,0.0
control,7,"A little after 2 in the morning, they released the women to West for the 15-minute drive through the steamy night to his compound — a place where, the women and the Mexican government say, workers were stripped of their passports and assigned to sleep in a filthy, foul-smelling trailer infested with insects and mice.",max,0.0
control,7,"A little after 2 in the morning, they released the women to West for the 15-minute drive through the steamy night to his compound — a place where, the women and the Mexican government say, workers were stripped of their passports and assigned to sleep in a filthy, foul-smelling trailer infested with insects and mice.",last,0.0
control,8,"Details - Security removed in UPnP

UPnP allows to add firewall rules dynamically.",mean,1.0395488739013672
control,8,"Details - Security removed in UPnP

UPnP allows to add firewall rules dynamically.",max,18.71187973022461
control,8,"Details - Security removed in UPnP

UPnP allows to add firewall rules dynamically.",last,0.0
control,9,"Buffalo Bills

Best: Defensively, Buffalo forced three turnovers and sacked Matt Cassel five times.",mean,0.0
control,9,"Buffalo Bills

Best: Defensively, Buffalo forced three turnovers and sacked Matt Cassel five times.",max,0.0
control,9,"Buffalo Bills

Best: Defensively, Buffalo forced three turnovers and sacked Matt Cassel five times.",last,0.0
control,10,"Dealing with Non-Smokers - Unlike other drugs, smoking involves the participation of non-smokers.",mean,0.5810123085975647
control,10,"Dealing with Non-Smokers - Unlike other drugs, smoking involves the participation of non-smokers.",max,12.782270431518555
control,10,"Dealing with Non-Smokers - Unlike other drugs, smoking involves the participation of non-smokers.",last,12.782270431518555
control,11,Clearly we needed a way to support extended SQL types in ODB.,mean,0.0
control,11,Clearly we needed a way to support extended SQL types in ODB.,max,0.0
control,11,Clearly we needed a way to support extended SQL types in ODB.,last,0.0
control,12,"_____________________________________________________________

I’ve always been asked the same question by so many people that know me: why do you love sports so much?",mean,0.0
control,12,"_____________________________________________________________

I’ve always been asked the same question by so many people that know me: why do you love sports so much?",max,0.0
control,12,"_____________________________________________________________

I’ve always been asked the same question by so many people that know me: why do you love sports so much?",last,0.0
control,13,"Rod Cregier: Sometimes it's hard to tell folks that their baby is ugly, but you have to do it because if you don't get it done, who else is gonna do it?",mean,0.0
control,13,"Rod Cregier: Sometimes it's hard to tell folks that their baby is ugly, but you have to do it because if you don't get it done, who else is gonna do it?",max,0.0
control,13,"Rod Cregier: Sometimes it's hard to tell folks that their baby is ugly, but you have to do it because if you don't get it done, who else is gonna do it?",last,0.0
control,14,He had cannibalized a slide projector to make a custom home theater system for movies and games.,mean,0.0
control,14,He had cannibalized a slide projector to make a custom home theater system for movies and games.,max,0.0
control,14,He had cannibalized a slide projector to make a custom home theater system for movies and games.,last,0.0
control,15,"Maximum price $29.17, minimum price $23.50.",mean,0.0
control,15,"Maximum price $29.17, minimum price $23.50.",max,0.0
control,15,"Maximum price $29.17, minimum price $23.50.",last,0.0
control,16,Connors also says these canvassers could just be campaigning for their candidates or other various organizations and that it is not illegal to drop off someone else's ballot.,mean,0.0
control,16,Connors also says these canvassers could just be campaigning for their candidates or other various organizations and that it is not illegal to drop off someone else's ballot.,max,0.0
control,16,Connors also says these canvassers could just be campaigning for their candidates or other various organizations and that it is not illegal to drop off someone else's ballot.,last,0.0
control,17,"When listing dates for employment or education, do list dates to the right of the information.",mean,0.0
control,17,"When listing dates for employment or education, do list dates to the right of the information.",max,0.0
control,17,"When listing dates for employment or education, do list dates to the right of the information.",last,0.0
control,18,"So as soon as I land in Bogota, my boss says, ‘Javier, you're going to be responsible for the investigation of the Medellin Cartel led by Pablo Escobar,’” remembers Pena.",mean,0.0
control,18,"So as soon as I land in Bogota, my boss says, ‘Javier, you're going to be responsible for the investigation of the Medellin Cartel led by Pablo Escobar,’” remembers Pena.",max,0.0
control,18,"So as soon as I land in Bogota, my boss says, ‘Javier, you're going to be responsible for the investigation of the Medellin Cartel led by Pablo Escobar,’” remembers Pena.",last,0.0
control,19,Find a local showing near you or host your own screening.,mean,0.0
control,19,Find a local showing near you or host your own screening.,max,0.0
control,19,Find a local showing near you or host your own screening.,last,0.0
control,20,"The doctors, teachers and government officials all knew that the rules and regulations they spent their days complying with were pointless diversions.",mean,1.0996404886245728
control,20,"The doctors, teachers and government officials all knew that the rules and regulations they spent their days complying with were pointless diversions.",max,15.432268142700195
control,20,"The doctors, teachers and government officials all knew that the rules and regulations they spent their days complying with were pointless diversions.",last,0.0
control,21,"By backing our product, you will essentially be pre-ordering your very own Think Board for the Fall.",mean,0.0
control,21,"By backing our product, you will essentially be pre-ordering your very own Think Board for the Fall.",max,0.0
control,21,"By backing our product, you will essentially be pre-ordering your very own Think Board for the Fall.",last,0.0
control,22,"Other American non-profits considered undesirable by Moscow include the U.S.-Russian Foundation for Economic Advancement and the Rule of Law, the National Democratic Institute for International Affairs, the Media Development Investment Fund, the International Republican Institute and the Institute of Modern Russia.",mean,0.0
control,22,"Other American non-profits considered undesirable by Moscow include the U.S.-Russian Foundation for Economic Advancement and the Rule of Law, the National Democratic Institute for International Affairs, the Media Development Investment Fund, the International Republican Institute and the Institute of Modern Russia.",max,0.0
control,22,"Other American non-profits considered undesirable by Moscow include the U.S.-Russian Foundation for Economic Advancement and the Rule of Law, the National Democratic Institute for International Affairs, the Media Development Investment Fund, the International Republican Institute and the Institute of Modern Russia.",last,0.0
control,23,"Well, TRAI looked to the standards in place in the US at the time.",mean,11.657581329345703
control,23,"Well, TRAI looked to the standards in place in the US at the time.",max,37.330955505371094
control,23,"Well, TRAI looked to the standards in place in the US at the time.",last,0.0
control,24,"That rabbi, who no longer is a member of RCA, was asked last week about the new OU policy decision and told his interviewer that the OU should stick to certifying tuna fish.",mean,0.0
control,24,"That rabbi, who no longer is a member of RCA, was asked last week about the new OU policy decision and told his interviewer that the OU should stick to certifying tuna fish.",max,0.0
control,24,"That rabbi, who no longer is a member of RCA, was asked last week about the new OU policy decision and told his interviewer that the OU should stick to certifying tuna fish.",last,0.0
control,25,It's also a mainstream press that fails to do its job.,mean,0.0
control,25,It's also a mainstream press that fails to do its job.,max,0.0
control,25,It's also a mainstream press that fails to do its job.,last,0.0
control,26,"The most important of these icons for the AIDS denialist movement was Christine Maggiore, who not only actively promoted the cause of AIDS denialism but tragically also put her own health and that of her family on the line.",mean,0.0
control,26,"The most important of these icons for the AIDS denialist movement was Christine Maggiore, who not only actively promoted the cause of AIDS denialism but tragically also put her own health and that of her family on the line.",max,0.0
control,26,"The most important of these icons for the AIDS denialist movement was Christine Maggiore, who not only actively promoted the cause of AIDS denialism but tragically also put her own health and that of her family on the line.",last,0.0
control,27,She pointed to a place and then I got pictures off the internet and she recognised the little island in Muckross Lake near Killarney in county Kerry where her love was murdered and I have married a woman from a few miles from there who is also born in the year of the rat and we have been there often as a couple.,mean,0.0
control,27,She pointed to a place and then I got pictures off the internet and she recognised the little island in Muckross Lake near Killarney in county Kerry where her love was murdered and I have married a woman from a few miles from there who is also born in the year of the rat and we have been there often as a couple.,max,0.0
control,27,She pointed to a place and then I got pictures off the internet and she recognised the little island in Muckross Lake near Killarney in county Kerry where her love was murdered and I have married a woman from a few miles from there who is also born in the year of the rat and we have been there often as a couple.,last,0.0
control,28,"Summary

People spend thousands of dollars on diminishing gains trying to improve aerodynamics and shed a few grams from their wheels and frames.",mean,0.0
control,28,"Summary

People spend thousands of dollars on diminishing gains trying to improve aerodynamics and shed a few grams from their wheels and frames.",max,0.0
control,28,"Summary

People spend thousands of dollars on diminishing gains trying to improve aerodynamics and shed a few grams from their wheels and frames.",last,0.0
control,29,"(Unless you live in an infinitely bountiful Garden of Eden, this latter point should concern you.)",mean,0.0
control,29,"(Unless you live in an infinitely bountiful Garden of Eden, this latter point should concern you.)",max,0.0
control,29,"(Unless you live in an infinitely bountiful Garden of Eden, this latter point should concern you.)",last,0.0
control,30,"He reads, “I think we could play against anybody who has ever played in college football.”

""Don James,"" Lee says.",mean,0.0
control,30,"He reads, “I think we could play against anybody who has ever played in college football.”

""Don James,"" Lee says.",max,0.0
control,30,"He reads, “I think we could play against anybody who has ever played in college football.”

""Don James,"" Lee says.",last,0.0
control,31,"“The episode ends with the next key move in Prometheus’ grand plan.”

As for when viewers will find out who’s actually under that mask, Guggenheim notes the reveal will come “later than we typically do,” though declined to be more specific about Prometheus’ identity.",mean,0.0
control,31,"“The episode ends with the next key move in Prometheus’ grand plan.”

As for when viewers will find out who’s actually under that mask, Guggenheim notes the reveal will come “later than we typically do,” though declined to be more specific about Prometheus’ identity.",max,0.0
control,31,"“The episode ends with the next key move in Prometheus’ grand plan.”

As for when viewers will find out who’s actually under that mask, Guggenheim notes the reveal will come “later than we typically do,” though declined to be more specific about Prometheus’ identity.",last,0.0
control,32,"Similar stories can be seen in the health sector, where a lack of investment and a ruinous brain-drain has left Kenyans enjoying the same health facilities, as the migrating wildebeest of the Serengeti: none.",mean,0.0
control,32,"Similar stories can be seen in the health sector, where a lack of investment and a ruinous brain-drain has left Kenyans enjoying the same health facilities, as the migrating wildebeest of the Serengeti: none.",max,0.0
control,32,"Similar stories can be seen in the health sector, where a lack of investment and a ruinous brain-drain has left Kenyans enjoying the same health facilities, as the migrating wildebeest of the Serengeti: none.",last,0.0
control,33,"After riding my new-to-me motorcycle with glee any chance I got, including commuting to work, and reading up on sport riding technique, I was on my way to booking a camp site and fulfilling my promise.",mean,0.0
control,33,"After riding my new-to-me motorcycle with glee any chance I got, including commuting to work, and reading up on sport riding technique, I was on my way to booking a camp site and fulfilling my promise.",max,0.0
control,33,"After riding my new-to-me motorcycle with glee any chance I got, including commuting to work, and reading up on sport riding technique, I was on my way to booking a camp site and fulfilling my promise.",last,0.0
control,34,the cultist that opens a portal to inferno now actually does that.,mean,0.0
control,34,the cultist that opens a portal to inferno now actually does that.,max,0.0
control,34,the cultist that opens a portal to inferno now actually does that.,last,0.0
control,35,Monday was Kiss The Sky's first day of business in Batavia after moving from Geneva.,mean,0.0
control,35,Monday was Kiss The Sky's first day of business in Batavia after moving from Geneva.,max,0.0
control,35,Monday was Kiss The Sky's first day of business in Batavia after moving from Geneva.,last,0.0
control,36,"Whatever happened, some new detail about her father’s death compels Red into an adventure to Granny’s house.",mean,0.0
control,36,"Whatever happened, some new detail about her father’s death compels Red into an adventure to Granny’s house.",max,0.0
control,36,"Whatever happened, some new detail about her father’s death compels Red into an adventure to Granny’s house.",last,0.0
control,37,"Our currencies are created in debt and our debt, whether personal or public, is created out of nothing.",mean,0.0
control,37,"Our currencies are created in debt and our debt, whether personal or public, is created out of nothing.",max,0.0
control,37,"Our currencies are created in debt and our debt, whether personal or public, is created out of nothing.",last,0.0
control,38,"Currently, there are about 15,000 Azerbaijani students in Russia, while branches of Russian universities operate successfully in Azerbaijan.",mean,0.0
control,38,"Currently, there are about 15,000 Azerbaijani students in Russia, while branches of Russian universities operate successfully in Azerbaijan.",max,0.0
control,38,"Currently, there are about 15,000 Azerbaijani students in Russia, while branches of Russian universities operate successfully in Azerbaijan.",last,0.0
control,39,"Acknowledgments

Machine-readable bibliographic record - MARC, RIS, BibTeX

Document Object Identifier (DOI): 10.3386/w21003

Published: Danny Yagan, 2015.",mean,0.0
control,39,"Acknowledgments

Machine-readable bibliographic record - MARC, RIS, BibTeX

Document Object Identifier (DOI): 10.3386/w21003

Published: Danny Yagan, 2015.",max,0.0
control,39,"Acknowledgments

Machine-readable bibliographic record - MARC, RIS, BibTeX

Document Object Identifier (DOI): 10.3386/w21003

Published: Danny Yagan, 2015.",last,0.0
control,40,"Rating: 9.25/10

Remember Me is available on PlayStation3, Xbox360 and PC right now for $79, $79 and $49.99 respectively.",mean,0.35662567615509033
control,40,"Rating: 9.25/10

Remember Me is available on PlayStation3, Xbox360 and PC right now for $79, $79 and $49.99 respectively.",max,13.195149421691895
control,40,"Rating: 9.25/10

Remember Me is available on PlayStation3, Xbox360 and PC right now for $79, $79 and $49.99 respectively.",last,0.0
control,41,"We went to a house being renovated to create a dorm for AmeriCorps volunteers, and I watched Moulton shake hands.",mean,0.0
control,41,"We went to a house being renovated to create a dorm for AmeriCorps volunteers, and I watched Moulton shake hands.",max,0.0
control,41,"We went to a house being renovated to create a dorm for AmeriCorps volunteers, and I watched Moulton shake hands.",last,0.0
control,42,"The 2011 Northeastern University graduate works as a mechanical engineer for the company, passing his time ""tinkering, designing, and doing.""",mean,0.0
control,42,"The 2011 Northeastern University graduate works as a mechanical engineer for the company, passing his time ""tinkering, designing, and doing.""",max,0.0
control,42,"The 2011 Northeastern University graduate works as a mechanical engineer for the company, passing his time ""tinkering, designing, and doing.""",last,0.0
control,43,The badlands opened up to a vast landscape of grasslands and a great sunset.,mean,0.0
control,43,The badlands opened up to a vast landscape of grasslands and a great sunset.,max,0.0
control,43,The badlands opened up to a vast landscape of grasslands and a great sunset.,last,0.0
control,44,"""Liu Xiaobo is a convicted criminal sentenced to jail by Chinese justice.",mean,0.0
control,44,"""Liu Xiaobo is a convicted criminal sentenced to jail by Chinese justice.",max,0.0
control,44,"""Liu Xiaobo is a convicted criminal sentenced to jail by Chinese justice.",last,0.0
control,45,"I’m not sure what you’ve been reading since ’99, but now we all know plus-minus is one of the most contrived and meaningless statistics in the NHL.",mean,0.0
control,45,"I’m not sure what you’ve been reading since ’99, but now we all know plus-minus is one of the most contrived and meaningless statistics in the NHL.",max,0.0
control,45,"I’m not sure what you’ve been reading since ’99, but now we all know plus-minus is one of the most contrived and meaningless statistics in the NHL.",last,0.0
control,46,"Hallucinogenic Drugs

The Mayans celebrated and had great pride in their customs and traditions.",mean,0.9534955620765686
control,46,"Hallucinogenic Drugs

The Mayans celebrated and had great pride in their customs and traditions.",max,20.023406982421875
control,46,"Hallucinogenic Drugs

The Mayans celebrated and had great pride in their customs and traditions.",last,0.0
control,47,"In other words, it is possible that maple syrup could now be produced as a row crop like every other commercial crop in North America.",mean,0.0
control,47,"In other words, it is possible that maple syrup could now be produced as a row crop like every other commercial crop in North America.",max,0.0
control,47,"In other words, it is possible that maple syrup could now be produced as a row crop like every other commercial crop in North America.",last,0.0
control,48,Anonymous hackers also set up a special Twitter account and a website (Warning: animal cruelty images on this link) for their most recent #OpWhales campaign.,mean,0.0
control,48,Anonymous hackers also set up a special Twitter account and a website (Warning: animal cruelty images on this link) for their most recent #OpWhales campaign.,max,0.0
control,48,Anonymous hackers also set up a special Twitter account and a website (Warning: animal cruelty images on this link) for their most recent #OpWhales campaign.,last,0.0
control,49,"I kid you not, this a real “up-and-coming” breed of cat that’s being developed by a group of breeders who initially worked with hairless cats.",mean,0.0
control,49,"I kid you not, this a real “up-and-coming” breed of cat that’s being developed by a group of breeders who initially worked with hairless cats.",max,0.0
control,49,"I kid you not, this a real “up-and-coming” breed of cat that’s being developed by a group of breeders who initially worked with hairless cats.",last,0.0
control,50,"The system will have to recognize, for instance, the broad sudden movements of people with cerebral palsy as effectively as the slight, slow movements of people with severe spinal cord injuries.",mean,0.0
control,50,"The system will have to recognize, for instance, the broad sudden movements of people with cerebral palsy as effectively as the slight, slow movements of people with severe spinal cord injuries.",max,0.0
control,50,"The system will have to recognize, for instance, the broad sudden movements of people with cerebral palsy as effectively as the slight, slow movements of people with severe spinal cord injuries.",last,0.0
control,51,That’s where the similarities end.,mean,0.0
control,51,That’s where the similarities end.,max,0.0
control,51,That’s where the similarities end.,last,0.0
control,52,"... named the 2014 IIAC Offensive Most Valuable Player ... tied the school’s single-game record for passing touchdowns (5) twice in 2014 ... volunteered with Special Olympics ... is an active volunteer at the Bremwood Lutheran Children’s Home in Waverly, Iowa.",mean,0.0
control,52,"... named the 2014 IIAC Offensive Most Valuable Player ... tied the school’s single-game record for passing touchdowns (5) twice in 2014 ... volunteered with Special Olympics ... is an active volunteer at the Bremwood Lutheran Children’s Home in Waverly, Iowa.",max,0.0
control,52,"... named the 2014 IIAC Offensive Most Valuable Player ... tied the school’s single-game record for passing touchdowns (5) twice in 2014 ... volunteered with Special Olympics ... is an active volunteer at the Bremwood Lutheran Children’s Home in Waverly, Iowa.",last,0.0
control,53,Cambridge: Harvard University Press.,mean,1.429939866065979
control,53,Cambridge: Harvard University Press.,max,11.439518928527832
control,53,Cambridge: Harvard University Press.,last,0.0
control,54,Visit realjunkfoodmanchester.co.uk for more information.,mean,0.0
control,54,Visit realjunkfoodmanchester.co.uk for more information.,max,0.0
control,54,Visit realjunkfoodmanchester.co.uk for more information.,last,0.0
control,55,"Ivy Bridge is on the way, and that means we’re seeing Sandy Bridge Ultrabook prices fall ever lower.",mean,0.0
control,55,"Ivy Bridge is on the way, and that means we’re seeing Sandy Bridge Ultrabook prices fall ever lower.",max,0.0
control,55,"Ivy Bridge is on the way, and that means we’re seeing Sandy Bridge Ultrabook prices fall ever lower.",last,0.0
control,56,Other companies that may be concerned: AbbVie and Amgen.,mean,0.0
control,56,Other companies that may be concerned: AbbVie and Amgen.,max,0.0
control,56,Other companies that may be concerned: AbbVie and Amgen.,last,0.0
control,57,harry: I’m not sure how many viewers notice the difference between something like policy and something like misogyny.,mean,0.0
control,57,harry: I’m not sure how many viewers notice the difference between something like policy and something like misogyny.,max,0.0
control,57,harry: I’m not sure how many viewers notice the difference between something like policy and something like misogyny.,last,0.0
control,58,"EL SEGUNDO, CA — The phrase, “Go West, young man!” has been around for many decades, and although it will take them 80 years, the American Hockey League is doing just that.",mean,0.0
control,58,"EL SEGUNDO, CA — The phrase, “Go West, young man!” has been around for many decades, and although it will take them 80 years, the American Hockey League is doing just that.",max,0.0
control,58,"EL SEGUNDO, CA — The phrase, “Go West, young man!” has been around for many decades, and although it will take them 80 years, the American Hockey League is doing just that.",last,0.0
control,59,She said she contacted the Ethics Committee again in 2011 on a behalf of a colleague from Conyers’ office who told her about similar behavior.,mean,0.0
control,59,She said she contacted the Ethics Committee again in 2011 on a behalf of a colleague from Conyers’ office who told her about similar behavior.,max,0.0
control,59,She said she contacted the Ethics Committee again in 2011 on a behalf of a colleague from Conyers’ office who told her about similar behavior.,last,0.0
control,60,But the FAO biofuel projection for 2050 is modest.,mean,0.0
control,60,But the FAO biofuel projection for 2050 is modest.,max,0.0
control,60,But the FAO biofuel projection for 2050 is modest.,last,0.0
control,61,- Donte Whitner Aldon better thank his stars that it didn't end up worse.,mean,0.0
control,61,- Donte Whitner Aldon better thank his stars that it didn't end up worse.,max,0.0
control,61,- Donte Whitner Aldon better thank his stars that it didn't end up worse.,last,0.0
control,62,"He had a big Roadie Assistant named ""Heavy"" (I kid you not) who would help out from time to time.",mean,0.0
control,62,"He had a big Roadie Assistant named ""Heavy"" (I kid you not) who would help out from time to time.",max,0.0
control,62,"He had a big Roadie Assistant named ""Heavy"" (I kid you not) who would help out from time to time.",last,0.0
control,63,Both groups are simply trying to advance their particular brand of social norms as to make their particular breeding strategies dominant.,mean,0.0
control,63,Both groups are simply trying to advance their particular brand of social norms as to make their particular breeding strategies dominant.,max,0.0
control,63,Both groups are simply trying to advance their particular brand of social norms as to make their particular breeding strategies dominant.,last,0.0
control,64,If Jesus revealed himself openly as the Messiah before the hour came this pearl would have been trampled underfoot.,mean,0.0
control,64,If Jesus revealed himself openly as the Messiah before the hour came this pearl would have been trampled underfoot.,max,0.0
control,64,If Jesus revealed himself openly as the Messiah before the hour came this pearl would have been trampled underfoot.,last,0.0
control,65,"___

4:40 a.m.

Denmark's minister for gender equality, Karen Ellemann, is focusing on paternity leave on International Women's Day, saying equality between the sexes ``also means equal opportunities to be a parent.''",mean,0.0
control,65,"___

4:40 a.m.

Denmark's minister for gender equality, Karen Ellemann, is focusing on paternity leave on International Women's Day, saying equality between the sexes ``also means equal opportunities to be a parent.''",max,0.0
control,65,"___

4:40 a.m.

Denmark's minister for gender equality, Karen Ellemann, is focusing on paternity leave on International Women's Day, saying equality between the sexes ``also means equal opportunities to be a parent.''",last,0.0
control,66,"Once he was in Base Camp, Dawa Tashi received rapid and effective emergency treatment.",mean,0.0
control,66,"Once he was in Base Camp, Dawa Tashi received rapid and effective emergency treatment.",max,0.0
control,66,"Once he was in Base Camp, Dawa Tashi received rapid and effective emergency treatment.",last,0.0
control,67,Images courtesy of Wikimedia Commons under the Creative Commons Share-alike License 3.0.,mean,0.0
control,67,Images courtesy of Wikimedia Commons under the Creative Commons Share-alike License 3.0.,max,0.0
control,67,Images courtesy of Wikimedia Commons under the Creative Commons Share-alike License 3.0.,last,0.0
control,68,"With a market cap of only $10.11 million, Kinbasha trades at a pro forma P/E ratio of 1.46.",mean,0.0
control,68,"With a market cap of only $10.11 million, Kinbasha trades at a pro forma P/E ratio of 1.46.",max,0.0
control,68,"With a market cap of only $10.11 million, Kinbasha trades at a pro forma P/E ratio of 1.46.",last,0.0
control,69,Trump himself may not have much political capital to spend on the peace process.,mean,0.0
control,69,Trump himself may not have much political capital to spend on the peace process.,max,0.0
control,69,Trump himself may not have much political capital to spend on the peace process.,last,0.0
control,70,"Twenty-nine states (and Washington, DC) have given residents access to some form of medical marijuana, eight have legalized recreational use, and a contingent of politicians, policy experts, and advocacy groups continue to fight for further decriminalization.",mean,0.0
control,70,"Twenty-nine states (and Washington, DC) have given residents access to some form of medical marijuana, eight have legalized recreational use, and a contingent of politicians, policy experts, and advocacy groups continue to fight for further decriminalization.",max,0.0
control,70,"Twenty-nine states (and Washington, DC) have given residents access to some form of medical marijuana, eight have legalized recreational use, and a contingent of politicians, policy experts, and advocacy groups continue to fight for further decriminalization.",last,0.0
control,71,"Save integrity continues to be at the forefront of our minds, and thankfully there’s nothing to report on this matter.",mean,0.0
control,71,"Save integrity continues to be at the forefront of our minds, and thankfully there’s nothing to report on this matter.",max,0.0
control,71,"Save integrity continues to be at the forefront of our minds, and thankfully there’s nothing to report on this matter.",last,0.0
control,72,Dogs are primarily scavengers and foragers.,mean,0.0
control,72,Dogs are primarily scavengers and foragers.,max,0.0
control,72,Dogs are primarily scavengers and foragers.,last,0.0
control,73,"These visits to places of detention were continued on the Republican side up to the end of the war, whereas the military junta put a stop to them in August 1938.",mean,0.0
control,73,"These visits to places of detention were continued on the Republican side up to the end of the war, whereas the military junta put a stop to them in August 1938.",max,0.0
control,73,"These visits to places of detention were continued on the Republican side up to the end of the war, whereas the military junta put a stop to them in August 1938.",last,0.0
control,74,The great hallmark of this country is we love to compete.,mean,0.0
control,74,The great hallmark of this country is we love to compete.,max,0.0
control,74,The great hallmark of this country is we love to compete.,last,0.0
control,75,"A total of 220 were killed during the 2013 siege of Zamboanga led by Vice President Binay’s classmate, Nur Misuari, but 183 were Muslim rebels, so what do we in Manila care?",mean,0.0
control,75,"A total of 220 were killed during the 2013 siege of Zamboanga led by Vice President Binay’s classmate, Nur Misuari, but 183 were Muslim rebels, so what do we in Manila care?",max,0.0
control,75,"A total of 220 were killed during the 2013 siege of Zamboanga led by Vice President Binay’s classmate, Nur Misuari, but 183 were Muslim rebels, so what do we in Manila care?",last,0.0
control,76,"With Spurs struggling, Rosicky breaks through the middle.",mean,0.0
control,76,"With Spurs struggling, Rosicky breaks through the middle.",max,0.0
control,76,"With Spurs struggling, Rosicky breaks through the middle.",last,0.0
control,77,"We were left with hurt pride and a hurt star player, and it took six weeks to recover from both.",mean,0.0
control,77,"We were left with hurt pride and a hurt star player, and it took six weeks to recover from both.",max,0.0
control,77,"We were left with hurt pride and a hurt star player, and it took six weeks to recover from both.",last,0.0
control,78,"Advertisement

Golem Arcana’s digital component is more like an extension of the official companion apps created to keep track of rules and calculate scores for complex games like 7 Wonders.",mean,0.32024073600769043
control,78,"Advertisement

Golem Arcana’s digital component is more like an extension of the official companion apps created to keep track of rules and calculate scores for complex games like 7 Wonders.",max,12.169147491455078
control,78,"Advertisement

Golem Arcana’s digital component is more like an extension of the official companion apps created to keep track of rules and calculate scores for complex games like 7 Wonders.",last,0.0
control,79,"The question is: Which Supreme Court case declared Corporations to be ""persons""?",mean,0.0
control,79,"The question is: Which Supreme Court case declared Corporations to be ""persons""?",max,0.0
control,79,"The question is: Which Supreme Court case declared Corporations to be ""persons""?",last,0.0
control,80,"The title conjures two locales: the place in Egypt where the Israelites began their exodus to the Promised Land; and the place where the novel unfolds, a little one-blinking-light grease stain in the piney wastes of southern Alabama.",mean,0.0
control,80,"The title conjures two locales: the place in Egypt where the Israelites began their exodus to the Promised Land; and the place where the novel unfolds, a little one-blinking-light grease stain in the piney wastes of southern Alabama.",max,0.0
control,80,"The title conjures two locales: the place in Egypt where the Israelites began their exodus to the Promised Land; and the place where the novel unfolds, a little one-blinking-light grease stain in the piney wastes of southern Alabama.",last,0.0
control,81,"In the com­ing weeks, Next Amer­ica will pub­lish a series of stor­ies about the people who are re­de­fin­ing the iden­tity of this icon­ic city.",mean,0.0
control,81,"In the com­ing weeks, Next Amer­ica will pub­lish a series of stor­ies about the people who are re­de­fin­ing the iden­tity of this icon­ic city.",max,0.0
control,81,"In the com­ing weeks, Next Amer­ica will pub­lish a series of stor­ies about the people who are re­de­fin­ing the iden­tity of this icon­ic city.",last,0.0
control,82,It eliminates individual autonomy: whether it’s that of non-Muslim women being raped by Muslim conquerors or non-Muslim slaves reduced to property.,mean,0.8801437020301819
control,82,It eliminates individual autonomy: whether it’s that of non-Muslim women being raped by Muslim conquerors or non-Muslim slaves reduced to property.,max,12.330183982849121
control,82,It eliminates individual autonomy: whether it’s that of non-Muslim women being raped by Muslim conquerors or non-Muslim slaves reduced to property.,last,0.0
control,83,"I typically create a template that I use for each chapter, which is a separate file.",mean,0.0
control,83,"I typically create a template that I use for each chapter, which is a separate file.",max,0.0
control,83,"I typically create a template that I use for each chapter, which is a separate file.",last,0.0
control,84,"Likewise, the maximum amount per transaction will be set at 25 grams and the maximum THC level will be 60%.",mean,0.0
control,84,"Likewise, the maximum amount per transaction will be set at 25 grams and the maximum THC level will be 60%.",max,0.0
control,84,"Likewise, the maximum amount per transaction will be set at 25 grams and the maximum THC level will be 60%.",last,0.0
control,85,[RELATED: How Do We Prepare Our Children For What's Next?],mean,0.0
control,85,[RELATED: How Do We Prepare Our Children For What's Next?],max,0.0
control,85,[RELATED: How Do We Prepare Our Children For What's Next?],last,0.0
control,86,"""It is possible that the two planets interacted at some point in the past, scattering off one another and settling in their current extreme orbits.""",mean,0.0
control,86,"""It is possible that the two planets interacted at some point in the past, scattering off one another and settling in their current extreme orbits.""",max,0.0
control,86,"""It is possible that the two planets interacted at some point in the past, scattering off one another and settling in their current extreme orbits.""",last,0.0
control,87,Several speakers said the publication of redacted data should only be a temporary measure until a better solution was hit upon.,mean,0.0
control,87,Several speakers said the publication of redacted data should only be a temporary measure until a better solution was hit upon.,max,0.0
control,87,Several speakers said the publication of redacted data should only be a temporary measure until a better solution was hit upon.,last,0.0
control,88,"Download Your Free Copy of Counter Markets

Children under age 5 generally become sick earlier and more frequently than school-aged children and adults because their immune systems are underdeveloped.",mean,0.0
control,88,"Download Your Free Copy of Counter Markets

Children under age 5 generally become sick earlier and more frequently than school-aged children and adults because their immune systems are underdeveloped.",max,0.0
control,88,"Download Your Free Copy of Counter Markets

Children under age 5 generally become sick earlier and more frequently than school-aged children and adults because their immune systems are underdeveloped.",last,0.0
control,89,"Notoriety, n. The fame of one’s competitor for public honors.",mean,0.0
control,89,"Notoriety, n. The fame of one’s competitor for public honors.",max,0.0
control,89,"Notoriety, n. The fame of one’s competitor for public honors.",last,0.0
control,90,"DEP Acting Secretary Patrick McDonnell did not attend the hour-long meeting despite saying in advance that he would, disappointing the lawmakers from Delaware and Chester Counties near Philadelphia.",mean,0.0
control,90,"DEP Acting Secretary Patrick McDonnell did not attend the hour-long meeting despite saying in advance that he would, disappointing the lawmakers from Delaware and Chester Counties near Philadelphia.",max,0.0
control,90,"DEP Acting Secretary Patrick McDonnell did not attend the hour-long meeting despite saying in advance that he would, disappointing the lawmakers from Delaware and Chester Counties near Philadelphia.",last,0.0
control,91,"[9] Law of effect- if an association is followed by a ""satisfying state of affairs"" it will be strengthened and if it is followed by an ""annoying state of affairs "" it will be weakened.",mean,0.0
control,91,"[9] Law of effect- if an association is followed by a ""satisfying state of affairs"" it will be strengthened and if it is followed by an ""annoying state of affairs "" it will be weakened.",max,0.0
control,91,"[9] Law of effect- if an association is followed by a ""satisfying state of affairs"" it will be strengthened and if it is followed by an ""annoying state of affairs "" it will be weakened.",last,0.0
control,92,"In 2014, there will be an estimated 1,665,540 new cancer cases diagnosed and 585,720 cancer deaths in the US.",mean,0.0
control,92,"In 2014, there will be an estimated 1,665,540 new cancer cases diagnosed and 585,720 cancer deaths in the US.",max,0.0
control,92,"In 2014, there will be an estimated 1,665,540 new cancer cases diagnosed and 585,720 cancer deaths in the US.",last,0.0
control,93,It also happens to be a wonderful movie.,mean,0.0
control,93,It also happens to be a wonderful movie.,max,0.0
control,93,It also happens to be a wonderful movie.,last,0.0
control,94,"First, they learned that Helm’s barn would not be available throughout the recording period they had targeted.",mean,0.0
control,94,"First, they learned that Helm’s barn would not be available throughout the recording period they had targeted.",max,0.0
control,94,"First, they learned that Helm’s barn would not be available throughout the recording period they had targeted.",last,0.0
control,95,Both std::allocator and eastl::allocator are described below.,mean,0.0
control,95,Both std::allocator and eastl::allocator are described below.,max,0.0
control,95,Both std::allocator and eastl::allocator are described below.,last,0.0
control,96,"You know, she seems to be forgetting one important detail when making that statement.",mean,0.0
control,96,"You know, she seems to be forgetting one important detail when making that statement.",max,0.0
control,96,"You know, she seems to be forgetting one important detail when making that statement.",last,0.0
control,97,The Apple Watch will only work with the iPhone.,mean,0.0
control,97,The Apple Watch will only work with the iPhone.,max,0.0
control,97,The Apple Watch will only work with the iPhone.,last,0.0
control,98,"I don't know if you search for me to see how I'm doing, like I do you.",mean,0.0
control,98,"I don't know if you search for me to see how I'm doing, like I do you.",max,0.0
control,98,"I don't know if you search for me to see how I'm doing, like I do you.",last,0.0
control,99,The Mexican government was outraged that he would involve himself in what it regards as a bilateral issue.,mean,0.0
control,99,The Mexican government was outraged that he would involve himself in what it regards as a bilateral issue.,max,0.0
control,99,The Mexican government was outraged that he would involve himself in what it regards as a bilateral issue.,last,0.0
control,100,"| Peter Bradwell

Copyright term extension - you can help stop it

In 2009 Open Rights Group campaigned heavily against a proposed Directive aimed at extending the term of copyright protection for sound recordings from 50 to 70 years.",mean,0.0
control,100,"| Peter Bradwell

Copyright term extension - you can help stop it

In 2009 Open Rights Group campaigned heavily against a proposed Directive aimed at extending the term of copyright protection for sound recordings from 50 to 70 years.",max,0.0
control,100,"| Peter Bradwell

Copyright term extension - you can help stop it

In 2009 Open Rights Group campaigned heavily against a proposed Directive aimed at extending the term of copyright protection for sound recordings from 50 to 70 years.",last,0.0
control,101,"“Okay, who’s this?” I demanded, pointing to the visage of Winston Churchill.",mean,0.0
control,101,"“Okay, who’s this?” I demanded, pointing to the visage of Winston Churchill.",max,0.0
control,101,"“Okay, who’s this?” I demanded, pointing to the visage of Winston Churchill.",last,0.0
control,102,"In 2015, 20 states, plus Washington, DC and the federal government, considered automatic voter registration legislation.",mean,0.0
control,102,"In 2015, 20 states, plus Washington, DC and the federal government, considered automatic voter registration legislation.",max,0.0
control,102,"In 2015, 20 states, plus Washington, DC and the federal government, considered automatic voter registration legislation.",last,0.0
control,103,"Despite the fact, these texts still provide as valuable tools for philosophical studies, especially if you know the proper context to view them within.",mean,0.0
control,103,"Despite the fact, these texts still provide as valuable tools for philosophical studies, especially if you know the proper context to view them within.",max,0.0
control,103,"Despite the fact, these texts still provide as valuable tools for philosophical studies, especially if you know the proper context to view them within.",last,0.0
control,104,"It's Marty's son, Ryan.",mean,0.0
control,104,"It's Marty's son, Ryan.",max,0.0
control,104,"It's Marty's son, Ryan.",last,0.0
control,105,Bloomberg tabulates the stock value at the end of 2014.,mean,0.0
control,105,Bloomberg tabulates the stock value at the end of 2014.,max,0.0
control,105,Bloomberg tabulates the stock value at the end of 2014.,last,0.0
control,106,"Yes, her company might test for it (Jolie’s exact mutation was not disclosed)–it tests hundreds of possible risk associations, including the three most common BRCA1 and 2 mutations.",mean,0.0
control,106,"Yes, her company might test for it (Jolie’s exact mutation was not disclosed)–it tests hundreds of possible risk associations, including the three most common BRCA1 and 2 mutations.",max,0.0
control,106,"Yes, her company might test for it (Jolie’s exact mutation was not disclosed)–it tests hundreds of possible risk associations, including the three most common BRCA1 and 2 mutations.",last,0.0
control,107,It was too embarrassing to be told “no” yet again.,mean,0.0
control,107,It was too embarrassing to be told “no” yet again.,max,0.0
control,107,It was too embarrassing to be told “no” yet again.,last,0.0
control,108,Regular readers of this column will hardly be surprised to learn that this edition of “First Person” deals with an archaeological controversy.,mean,0.0
control,108,Regular readers of this column will hardly be surprised to learn that this edition of “First Person” deals with an archaeological controversy.,max,0.0
control,108,Regular readers of this column will hardly be surprised to learn that this edition of “First Person” deals with an archaeological controversy.,last,0.0
control,109,A First Nation in southern Alberta has passed a new trespassing bylaw that will prevent non-tribe members from entering the reserve without a permit.,mean,0.0
control,109,A First Nation in southern Alberta has passed a new trespassing bylaw that will prevent non-tribe members from entering the reserve without a permit.,max,0.0
control,109,A First Nation in southern Alberta has passed a new trespassing bylaw that will prevent non-tribe members from entering the reserve without a permit.,last,0.0
control,110,She woke up the same way.,mean,0.0
control,110,She woke up the same way.,max,0.0
control,110,She woke up the same way.,last,0.0
control,111,"The two were part of a group of journalists that had travelled to the volatile Catatumbo region to cover the hunt for Salud Hernández-Mora, a longtime correspondent for Spain’s El Mundo newspaper whose weekly column in Bogotá daily El Tiempo is one of the most read in Colombia.",mean,0.18710501492023468
control,111,"The two were part of a group of journalists that had travelled to the volatile Catatumbo region to cover the hunt for Salud Hernández-Mora, a longtime correspondent for Spain’s El Mundo newspaper whose weekly column in Bogotá daily El Tiempo is one of the most read in Colombia.",max,11.413406372070312
control,111,"The two were part of a group of journalists that had travelled to the volatile Catatumbo region to cover the hunt for Salud Hernández-Mora, a longtime correspondent for Spain’s El Mundo newspaper whose weekly column in Bogotá daily El Tiempo is one of the most read in Colombia.",last,0.0
control,112,The steps for configuring it are the same as above.,mean,0.0
control,112,The steps for configuring it are the same as above.,max,0.0
control,112,The steps for configuring it are the same as above.,last,0.0
control,113,"In her TED Talk, she discusses what she's learned from her career and how she is learning to become a hero in her own life.",mean,0.0
control,113,"In her TED Talk, she discusses what she's learned from her career and how she is learning to become a hero in her own life.",max,0.0
control,113,"In her TED Talk, she discusses what she's learned from her career and how she is learning to become a hero in her own life.",last,0.0
control,114,in the face of the supposed-to-be-reassuring words of my instructors was more difficult to figure out.,mean,0.0
control,114,in the face of the supposed-to-be-reassuring words of my instructors was more difficult to figure out.,max,0.0
control,114,in the face of the supposed-to-be-reassuring words of my instructors was more difficult to figure out.,last,0.0
control,115,"(If you already have Dropbox, follow the same steps but change your password instead of opening a new account.)",mean,0.5126213431358337
control,115,"(If you already have Dropbox, follow the same steps but change your password instead of opening a new account.)",max,11.790290832519531
control,115,"(If you already have Dropbox, follow the same steps but change your password instead of opening a new account.)",last,0.0
control,116,It basically shows that results purporting to show economic expansion following spending cuts and/or tax increases were based on a statistical illusion: an expanding economy can often lead to rising revenue and/or falling spending (e.g.,mean,0.3249830901622772
control,116,It basically shows that results purporting to show economic expansion following spending cuts and/or tax increases were based on a statistical illusion: an expanding economy can often lead to rising revenue and/or falling spending (e.g.,max,14.29925537109375
control,116,It basically shows that results purporting to show economic expansion following spending cuts and/or tax increases were based on a statistical illusion: an expanding economy can often lead to rising revenue and/or falling spending (e.g.,last,0.0
control,117,"The matching dressers were squat but wide with mirrors on each one, and instead of separate desks there was one long table straight ahead against the window overlooking the courtyard.",mean,0.0
control,117,"The matching dressers were squat but wide with mirrors on each one, and instead of separate desks there was one long table straight ahead against the window overlooking the courtyard.",max,0.0
control,117,"The matching dressers were squat but wide with mirrors on each one, and instead of separate desks there was one long table straight ahead against the window overlooking the courtyard.",last,0.0
control,118,"The igniter is a simple heating element, just like in an electric oven.",mean,0.0
control,118,"The igniter is a simple heating element, just like in an electric oven.",max,0.0
control,118,"The igniter is a simple heating element, just like in an electric oven.",last,0.0
control,119,"In her ruling, injunction and a subsequent interpretation of the injunction, she said the NCAA would be able to cap the amount of new compensation that the football and men's basketball players can receive while they are in school, but that cap would not be allowed to be an amount that is less than the athletes’ cost of attending school.",mean,0.0
control,119,"In her ruling, injunction and a subsequent interpretation of the injunction, she said the NCAA would be able to cap the amount of new compensation that the football and men's basketball players can receive while they are in school, but that cap would not be allowed to be an amount that is less than the athletes’ cost of attending school.",max,0.0
control,119,"In her ruling, injunction and a subsequent interpretation of the injunction, she said the NCAA would be able to cap the amount of new compensation that the football and men's basketball players can receive while they are in school, but that cap would not be allowed to be an amount that is less than the athletes’ cost of attending school.",last,0.0
control,120,"[6]

The band's first 7"" EPs, Minor Threat and In My Eyes, were released in 1981.",mean,0.0
control,120,"[6]

The band's first 7"" EPs, Minor Threat and In My Eyes, were released in 1981.",max,0.0
control,120,"[6]

The band's first 7"" EPs, Minor Threat and In My Eyes, were released in 1981.",last,0.0
control,121,"[18]

The towns/cities which supported the Katipunan cause were given symbolic names, such as Magdiwang (To celebrate) for Noveleta; Magdalo (To come) for Kawit; Magwagi (To win) for Naic; Magtagumpay (To succeed) for Maragondon; Walangtinag (Never-diminished) for Indang and Haligue (Wall) for Imus–all are in the province of Cavite.",mean,0.1187513917684555
control,121,"[18]

The towns/cities which supported the Katipunan cause were given symbolic names, such as Magdiwang (To celebrate) for Noveleta; Magdalo (To come) for Kawit; Magwagi (To win) for Naic; Magtagumpay (To succeed) for Maragondon; Walangtinag (Never-diminished) for Indang and Haligue (Wall) for Imus–all are in the province of Cavite.",max,11.993890762329102
control,121,"[18]

The towns/cities which supported the Katipunan cause were given symbolic names, such as Magdiwang (To celebrate) for Noveleta; Magdalo (To come) for Kawit; Magwagi (To win) for Naic; Magtagumpay (To succeed) for Maragondon; Walangtinag (Never-diminished) for Indang and Haligue (Wall) for Imus–all are in the province of Cavite.",last,0.0
control,122,"Not everything can be valued, but almost everything can be priced.",mean,0.0
control,122,"Not everything can be valued, but almost everything can be priced.",max,0.0
control,122,"Not everything can be valued, but almost everything can be priced.",last,0.0
control,123,"We deny the reality of climate change, minimise its implications or our responsibility for it, or project the consequences onto far off places or into the future.",mean,0.0
control,123,"We deny the reality of climate change, minimise its implications or our responsibility for it, or project the consequences onto far off places or into the future.",max,0.0
control,123,"We deny the reality of climate change, minimise its implications or our responsibility for it, or project the consequences onto far off places or into the future.",last,0.0
control,124,Treasury has pencilled in a 1.5 per cent drop next year after a similar fall this year in a forecast that leading economists have labelled optimistic.,mean,0.0
control,124,Treasury has pencilled in a 1.5 per cent drop next year after a similar fall this year in a forecast that leading economists have labelled optimistic.,max,0.0
control,124,Treasury has pencilled in a 1.5 per cent drop next year after a similar fall this year in a forecast that leading economists have labelled optimistic.,last,0.0
control,125,"It is completely down to you.""",mean,0.0
control,125,"It is completely down to you.""",max,0.0
control,125,"It is completely down to you.""",last,0.0
control,126,"I highly doubt I will ever get a vasectomy reversal but if I decide to, success rates say my odds of being able to conceive is at least 50% with some doctors claiming a 95% success rate.",mean,0.0
control,126,"I highly doubt I will ever get a vasectomy reversal but if I decide to, success rates say my odds of being able to conceive is at least 50% with some doctors claiming a 95% success rate.",max,0.0
control,126,"I highly doubt I will ever get a vasectomy reversal but if I decide to, success rates say my odds of being able to conceive is at least 50% with some doctors claiming a 95% success rate.",last,0.0
control,127,One day Jack came in and had this 20-page story and proceeded to tell us he was having his house and studio painted.,mean,0.0
control,127,One day Jack came in and had this 20-page story and proceeded to tell us he was having his house and studio painted.,max,0.0
control,127,One day Jack came in and had this 20-page story and proceeded to tell us he was having his house and studio painted.,last,0.0
control,128,Torrey Mitchell is a tenacious checker and a solid member of the PK unit.,mean,0.0
control,128,Torrey Mitchell is a tenacious checker and a solid member of the PK unit.,max,0.0
control,128,Torrey Mitchell is a tenacious checker and a solid member of the PK unit.,last,0.0
control,129,"called to notify them that Mr. Morell had erred, and that the agency had made the change, not the bureau.",mean,0.0
control,129,"called to notify them that Mr. Morell had erred, and that the agency had made the change, not the bureau.",max,0.0
control,129,"called to notify them that Mr. Morell had erred, and that the agency had made the change, not the bureau.",last,0.0
control,130,"""2K and Sony couldn't put a deal together when I last checked,"" Levine added, confirming subsequent reports that the project had stalled.",mean,0.0
control,130,"""2K and Sony couldn't put a deal together when I last checked,"" Levine added, confirming subsequent reports that the project had stalled.",max,0.0
control,130,"""2K and Sony couldn't put a deal together when I last checked,"" Levine added, confirming subsequent reports that the project had stalled.",last,0.0
control,131,"When the Court takes sides in the culture wars, it tends to be with the knights rather than the villains--and more specifically with the Templars, reflecting the views and values of the lawyer class from which the Court's Members are drawn.",mean,0.0
control,131,"When the Court takes sides in the culture wars, it tends to be with the knights rather than the villains--and more specifically with the Templars, reflecting the views and values of the lawyer class from which the Court's Members are drawn.",max,0.0
control,131,"When the Court takes sides in the culture wars, it tends to be with the knights rather than the villains--and more specifically with the Templars, reflecting the views and values of the lawyer class from which the Court's Members are drawn.",last,0.0
control,132,Behav­ior ther­a­py may also be pre­scribed and will ide­al­ly be com­bined with med­ica­tion.,mean,0.0
control,132,Behav­ior ther­a­py may also be pre­scribed and will ide­al­ly be com­bined with med­ica­tion.,max,0.0
control,132,Behav­ior ther­a­py may also be pre­scribed and will ide­al­ly be com­bined with med­ica­tion.,last,0.0
control,133,"The minus in -END makes sure any whitespace before the end marker is ignored and the first six spaces of every line are cut when the string collected by heredoc is post processed with gsub :

class Poem def initialize @text = <<-END .gsub( / ^ {6}/, ' ') ""Faith"" is a fine invention When Gentlemen can see But Microscopes are prudent In an Emergency.",mean,0.0
control,133,"The minus in -END makes sure any whitespace before the end marker is ignored and the first six spaces of every line are cut when the string collected by heredoc is post processed with gsub :

class Poem def initialize @text = <<-END .gsub( / ^ {6}/, ' ') ""Faith"" is a fine invention When Gentlemen can see But Microscopes are prudent In an Emergency.",max,0.0
control,133,"The minus in -END makes sure any whitespace before the end marker is ignored and the first six spaces of every line are cut when the string collected by heredoc is post processed with gsub :

class Poem def initialize @text = <<-END .gsub( / ^ {6}/, ' ') ""Faith"" is a fine invention When Gentlemen can see But Microscopes are prudent In an Emergency.",last,0.0
control,134,"I was the Frank Rich of Baltimore, and I hurled my bolts of insight from the mountaintop: If you like your Shakespeare straight up and easily pegged, the Bard’s later plays can be problematic.",mean,0.0
control,134,"I was the Frank Rich of Baltimore, and I hurled my bolts of insight from the mountaintop: If you like your Shakespeare straight up and easily pegged, the Bard’s later plays can be problematic.",max,0.0
control,134,"I was the Frank Rich of Baltimore, and I hurled my bolts of insight from the mountaintop: If you like your Shakespeare straight up and easily pegged, the Bard’s later plays can be problematic.",last,0.0
control,135,A witness said that she bought two romper suits made of organic cotton.,mean,0.8548982739448547
control,135,A witness said that she bought two romper suits made of organic cotton.,max,13.678372383117676
control,135,A witness said that she bought two romper suits made of organic cotton.,last,0.0
control,136,This kind of behaviour angered the intemperate seas that would take their revenge out on the ship.,mean,0.6641966700553894
control,136,This kind of behaviour angered the intemperate seas that would take their revenge out on the ship.,max,13.948129653930664
control,136,This kind of behaviour angered the intemperate seas that would take their revenge out on the ship.,last,0.0
control,137,"If competition is what it takes to get smartwatches ready for the mainstream, even Apple Watch users should be glad about Android Wear coming to the iPhone.",mean,0.0
control,137,"If competition is what it takes to get smartwatches ready for the mainstream, even Apple Watch users should be glad about Android Wear coming to the iPhone.",max,0.0
control,137,"If competition is what it takes to get smartwatches ready for the mainstream, even Apple Watch users should be glad about Android Wear coming to the iPhone.",last,0.0
control,138,"Really detailed, beautiful and charming.",mean,0.0
control,138,"Really detailed, beautiful and charming.",max,0.0
control,138,"Really detailed, beautiful and charming.",last,0.0
control,139,"Therefore, critical infrastructure needs like repairing aging pipes, deepening ports or fixing existing roads and bridges without tolls may go neglected under Trump’s plan.",mean,0.4787742495536804
control,139,"Therefore, critical infrastructure needs like repairing aging pipes, deepening ports or fixing existing roads and bridges without tolls may go neglected under Trump’s plan.",max,14.842001914978027
control,139,"Therefore, critical infrastructure needs like repairing aging pipes, deepening ports or fixing existing roads and bridges without tolls may go neglected under Trump’s plan.",last,0.0
control,140,Wildstein turns out to be a good judge of talent.,mean,0.0
control,140,Wildstein turns out to be a good judge of talent.,max,0.0
control,140,Wildstein turns out to be a good judge of talent.,last,0.0
control,141,"Responding to the UC report, Ann Hancock, executive director of Santa Rosa’s Center for Climate Protection, noted that vehicle emissions remain “the 800-pound gorilla” when it comes to reducing greenhouse gases.",mean,0.0
control,141,"Responding to the UC report, Ann Hancock, executive director of Santa Rosa’s Center for Climate Protection, noted that vehicle emissions remain “the 800-pound gorilla” when it comes to reducing greenhouse gases.",max,0.0
control,141,"Responding to the UC report, Ann Hancock, executive director of Santa Rosa’s Center for Climate Protection, noted that vehicle emissions remain “the 800-pound gorilla” when it comes to reducing greenhouse gases.",last,0.0
control,142,"But let's rewrite this function to work like our C++ code, where our temporary string was destroyed before we tried to use our tokens:

# [ test ] fn test_parse_unsafe () { let v = { let text = ""The cat"" .to_string (); tokenize_string3 ( text .as_slice ()) }; assert_eq!",mean,0.0
control,142,"But let's rewrite this function to work like our C++ code, where our temporary string was destroyed before we tried to use our tokens:

# [ test ] fn test_parse_unsafe () { let v = { let text = ""The cat"" .to_string (); tokenize_string3 ( text .as_slice ()) }; assert_eq!",max,0.0
control,142,"But let's rewrite this function to work like our C++ code, where our temporary string was destroyed before we tried to use our tokens:

# [ test ] fn test_parse_unsafe () { let v = { let text = ""The cat"" .to_string (); tokenize_string3 ( text .as_slice ()) }; assert_eq!",last,0.0
control,143,Weeds now grow up through the crumbling asphalt.,mean,0.0
control,143,Weeds now grow up through the crumbling asphalt.,max,0.0
control,143,Weeds now grow up through the crumbling asphalt.,last,0.0
control,144,"Over the course of 2015, Amazon gained market share in India at the expense of both Flipkart and Snapdeal, according to publicly available data and several company executives.",mean,1.6965352296829224
control,144,"Over the course of 2015, Amazon gained market share in India at the expense of both Flipkart and Snapdeal, according to publicly available data and several company executives.",max,12.924722671508789
control,144,"Over the course of 2015, Amazon gained market share in India at the expense of both Flipkart and Snapdeal, according to publicly available data and several company executives.",last,0.0
control,145,"[23][25]

Covert surveillance capability [ edit ]

The school loaded each student's computer with LANrev's remote activation and tracking software.",mean,0.0
control,145,"[23][25]

Covert surveillance capability [ edit ]

The school loaded each student's computer with LANrev's remote activation and tracking software.",max,0.0
control,145,"[23][25]

Covert surveillance capability [ edit ]

The school loaded each student's computer with LANrev's remote activation and tracking software.",last,0.0
control,146,"Filming outdoors in Vancouver forests and sweltering New Orleans presented more challenges in the unitard motion-capture suits, which include helmets and facial cameras to record every expression.",mean,0.0
control,146,"Filming outdoors in Vancouver forests and sweltering New Orleans presented more challenges in the unitard motion-capture suits, which include helmets and facial cameras to record every expression.",max,0.0
control,146,"Filming outdoors in Vancouver forests and sweltering New Orleans presented more challenges in the unitard motion-capture suits, which include helmets and facial cameras to record every expression.",last,0.0
control,147,So instead of using Chocolatey I provide examples how to do silent installations with different type of software packages.,mean,0.0
control,147,So instead of using Chocolatey I provide examples how to do silent installations with different type of software packages.,max,0.0
control,147,So instead of using Chocolatey I provide examples how to do silent installations with different type of software packages.,last,0.0
control,148,A further 55 percent said that the Tokyo Municipal Government gave little or no explanation on the details of the relocation to Toyosu.,mean,0.0
control,148,A further 55 percent said that the Tokyo Municipal Government gave little or no explanation on the details of the relocation to Toyosu.,max,0.0
control,148,A further 55 percent said that the Tokyo Municipal Government gave little or no explanation on the details of the relocation to Toyosu.,last,0.0
control,149,"VMCA encourages all legislative bodies to endorse veterans' rights

to use medical cannabis therapeutically and responsibly, and is

working to end all prohibitions associated with such use.",mean,0.0
control,149,"VMCA encourages all legislative bodies to endorse veterans' rights

to use medical cannabis therapeutically and responsibly, and is

working to end all prohibitions associated with such use.",max,0.0
control,149,"VMCA encourages all legislative bodies to endorse veterans' rights

to use medical cannabis therapeutically and responsibly, and is

working to end all prohibitions associated with such use.",last,0.0
control,150,His father Zhang Chuanming is a big football fan and wanted Zhang Jike to become a professional player but he realized that his son had no future in football.,mean,0.0
control,150,His father Zhang Chuanming is a big football fan and wanted Zhang Jike to become a professional player but he realized that his son had no future in football.,max,0.0
control,150,His father Zhang Chuanming is a big football fan and wanted Zhang Jike to become a professional player but he realized that his son had no future in football.,last,0.0
control,151,"Even this is a fairly recent development – by the second half of the 19th century game stocks were almost extinct, except for a few chamois and marmots.",mean,0.0
control,151,"Even this is a fairly recent development – by the second half of the 19th century game stocks were almost extinct, except for a few chamois and marmots.",max,0.0
control,151,"Even this is a fairly recent development – by the second half of the 19th century game stocks were almost extinct, except for a few chamois and marmots.",last,0.0
control,152,Lead level designer Joel Burgess says the team almost created a disaster with one collectible type.,mean,0.0
control,152,Lead level designer Joel Burgess says the team almost created a disaster with one collectible type.,max,0.0
control,152,Lead level designer Joel Burgess says the team almost created a disaster with one collectible type.,last,0.0
control,153,"WowWee plans to officially announce CHiP early next year, and may launch a Kickstarter or Indiegogo campaign to support it.",mean,0.0
control,153,"WowWee plans to officially announce CHiP early next year, and may launch a Kickstarter or Indiegogo campaign to support it.",max,0.0
control,153,"WowWee plans to officially announce CHiP early next year, and may launch a Kickstarter or Indiegogo campaign to support it.",last,0.0
control,154,"Unlike other options for email, you can use a “drag and drop” editor for creating beautiful looking emails.",mean,0.0
control,154,"Unlike other options for email, you can use a “drag and drop” editor for creating beautiful looking emails.",max,0.0
control,154,"Unlike other options for email, you can use a “drag and drop” editor for creating beautiful looking emails.",last,0.0
control,155,"Advertisement

American women aren't only flocking to the beauty counters to purchase products in hopes of getting more dewy radiant skin, but they are also going to conferences and panels for more information.",mean,0.0
control,155,"Advertisement

American women aren't only flocking to the beauty counters to purchase products in hopes of getting more dewy radiant skin, but they are also going to conferences and panels for more information.",max,0.0
control,155,"Advertisement

American women aren't only flocking to the beauty counters to purchase products in hopes of getting more dewy radiant skin, but they are also going to conferences and panels for more information.",last,0.0
control,156,ESPN currently combines an industry-leading average per-subscriber fee of $6.61 in Pay TV with a national advertising reach of nearly 93 million homes.,mean,0.0
control,156,ESPN currently combines an industry-leading average per-subscriber fee of $6.61 in Pay TV with a national advertising reach of nearly 93 million homes.,max,0.0
control,156,ESPN currently combines an industry-leading average per-subscriber fee of $6.61 in Pay TV with a national advertising reach of nearly 93 million homes.,last,0.0
control,157,"Moments ago, the 5 day grace period on the missed $50.3 million payment on the TIAMK 5.75% 2022s privately placed by 1MDB Energy (Langat) expired, and as Bloomberg reported, 1MDB is now officially in default after missing its interest payment.",mean,0.18237869441509247
control,157,"Moments ago, the 5 day grace period on the missed $50.3 million payment on the TIAMK 5.75% 2022s privately placed by 1MDB Energy (Langat) expired, and as Bloomberg reported, 1MDB is now officially in default after missing its interest payment.",max,12.036993026733398
control,157,"Moments ago, the 5 day grace period on the missed $50.3 million payment on the TIAMK 5.75% 2022s privately placed by 1MDB Energy (Langat) expired, and as Bloomberg reported, 1MDB is now officially in default after missing its interest payment.",last,0.0
control,158,The Lord of the Apes tries to stop this but spends most his time captured.,mean,0.0
control,158,The Lord of the Apes tries to stop this but spends most his time captured.,max,0.0
control,158,The Lord of the Apes tries to stop this but spends most his time captured.,last,0.0
control,159,"It issued its custody order two months later, and in April 2010, the divorce became final.",mean,0.0
control,159,"It issued its custody order two months later, and in April 2010, the divorce became final.",max,0.0
control,159,"It issued its custody order two months later, and in April 2010, the divorce became final.",last,0.0
control,160,What’s your favorite change or update that Inferno has brought to Faction Warfare?,mean,0.0
control,160,What’s your favorite change or update that Inferno has brought to Faction Warfare?,max,0.0
control,160,What’s your favorite change or update that Inferno has brought to Faction Warfare?,last,0.0
control,161,"For example, a project in the early '90s known as Call Home gave students credits to make free, long-distance phone calls.",mean,0.0
control,161,"For example, a project in the early '90s known as Call Home gave students credits to make free, long-distance phone calls.",max,0.0
control,161,"For example, a project in the early '90s known as Call Home gave students credits to make free, long-distance phone calls.",last,0.0
control,162,"Here’s the background on the case from Florida Carry’s site:

Norman Open Carry Firearms case

Norman v. State (FL) is the case of a law abiding concealed carry licensee who was arrested and prosecuted in Fort Pierce, FL for violating Florida nearly complete ban on Open Carry after his otherwise lawfully carried handgun unknowingly became unconcealed while walking down the street the first time he carried outside his home with his new Florida concealed carry license.",mean,0.0
control,162,"Here’s the background on the case from Florida Carry’s site:

Norman Open Carry Firearms case

Norman v. State (FL) is the case of a law abiding concealed carry licensee who was arrested and prosecuted in Fort Pierce, FL for violating Florida nearly complete ban on Open Carry after his otherwise lawfully carried handgun unknowingly became unconcealed while walking down the street the first time he carried outside his home with his new Florida concealed carry license.",max,0.0
control,162,"Here’s the background on the case from Florida Carry’s site:

Norman Open Carry Firearms case

Norman v. State (FL) is the case of a law abiding concealed carry licensee who was arrested and prosecuted in Fort Pierce, FL for violating Florida nearly complete ban on Open Carry after his otherwise lawfully carried handgun unknowingly became unconcealed while walking down the street the first time he carried outside his home with his new Florida concealed carry license.",last,0.0
control,163,.,mean,0.0
control,163,.,max,0.0
control,163,.,last,0.0
control,164,"Comments

This exercise was, to me, less about a useful implementation (unlike Dmitry, I’ve not used Ruby or times and don’t crave them) than about playing with implementing a simple library that explores some nice implementation techniques.",mean,0.0
control,164,"Comments

This exercise was, to me, less about a useful implementation (unlike Dmitry, I’ve not used Ruby or times and don’t crave them) than about playing with implementing a simple library that explores some nice implementation techniques.",max,0.0
control,164,"Comments

This exercise was, to me, less about a useful implementation (unlike Dmitry, I’ve not used Ruby or times and don’t crave them) than about playing with implementing a simple library that explores some nice implementation techniques.",last,0.0
control,165,"Michelle’s Top 10 Episodes of 2016

1) Game of Thrones, “Battle of the Bastards” (Season Six, Episode 9)

2) Game of Thrones, “The Winds of Winter” (Season Six, Episode 10)

3) Gilmore Girls: A Year in the Life, “Fall” (Season Eight, Episode 4) (DO NOT JUDGE ME I HAVE BEEN WAITING LIKE A DECADE FOR THIS)

4) The Crown, “Hyde Park Corner” (Season One, Episode 2)

5) Stranger Things, “Chapter Eight: The Upside Down” (Season One, Episode 8)

6) Stranger Things, “Chapter Seven: The Bathtub” (Season One, Episode 7)

7) Gilmore Girls: A Year in the Life, “Winter” (Season Eight, Episode 1)

8) Game of Thrones, “The Door” (Season Six, Episode 5)

9) Jane the Virgin, “Chapter Forty-Four” (Season Two, Episode 22)

Gilmore Girls: A Year in the Life – “Winter”

(Season Eight, Episode 1)

By Daron McGrady

ALL THE FEELINGS!!!",mean,0.0
control,165,"Michelle’s Top 10 Episodes of 2016

1) Game of Thrones, “Battle of the Bastards” (Season Six, Episode 9)

2) Game of Thrones, “The Winds of Winter” (Season Six, Episode 10)

3) Gilmore Girls: A Year in the Life, “Fall” (Season Eight, Episode 4) (DO NOT JUDGE ME I HAVE BEEN WAITING LIKE A DECADE FOR THIS)

4) The Crown, “Hyde Park Corner” (Season One, Episode 2)

5) Stranger Things, “Chapter Eight: The Upside Down” (Season One, Episode 8)

6) Stranger Things, “Chapter Seven: The Bathtub” (Season One, Episode 7)

7) Gilmore Girls: A Year in the Life, “Winter” (Season Eight, Episode 1)

8) Game of Thrones, “The Door” (Season Six, Episode 5)

9) Jane the Virgin, “Chapter Forty-Four” (Season Two, Episode 22)

Gilmore Girls: A Year in the Life – “Winter”

(Season Eight, Episode 1)

By Daron McGrady

ALL THE FEELINGS!!!",max,0.0
control,165,"Michelle’s Top 10 Episodes of 2016

1) Game of Thrones, “Battle of the Bastards” (Season Six, Episode 9)

2) Game of Thrones, “The Winds of Winter” (Season Six, Episode 10)

3) Gilmore Girls: A Year in the Life, “Fall” (Season Eight, Episode 4) (DO NOT JUDGE ME I HAVE BEEN WAITING LIKE A DECADE FOR THIS)

4) The Crown, “Hyde Park Corner” (Season One, Episode 2)

5) Stranger Things, “Chapter Eight: The Upside Down” (Season One, Episode 8)

6) Stranger Things, “Chapter Seven: The Bathtub” (Season One, Episode 7)

7) Gilmore Girls: A Year in the Life, “Winter” (Season Eight, Episode 1)

8) Game of Thrones, “The Door” (Season Six, Episode 5)

9) Jane the Virgin, “Chapter Forty-Four” (Season Two, Episode 22)

Gilmore Girls: A Year in the Life – “Winter”

(Season Eight, Episode 1)

By Daron McGrady

ALL THE FEELINGS!!!",last,0.0
control,166,"Advertisement

'THEY DIDN'T EVEN KNOW IT WAS ON'

In the various televised nostalgia fests which chronicle the Charlton era, Italia 90 hogs most of the limelight.",mean,0.37916937470436096
control,166,"Advertisement

'THEY DIDN'T EVEN KNOW IT WAS ON'

In the various televised nostalgia fests which chronicle the Charlton era, Italia 90 hogs most of the limelight.",max,15.16677474975586
control,166,"Advertisement

'THEY DIDN'T EVEN KNOW IT WAS ON'

In the various televised nostalgia fests which chronicle the Charlton era, Italia 90 hogs most of the limelight.",last,0.0
control,167,"Journal of Economic Surveys, 15(3), pp.",mean,0.0
control,167,"Journal of Economic Surveys, 15(3), pp.",max,0.0
control,167,"Journal of Economic Surveys, 15(3), pp.",last,0.0
control,168,"This was the new, Thor 2.0, I guess.",mean,0.0
control,168,"This was the new, Thor 2.0, I guess.",max,0.0
control,168,"This was the new, Thor 2.0, I guess.",last,0.0
control,169,"In the woods behind the school, The Record this summer found about a dozen 55-gallon industrial drums, the kind sometimes used by Ford.",mean,0.0
control,169,"In the woods behind the school, The Record this summer found about a dozen 55-gallon industrial drums, the kind sometimes used by Ford.",max,0.0
control,169,"In the woods behind the school, The Record this summer found about a dozen 55-gallon industrial drums, the kind sometimes used by Ford.",last,0.0
control,170,They think you’ll just believe that they’ve changed.,mean,0.0
control,170,They think you’ll just believe that they’ve changed.,max,0.0
control,170,They think you’ll just believe that they’ve changed.,last,0.0
control,171,Also in the running for the ranking member position is current House Oversight Committee Chairman Ed Towns (D-NY).,mean,0.0
control,171,Also in the running for the ranking member position is current House Oversight Committee Chairman Ed Towns (D-NY).,max,0.0
control,171,Also in the running for the ranking member position is current House Oversight Committee Chairman Ed Towns (D-NY).,last,0.0
control,172,"In the book, The New Soft War on Women, the chapter entitled 'Doing Well May Not Work Out So Well', Caryl Rivers and Rosaling C. Barnett, write,

""We like to believe that the workplace is fair and that if we do a good job, we will be rewarded.",mean,0.0
control,172,"In the book, The New Soft War on Women, the chapter entitled 'Doing Well May Not Work Out So Well', Caryl Rivers and Rosaling C. Barnett, write,

""We like to believe that the workplace is fair and that if we do a good job, we will be rewarded.",max,0.0
control,172,"In the book, The New Soft War on Women, the chapter entitled 'Doing Well May Not Work Out So Well', Caryl Rivers and Rosaling C. Barnett, write,

""We like to believe that the workplace is fair and that if we do a good job, we will be rewarded.",last,0.0
control,173,Each section has distinguishing features and a “type species” that represents the overall gestalt of the section.,mean,0.0
control,173,Each section has distinguishing features and a “type species” that represents the overall gestalt of the section.,max,0.0
control,173,Each section has distinguishing features and a “type species” that represents the overall gestalt of the section.,last,0.0
control,174,The officers and non-commissioned officers were mainly drawn from the regular Belgian Army as were some of the other ranks.,mean,0.0
control,174,The officers and non-commissioned officers were mainly drawn from the regular Belgian Army as were some of the other ranks.,max,0.0
control,174,The officers and non-commissioned officers were mainly drawn from the regular Belgian Army as were some of the other ranks.,last,0.0
control,175,Thus ends a month that began with such promise for McCain.,mean,0.0
control,175,Thus ends a month that began with such promise for McCain.,max,0.0
control,175,Thus ends a month that began with such promise for McCain.,last,0.0
control,176,Later I was walking across 7 Mile Road and Rese’Vor Dogs had a poster with a number on the bottom.,mean,0.0
control,176,Later I was walking across 7 Mile Road and Rese’Vor Dogs had a poster with a number on the bottom.,max,0.0
control,176,Later I was walking across 7 Mile Road and Rese’Vor Dogs had a poster with a number on the bottom.,last,0.0
control,177,"No dead ball-era players will be included, and I will only be researching Hall of Fame ballot worthy players.",mean,0.0
control,177,"No dead ball-era players will be included, and I will only be researching Hall of Fame ballot worthy players.",max,0.0
control,177,"No dead ball-era players will be included, and I will only be researching Hall of Fame ballot worthy players.",last,0.0
control,178,It's already becoming the overwhelming majority that assuming it works everywhere is the best practical approach.,mean,0.0
control,178,It's already becoming the overwhelming majority that assuming it works everywhere is the best practical approach.,max,0.0
control,178,It's already becoming the overwhelming majority that assuming it works everywhere is the best practical approach.,last,0.0
control,179,"﻿

A large selection of ferns, both evergreen and deciduous.",mean,0.0
control,179,"﻿

A large selection of ferns, both evergreen and deciduous.",max,0.0
control,179,"﻿

A large selection of ferns, both evergreen and deciduous.",last,0.0
control,180,"""Again, I don't understand where these questions are going or why they come within the remit of the committee,"" Ms Latham said.",mean,0.0
control,180,"""Again, I don't understand where these questions are going or why they come within the remit of the committee,"" Ms Latham said.",max,0.0
control,180,"""Again, I don't understand where these questions are going or why they come within the remit of the committee,"" Ms Latham said.",last,0.0
control,181,Each mortgage gives a time period for the debtor(s) to cure their loan.,mean,0.0
control,181,Each mortgage gives a time period for the debtor(s) to cure their loan.,max,0.0
control,181,Each mortgage gives a time period for the debtor(s) to cure their loan.,last,0.0
control,182,Body piercing has been used as a way of celebrating rights of passage in various countries around the world for centuries.,mean,0.0
control,182,Body piercing has been used as a way of celebrating rights of passage in various countries around the world for centuries.,max,0.0
control,182,Body piercing has been used as a way of celebrating rights of passage in various countries around the world for centuries.,last,0.0
control,183,"'.s ail<4lllM)l)ilf<

plniiU hikl tlin \iin-i-ii mi

Hte«l Wire <V).—of » plot

t>y Ciet'lliail s) input h /«•!■* to

•lyiiiiinlii- them.",mean,0.0
control,183,"'.s ail<4lllM)l)ilf<

plniiU hikl tlin \iin-i-ii mi

Hte«l Wire <V).—of » plot

t>y Ciet'lliail s) input h /«•!■* to

•lyiiiiinlii- them.",max,0.0
control,183,"'.s ail<4lllM)l)ilf<

plniiU hikl tlin \iin-i-ii mi

Hte«l Wire <V).—of » plot

t>y Ciet'lliail s) input h /«•!■* to

•lyiiiiinlii- them.",last,0.0
control,184,"Claims filed, and claims paid, are down about 35% from 2010 to 2014, according to USA TODAY's analysis.",mean,0.0
control,184,"Claims filed, and claims paid, are down about 35% from 2010 to 2014, according to USA TODAY's analysis.",max,0.0
control,184,"Claims filed, and claims paid, are down about 35% from 2010 to 2014, according to USA TODAY's analysis.",last,0.0
control,185,The prevailing Internet business model is one in which we agree to be spied on by corporations in exchange for use of free services.,mean,0.0
control,185,The prevailing Internet business model is one in which we agree to be spied on by corporations in exchange for use of free services.,max,0.0
control,185,The prevailing Internet business model is one in which we agree to be spied on by corporations in exchange for use of free services.,last,0.0
control,186,"Ajit also established the Jain Foundation in 2005, a non-profit organization to cure limb-girdle muscular dystrophies which was a condition that Jain's son had at the time.",mean,12.637160301208496
control,186,"Ajit also established the Jain Foundation in 2005, a non-profit organization to cure limb-girdle muscular dystrophies which was a condition that Jain's son had at the time.",max,36.57904815673828
control,186,"Ajit also established the Jain Foundation in 2005, a non-profit organization to cure limb-girdle muscular dystrophies which was a condition that Jain's son had at the time.",last,0.0
control,187,"Snoop Dogg replied, asking for more information and saying that he wants to “make it happen”.",mean,0.0
control,187,"Snoop Dogg replied, asking for more information and saying that he wants to “make it happen”.",max,0.0
control,187,"Snoop Dogg replied, asking for more information and saying that he wants to “make it happen”.",last,0.0
control,188,"This product is not intended to diagnose, treat, cure or prevent any disease.",mean,0.0
control,188,"This product is not intended to diagnose, treat, cure or prevent any disease.",max,0.0
control,188,"This product is not intended to diagnose, treat, cure or prevent any disease.",last,0.0
control,189,Please try again later.,mean,0.0
control,189,Please try again later.,max,0.0
control,189,Please try again later.,last,0.0
control,190,"Broad scientific agreement exists on many points, it said, including that the Earth’s climate is warming and that “human-related emissions of greenhouse gases and other pollutants have contributed to warming observed since the 1970s and, if continued, would tend to drive further warming, sea level rise, and other climate shifts.”

To contact the reporters on this story: Dean Scott in Washington at DScott@bna.com; Renee Schoof in Washington at rschoof@bna.com

To contact the editor responsible for this story: Larry Pearl at lpearl@bna.com

Copyright © 2016 The Bureau of National Affairs, Inc. All Rights Reserved.",mean,0.0
control,190,"Broad scientific agreement exists on many points, it said, including that the Earth’s climate is warming and that “human-related emissions of greenhouse gases and other pollutants have contributed to warming observed since the 1970s and, if continued, would tend to drive further warming, sea level rise, and other climate shifts.”

To contact the reporters on this story: Dean Scott in Washington at DScott@bna.com; Renee Schoof in Washington at rschoof@bna.com

To contact the editor responsible for this story: Larry Pearl at lpearl@bna.com

Copyright © 2016 The Bureau of National Affairs, Inc. All Rights Reserved.",max,0.0
control,190,"Broad scientific agreement exists on many points, it said, including that the Earth’s climate is warming and that “human-related emissions of greenhouse gases and other pollutants have contributed to warming observed since the 1970s and, if continued, would tend to drive further warming, sea level rise, and other climate shifts.”

To contact the reporters on this story: Dean Scott in Washington at DScott@bna.com; Renee Schoof in Washington at rschoof@bna.com

To contact the editor responsible for this story: Larry Pearl at lpearl@bna.com

Copyright © 2016 The Bureau of National Affairs, Inc. All Rights Reserved.",last,0.0
control,191,The gunmen also handed a message to Aushev with their demands: the withdrawal of troops from Chechnya and full sovereignty to the republic.,mean,0.0
control,191,The gunmen also handed a message to Aushev with their demands: the withdrawal of troops from Chechnya and full sovereignty to the republic.,max,0.0
control,191,The gunmen also handed a message to Aushev with their demands: the withdrawal of troops from Chechnya and full sovereignty to the republic.,last,0.0
control,192,"In contrast, relatively few formal research has been accomplished to capture arcane knowledge used in the development of exploits and other program artifacts used to demonstrate the absence of safety invariants in programs.",mean,0.0
control,192,"In contrast, relatively few formal research has been accomplished to capture arcane knowledge used in the development of exploits and other program artifacts used to demonstrate the absence of safety invariants in programs.",max,0.0
control,192,"In contrast, relatively few formal research has been accomplished to capture arcane knowledge used in the development of exploits and other program artifacts used to demonstrate the absence of safety invariants in programs.",last,0.0
control,193,"A small group of protesters, although “no body knows who they are“, have responded by throwing fireworks and stones at police.",mean,0.0
control,193,"A small group of protesters, although “no body knows who they are“, have responded by throwing fireworks and stones at police.",max,0.0
control,193,"A small group of protesters, although “no body knows who they are“, have responded by throwing fireworks and stones at police.",last,0.0
control,194,"HUSEYIN ALDEMIR / Reuters

Erdogan flew into Ataturk airport early Saturday and was greeted by large crowds.",mean,0.0
control,194,"HUSEYIN ALDEMIR / Reuters

Erdogan flew into Ataturk airport early Saturday and was greeted by large crowds.",max,0.0
control,194,"HUSEYIN ALDEMIR / Reuters

Erdogan flew into Ataturk airport early Saturday and was greeted by large crowds.",last,0.0
control,195,"Since then, he has risen to lead the head of the group’s intelligence operations.",mean,0.0
control,195,"Since then, he has risen to lead the head of the group’s intelligence operations.",max,0.0
control,195,"Since then, he has risen to lead the head of the group’s intelligence operations.",last,0.0
control,196,"At this point, it does not, and I'm almost done with the book.",mean,0.0
control,196,"At this point, it does not, and I'm almost done with the book.",max,0.0
control,196,"At this point, it does not, and I'm almost done with the book.",last,0.0
control,197,What do you think is the reason that you have these insane games against one of the best teams in the world?,mean,0.0
control,197,What do you think is the reason that you have these insane games against one of the best teams in the world?,max,0.0
control,197,What do you think is the reason that you have these insane games against one of the best teams in the world?,last,0.0
control,198,"* All functionality, features, specifications and other product information provided in this document including, but not limited to, the benefits, design, pricing, components, performance, availability, and capabilities of the product are subject to change without notice or obligation.",mean,0.0
control,198,"* All functionality, features, specifications and other product information provided in this document including, but not limited to, the benefits, design, pricing, components, performance, availability, and capabilities of the product are subject to change without notice or obligation.",max,0.0
control,198,"* All functionality, features, specifications and other product information provided in this document including, but not limited to, the benefits, design, pricing, components, performance, availability, and capabilities of the product are subject to change without notice or obligation.",last,0.0
control,199,Beware of the sunk cost fallacy.,mean,0.0
control,199,Beware of the sunk cost fallacy.,max,0.0
control,199,Beware of the sunk cost fallacy.,last,0.0
